name,dataset,chip,fsn,length,start,slope,noise,gain,vertical,row,column
2014b-1,2014b,FUV2,4609759,20,0,-0.19116515226462386,17.791199684143066,6.0,True,760,2974
2014b-2,2014b,FUV2,4609777,14,20,-0.1255415765426532,17.791199684143066,6.0,False,3219,564
2014b-3,2014b,FUV2,4609783,12,34,-0.2736707286277273,17.791199684143066,6.0,False,3654,850
2014b-4,2014b,FUV2,4609786,13,46,-0.13085395603458527,17.791199684143066,6.0,True,581,3650
2014b-5,2014b,FUV1,4609789,12,59,0.012593444080967518,17.791199684143066,6.0,True,826,1635
2014b-6,2014b,FUV2,4609795,18,71,-0.2244267054132431,17.791199684143066,6.0,True,763,3617
2014b-7,2014b,FUV2,4609795,16,89,-0.3168790145789871,17.791199684143066,6.0,True,812,2976
2014b-8,2014b,FUV2,4609798,12,105,0.01915733471234806,17.791199684143066,6.0,False,3864,652
2014b-9,2014b,FUV1,4609798,12,117,-0.07635762541039877,17.791199684143066,6.0,True,808,1758
2014b-10,2014b,FUV2,4609804,12,129,-0.08759510025511374,17.791199684143066,6.0,True,551,2932
2014b-11,2014b,FUV2,4609804,15,141,-0.13421453440620199,17.791199684143066,6.0,False,3914,824
2014b-12,2014b,FUV1,4609807,12,156,0.0305968592680382,17.791199684143066,6.0,True,619,1345
2014b-13,2014b,FUV2,4609807,12,168,-0.33641476753690097,17.791199684143066,6.0,True,677,2938
2014b-14,2014b,FUV1,4609807,15,180,-0.34348515709430494,17.791199684143066,6.0,True,693,1397
2014b-15,2014b,FUV1,4609807,12,195,-0.34881058413721977,17.791199684143066,6.0,True,722,196
2014b-16,2014b,FUV2,4609810,14,207,0.21710688738378212,17.791199684143066,6.0,False,3250,579
2014b-17,2014b,FUV2,4609810,17,221,-0.25027642430333036,17.791199684143066,6.0,True,730,3753
2014b-18,2014b,FUV2,4609810,19,238,-0.18972979908836982,17.791199684143066,6.0,True,744,3150
2014b-19,2014b,FUV2,4609810,13,257,-0.3059438572201706,17.791199684143066,6.0,True,793,3768
2014b-20,2014b,FUV1,4609810,18,270,-0.18592690869747777,17.791199684143066,6.0,True,802,1887
2014b-21,2014b,FUV2,4609810,17,288,-0.2838792414107011,17.791199684143066,6.0,True,870,3749
2014b-22,2014b,FUV1,4609810,17,305,-0.2490784521871152,17.791199684143066,6.0,True,887,1716
2014b-23,2014b,FUV1,4609810,18,322,-0.23862470778369324,17.791199684143066,6.0,True,890,144
2014b-24,2014b,FUV2,4609810,14,340,0.1355719511955357,17.791199684143066,6.0,False,3865,900
2014b-25,2014b,FUV2,4609813,12,354,-0.005640198887991489,17.791199684143066,6.0,False,3217,613
2014b-26,2014b,FUV2,4609813,16,366,-0.20098063498984936,17.791199684143066,6.0,True,647,3907
2014b-27,2014b,FUV2,4609813,14,382,-0.32243390849055287,17.791199684143066,6.0,True,708,2926
2014b-28,2014b,FUV1,4609813,12,396,-0.12396429586213942,17.791199684143066,6.0,True,729,1656
2014b-29,2014b,FUV2,4609813,13,408,-0.18168932035733004,17.791199684143066,6.0,True,753,3160
2014b-30,2014b,FUV1,4609813,12,421,-0.13566731956015735,17.791199684143066,6.0,True,773,1312
2014b-31,2014b,FUV2,4609813,13,433,0.24946151779700812,17.791199684143066,6.0,True,813,3736
2014b-32,2014b,FUV1,4609813,12,446,-0.2682907140732781,17.791199684143066,6.0,False,1824,817
2014b-33,2014b,FUV1,4609816,13,458,-0.2671600860005016,17.791199684143066,6.0,True,570,1287
2014b-34,2014b,FUV2,4609816,13,471,0.29843196876845346,17.791199684143066,6.0,True,578,3647
2014b-35,2014b,FUV1,4609816,12,484,-0.349992495390444,17.791199684143066,6.0,True,625,1310
2014b-36,2014b,FUV2,4609816,13,496,-0.19786676300520972,17.791199684143066,6.0,True,638,3047
2014b-37,2014b,FUV2,4609816,13,509,0.06614452204532972,17.791199684143066,6.0,True,682,3860
2014b-38,2014b,FUV2,4609816,12,522,0.16139305851612892,17.791199684143066,6.0,False,3545,804
2014b-39,2014b,FUV2,4609816,15,534,0.0633552418061085,17.791199684143066,6.0,True,809,3223
2014b-40,2014b,FUV2,4609816,16,549,-0.007781608857103306,17.791199684143066,6.0,True,861,3000
2014b-41,2014b,FUV2,4609816,13,565,-0.25142488021389114,17.791199684143066,6.0,True,870,3756
2014b-42,2014b,FUV2,4609816,15,578,-0.2457913121894662,17.791199684143066,6.0,True,893,3758
2014b-43,2014b,FUV2,4609819,12,593,-0.2914019095536308,17.791199684143066,6.0,True,554,3627
2014b-44,2014b,FUV2,4609819,12,605,-0.09793395416721545,17.791199684143066,6.0,True,641,3271
2014b-45,2014b,FUV2,4609819,14,617,0.051810155102671125,17.791199684143066,6.0,True,767,3638
2014b-46,2014b,FUV2,4609819,13,631,0.2299726126126416,17.791199684143066,6.0,False,3917,789
2014b-47,2014b,FUV1,4609822,13,644,0.16164090704425702,17.791199684143066,6.0,True,689,1310
2014b-48,2014b,FUV2,4609822,13,657,0.21499796911725538,17.791199684143066,6.0,True,723,3541
2014b-49,2014b,FUV2,4609822,14,670,-0.2716732123952099,17.791199684143066,6.0,True,738,3857
2014b-50,2014b,FUV2,4609822,14,684,-0.07569087581798645,17.791199684143066,6.0,True,751,3760
2014b-51,2014b,FUV2,4609822,17,698,-0.09468087342100207,17.791199684143066,6.0,True,754,3023
2014b-52,2014b,FUV2,4609822,14,715,0.25629048258892384,17.791199684143066,6.0,False,3649,764
2014b-53,2014b,FUV2,4609822,12,729,-0.1119132895158612,17.791199684143066,6.0,True,767,3912
2014b-54,2014b,FUV2,4609822,13,741,-0.10682937282234409,17.791199684143066,6.0,True,816,3640
2014b-55,2014b,FUV1,4609822,16,754,-0.28494303458632564,17.791199684143066,6.0,True,842,1619
2014b-56,2014b,FUV2,4609822,14,770,-0.12738305485877136,17.791199684143066,6.0,True,849,3025
2014b-57,2014b,FUV2,4609822,13,784,-0.08072124859728563,17.791199684143066,6.0,True,863,3910
2014b-58,2014b,FUV2,4609822,13,797,-0.14093141760065173,17.791199684143066,6.0,True,865,3161
2014b-59,2014b,FUV2,4609825,12,810,0.22419976256676558,17.791199684143066,6.0,False,3611,607
2014b-60,2014b,FUV2,4609825,12,822,-0.13844951808369854,17.791199684143066,6.0,True,621,3866
2014b-61,2014b,FUV2,4609825,12,834,0.2793919227501281,17.791199684143066,6.0,True,633,3649
2014b-62,2014b,FUV1,4609825,13,846,0.15941391212576814,17.791199684143066,6.0,True,727,1757
2014b-63,2014b,FUV2,4609825,13,859,-0.20170537971854785,17.791199684143066,6.0,True,740,3542
2014b-64,2014b,FUV2,4609825,21,872,-0.07792526222639044,17.791199684143066,6.0,True,742,2962
2014b-65,2014b,FUV1,4609825,15,893,-0.1336469598466213,17.791199684143066,6.0,True,745,1428
2014b-66,2014b,FUV1,4609825,12,908,-0.16647696900508102,17.791199684143066,6.0,True,769,1651
2014b-67,2014b,FUV1,4609825,12,920,-0.2790088747529451,17.791199684143066,6.0,True,893,1447
2014b-68,2014b,FUV1,4609828,12,932,0.19145359614994417,17.791199684143066,6.0,True,449,1648
2014b-69,2014b,FUV2,4609828,12,944,0.06502432723455744,17.791199684143066,6.0,True,571,2953
2014b-70,2014b,FUV1,4609828,13,956,-0.08268046341045773,17.791199684143066,6.0,True,586,1335
2014b-71,2014b,FUV2,4609828,12,969,0.07174277518960673,17.791199684143066,6.0,True,600,2993
2014b-72,2014b,FUV1,4609828,15,981,-0.15356836420015502,17.791199684143066,6.0,True,673,1440
2014b-73,2014b,FUV2,4609828,12,996,-0.05916717662239387,17.791199684143066,6.0,True,674,3750
2014b-74,2014b,FUV2,4609828,14,1008,-0.27069252597050614,17.791199684143066,6.0,True,677,3656
2014b-75,2014b,FUV2,4609828,18,1022,-0.24476269515535476,17.791199684143066,6.0,True,705,3163
2014b-76,2014b,FUV2,4609828,14,1040,-0.2761848831133427,17.791199684143066,6.0,True,839,3862
2014b-77,2014b,FUV1,4609828,13,1054,-0.08854970418183479,17.791199684143066,6.0,True,880,1460
2014b-78,2014b,FUV2,4609828,12,1067,0.15793435076178594,17.791199684143066,6.0,True,888,2967
2014b-79,2014b,FUV2,4609831,12,1079,-0.10680196100308945,17.791199684143066,6.0,True,602,2934
2014b-80,2014b,FUV2,4609831,15,1091,-0.0018714213229340728,17.791199684143066,6.0,True,612,3025
2014b-81,2014b,FUV2,4609831,17,1106,-0.11949569137286271,17.791199684143066,6.0,True,635,3666
2014b-82,2014b,FUV2,4609831,12,1123,-0.027796227416029693,17.791199684143066,6.0,True,643,3744
2014b-83,2014b,FUV1,4609831,15,1135,0.04028034782104067,17.791199684143066,6.0,True,671,1757
2014b-84,2014b,FUV1,4609831,12,1150,-0.2716031338182371,17.791199684143066,6.0,True,693,1375
2014b-85,2014b,FUV2,4609831,17,1162,0.23965291010626705,17.791199684143066,6.0,True,707,3197
2014b-86,2014b,FUV2,4609831,18,1179,-0.009638132037396222,17.791199684143066,6.0,True,708,3261
2014b-87,2014b,FUV1,4609831,14,1197,0.0728605882378478,17.791199684143066,6.0,False,1629,711
2014b-88,2014b,FUV1,4609831,14,1211,0.2706227467653112,17.791199684143066,6.0,True,714,1330
2014b-89,2014b,FUV1,4609831,13,1225,-0.02908735197493052,17.791199684143066,6.0,True,762,1837
2014b-90,2014b,FUV1,4609831,12,1238,-0.27578087780595134,17.791199684143066,6.0,True,779,252
2014b-91,2014b,FUV2,4609831,17,1250,-0.2584021496089177,17.791199684143066,6.0,True,786,3051
2014b-92,2014b,FUV2,4609831,13,1267,-0.15830756314373767,17.791199684143066,6.0,True,796,3057
2014b-93,2014b,FUV2,4609831,16,1280,-0.2545300184956912,17.791199684143066,6.0,True,811,3613
2014b-94,2014b,FUV1,4609831,13,1296,0.033720720532538453,17.791199684143066,6.0,True,814,1250
2014b-95,2014b,FUV1,4609831,13,1309,-0.08390020894777454,17.791199684143066,6.0,True,815,137
2014b-96,2014b,FUV1,4609831,12,1322,0.23816168357887132,17.791199684143066,6.0,True,816,1840
2014b-97,2014b,FUV2,4609831,12,1334,-0.1868575585736893,17.791199684143066,6.0,True,875,3177
2014b-98,2014b,FUV2,4609831,15,1346,-0.22600554914575016,17.791199684143066,6.0,True,881,3051
2014b-99,2014b,FUV1,4609834,13,1361,-0.23713219071045225,17.791199684143066,6.0,True,563,345
2014b-100,2014b,FUV2,4609834,13,1374,0.09773873628186881,17.791199684143066,6.0,True,566,3934
2014b-101,2014b,FUV2,4609834,13,1387,-0.3409246353874946,17.791199684143066,6.0,True,623,3605
2014b-102,2014b,FUV1,4609834,13,1400,-0.0713358725003653,17.791199684143066,6.0,True,633,1374
2014b-103,2014b,FUV2,4609834,17,1413,-0.04180654633933461,17.791199684143066,6.0,True,641,3230
2014b-104,2014b,FUV1,4609834,13,1430,-0.20087897590200446,17.791199684143066,6.0,True,674,1445
2014b-105,2014b,FUV1,4609834,12,1443,-0.24724700826246174,17.791199684143066,6.0,True,711,344
2014b-106,2014b,FUV1,4609834,15,1455,-0.151615926708636,17.791199684143066,6.0,True,742,1727
2014b-107,2014b,FUV2,4609834,12,1470,-0.17580855184143224,17.791199684143066,6.0,False,2948,752
2014b-108,2014b,FUV2,4609834,13,1482,-0.2787299768597536,17.791199684143066,6.0,True,815,3153
2014b-109,2014b,FUV2,4609834,15,1495,-0.12147911590559572,17.791199684143066,6.0,True,830,2964
2014b-110,2014b,FUV2,4609834,21,1510,-0.12026727659614267,17.791199684143066,6.0,True,845,3763
2014b-111,2014b,FUV2,4609834,12,1531,0.06833775151385954,17.791199684143066,6.0,True,850,3028
2014b-112,2014b,FUV2,4609834,17,1543,-0.29704265157994914,17.791199684143066,6.0,True,863,3006
2014b-113,2014b,FUV2,4609834,12,1560,-0.08044828417766657,17.791199684143066,6.0,True,866,2974
2014b-114,2014b,FUV2,4609834,12,1572,-0.28247310646663204,17.791199684143066,6.0,True,867,3604
2014b-115,2014b,FUV2,4609834,16,1584,-0.12990067920764728,17.791199684143066,6.0,True,877,3733
2014b-116,2014b,FUV1,4609834,12,1600,-0.048706440929289656,17.791199684143066,6.0,True,896,387
2014b-117,2014b,FUV2,4609837,13,1612,-0.13748978182658192,17.791199684143066,6.0,True,558,3619
2014b-118,2014b,FUV2,4609837,12,1625,0.12895835087434757,17.791199684143066,6.0,True,613,2918
2014b-119,2014b,FUV2,4609837,14,1637,0.15317527941869524,17.791199684143066,6.0,True,660,3928
2014b-120,2014b,FUV2,4609837,16,1651,-0.08811301971599296,17.791199684143066,6.0,True,664,3727
2014b-121,2014b,FUV2,4609837,12,1667,-0.06304673293114704,17.791199684143066,6.0,True,676,3510
2014b-122,2014b,FUV2,4609837,12,1679,-0.1747859165047783,17.791199684143066,6.0,True,677,3605
2014b-123,2014b,FUV2,4609837,13,1691,-0.011427689568691245,17.791199684143066,6.0,False,3267,686
2014b-124,2014b,FUV1,4609837,26,1704,0.06934823660195671,17.791199684143066,6.0,True,712,1259
2014b-125,2014b,FUV2,4609837,12,1730,-0.18098249204482306,17.791199684143066,6.0,True,732,3262
2014b-126,2014b,FUV2,4609837,19,1742,-0.15064573619756652,17.791199684143066,6.0,True,766,3748
2014b-127,2014b,FUV2,4609837,14,1761,0.2266578156751448,17.791199684143066,6.0,True,822,3216
2014b-128,2014b,FUV2,4609837,14,1775,0.005155321796530741,17.791199684143066,6.0,False,2928,841
2014b-129,2014b,FUV2,4609837,12,1789,0.14711239406935092,17.791199684143066,6.0,True,857,2939
2014b-130,2014b,FUV1,4609837,13,1801,-0.07020730263878758,17.791199684143066,6.0,True,866,1367
2014b-131,2014b,FUV1,4609837,14,1814,-0.30595246656133834,17.791199684143066,6.0,True,886,1322
2014b-132,2014b,FUV2,4609837,15,1828,-0.06857831459549557,17.791199684143066,6.0,True,886,3050
2014b-133,2014b,FUV1,4609837,12,1843,-0.20055592882019221,17.791199684143066,6.0,True,896,1449
2014b-134,2014b,FUV1,4609840,19,1855,-0.2942251557837386,17.791199684143066,6.0,True,560,340
2014b-135,2014b,FUV2,4609840,12,1874,-0.20340272731294803,17.791199684143066,6.0,True,592,3898
2014b-136,2014b,FUV2,4609840,13,1886,-0.08743545661783587,17.791199684143066,6.0,True,643,3537
2014b-137,2014b,FUV2,4609840,15,1899,-0.12141718345060575,17.791199684143066,6.0,True,652,3750
2014b-138,2014b,FUV2,4609840,13,1914,0.18707569052093123,17.791199684143066,6.0,True,730,3898
2014b-139,2014b,FUV1,4609840,20,1927,-0.14299774588492795,17.791199684143066,6.0,True,733,1691
2014b-140,2014b,FUV2,4609840,18,1947,0.2894720250018675,17.791199684143066,6.0,True,758,3553
2014b-141,2014b,FUV2,4609840,24,1965,0.08988600460101649,17.791199684143066,6.0,True,767,2963
2014b-142,2014b,FUV2,4609840,25,1989,-0.05296021189764308,17.791199684143066,6.0,True,795,3627
2014b-143,2014b,FUV2,4609840,13,2014,-0.19825454686361638,17.791199684143066,6.0,True,799,3910
2014b-144,2014b,FUV2,4609840,12,2027,-0.326834808741181,17.791199684143066,6.0,True,871,3215
2014b-145,2014b,FUV2,4609843,13,2039,0.1227462230819297,17.791199684143066,6.0,True,590,3013
2014b-146,2014b,FUV2,4609843,18,2052,0.11923685714016359,17.791199684143066,6.0,True,610,3764
2014b-147,2014b,FUV2,4609843,12,2070,-0.21191252519482112,17.791199684143066,6.0,True,617,2912
2014b-148,2014b,FUV1,4609843,12,2082,-0.04269929296272375,17.791199684143066,6.0,True,624,1811
2014b-149,2014b,FUV2,4609843,14,2094,0.23429722435550113,17.791199684143066,6.0,True,686,3659
2014b-150,2014b,FUV2,4609843,12,2108,-0.25979493914167917,17.791199684143066,6.0,True,724,3025
2014b-151,2014b,FUV2,4609843,14,2120,0.13419947126350296,17.791199684143066,6.0,True,725,3507
2014b-152,2014b,FUV2,4609843,12,2134,0.061434064520318764,17.791199684143066,6.0,True,728,3909
2014b-153,2014b,FUV1,4609843,15,2146,-0.11205636144835984,17.791199684143066,6.0,True,735,1691
2014b-154,2014b,FUV2,4609843,12,2161,-0.1119949104718361,17.791199684143066,6.0,True,739,3256
2014b-155,2014b,FUV1,4609843,13,2173,0.004257412500604362,17.791199684143066,6.0,False,1798,747
2014b-156,2014b,FUV2,4609843,17,2186,-0.15504462398656385,17.791199684143066,6.0,True,787,3020
2014b-157,2014b,FUV1,4609843,12,2203,0.31074370029035037,17.791199684143066,6.0,False,1664,804
2014b-158,2014b,FUV1,4609843,13,2215,0.14865687199882643,17.791199684143066,6.0,False,1829,809
2014b-159,2014b,FUV2,4609843,12,2228,0.29424237037098977,17.791199684143066,6.0,True,838,3926
2014b-160,2014b,FUV2,4609843,12,2240,0.28568864621179973,17.791199684143066,6.0,True,842,3897
2014b-161,2014b,FUV2,4609846,13,2252,0.18481103625960554,17.791199684143066,6.0,True,553,3929
2014b-162,2014b,FUV2,4609846,14,2265,0.304102926130226,17.791199684143066,6.0,True,611,2952
2014b-163,2014b,FUV1,4609846,12,2279,0.33094209424359694,17.791199684143066,6.0,True,677,1410
2014b-164,2014b,FUV2,4609846,12,2291,-0.13794945681196788,17.791199684143066,6.0,True,723,2930
2014b-165,2014b,FUV2,4609846,12,2303,0.19000231268924925,17.791199684143066,6.0,True,741,3654
2014b-166,2014b,FUV1,4609846,20,2315,0.06211460198480187,17.791199684143066,6.0,True,775,1735
2014b-167,2014b,FUV2,4609846,14,2335,-0.00946501653928316,17.791199684143066,6.0,True,793,3894
2014b-168,2014b,FUV2,4609846,12,2349,-0.09750772817078078,17.791199684143066,6.0,True,822,3180
2014b-169,2014b,FUV2,4609846,18,2361,0.07742037297267783,17.791199684143066,6.0,True,824,3657
2014b-170,2014b,FUV2,4609846,13,2379,-0.25773289970624397,17.791199684143066,6.0,True,836,3534
2014b-171,2014b,FUV2,4609849,12,2392,-0.03476946007303489,17.791199684143066,6.0,True,640,3934
2014b-172,2014b,FUV1,4609849,15,2404,0.20440948606428835,17.791199684143066,6.0,True,652,1372
2014b-173,2014b,FUV2,4609849,13,2419,0.13488531714848173,17.791199684143066,6.0,True,674,2901
2014b-174,2014b,FUV2,4609849,13,2432,0.21051340294035875,17.791199684143066,6.0,True,709,3059
2014b-175,2014b,FUV1,4609849,16,2445,-0.02404930725211789,17.791199684143066,6.0,True,718,1705
2014b-176,2014b,FUV2,4609849,19,2461,-0.262707396900706,17.791199684143066,6.0,True,742,2973
2014b-177,2014b,FUV2,4609849,14,2480,0.1179048671386731,17.791199684143066,6.0,True,762,3643
2014b-178,2014b,FUV2,4609849,13,2494,0.04001404114667974,17.791199684143066,6.0,True,767,2951
2014b-179,2014b,FUV2,4609849,14,2507,-0.03755491288376295,17.791199684143066,6.0,True,850,3901
2014b-180,2014b,FUV2,4609852,12,2521,-0.16949694711407065,17.791199684143066,6.0,True,590,3510
2014b-181,2014b,FUV2,4609852,12,2533,0.16436579594750947,17.791199684143066,6.0,True,591,2915
2014b-182,2014b,FUV2,4609852,13,2545,0.0836977860819377,17.791199684143066,6.0,True,605,3745
2014b-183,2014b,FUV2,4609852,13,2558,-0.03424338709403099,17.791199684143066,6.0,True,635,3598
2014b-184,2014b,FUV2,4609852,14,2571,0.09757559663730694,17.791199684143066,6.0,True,645,3740
2014b-185,2014b,FUV2,4609852,16,2585,0.13383564014285027,17.791199684143066,6.0,True,660,3553
2014b-186,2014b,FUV1,4609852,13,2601,0.2594513393695574,17.791199684143066,6.0,True,726,257
2014b-187,2014b,FUV2,4609852,13,2614,0.1111038514118458,17.791199684143066,6.0,True,735,3227
2014b-188,2014b,FUV2,4609852,15,2627,-0.06936503967276327,17.791199684143066,6.0,True,783,3621
2014b-189,2014b,FUV1,4609852,17,2642,0.10319071696409297,17.791199684143066,6.0,True,880,1738
2014b-190,2014b,FUV2,4609855,14,2659,0.33146254779180545,17.791199684143066,6.0,True,549,3156
2014b-191,2014b,FUV2,4609855,15,2673,0.14422023070068274,17.791199684143066,6.0,True,557,2923
2014b-192,2014b,FUV1,4609855,13,2688,-0.019279863408637053,17.791199684143066,6.0,True,615,1435
2014b-193,2014b,FUV2,4609855,14,2701,-0.1034246560853864,17.791199684143066,6.0,True,620,3622
2014b-194,2014b,FUV2,4609855,17,2715,0.09247465122635924,17.791199684143066,6.0,True,633,3874
2014b-195,2014b,FUV2,4609855,12,2732,0.22535126817466,17.791199684143066,6.0,True,637,2979
2014b-196,2014b,FUV2,4609855,12,2744,0.08843465485029813,17.791199684143066,6.0,True,742,3642
2014b-197,2014b,FUV2,4609855,14,2756,0.09157649519488233,17.791199684143066,6.0,True,762,3559
2014b-198,2014b,FUV1,4609855,15,2770,0.17537889933819426,17.791199684143066,6.0,True,780,1397
2014b-199,2014b,FUV2,4609855,14,2785,-0.07226523046896594,17.791199684143066,6.0,True,782,3515
2014b-200,2014b,FUV2,4609855,19,2799,0.046467658625402,17.791199684143066,6.0,True,810,3190
2014b-201,2014b,FUV2,4609855,15,2818,0.22138601008918396,17.791199684143066,6.0,True,824,3245
2014b-202,2014b,FUV2,4609855,12,2833,0.026448475427701488,17.791199684143066,6.0,True,833,3926
2014b-203,2014b,FUV2,4609858,17,2845,0.2631272399428828,17.791199684143066,6.0,True,606,3060
2014b-204,2014b,FUV1,4609858,21,2862,-0.14360401795372202,17.791199684143066,6.0,True,628,1750
2014b-205,2014b,FUV2,4609858,15,2883,-0.14366599411471356,17.791199684143066,6.0,True,645,3510
2014b-206,2014b,FUV2,4609858,13,2898,0.1561927088644818,17.791199684143066,6.0,True,695,3631
2014b-207,2014b,FUV2,4609858,13,2911,-0.10586978916494875,17.791199684143066,6.0,True,736,3223
2014b-208,2014b,FUV2,4609858,15,2924,0.2916357004142853,17.791199684143066,6.0,True,826,2921
2014b-209,2014b,FUV1,4609858,13,2939,0.2932719277622462,17.791199684143066,6.0,True,882,1738
2014b-210,2014b,FUV1,4609861,18,2952,-0.012172181361458223,17.791199684143066,6.0,True,565,1613
2014b-211,2014b,FUV1,4609861,14,2970,0.08838262218704598,17.791199684143066,6.0,True,612,1267
2014b-212,2014b,FUV1,4609861,17,2984,0.17501271381937025,17.791199684143066,6.0,True,749,99
2014b-213,2014b,FUV1,4609861,14,3001,0.18965589990178347,17.791199684143066,6.0,True,756,183
2014b-214,2014b,FUV2,4609861,21,3015,0.18411329818434713,17.791199684143066,6.0,True,820,3744
2014b-215,2014b,FUV2,4609861,12,3036,0.18679564748797525,17.791199684143066,6.0,True,822,3548
2014b-216,2014b,FUV2,4609861,20,3048,0.14871023207041237,17.791199684143066,6.0,True,830,3215
2014b-217,2014b,FUV2,4609861,12,3068,-0.15193277331759603,17.791199684143066,6.0,True,834,3186
2014b-218,2014b,FUV2,4609861,13,3080,0.24202972032751474,17.791199684143066,6.0,True,835,3264
2014b-219,2014b,FUV2,4609864,15,3093,0.12453723678845939,17.791199684143066,6.0,True,625,3648
2014b-220,2014b,FUV2,4609864,16,3108,0.14751683218544603,17.791199684143066,6.0,True,684,2954
2014b-221,2014b,FUV2,4609864,17,3124,0.16812098808386147,17.791199684143066,6.0,True,727,3161
2014b-222,2014b,FUV2,4609864,12,3141,0.17643881091039704,17.791199684143066,6.0,True,743,2937
2014b-223,2014b,FUV1,4609864,12,3153,0.31611652761828873,17.791199684143066,6.0,True,748,1673
2014b-224,2014b,FUV2,4609864,13,3165,0.2231798873271105,17.791199684143066,6.0,True,773,2960
2014b-225,2014b,FUV2,4609864,14,3178,0.3371019462599845,17.791199684143066,6.0,True,810,3508
2014b-226,2014b,FUV2,4609864,14,3192,-0.016537270573212012,17.791199684143066,6.0,True,827,2991
2014b-227,2014b,FUV2,4609864,15,3206,0.03652625210022269,17.791199684143066,6.0,True,893,3169
2014b-228,2014b,FUV2,4609867,19,3221,0.00881750334855821,17.791199684143066,6.0,True,688,3266
2014b-229,2014b,FUV2,4609867,16,3240,0.0961076274026607,17.791199684143066,6.0,True,737,3937
2014b-230,2014b,FUV2,4609867,16,3256,0.07810407829124194,17.791199684143066,6.0,True,763,3639
2014b-231,2014b,FUV1,4609867,12,3272,0.1768006819258565,17.791199684143066,6.0,True,770,1310
2014b-232,2014b,FUV2,4609867,13,3284,0.23626731512387897,17.791199684143066,6.0,True,805,3169
2014b-233,2014b,FUV1,4609867,14,3297,0.1078696322531983,17.791199684143066,6.0,True,810,288
2014b-234,2014b,FUV2,4609867,17,3311,0.30942615221973463,17.791199684143066,6.0,True,891,3255
2014b-235,2014b,FUV2,4609870,22,3328,0.11338645800918917,17.791199684143066,6.0,True,736,2924
2014b-236,2014b,FUV2,4609870,18,3350,0.2844373163526244,17.791199684143066,6.0,True,862,3768
2014b-237,2014b,FUV2,4609873,13,3368,0.13189301709256368,17.791199684143066,6.0,True,654,2990
2014b-238,2014b,FUV2,4609882,14,3381,0.2220410744537684,17.791199684143066,6.0,True,837,3517
2014-1,2014,FUV1,4982267,16,3395,-0.0008241342632443692,17.791199684143066,6.0,False,286,446
2014-2,2014,FUV2,4982363,17,3411,-0.2576041267107094,17.791199684143066,6.0,False,4008,835
2014-3,2014,FUV1,4982579,25,3428,0.19806452851195158,17.791199684143066,6.0,True,494,243
2014-4,2014,FUV2,4982591,23,3453,-0.14159746513107713,17.791199684143066,6.0,False,3129,720
2014-5,2014,FUV2,4982615,21,3476,-0.07574449368530106,17.791199684143066,6.0,False,3653,312
2014-6,2014,FUV1,4982615,13,3497,0.25542646093498234,17.791199684143066,6.0,True,553,1769
2014-7,2014,FUV2,4982717,13,3510,0.16629306535843916,17.791199684143066,6.0,False,3517,227
2014-8,2014,FUV2,4982729,12,3523,-0.11251102841856891,17.791199684143066,6.0,False,3158,708
2014-9,2014,FUV1,4982822,31,3535,0.21136096535461626,17.791199684143066,6.0,False,1738,239
2014-10,2014,FUV1,4982831,12,3566,0.13756802156829118,17.791199684143066,6.0,False,180,290
2014-11,2014,FUV2,4982888,20,3578,-0.3001036928145796,17.791199684143066,6.0,True,599,3229
2014-12,2014,FUV1,4982888,18,3598,-0.3160196214263295,17.791199684143066,6.0,False,116,602
2014-13,2014,FUV1,4982891,12,3616,-0.2555876019668322,17.791199684143066,6.0,True,671,1763
2014-14,2014,FUV1,4982945,14,3628,0.015190015912924001,17.791199684143066,6.0,False,1458,428
2014-15,2014,FUV2,4982945,12,3642,-0.3138285212344169,17.791199684143066,6.0,True,710,3138
2014-16,2014,FUV2,4982963,15,3654,-0.2647857576377066,17.791199684143066,6.0,False,2955,359
2014-17,2014,FUV1,4982969,16,3669,0.07875186962795244,17.791199684143066,6.0,True,573,234
2014-18,2014,FUV2,4982978,21,3685,0.3014303760514841,17.791199684143066,6.0,False,3223,855
2014-19,2014,FUV1,4982981,20,3706,0.06391643491770935,17.791199684143066,6.0,False,1636,254
2014-20,2014,FUV1,4983059,26,3726,-0.11334072183756282,17.791199684143066,6.0,True,842,1783
2014-21,2014,FUV2,4983077,12,3752,0.02125379827487187,17.791199684143066,6.0,True,273,3874
2014-22,2014,FUV2,4983113,18,3764,-0.3117767202468389,17.791199684143066,6.0,False,3221,544
2014-23,2014,FUV1,4983131,15,3782,-0.22419811847350415,17.791199684143066,6.0,True,604,1386
2014-24,2014,FUV1,4983146,20,3797,0.20431763117711466,17.791199684143066,6.0,True,846,1670
2014-25,2014,FUV1,4983245,18,3817,-0.14387940356748918,17.791199684143066,6.0,True,662,1354
2014-26,2014,FUV1,4983260,12,3835,0.2725576038478033,17.791199684143066,6.0,True,474,102
2014-27,2014,FUV1,4983287,23,3847,-0.18291172606359368,17.791199684143066,6.0,True,501,1629
2014-28,2014,FUV2,4983509,17,3870,-0.09037718588904045,17.791199684143066,6.0,False,3842,867
2014-29,2014,FUV2,4983518,12,3887,-0.2923706291485545,17.791199684143066,6.0,False,3134,326
2014-30,2014,FUV1,4983875,12,3899,0.135555378433684,17.791199684143066,6.0,True,776,1683
2014-31,2014,FUV1,4984031,16,3911,0.10502526529252852,17.791199684143066,6.0,False,1683,446
2014-32,2014,FUV1,4984043,13,3927,-0.27614461269614615,17.791199684143066,6.0,False,434,733
2014-33,2014,FUV1,4984055,22,3940,0.28382248809190586,17.791199684143066,6.0,False,1628,260
2014-34,2014,FUV1,4984070,12,3962,0.20599992395928954,17.791199684143066,6.0,False,1621,429
2014-35,2014,FUV1,4984091,13,3974,0.3452113321892039,17.791199684143066,6.0,True,823,1413
2014-36,2014,FUV2,4984184,30,3987,0.1736709017295594,17.791199684143066,6.0,False,2923,698
2014-37,2014,FUV2,4984208,15,4017,-0.07758732955937932,17.791199684143066,6.0,False,2971,791
2014-38,2014,FUV1,4984226,16,4032,-0.09775119248140843,17.791199684143066,6.0,False,198,450
2014-39,2014,FUV1,4984235,14,4048,-0.03732647613259734,17.791199684143066,6.0,False,1815,241
2014-40,2014,FUV1,4984238,12,4062,-0.016265747024509614,17.791199684143066,6.0,False,286,474
2014-41,2014,FUV2,4984238,14,4074,-0.22192476668750352,17.791199684143066,6.0,False,3001,599
2014-42,2014,FUV1,4984241,14,4088,0.002946300582576181,17.791199684143066,6.0,False,283,475
2014-43,2014,FUV1,4984241,15,4102,0.1225444639894593,17.791199684143066,6.0,True,533,1761
2014-44,2014,FUV1,4984256,12,4117,-0.2629026934608157,17.791199684143066,6.0,False,96,453
2014-45,2014,FUV2,4984280,17,4129,0.06775563417346897,17.791199684143066,6.0,False,3020,632
2014-46,2014,FUV1,4984403,13,4146,-0.33067917657045576,17.791199684143066,6.0,False,1362,350
2014-47,2014,FUV2,4984403,15,4159,-0.2930340573399435,17.791199684143066,6.0,False,3982,701
2014-48,2014,FUV2,4984478,15,4174,0.15025616676717232,17.791199684143066,6.0,False,3857,662
2014-49,2014,FUV1,4984604,12,4189,-0.2377763405480064,17.791199684143066,6.0,False,1263,729
2014-50,2014,FUV2,4984628,22,4201,0.19695917805493257,17.791199684143066,6.0,True,353,2942
2014-51,2014,FUV1,4984640,15,4223,-0.20977573325909044,17.791199684143066,6.0,False,331,574
2014-52,2014,FUV1,4984658,38,4238,-0.07352071019090298,17.791199684143066,6.0,False,1628,828
2014-53,2014,FUV2,4984892,13,4276,0.032762648855062027,17.791199684143066,6.0,True,805,3871
2014-54,2014,FUV2,4985105,14,4289,0.054012967342276424,17.791199684143066,6.0,False,3768,776
2014-55,2014,FUV2,4985117,23,4303,-0.2530709979495522,17.791199684143066,6.0,True,672,3884
2018-1,2018,FUV1,38601209,15,4326,-0.07174612129427699,17.791199684143066,6.0,False,1818,393
2018-2,2018,FUV1,38601212,19,4341,0.08109567995741548,17.791199684143066,6.0,False,1385,513
2018-3,2018,FUV1,38601233,27,4360,-0.12161766187922783,17.791199684143066,6.0,False,1248,813
2018-4,2018,FUV1,38601239,12,4387,-0.11274602070562413,17.791199684143066,6.0,True,405,1810
2018-5,2018,FUV1,38601254,19,4399,-0.07587804861011306,17.791199684143066,6.0,False,1836,896
2018-6,2018,FUV1,38601263,12,4418,-0.3464647498443553,17.791199684143066,6.0,True,438,332
2018-7,2018,FUV1,38601269,16,4430,0.08450470290940333,17.791199684143066,6.0,False,1779,461
2018-8,2018,FUV1,38601269,13,4446,0.15319761002916055,17.791199684143066,6.0,False,172,791
2018-9,2018,FUV2,38601272,18,4459,0.3265486072620683,17.791199684143066,6.0,True,207,4031
2018-10,2018,FUV1,38601278,21,4477,-0.0814478697461458,17.791199684143066,6.0,False,1898,300
2018-11,2018,FUV1,38601281,14,4498,-0.2299433186790079,17.791199684143066,6.0,True,767,311
2018-12,2018,FUV1,38601296,12,4512,0.21056409373173776,17.791199684143066,6.0,True,733,1760
2018-13,2018,FUV1,38601299,12,4524,-0.03803616333634814,17.791199684143066,6.0,True,605,1746
2018-14,2018,FUV1,38601332,14,4536,-0.19359035265529242,17.791199684143066,6.0,True,1015,289
2018-15,2018,FUV1,38601335,13,4550,0.11733786678728626,17.791199684143066,6.0,False,130,932
2018-16,2018,FUV1,38601341,20,4563,-0.027215331053652533,17.791199684143066,6.0,True,974,317
2018-17,2018,FUV1,38601347,30,4583,-0.012165405001978753,17.791199684143066,6.0,True,359,118
2018-18,2018,FUV1,38601374,25,4613,0.09386185984390695,17.791199684143066,6.0,True,887,1736
2018-19,2018,FUV1,38601380,16,4638,-0.1198247622878153,17.791199684143066,6.0,True,170,1787
2018-20,2018,FUV1,38601386,21,4654,0.2302795318956147,17.791199684143066,6.0,True,252,220
2018-21,2018,FUV1,38601386,13,4675,0.3277655525079037,17.791199684143066,6.0,False,314,600
2018-22,2018,FUV1,38601389,17,4688,-0.08164757753963021,17.791199684143066,6.0,False,290,656
2018-23,2018,FUV1,38601413,37,4705,0.06220246772261935,17.791199684143066,6.0,False,1604,404
2018-24,2018,FUV1,38601422,13,4742,-0.22826469571089777,17.791199684143066,6.0,False,1839,50
2018-25,2018,FUV1,38601449,14,4755,-0.122771008778719,17.791199684143066,6.0,False,1773,96
2018-26,2018,FUV1,38601467,14,4769,-0.16916900519719683,17.791199684143066,6.0,False,288,215
2018-27,2018,FUV2,38601515,32,4783,0.18440093760340195,17.791199684143066,6.0,True,487,3937
2018-28,2018,FUV2,38602169,21,4815,0.263072777531953,17.791199684143066,6.0,True,1041,3252
2018-29,2018,FUV1,38602172,14,4836,-0.17519493188042667,17.791199684143066,6.0,True,156,230
2018-30,2018,FUV2,38602211,13,4850,0.3123330678774207,17.791199684143066,6.0,True,855,3989
2018-31,2018,FUV2,38602235,13,4863,0.11444193513947178,17.791199684143066,6.0,False,3087,94
2018-32,2018,FUV2,38602235,12,4876,0.0925743135174164,17.791199684143066,6.0,False,4035,1064
2018-33,2018,FUV1,38602256,21,4888,0.03998668420982705,17.791199684143066,6.0,False,1821,235
2018-34,2018,FUV2,38602256,12,4909,0.1459562363774521,17.791199684143066,6.0,True,648,2993
2018-35,2018,FUV1,38602256,31,4921,-0.00980428751800244,17.791199684143066,6.0,True,927,425
2018-36,2018,FUV2,38602259,15,4952,0.283937297299897,17.791199684143066,6.0,False,3199,239
2018-37,2018,FUV2,38602262,15,4967,0.15349824036333545,17.791199684143066,6.0,False,3867,901
2018-38,2018,FUV2,38602271,44,4982,0.1931223468754974,17.791199684143066,6.0,True,82,3115
2018-39,2018,FUV2,38602274,34,5026,-0.1456084503979462,17.791199684143066,6.0,True,606,3079
2018-40,2018,FUV1,38602274,15,5060,-0.09912455955610851,17.791199684143066,6.0,True,711,284
2018-41,2018,FUV2,38602280,15,5075,0.09635796770481851,17.791199684143066,6.0,False,3888,478
2018-42,2018,FUV1,38602283,12,5090,0.330902608043782,17.791199684143066,6.0,True,504,405
2018-43,2018,FUV2,38602283,13,5102,-0.24495125897787806,17.791199684143066,6.0,False,3883,957
2018-44,2018,FUV1,38602286,34,5115,0.19463155138253743,17.791199684143066,6.0,False,1843,810
2018-45,2018,FUV1,38602298,14,5149,0.11803012845757535,17.791199684143066,6.0,True,241,105
2018-46,2018,FUV1,38602307,15,5163,-0.27987742863589754,17.791199684143066,6.0,True,614,1307
2018-47,2018,FUV2,38602313,24,5178,-0.17743093761944861,17.791199684143066,6.0,False,3938,638
2018-48,2018,FUV2,38602316,13,5202,0.08741700177739097,17.791199684143066,6.0,True,186,3099
2018-49,2018,FUV2,38602319,16,5215,0.22117459135747583,17.791199684143066,6.0,False,3207,65
2018-50,2018,FUV1,38602325,14,5231,-0.018349993417501514,17.791199684143066,6.0,True,852,1886
2018-51,2018,FUV2,38602331,18,5245,0.1203723083696171,17.791199684143066,6.0,True,479,4059
2018-52,2018,FUV1,38602331,16,5263,0.09195038352605354,17.791199684143066,6.0,False,209,897
2018-53,2018,FUV1,38602331,14,5279,0.2136062038916056,17.791199684143066,6.0,True,937,141
2018-54,2018,FUV1,38602337,14,5293,0.2568906258835063,17.791199684143066,6.0,False,1277,635
2018-55,2018,FUV1,38602346,18,5307,-2.972298341590715e-14,17.791199684143066,6.0,False,134,955
2018-56,2018,FUV2,38602352,16,5325,0.08583490857848969,17.791199684143066,6.0,False,3225,805
2018-57,2018,FUV1,38602355,13,5341,0.07233216863404643,17.791199684143066,6.0,False,256,180
2018-58,2018,FUV1,38602358,14,5354,0.013825608971711376,17.791199684143066,6.0,False,1745,166
2018-59,2018,FUV1,38602379,31,5368,0.18564970037259693,17.791199684143066,6.0,False,1742,278
2018-60,2018,FUV1,38602379,16,5399,-0.09562228446002863,17.791199684143066,6.0,False,1716,1045
2018-61,2018,FUV2,38602388,15,5415,-0.1382459578514245,17.791199684143066,6.0,True,237,3021
2018-62,2018,FUV2,38602388,26,5430,-0.06546352855266474,17.791199684143066,6.0,True,345,3954
2018-63,2018,FUV2,38602388,18,5456,0.23736877532364145,17.791199684143066,6.0,False,3978,412
2018-64,2018,FUV2,38602394,18,5474,0.10777001355554339,17.791199684143066,6.0,False,3952,420
2018-65,2018,FUV1,38602394,13,5492,0.2640890496818537,17.791199684143066,6.0,False,1612,581
2018-66,2018,FUV2,38602397,21,5505,-0.03425825114861154,17.791199684143066,6.0,False,3075,327
2018-67,2018,FUV2,38602397,12,5526,-0.1611032205830638,17.791199684143066,6.0,True,702,2938
2018-68,2018,FUV1,38602400,17,5538,-0.2451296743229944,17.791199684143066,6.0,True,810,1763
2018-69,2018,FUV2,38602409,14,5555,-0.06488549007974866,17.791199684143066,6.0,True,94,3837
2018-70,2018,FUV1,38602424,13,5569,0.22717772116857646,17.791199684143066,6.0,False,1293,843
2018-71,2018,FUV2,38602430,12,5582,0.10160199489804725,17.791199684143066,6.0,False,3053,656
2018-72,2018,FUV1,38602439,24,5594,0.18372259736871902,17.791199684143066,6.0,True,349,1667
2018-73,2018,FUV1,38602439,15,5618,-0.016926426096621195,17.791199684143066,6.0,True,517,1833
2018-74,2018,FUV2,38602439,17,5633,-0.1322773381944117,17.791199684143066,6.0,True,747,3547
2018-75,2018,FUV1,38602442,25,5650,-0.2769637781991754,17.791199684143066,6.0,False,1312,390
2018-76,2018,FUV2,38602442,34,5675,-0.08883489890723086,17.791199684143066,6.0,True,664,3716
2018-77,2018,FUV1,38602451,13,5709,0.01566807753927963,17.791199684143066,6.0,True,73,334
2018-78,2018,FUV1,38602454,29,5722,0.2286095344630989,17.791199684143066,6.0,True,961,1878
2018-79,2018,FUV1,38602454,13,5751,0.25839725972722816,17.791199684143066,6.0,False,1907,982
2018-80,2018,FUV1,38602460,14,5764,-0.10505857683543282,17.791199684143066,6.0,True,320,1306
2018-81,2018,FUV2,38602469,12,5778,0.12564645229787488,17.791199684143066,6.0,False,4043,1009
2018-82,2018,FUV1,38602475,14,5790,-0.08583128834622232,17.791199684143066,6.0,False,256,296
2018-83,2018,FUV1,38602481,16,5804,0.09545295080904734,17.791199684143066,6.0,True,204,108
2018-84,2018,FUV1,38602490,13,5820,0.12704983489002036,17.791199684143066,6.0,False,1365,490
2018-85,2018,FUV2,38602502,15,5833,0.14777484187958217,17.791199684143066,6.0,True,563,3077
2018-86,2018,FUV1,38602508,19,5848,0.275393996919579,17.791199684143066,6.0,False,1450,499
2018-87,2018,FUV1,38602508,13,5867,0.3396433726799821,17.791199684143066,6.0,False,232,720
2018may-1,2018may,FUV1,39496482,16,5880,0.0969547129364627,17.791199684143066,6.0,False,315,378
2018may-2,2018may,FUV1,39497358,19,5896,0.05871513663326283,17.791199684143066,6.0,False,1708,890
2018may-3,2018may,FUV2,39497364,19,5915,0.06735432184216261,17.791199684143066,6.0,True,731,2929
2018may-4,2018may,FUV1,39497388,13,5934,0.26514484147989015,17.791199684143066,6.0,False,1792,337
2018may-5,2018may,FUV1,39497391,16,5947,-0.03770013574214334,17.791199684143066,6.0,False,1284,199
2018may-6,2018may,FUV1,39497397,14,5963,-0.2664342162134864,17.791199684143066,6.0,False,177,508
2018may-7,2018may,FUV1,39497400,13,5977,-0.1980254194371972,17.791199684143066,6.0,False,245,479
2018may-8,2018may,FUV1,39497406,13,5990,0.05938508377990071,17.791199684143066,6.0,False,1858,672
2018may-9,2018may,FUV1,39497406,14,6003,-0.2412324181684466,17.791199684143066,6.0,False,215,776
2018may-10,2018may,FUV1,39497409,12,6017,-0.31140545674204234,17.791199684143066,6.0,True,319,1761
2018may-11,2018may,FUV1,39497409,12,6029,-0.14991830276523294,17.791199684143066,6.0,False,1819,630
2018may-12,2018may,FUV1,39497409,13,6041,-0.29012778050790355,17.791199684143066,6.0,False,1738,654
2018may-13,2018may,FUV1,39497409,16,6054,-0.16020910479895178,17.791199684143066,6.0,False,1432,795
2018may-14,2018may,FUV1,39497412,15,6070,-0.3253304926935346,17.791199684143066,6.0,False,105,821
2018may-15,2018may,FUV1,39497415,12,6085,-0.3092511956745064,17.791199684143066,6.0,False,1876,209
2018may-16,2018may,FUV1,39497415,14,6097,-0.3477412269716661,17.791199684143066,6.0,True,333,1424
2018may-17,2018may,FUV1,39497415,12,6111,-0.22253300248248556,17.791199684143066,6.0,False,1270,533
2018may-18,2018may,FUV1,39497415,14,6123,-0.251406087276552,17.791199684143066,6.0,False,325,581
2018may-19,2018may,FUV1,39497418,13,6137,-0.3481823966195928,17.791199684143066,6.0,True,310,1418
2018may-20,2018may,FUV1,39497418,13,6150,-0.2936763577776764,17.791199684143066,6.0,True,453,1719
2018may-21,2018may,FUV1,39497418,14,6163,0.13914418055890612,17.791199684143066,6.0,False,1662,539
2018may-22,2018may,FUV1,39497418,16,6177,0.19192420500319593,17.791199684143066,6.0,False,1819,752
2018may-23,2018may,FUV1,39497421,13,6193,-0.2548243711303201,17.791199684143066,6.0,False,1729,326
2018may-24,2018may,FUV2,39497421,13,6206,-0.20527440854171755,17.791199684143066,6.0,True,457,2905
2018may-25,2018may,FUV2,39497421,13,6219,0.1945948093907888,17.791199684143066,6.0,False,2928,626
2018may-26,2018may,FUV1,39497421,13,6232,-0.07628333780878087,17.791199684143066,6.0,True,708,1652
2018may-27,2018may,FUV1,39497424,14,6245,0.08742933632907263,17.791199684143066,6.0,True,248,1327
2018may-28,2018may,FUV1,39497424,13,6259,0.022951654039103587,17.791199684143066,6.0,False,1776,408
2018may-29,2018may,FUV1,39497424,13,6272,-0.22521389079310086,17.791199684143066,6.0,True,458,171
2018may-30,2018may,FUV1,39497424,12,6285,-0.24163115884830713,17.791199684143066,6.0,False,1730,652
2018may-31,2018may,FUV1,39497424,12,6297,-0.08839952357893381,17.791199684143066,6.0,True,676,1837
2018may-32,2018may,FUV1,39497424,12,6309,-0.3101216430747023,17.791199684143066,6.0,True,857,1603
2018may-33,2018may,FUV1,39497427,14,6321,-0.18363082663738453,17.791199684143066,6.0,True,370,1663
2018may-34,2018may,FUV1,39497427,15,6335,-0.09179636855171325,17.791199684143066,6.0,True,520,1768
2018may-35,2018may,FUV1,39497427,14,6350,0.14302939914074891,17.791199684143066,6.0,True,545,1256
2018may-36,2018may,FUV1,39497427,13,6364,-0.18062894804172674,17.791199684143066,6.0,True,586,1439
2018may-37,2018may,FUV2,39497427,15,6377,-0.09736553957517319,17.791199684143066,6.0,True,609,2898
2018may-38,2018may,FUV1,39497427,13,6392,-0.20258452838488739,17.791199684143066,6.0,True,771,1380
2018may-39,2018may,FUV1,39497427,12,6405,-0.24365036504085472,17.791199684143066,6.0,False,1636,803
2018may-40,2018may,FUV1,39497427,12,6417,-0.11736473973874169,17.791199684143066,6.0,True,852,1387
2018may-41,2018may,FUV1,39497430,12,6429,-0.2740507305526696,17.791199684143066,6.0,True,283,1702
2018may-42,2018may,FUV1,39497430,14,6441,0.02802171891008303,17.791199684143066,6.0,True,319,1842
2018may-43,2018may,FUV1,39497430,14,6455,-0.3309433655307459,17.791199684143066,6.0,True,464,1336
2018may-44,2018may,FUV1,39497430,13,6469,-0.32610485789857463,17.791199684143066,6.0,True,556,1631
2018may-45,2018may,FUV1,39497430,12,6482,-0.2936371119133511,17.791199684143066,6.0,False,1393,559
2018may-46,2018may,FUV1,39497430,12,6494,-0.1093408927016025,17.791199684143066,6.0,False,1880,573
2018may-47,2018may,FUV1,39497430,12,6506,-0.3074656226115429,17.791199684143066,6.0,True,693,1312
2018may-48,2018may,FUV1,39497430,12,6518,-0.14202432003700952,17.791199684143066,6.0,False,415,707
2018may-49,2018may,FUV1,39497430,16,6530,-0.10198952947690376,17.791199684143066,6.0,True,713,1851
2018may-50,2018may,FUV1,39497430,12,6546,-0.1776548196437497,17.791199684143066,6.0,True,715,1441
2018may-51,2018may,FUV1,39497430,12,6558,-0.1119151706637768,17.791199684143066,6.0,True,803,1340
2018may-52,2018may,FUV1,39497430,13,6570,-0.20821668133978366,17.791199684143066,6.0,True,863,373
2018may-53,2018may,FUV1,39497433,16,6583,-0.23648839137237893,17.791199684143066,6.0,True,371,220
2018may-54,2018may,FUV1,39497433,12,6599,-0.08151701028032915,17.791199684143066,6.0,True,374,1625
2018may-55,2018may,FUV1,39497433,14,6611,-0.020418314937116846,17.791199684143066,6.0,True,398,1782
2018may-56,2018may,FUV1,39497433,14,6625,-0.2679496253174583,17.791199684143066,6.0,True,403,1462
2018may-57,2018may,FUV1,39497433,13,6639,0.025506358276151577,17.791199684143066,6.0,False,1784,467
2018may-58,2018may,FUV1,39497433,14,6652,-0.1546345873849866,17.791199684143066,6.0,True,547,1659
2018may-59,2018may,FUV1,39497433,13,6666,-0.0004821207607391577,17.791199684143066,6.0,True,596,1311
2018may-60,2018may,FUV1,39497433,17,6679,0.002191489670284013,17.791199684143066,6.0,True,601,1899
2018may-61,2018may,FUV1,39497433,12,6696,-0.28578388338106264,17.791199684143066,6.0,False,1292,623
2018may-62,2018may,FUV1,39497433,12,6708,-0.24439676892080284,17.791199684143066,6.0,True,662,1404
2018may-63,2018may,FUV2,39497433,17,6720,-0.19072582013735434,17.791199684143066,6.0,True,710,2907
2018may-64,2018may,FUV1,39497433,13,6737,-0.3492311350692791,17.791199684143066,6.0,True,761,1326
2018may-65,2018may,FUV1,39497433,14,6750,-0.15434220814539074,17.791199684143066,6.0,True,767,1728
2018may-66,2018may,FUV1,39497433,12,6764,-0.1935887616590246,17.791199684143066,6.0,True,773,1359
2018may-67,2018may,FUV1,39497433,13,6776,0.16983333543855486,17.791199684143066,6.0,False,1670,808
2018may-68,2018may,FUV2,39497436,12,6789,0.08307183026368856,17.791199684143066,6.0,True,289,2928
2018may-69,2018may,FUV1,39497436,12,6801,-0.2038866139013842,17.791199684143066,6.0,True,299,1359
2018may-70,2018may,FUV1,39497436,12,6813,-0.20893154516869156,17.791199684143066,6.0,True,342,1811
2018may-71,2018may,FUV1,39497436,16,6825,-0.2502075791752065,17.791199684143066,6.0,True,347,1633
2018may-72,2018may,FUV1,39497436,12,6841,-0.2989283311729294,17.791199684143066,6.0,True,394,152
2018may-73,2018may,FUV1,39497436,15,6853,-0.3262483272888822,17.791199684143066,6.0,True,495,1622
2018may-74,2018may,FUV1,39497436,17,6868,0.12223138451692343,17.791199684143066,6.0,False,1373,550
2018may-75,2018may,FUV1,39497436,13,6885,-0.2807150137353194,17.791199684143066,6.0,True,627,1319
2018may-76,2018may,FUV1,39497436,13,6898,0.0008444003499884427,17.791199684143066,6.0,False,1769,654
2018may-77,2018may,FUV1,39497436,12,6911,-0.21862174874920495,17.791199684143066,6.0,True,693,1254
2018may-78,2018may,FUV1,39497436,13,6923,0.2129124878193894,17.791199684143066,6.0,False,350,758
2018may-79,2018may,FUV1,39497436,15,6936,-0.14945622270938966,17.791199684143066,6.0,False,1675,767
2018may-80,2018may,FUV2,39497436,13,6951,-0.028765622603882882,17.791199684143066,6.0,True,778,2929
2018may-81,2018may,FUV1,39497436,12,6964,-0.016998048373776498,17.791199684143066,6.0,True,823,1430
2018may-82,2018may,FUV1,39497436,12,6976,-0.3094115375779814,17.791199684143066,6.0,False,1655,856
2018may-83,2018may,FUV1,39497439,12,6988,-0.206605490284515,17.791199684143066,6.0,True,213,1603
2018may-84,2018may,FUV1,39497439,14,7000,-0.07761028414972723,17.791199684143066,6.0,True,238,1332
2018may-85,2018may,FUV2,39497439,13,7014,0.020299097905545658,17.791199684143066,6.0,False,2896,316
2018may-86,2018may,FUV1,39497439,12,7027,0.24144983796086264,17.791199684143066,6.0,False,1816,359
2018may-87,2018may,FUV1,39497439,14,7039,-0.1361871531050206,17.791199684143066,6.0,True,483,1699
2018may-88,2018may,FUV1,39497439,13,7053,-0.3080336700639126,17.791199684143066,6.0,True,508,1454
2018may-89,2018may,FUV1,39497439,14,7066,-0.33016624995272037,17.791199684143066,6.0,True,586,1341
2018may-90,2018may,FUV1,39497439,12,7080,-0.21953676413411144,17.791199684143066,6.0,True,702,1772
2018may-91,2018may,FUV1,39497439,16,7092,-0.025915164440483873,17.791199684143066,6.0,True,764,1637
2018may-92,2018may,FUV1,39497439,13,7108,-0.2451882044906767,17.791199684143066,6.0,True,862,1410
2018may-93,2018may,FUV1,39497442,13,7121,-0.29198755041089114,17.791199684143066,6.0,True,283,1812
2018may-94,2018may,FUV1,39497442,14,7134,-0.28514353227996775,17.791199684143066,6.0,True,358,1870
2018may-95,2018may,FUV1,39497442,12,7148,0.24095473718153917,17.791199684143066,6.0,False,1797,422
2018may-96,2018may,FUV1,39497442,15,7160,-0.18867608354718435,17.791199684143066,6.0,True,430,1856
2018may-97,2018may,FUV1,39497442,13,7175,-0.11407417242092847,17.791199684143066,6.0,True,474,1656
2018may-98,2018may,FUV1,39497442,12,7188,-0.34960566028042456,17.791199684143066,6.0,True,517,1343
2018may-99,2018may,FUV1,39497442,13,7200,-0.20560918618365254,17.791199684143066,6.0,True,536,1330
2018may-100,2018may,FUV1,39497442,14,7213,-0.027220028268895972,17.791199684143066,6.0,True,655,1838
2018may-101,2018may,FUV1,39497442,15,7227,-0.161803765900487,17.791199684143066,6.0,False,1650,667
2018may-102,2018may,FUV1,39497442,14,7242,-0.14719156959795224,17.791199684143066,6.0,True,786,1618
2018may-103,2018may,FUV1,39497442,15,7256,-0.12856801487536024,17.791199684143066,6.0,True,884,187
2018may-104,2018may,FUV1,39497442,12,7271,-0.11728701840048089,17.791199684143066,6.0,True,890,1749
2018may-105,2018may,FUV1,39497445,19,7283,-0.30192735269716525,17.791199684143066,6.0,True,196,1663
2018may-106,2018may,FUV1,39497445,15,7302,-0.13432305477227172,17.791199684143066,6.0,True,234,1855
2018may-107,2018may,FUV1,39497445,13,7317,-0.2990765034643036,17.791199684143066,6.0,True,246,267
2018may-108,2018may,FUV1,39497445,18,7330,-0.19997803591321392,17.791199684143066,6.0,True,248,1287
2018may-109,2018may,FUV2,39497445,15,7348,0.04675657110943473,17.791199684143066,6.0,True,249,2936
2018may-110,2018may,FUV1,39497445,13,7363,-0.17985381183806398,17.791199684143066,6.0,True,306,1822
2018may-111,2018may,FUV1,39497445,13,7376,-0.33617292770689156,17.791199684143066,6.0,True,374,1768
2018may-112,2018may,FUV1,39497445,12,7389,-0.20131698482985855,17.791199684143066,6.0,True,464,1885
2018may-113,2018may,FUV1,39497445,17,7401,-0.24638115821376141,17.791199684143066,6.0,True,508,1623
2018may-114,2018may,FUV1,39497445,14,7418,-0.01126486728641145,17.791199684143066,6.0,True,638,256
2018may-115,2018may,FUV1,39497445,13,7432,0.028775126064921042,17.791199684143066,6.0,False,416,730
2018may-116,2018may,FUV1,39497445,12,7445,-0.21059535771043814,17.791199684143066,6.0,True,749,289
2018may-117,2018may,FUV1,39497445,16,7457,-0.3025754452847667,17.791199684143066,6.0,True,837,318
2018may-118,2018may,FUV1,39497445,14,7473,0.1110834560767765,17.791199684143066,6.0,True,873,1350
2018may-119,2018may,FUV1,39497445,25,7487,-0.03339639675421008,17.791199684143066,6.0,True,882,243
2018may-120,2018may,FUV1,39497448,14,7512,0.008097975302007886,17.791199684143066,6.0,False,1862,308
2018may-121,2018may,FUV1,39497448,17,7526,-0.2606877276141323,17.791199684143066,6.0,False,1418,361
2018may-122,2018may,FUV1,39497448,22,7543,-0.20651197576472313,17.791199684143066,6.0,True,386,1309
2018may-123,2018may,FUV2,39497448,22,7565,-0.13283671456449708,17.791199684143066,6.0,True,392,2929
2018may-124,2018may,FUV1,39497448,13,7587,-0.1992208202081865,17.791199684143066,6.0,True,414,1406
2018may-125,2018may,FUV1,39497448,16,7600,-0.03497909621437609,17.791199684143066,6.0,True,468,107
2018may-126,2018may,FUV2,39497448,15,7616,0.1394102936282598,17.791199684143066,6.0,True,653,2934
2018may-127,2018may,FUV1,39497448,13,7631,-0.044362968136602336,17.791199684143066,6.0,True,656,1398
2018may-128,2018may,FUV1,39497448,13,7644,-0.11263181667869801,17.791199684143066,6.0,True,664,1836
2018may-129,2018may,FUV1,39497448,14,7657,-0.14201171537769738,17.791199684143066,6.0,True,666,1606
2018may-130,2018may,FUV1,39497451,14,7671,-0.16987587025963735,17.791199684143066,6.0,True,213,1254
2018may-131,2018may,FUV1,39497451,13,7685,-0.2662489957968488,17.791199684143066,6.0,True,219,1316
2018may-132,2018may,FUV2,39497451,15,7698,-0.1714750648923329,17.791199684143066,6.0,True,254,2921
2018may-133,2018may,FUV2,39497451,14,7713,0.016857205717214056,17.791199684143066,6.0,True,389,2931
2018may-134,2018may,FUV1,39497451,13,7727,-0.22694014917497238,17.791199684143066,6.0,True,412,404
2018may-135,2018may,FUV1,39497451,13,7740,-0.17086342738759502,17.791199684143066,6.0,True,549,383
2018may-136,2018may,FUV1,39497451,14,7753,-0.2710885483837056,17.791199684143066,6.0,True,555,1432
2018may-137,2018may,FUV1,39497451,14,7767,-0.1204172237355173,17.791199684143066,6.0,True,567,344
2018may-138,2018may,FUV1,39497451,15,7781,-0.2746391692314894,17.791199684143066,6.0,True,572,200
2018may-139,2018may,FUV1,39497451,13,7796,-0.3463683618444312,17.791199684143066,6.0,True,603,1291
2018may-140,2018may,FUV1,39497451,13,7809,-0.21465693515148043,17.791199684143066,6.0,True,679,1633
2018may-141,2018may,FUV1,39497451,21,7822,-0.19461696538833334,17.791199684143066,6.0,True,698,1805
2018may-142,2018may,FUV1,39497451,18,7843,-0.2761100295042166,17.791199684143066,6.0,True,856,1265
2018may-143,2018may,FUV1,39497454,14,7861,-0.3087897506116476,17.791199684143066,6.0,True,190,1431
2018may-144,2018may,FUV1,39497454,13,7875,-0.03620711764462544,17.791199684143066,6.0,True,196,1281
2018may-145,2018may,FUV1,39497454,16,7888,-0.07349627584789264,17.791199684143066,6.0,True,230,1609
2018may-146,2018may,FUV1,39497454,18,7904,-0.2737969690690623,17.791199684143066,6.0,True,261,1378
2018may-147,2018may,FUV1,39497454,12,7922,0.3445794481298388,17.791199684143066,6.0,True,404,372
2018may-148,2018may,FUV1,39497454,12,7934,0.020250496934353553,17.791199684143066,6.0,True,427,1697
2018may-149,2018may,FUV1,39497454,14,7946,-0.16474070158323673,17.791199684143066,6.0,True,441,1257
2018may-150,2018may,FUV1,39497454,15,7960,-0.04159576605047703,17.791199684143066,6.0,True,569,1614
2018may-151,2018may,FUV1,39497454,13,7975,-0.2872014796311797,17.791199684143066,6.0,True,637,1858
2018may-152,2018may,FUV1,39497454,22,7988,0.0048098864511819635,17.791199684143066,6.0,True,731,1816
2018may-153,2018may,FUV1,39497454,12,8010,-0.32948080174914995,17.791199684143066,6.0,True,836,292
2018may-154,2018may,FUV1,39497457,12,8022,-0.1710192959747449,17.791199684143066,6.0,True,193,1820
2018may-155,2018may,FUV1,39497457,15,8034,-0.26244870715363944,17.791199684143066,6.0,True,356,1449
2018may-156,2018may,FUV1,39497457,17,8049,0.23392587558415887,17.791199684143066,6.0,False,300,358
2018may-157,2018may,FUV1,39497457,14,8066,-0.16810313897005916,17.791199684143066,6.0,True,377,1906
2018may-158,2018may,FUV1,39497457,15,8080,-0.19075176120608495,17.791199684143066,6.0,True,443,417
2018may-159,2018may,FUV1,39497457,13,8095,0.005829898787336894,17.791199684143066,6.0,True,464,424
2018may-160,2018may,FUV1,39497457,13,8108,0.10606748946846928,17.791199684143066,6.0,True,612,1795
2018may-161,2018may,FUV1,39497457,17,8121,-0.21507868322463072,17.791199684143066,6.0,True,642,1741
2018may-162,2018may,FUV1,39497457,12,8138,-0.19677726981173801,17.791199684143066,6.0,True,722,1902
2018may-163,2018may,FUV1,39497457,13,8150,0.192641816767403,17.791199684143066,6.0,True,764,1331
2018may-164,2018may,FUV1,39497457,19,8163,0.1388768813064762,17.791199684143066,6.0,True,850,1378
2018may-165,2018may,FUV1,39497457,16,8182,-0.13454201483962958,17.791199684143066,6.0,True,887,1841
2018may-166,2018may,FUV1,39497460,14,8198,-0.11002464698843312,17.791199684143066,6.0,True,190,1867
2018may-167,2018may,FUV1,39497460,23,8212,-0.21827625713227025,17.791199684143066,6.0,True,420,179
2018may-168,2018may,FUV1,39497460,12,8235,0.2389245626480932,17.791199684143066,6.0,True,420,1731
2018may-169,2018may,FUV1,39497460,12,8247,-0.16409535706721357,17.791199684143066,6.0,True,454,1362
2018may-170,2018may,FUV1,39497460,12,8259,-0.21926148529548994,17.791199684143066,6.0,True,516,1427
2018may-171,2018may,FUV1,39497460,13,8271,-0.1177150055406728,17.791199684143066,6.0,True,612,1872
2018may-172,2018may,FUV1,39497460,12,8284,-0.11437997207232396,17.791199684143066,6.0,True,680,137
2018may-173,2018may,FUV1,39497460,13,8296,-0.1964543346840838,17.791199684143066,6.0,True,804,1355
2018may-174,2018may,FUV1,39497460,21,8309,-0.04754115933831875,17.791199684143066,6.0,True,882,105
2018may-175,2018may,FUV1,39497460,12,8330,-0.3228162030508628,17.791199684143066,6.0,True,896,1887
2018may-176,2018may,FUV1,39497463,14,8342,-0.33696333639326503,17.791199684143066,6.0,True,197,248
2018may-177,2018may,FUV1,39497463,35,8356,0.03287850304682901,17.791199684143066,6.0,True,198,242
2018may-178,2018may,FUV1,39497463,12,8391,-0.3283669943571875,17.791199684143066,6.0,True,261,1317
2018may-179,2018may,FUV1,39497463,15,8403,-0.07661639841437763,17.791199684143066,6.0,True,284,1880
2018may-180,2018may,FUV1,39497463,14,8418,-0.24000492095684767,17.791199684143066,6.0,True,341,422
2018may-181,2018may,FUV1,39497463,28,8432,-0.05751275645885788,17.791199684143066,6.0,True,507,382
2018may-182,2018may,FUV1,39497463,12,8460,-0.0619814246523779,17.791199684143066,6.0,True,545,361
2018may-183,2018may,FUV1,39497463,15,8472,0.05464438069422249,17.791199684143066,6.0,True,566,1258
2018may-184,2018may,FUV2,39497463,12,8487,0.19077461903895512,17.791199684143066,6.0,True,591,2962
2018may-185,2018may,FUV2,39497463,12,8499,-0.14428758329314872,17.791199684143066,6.0,True,665,2972
2018may-186,2018may,FUV1,39497463,12,8511,-0.3262618394483067,17.791199684143066,6.0,True,789,1452
2018may-187,2018may,FUV1,39497463,13,8523,-0.07517902896910439,17.791199684143066,6.0,True,839,1700
2018may-188,2018may,FUV1,39497463,15,8536,-0.02499762968084556,17.791199684143066,6.0,True,842,1823
2018may-189,2018may,FUV1,39497466,12,8551,-0.11774435077158141,17.791199684143066,6.0,True,209,1912
2018may-190,2018may,FUV1,39497466,13,8563,0.004567024274558295,17.791199684143066,6.0,True,307,293
2018may-191,2018may,FUV1,39497466,14,8576,-0.07329436821667276,17.791199684143066,6.0,True,390,1624
2018may-192,2018may,FUV1,39497466,12,8590,0.1762744547763095,17.791199684143066,6.0,True,522,1322
2018may-193,2018may,FUV1,39497466,15,8602,-0.3249622677893115,17.791199684143066,6.0,True,536,1604
2018may-194,2018may,FUV1,39497466,25,8617,-0.13388548703085307,17.791199684143066,6.0,True,750,377
2018may-195,2018may,FUV1,39497466,13,8642,-0.26706457737602324,17.791199684143066,6.0,True,772,1868
2018may-196,2018may,FUV1,39497469,19,8655,0.06485351585721277,17.791199684143066,6.0,True,207,1632
2018may-197,2018may,FUV1,39497469,21,8674,-0.05628874704257319,17.791199684143066,6.0,True,240,368
2018may-198,2018may,FUV1,39497469,14,8695,0.06838988067993976,17.791199684143066,6.0,True,413,1451
2018may-199,2018may,FUV2,39497469,14,8709,-0.11695162748759122,17.791199684143066,6.0,True,450,2903
2018may-200,2018may,FUV1,39497469,16,8723,0.019130768659367362,17.791199684143066,6.0,True,464,1610
2018may-201,2018may,FUV1,39497469,58,8739,-0.020424820355662086,17.791199684143066,6.0,True,746,1316
2018may-202,2018may,FUV1,39497469,13,8797,-0.1400045280740472,17.791199684143066,6.0,True,766,1356
2018may-203,2018may,FUV1,39497469,31,8810,-0.1882640689226772,17.791199684143066,6.0,True,811,1671
2018may-204,2018may,FUV1,39497472,12,8841,-0.12133651829804248,17.791199684143066,6.0,True,257,138
2018may-205,2018may,FUV1,39497472,13,8853,0.08964037561597621,17.791199684143066,6.0,True,314,103
2018may-206,2018may,FUV2,39497472,19,8866,0.12297353329928679,17.791199684143066,6.0,True,424,2914
2018may-207,2018may,FUV1,39497472,15,8885,0.06448652617219326,17.791199684143066,6.0,True,450,1879
2018may-208,2018may,FUV1,39497472,13,8900,0.062222737236532474,17.791199684143066,6.0,True,451,201
2018may-209,2018may,FUV1,39497472,23,8913,0.13755572530470805,17.791199684143066,6.0,True,729,1707
2018may-210,2018may,FUV1,39497475,12,8936,-0.05396364301384933,17.791199684143066,6.0,True,467,1783
2018may-211,2018may,FUV1,39497475,23,8948,-0.07153506427092313,17.791199684143066,6.0,True,616,1413
2018may-212,2018may,FUV1,39497475,14,8971,-0.08584648996300914,17.791199684143066,6.0,True,785,373
2018may-213,2018may,FUV1,39497475,15,8985,0.12348541082875718,17.791199684143066,6.0,True,837,1863
2018may-214,2018may,FUV1,39497478,19,9000,-0.0733100759237324,17.791199684143066,6.0,False,1734,417
2018may-215,2018may,FUV1,39497478,17,9019,4.6252409918518865e-15,17.791199684143066,6.0,True,583,426
2018may-216,2018may,FUV1,39497478,39,9036,0.002861288777562719,17.791199684143066,6.0,True,869,375
2018may-217,2018may,FUV2,39497481,12,9075,0.2786655233089154,17.791199684143066,6.0,True,253,2968
2018may-218,2018may,FUV1,39497481,19,9087,0.2209717804012783,17.791199684143066,6.0,True,368,170
2018may-219,2018may,FUV1,39497481,23,9106,0.14101813926075366,17.791199684143066,6.0,True,655,1329
2018may-220,2018may,FUV1,39497484,24,9129,0.05396815184115347,17.791199684143066,6.0,True,537,277
2018may-221,2018may,FUV1,39497484,21,9153,-0.16738824311347267,17.791199684143066,6.0,True,785,126
2018may-222,2018may,FUV1,39497490,16,9174,0.22322988362256085,17.791199684143066,6.0,True,224,1903
2018may-223,2018may,FUV1,39497490,17,9190,0.14602173532707524,17.791199684143066,6.0,True,364,227
2018may-224,2018may,FUV1,39497490,17,9207,0.2513281476259509,17.791199684143066,6.0,True,452,346
2018may-225,2018may,FUV1,39497490,14,9224,0.28089651147521816,17.791199684143066,6.0,True,483,154
2018may-226,2018may,FUV1,39497493,15,9238,0.2615296313730435,17.791199684143066,6.0,True,456,1785
2018may-227,2018may,FUV1,39497496,12,9253,-0.049748571638422834,17.791199684143066,6.0,True,598,167
2018may-228,2018may,FUV1,39497499,12,9265,-0.1672713723782684,17.791199684143066,6.0,False,235,425
2018may-229,2018may,FUV1,39497505,13,9277,0.09108277062303247,17.791199684143066,6.0,True,487,1295
2018may-230,2018may,FUV1,39497523,25,9290,0.019828526689181298,17.791199684143066,6.0,True,720,400
2018may-231,2018may,FUV1,39498414,45,9315,-0.08580249991112128,17.791199684143066,6.0,False,1752,340
2018may-232,2018may,FUV1,39498426,40,9360,-0.13064825937014432,17.791199684143066,6.0,True,472,1365
2018may-233,2018may,FUV1,39498432,12,9400,0.12259299252001467,17.791199684143066,6.0,True,784,275
2018may-234,2018may,FUV1,39498435,14,9412,-0.2356406305593245,17.791199684143066,6.0,False,1610,554
2018may-235,2018may,FUV2,39498435,12,9426,-0.30559691892767915,17.791199684143066,6.0,False,2926,765
2018may-236,2018may,FUV1,39498438,16,9438,-0.34134142162090464,17.791199684143066,6.0,False,416,631
2018may-237,2018may,FUV1,39498450,27,9454,-0.028369095991032864,17.791199684143066,6.0,False,1720,454
2018may-238,2018may,FUV1,39498453,12,9481,-0.2868292796084524,17.791199684143066,6.0,False,1248,294
2018may-239,2018may,FUV1,39498453,13,9493,-0.338878707863734,17.791199684143066,6.0,True,557,136
2018may-240,2018may,FUV1,39498453,12,9506,-0.21992421853544883,17.791199684143066,6.0,True,796,1428
2018may-241,2018may,FUV2,39498456,14,9518,-0.002928419088039913,17.791199684143066,6.0,True,236,2940
2018may-242,2018may,FUV1,39498456,13,9532,-0.06471798881845212,17.791199684143066,6.0,True,764,205
2018may-243,2018may,FUV1,39498459,12,9545,-0.06059129379488232,17.791199684143066,6.0,False,1623,264
2018may-244,2018may,FUV2,39498459,13,9557,0.005174165582610643,17.791199684143066,6.0,True,425,2918
2018may-245,2018may,FUV1,39498459,14,9570,-0.1865630406506831,17.791199684143066,6.0,False,1883,758
2018may-246,2018may,FUV2,39498459,13,9584,0.012082025896513063,17.791199684143066,6.0,True,764,2947
2018may-247,2018may,FUV1,39498459,13,9597,-0.1308509572679898,17.791199684143066,6.0,False,1717,871
2018may-248,2018may,FUV1,39498462,13,9610,-0.1313906138183897,17.791199684143066,6.0,True,313,1758
2018may-249,2018may,FUV1,39498462,15,9623,-0.2991199276966755,17.791199684143066,6.0,True,480,1324
2018may-250,2018may,FUV1,39498462,15,9638,-0.3125296988441375,17.791199684143066,6.0,True,595,172
2018may-251,2018may,FUV2,39498462,12,9653,-0.06332136878510415,17.791199684143066,6.0,True,803,2930
2018may-252,2018may,FUV1,39498462,15,9665,-0.04885478041499998,17.791199684143066,6.0,True,805,375
2018may-253,2018may,FUV1,39498465,14,9680,0.3351945779871615,17.791199684143066,6.0,True,328,145
2018may-254,2018may,FUV1,39498468,12,9694,-0.15187918702056338,17.791199684143066,6.0,False,1732,211
2018may-255,2018may,FUV1,39498468,13,9706,-0.09122849376971419,17.791199684143066,6.0,True,289,177
2018may-256,2018may,FUV1,39498468,17,9719,-0.333020477635826,17.791199684143066,6.0,True,341,1335
2018may-257,2018may,FUV2,39498468,13,9736,-0.2663829771905004,17.791199684143066,6.0,False,2905,400
2018may-258,2018may,FUV2,39498468,16,9749,-0.1401046192304521,17.791199684143066,6.0,True,482,2913
2018may-259,2018may,FUV1,39498468,13,9765,0.013155393282015317,17.791199684143066,6.0,True,559,1436
2018may-260,2018may,FUV1,39498468,13,9778,-0.10029332329553205,17.791199684143066,6.0,False,1324,857
2018may-261,2018may,FUV1,39498468,13,9791,0.17638591864105366,17.791199684143066,6.0,True,875,419
2018may-262,2018may,FUV1,39498471,12,9804,0.021376929733644138,17.791199684143066,6.0,True,233,1905
2018may-263,2018may,FUV1,39498471,12,9816,-0.29751814468684745,17.791199684143066,6.0,True,321,1818
2018may-264,2018may,FUV1,39498471,13,9828,-0.1674751932438677,17.791199684143066,6.0,False,1691,873
2018may-265,2018may,FUV1,39498474,14,9841,-0.3044695382368309,17.791199684143066,6.0,True,244,362
2018may-266,2018may,FUV1,39498474,20,9855,0.04941631602408171,17.791199684143066,6.0,True,303,1281
2018may-267,2018may,FUV1,39498474,14,9875,0.0634847129216146,17.791199684143066,6.0,True,321,1902
2018may-268,2018may,FUV1,39498474,13,9889,-0.3358492583496436,17.791199684143066,6.0,True,337,1910
2018may-269,2018may,FUV2,39498474,14,9902,-0.2129002840393997,17.791199684143066,6.0,True,417,2934
2018may-270,2018may,FUV1,39498474,15,9916,-0.2860585366851517,17.791199684143066,6.0,True,438,1866
2018may-271,2018may,FUV1,39498474,13,9931,-0.3232866351966431,17.791199684143066,6.0,True,512,313
2018may-272,2018may,FUV1,39498474,21,9944,0.03281344743595591,17.791199684143066,6.0,True,724,1866
2018may-273,2018may,FUV1,39498474,15,9965,-0.24629784927089454,17.791199684143066,6.0,True,889,1405
2018may-274,2018may,FUV1,39498477,15,9980,-0.34270119569146024,17.791199684143066,6.0,True,295,1886
2018may-275,2018may,FUV1,39498477,13,9995,-0.3484035946510237,17.791199684143066,6.0,True,329,1816
2018may-276,2018may,FUV1,39498477,14,10008,0.1254706344723684,17.791199684143066,6.0,True,465,1251
2018may-277,2018may,FUV1,39498477,17,10022,-0.1667360771822116,17.791199684143066,6.0,False,1801,556
2018may-278,2018may,FUV1,39498477,16,10039,-0.2949030725519505,17.791199684143066,6.0,True,568,1824
2018may-279,2018may,FUV1,39498477,12,10055,0.09402366736099707,17.791199684143066,6.0,True,602,1611
2018may-280,2018may,FUV1,39498477,21,10067,-0.07017019413047271,17.791199684143066,6.0,True,793,1367
2018may-281,2018may,FUV1,39498477,13,10088,-0.24079994150005415,17.791199684143066,6.0,True,818,1393
2018may-282,2018may,FUV1,39498477,13,10101,-0.3145333489004914,17.791199684143066,6.0,False,169,828
2018may-283,2018may,FUV1,39498477,13,10114,-0.22647135566624713,17.791199684143066,6.0,True,854,1912
2018may-284,2018may,FUV1,39498477,12,10127,-0.14987002888691803,17.791199684143066,6.0,False,1852,879
2018may-285,2018may,FUV1,39498480,13,10139,0.03296230241610773,17.791199684143066,6.0,True,188,1901
2018may-286,2018may,FUV1,39498480,12,10152,-0.31458432359705624,17.791199684143066,6.0,False,1743,210
2018may-287,2018may,FUV2,39498480,13,10164,-0.29762670760103793,17.791199684143066,6.0,True,233,2910
2018may-288,2018may,FUV1,39498480,17,10177,-0.193226338213735,17.791199684143066,6.0,True,264,1335
2018may-289,2018may,FUV1,39498480,12,10194,-0.16184931047204362,17.791199684143066,6.0,True,266,1348
2018may-290,2018may,FUV1,39498480,14,10206,-0.014141128070707778,17.791199684143066,6.0,True,332,290
2018may-291,2018may,FUV1,39498480,12,10220,-0.2974182355950516,17.791199684143066,6.0,True,335,1336
2018may-292,2018may,FUV1,39498480,13,10232,-0.33641532074941116,17.791199684143066,6.0,True,351,1816
2018may-293,2018may,FUV2,39498480,16,10245,-0.0032897488339449334,17.791199684143066,6.0,True,466,2918
2018may-294,2018may,FUV1,39498480,15,10261,-0.19776926933859826,17.791199684143066,6.0,True,491,343
2018may-295,2018may,FUV1,39498480,15,10276,0.2446678603121538,17.791199684143066,6.0,True,515,1776
2018may-296,2018may,FUV1,39498480,14,10291,-0.20308179496239037,17.791199684143066,6.0,True,538,352
2018may-297,2018may,FUV1,39498480,18,10305,-0.1676360807195997,17.791199684143066,6.0,True,557,1380
2018may-298,2018may,FUV1,39498480,13,10323,-0.19071215716294967,17.791199684143066,6.0,True,566,1612
2018may-299,2018may,FUV1,39498480,27,10336,0.05384104695195525,17.791199684143066,6.0,True,615,1625
2018may-300,2018may,FUV1,39498480,12,10363,0.06625129465612815,17.791199684143066,6.0,False,1606,637
2018may-301,2018may,FUV2,39498480,13,10375,-0.24651897372077028,17.791199684143066,6.0,True,678,2918
2018may-302,2018may,FUV1,39498480,17,10388,-0.31426185962249054,17.791199684143066,6.0,True,753,1779
2018may-303,2018may,FUV1,39498483,12,10405,0.0527328762547097,17.791199684143066,6.0,True,229,1707
2018may-304,2018may,FUV1,39498483,12,10417,-0.17059257378411488,17.791199684143066,6.0,True,247,1761
2018may-305,2018may,FUV1,39498483,12,10429,-0.14512516552531823,17.791199684143066,6.0,True,256,1278
2018may-306,2018may,FUV1,39498483,22,10441,-0.2253211991982336,17.791199684143066,6.0,True,350,1452
2018may-307,2018may,FUV1,39498483,17,10463,-0.1485670137232117,17.791199684143066,6.0,True,497,1806
2018may-308,2018may,FUV1,39498483,13,10480,-0.2829410234362015,17.791199684143066,6.0,False,1904,514
2018may-309,2018may,FUV1,39498483,13,10493,-0.3043955493684818,17.791199684143066,6.0,True,588,1377
2018may-310,2018may,FUV1,39498483,13,10506,-0.10181794606663926,17.791199684143066,6.0,False,1750,700
2018may-311,2018may,FUV1,39498483,14,10519,-0.05818290163884476,17.791199684143066,6.0,True,769,1428
2018may-312,2018may,FUV1,39498483,16,10533,-0.1450728078296843,17.791199684143066,6.0,True,839,122
2018may-313,2018may,FUV2,39498486,12,10549,0.06308360292051368,17.791199684143066,6.0,True,251,2988
2018may-314,2018may,FUV1,39498486,14,10561,-0.23195413151771518,17.791199684143066,6.0,True,263,1682
2018may-315,2018may,FUV1,39498486,12,10575,-0.3019808780644515,17.791199684143066,6.0,True,266,1322
2018may-316,2018may,FUV1,39498486,13,10587,-0.1414388073856102,17.791199684143066,6.0,True,283,1344
2018may-317,2018may,FUV1,39498486,12,10600,-0.22638944506194034,17.791199684143066,6.0,True,295,1658
2018may-318,2018may,FUV1,39498486,12,10612,-0.08268381106556105,17.791199684143066,6.0,True,409,1258
2018may-319,2018may,FUV1,39498486,21,10624,-0.3150880234853076,17.791199684143066,6.0,True,494,1363
2018may-320,2018may,FUV1,39498486,12,10645,-0.22715823314322214,17.791199684143066,6.0,True,506,1310
2018may-321,2018may,FUV1,39498486,12,10657,-0.15105276986123262,17.791199684143066,6.0,True,514,345
2018may-322,2018may,FUV1,39498486,15,10669,-0.1806179807615543,17.791199684143066,6.0,True,552,1435
2018may-323,2018may,FUV1,39498486,12,10684,-0.0074068121724668,17.791199684143066,6.0,False,1345,696
2018may-324,2018may,FUV1,39498486,16,10696,-0.17273860605309493,17.791199684143066,6.0,True,762,1892
2018may-325,2018may,FUV1,39498486,12,10712,-0.06599814362202726,17.791199684143066,6.0,True,849,1432
2018may-326,2018may,FUV2,39498486,12,10724,-0.2205941895309737,17.791199684143066,6.0,True,849,2925
2018may-327,2018may,FUV1,39498486,14,10736,-0.06897753952655948,17.791199684143066,6.0,True,868,1778
2018may-328,2018may,FUV1,39498489,12,10750,-0.1555199053793525,17.791199684143066,6.0,True,188,1665
2018may-329,2018may,FUV1,39498489,14,10762,-0.30191436742933636,17.791199684143066,6.0,True,235,238
2018may-330,2018may,FUV2,39498489,14,10776,-0.30861948819675733,17.791199684143066,6.0,True,345,2969
2018may-331,2018may,FUV1,39498489,18,10790,-0.1363926850309699,17.791199684143066,6.0,True,380,1685
2018may-332,2018may,FUV1,39498489,12,10808,-0.08334967221601657,17.791199684143066,6.0,True,491,399
2018may-333,2018may,FUV1,39498489,12,10820,-0.07541876320232806,17.791199684143066,6.0,True,654,1603
2018may-334,2018may,FUV1,39498489,14,10832,-0.18382406169400384,17.791199684143066,6.0,True,837,1384
2018may-335,2018may,FUV1,39498489,17,10846,0.03008590887934197,17.791199684143066,6.0,True,877,1707
2018may-336,2018may,FUV1,39498492,12,10863,-0.25283276354010575,17.791199684143066,6.0,True,214,253
2018may-337,2018may,FUV1,39498492,12,10875,0.08321891190618569,17.791199684143066,6.0,True,291,1720
2018may-338,2018may,FUV1,39498492,13,10887,-0.21789467148214506,17.791199684143066,6.0,True,373,1669
2018may-339,2018may,FUV1,39498492,12,10900,-0.21659676929084035,17.791199684143066,6.0,True,395,1783
2018may-340,2018may,FUV2,39498492,15,10912,-0.26702236703347454,17.791199684143066,6.0,True,557,2943
2018may-341,2018may,FUV1,39498492,12,10927,-0.3447670845429995,17.791199684143066,6.0,True,645,296
2018may-342,2018may,FUV1,39498492,12,10939,-0.2522357113872885,17.791199684143066,6.0,True,790,1350
2018may-343,2018may,FUV2,39498492,13,10951,0.03602765401179071,17.791199684143066,6.0,True,870,2964
2018may-344,2018may,FUV1,39498492,12,10964,-0.013201950062163655,17.791199684143066,6.0,True,896,1252
2018may-345,2018may,FUV1,39498495,17,10976,-0.23864555437588575,17.791199684143066,6.0,True,201,1888
2018may-346,2018may,FUV1,39498495,13,10993,0.054031945331159265,17.791199684143066,6.0,False,113,234
2018may-347,2018may,FUV1,39498495,12,11006,-0.342498310354195,17.791199684143066,6.0,True,238,1767
2018may-348,2018may,FUV1,39498495,30,11018,-0.16730096218317372,17.791199684143066,6.0,True,265,391
2018may-349,2018may,FUV2,39498495,23,11048,0.252434418095857,17.791199684143066,6.0,True,281,2902
2018may-350,2018may,FUV1,39498495,15,11071,-0.13711900037468913,17.791199684143066,6.0,True,290,202
2018may-351,2018may,FUV1,39498495,19,11086,0.04393101817388901,17.791199684143066,6.0,True,319,427
2018may-352,2018may,FUV1,39498495,13,11105,-0.26355115818738256,17.791199684143066,6.0,True,343,358
2018may-353,2018may,FUV1,39498495,17,11118,-0.3030844931126377,17.791199684143066,6.0,True,348,1321
2018may-354,2018may,FUV1,39498495,14,11135,0.17690355319165973,17.791199684143066,6.0,True,672,1417
2018may-355,2018may,FUV1,39498495,14,11149,-0.04509635696798193,17.791199684143066,6.0,True,692,1324
2018may-356,2018may,FUV1,39498495,16,11163,-0.12093784843447204,17.791199684143066,6.0,True,833,300
2018may-357,2018may,FUV1,39498498,23,11179,-0.10955309328495552,17.791199684143066,6.0,True,240,1708
2018may-358,2018may,FUV1,39498498,13,11202,0.1173412997198093,17.791199684143066,6.0,True,241,1304
2018may-359,2018may,FUV1,39498498,16,11215,-0.2837475094771428,17.791199684143066,6.0,True,261,187
2018may-360,2018may,FUV1,39498498,14,11231,-0.1901063678061321,17.791199684143066,6.0,True,262,1276
2018may-361,2018may,FUV1,39498498,14,11245,-0.1909866199690281,17.791199684143066,6.0,True,429,1857
2018may-362,2018may,FUV1,39498498,17,11259,-0.07319800509736855,17.791199684143066,6.0,True,468,1332
2018may-363,2018may,FUV1,39498498,12,11276,-0.2134282907429104,17.791199684143066,6.0,True,506,1797
2018may-364,2018may,FUV1,39498498,14,11288,-0.2403836645392018,17.791199684143066,6.0,True,525,1762
2018may-365,2018may,FUV1,39498498,16,11302,-0.08036704280580291,17.791199684143066,6.0,True,595,1807
2018may-366,2018may,FUV2,39498498,14,11318,-0.07756298033055359,17.791199684143066,6.0,True,645,2967
2018may-367,2018may,FUV1,39498498,13,11332,-0.07280822542983512,17.791199684143066,6.0,True,674,1798
2018may-368,2018may,FUV1,39498498,16,11345,0.13272992815292955,17.791199684143066,6.0,True,683,1709
2018may-369,2018may,FUV1,39498498,13,11361,-0.08969422720829913,17.791199684143066,6.0,True,808,373
2018may-370,2018may,FUV1,39498498,15,11374,0.11872047110387197,17.791199684143066,6.0,True,809,1824
2018may-371,2018may,FUV1,39498498,13,11389,-0.29279331230106986,17.791199684143066,6.0,True,818,1667
2018may-372,2018may,FUV1,39498501,20,11402,-0.11217293942781258,17.791199684143066,6.0,True,230,1809
2018may-373,2018may,FUV1,39498501,17,11422,-0.061828413409487,17.791199684143066,6.0,True,266,1663
2018may-374,2018may,FUV1,39498501,19,11439,-0.22086824048384662,17.791199684143066,6.0,True,347,268
2018may-375,2018may,FUV1,39498501,16,11458,0.09277501510413483,17.791199684143066,6.0,False,1678,480
2018may-376,2018may,FUV1,39498501,12,11474,-0.004013916228801918,17.791199684143066,6.0,True,505,1282
2018may-377,2018may,FUV1,39498501,14,11486,-0.17256195542170646,17.791199684143066,6.0,True,608,1617
2018may-378,2018may,FUV1,39498501,14,11500,-0.12692092998572008,17.791199684143066,6.0,True,658,1412
2018may-379,2018may,FUV1,39498501,18,11514,-0.2573693354786118,17.791199684143066,6.0,True,714,1429
2018may-380,2018may,FUV1,39498501,15,11532,-0.0998878770985886,17.791199684143066,6.0,True,717,342
2018may-381,2018may,FUV1,39498501,14,11547,-0.29867687881243,17.791199684143066,6.0,False,427,719
2018may-382,2018may,FUV1,39498501,14,11561,-0.18077623419023534,17.791199684143066,6.0,True,752,244
2018may-383,2018may,FUV1,39498501,17,11575,-0.28562496547978034,17.791199684143066,6.0,True,772,1687
2018may-384,2018may,FUV1,39498501,14,11592,-0.002412655533507656,17.791199684143066,6.0,True,863,1803
2018may-385,2018may,FUV1,39498501,13,11606,0.10524970027529872,17.791199684143066,6.0,True,884,1800
2018may-386,2018may,FUV1,39498504,12,11619,-2.0739757309392953e-15,17.791199684143066,6.0,False,103,202
2018may-387,2018may,FUV1,39498504,12,11631,-0.1021734853013012,17.791199684143066,6.0,True,373,1335
2018may-388,2018may,FUV1,39498504,14,11643,0.1924736269383927,17.791199684143066,6.0,True,380,412
2018may-389,2018may,FUV1,39498504,13,11657,0.017093191180831826,17.791199684143066,6.0,True,455,1905
2018may-390,2018may,FUV1,39498504,13,11670,0.08458975974973212,17.791199684143066,6.0,True,528,116
2018may-391,2018may,FUV1,39498504,14,11683,-0.021386654488295177,17.791199684143066,6.0,True,593,1455
2018may-392,2018may,FUV1,39498504,14,11697,-0.04890918604249876,17.791199684143066,6.0,True,640,288
2018may-393,2018may,FUV1,39498504,19,11711,-0.14430430459720855,17.791199684143066,6.0,True,677,1684
2018may-394,2018may,FUV1,39498504,16,11730,-0.3387425032845955,17.791199684143066,6.0,True,719,415
2018may-395,2018may,FUV1,39498504,12,11746,0.13030221654421523,17.791199684143066,6.0,True,779,137
2018may-396,2018may,FUV1,39498504,22,11758,-0.08225458128995906,17.791199684143066,6.0,True,789,236
2018may-397,2018may,FUV1,39498504,15,11780,-0.03405906157110637,17.791199684143066,6.0,True,842,362
2018may-398,2018may,FUV1,39498504,12,11795,-0.2561248688173565,17.791199684143066,6.0,True,895,1623
2018may-399,2018may,FUV1,39498507,12,11807,-0.28543587750452437,17.791199684143066,6.0,True,188,1349
2018may-400,2018may,FUV1,39498507,13,11819,0.18269581027208787,17.791199684143066,6.0,True,229,325
2018may-401,2018may,FUV1,39498507,16,11832,-0.14887594416059088,17.791199684143066,6.0,True,285,1382
2018may-402,2018may,FUV1,39498507,15,11848,0.02833775160550304,17.791199684143066,6.0,True,341,1747
2018may-403,2018may,FUV1,39498507,14,11863,-0.20613600692546627,17.791199684143066,6.0,True,375,421
2018may-404,2018may,FUV1,39498507,12,11877,0.0872422363441269,17.791199684143066,6.0,True,406,1321
2018may-405,2018may,FUV1,39498507,46,11889,-0.04646016230002133,17.791199684143066,6.0,True,457,199
2018may-406,2018may,FUV2,39498507,13,11935,-0.05665840410191975,17.791199684143066,6.0,True,589,3043
2018may-407,2018may,FUV1,39498507,16,11948,-0.07658089433745045,17.791199684143066,6.0,True,613,1731
2018may-408,2018may,FUV1,39498507,18,11964,-0.09087388721450006,17.791199684143066,6.0,True,657,1839
2018may-409,2018may,FUV1,39498507,12,11982,-0.24447449785364794,17.791199684143066,6.0,True,749,295
2018may-410,2018may,FUV1,39498507,14,11994,0.3280484154049566,17.791199684143066,6.0,True,793,1389
2018may-411,2018may,FUV2,39498507,17,12008,-0.13378037904914486,17.791199684143066,6.0,True,888,2973
2018may-412,2018may,FUV1,39498507,14,12025,-0.1936680738475419,17.791199684143066,6.0,True,890,1694
2018may-413,2018may,FUV1,39498510,12,12039,-0.008970324090472761,17.791199684143066,6.0,True,196,257
2018may-414,2018may,FUV1,39498510,12,12051,-0.09428986001365999,17.791199684143066,6.0,True,223,1641
2018may-415,2018may,FUV1,39498510,14,12063,-0.1002652328458037,17.791199684143066,6.0,True,264,1770
2018may-416,2018may,FUV1,39498510,15,12077,0.1428327358440937,17.791199684143066,6.0,True,430,388
2018may-417,2018may,FUV1,39498510,15,12092,0.09687074624285723,17.791199684143066,6.0,True,456,1425
2018may-418,2018may,FUV1,39498510,27,12107,-0.23436226555174886,17.791199684143066,6.0,True,471,1414
2018may-419,2018may,FUV1,39498510,13,12134,-0.04778174689086137,17.791199684143066,6.0,True,503,1841
2018may-420,2018may,FUV2,39498510,13,12147,-0.20774270387535038,17.791199684143066,6.0,True,534,2940
2018may-421,2018may,FUV1,39498510,13,12160,-0.013453835527913377,17.791199684143066,6.0,True,614,1691
2018may-422,2018may,FUV1,39498510,13,12173,-0.10967775065918968,17.791199684143066,6.0,True,881,1907
2018may-423,2018may,FUV1,39498513,12,12186,0.24913043637110843,17.791199684143066,6.0,True,343,1284
2018may-424,2018may,FUV1,39498513,15,12198,0.14451974542716137,17.791199684143066,6.0,True,359,1732
2018may-425,2018may,FUV1,39498513,12,12213,0.3098315650142286,17.791199684143066,6.0,True,386,1453
2018may-426,2018may,FUV1,39498513,12,12225,0.2570458225483808,17.791199684143066,6.0,True,396,319
2018may-427,2018may,FUV1,39498513,16,12237,0.14819132843669278,17.791199684143066,6.0,False,1877,413
2018may-428,2018may,FUV1,39498513,12,12253,-0.032630019317448106,17.791199684143066,6.0,True,435,237
2018may-429,2018may,FUV1,39498513,12,12265,0.10567134206281173,17.791199684143066,6.0,True,575,1752
2018may-430,2018may,FUV1,39498513,14,12277,0.13434243953559805,17.791199684143066,6.0,True,676,1799
2018may-431,2018may,FUV1,39498513,22,12291,-0.0023074854715177022,17.791199684143066,6.0,True,843,1825
2018may-432,2018may,FUV1,39498513,12,12313,0.034714873273588576,17.791199684143066,6.0,True,869,1359
2018may-433,2018may,FUV1,39498513,14,12325,0.1369562094820319,17.791199684143066,6.0,True,870,378
2018may-434,2018may,FUV1,39498516,14,12339,-0.0716816523100744,17.791199684143066,6.0,True,443,1790
2018may-435,2018may,FUV1,39498516,23,12353,0.022189880579402244,17.791199684143066,6.0,True,499,1323
2018may-436,2018may,FUV1,39498516,12,12376,-0.014792482253167432,17.791199684143066,6.0,True,686,1461
2018may-437,2018may,FUV1,39498516,12,12388,0.024455211979882457,17.791199684143066,6.0,True,733,1408
2018may-438,2018may,FUV1,39498516,14,12400,0.2647758814841462,17.791199684143066,6.0,True,808,351
2018may-439,2018may,FUV1,39498519,12,12414,0.21218885739597335,17.791199684143066,6.0,True,331,1266
2018may-440,2018may,FUV2,39498519,13,12426,-0.04500865535202692,17.791199684143066,6.0,True,369,2939
2018may-441,2018may,FUV1,39498519,12,12439,0.0026349523611469403,17.791199684143066,6.0,True,420,1671
2018may-442,2018may,FUV1,39498519,12,12451,0.23358914294091793,17.791199684143066,6.0,True,426,319
2018may-443,2018may,FUV1,39498519,12,12463,0.16085234942186166,17.791199684143066,6.0,False,1789,563
2018may-444,2018may,FUV1,39498519,15,12475,0.07809857400555148,17.791199684143066,6.0,True,667,440
2018may-445,2018may,FUV1,39498519,15,12490,-0.21156291094729252,17.791199684143066,6.0,True,788,1910
2018may-446,2018may,FUV1,39498519,12,12505,0.29394653161462114,17.791199684143066,6.0,True,822,1381
2018may-447,2018may,FUV2,39498522,15,12517,0.2574183984607381,17.791199684143066,6.0,True,202,2907
2018may-448,2018may,FUV1,39498522,26,12532,0.12040324536059675,17.791199684143066,6.0,True,336,427
2018may-449,2018may,FUV1,39498522,12,12558,0.11023764400483815,17.791199684143066,6.0,True,512,1433
2018may-450,2018may,FUV1,39498525,12,12570,0.15608346447326304,17.791199684143066,6.0,True,417,302
2018may-451,2018may,FUV1,39498525,13,12582,-0.013991525290028417,17.791199684143066,6.0,True,583,1699
2018may-452,2018may,FUV1,39498525,13,12595,0.1722296638512014,17.791199684143066,6.0,True,685,1716
2018may-453,2018may,FUV1,39498525,16,12608,-0.04066539671365997,17.791199684143066,6.0,True,747,388
2018may-454,2018may,FUV1,39498528,12,12624,0.04570522770630007,17.791199684143066,6.0,True,192,1773
2018may-455,2018may,FUV1,39498528,17,12636,-0.06516024407344109,17.791199684143066,6.0,True,273,1397
2018may-456,2018may,FUV1,39498528,24,12653,0.23003538340196047,17.791199684143066,6.0,True,631,1725
2018may-457,2018may,FUV1,39498531,16,12677,0.21942989833245236,17.791199684143066,6.0,True,268,1429
2018may-458,2018may,FUV1,39498531,18,12693,0.26382418231284965,17.791199684143066,6.0,True,297,198
2018may-459,2018may,FUV1,39498531,13,12711,0.32268157427558525,17.791199684143066,6.0,True,637,1805
2018may-460,2018may,FUV1,39498534,12,12724,0.3341907952878335,17.791199684143066,6.0,True,195,1268
2018may-461,2018may,FUV1,39498537,13,12736,0.3373507640200797,17.791199684143066,6.0,True,409,1659
2018may-462,2018may,FUV1,39498543,14,12749,0.10578046129837726,17.791199684143066,6.0,False,386,386
2018may-463,2018may,FUV1,39499521,17,12763,-0.016470732536267404,17.791199684143066,6.0,True,556,1658
2018may-464,2018may,FUV1,39499548,16,12780,-0.3406637242664041,17.791199684143066,6.0,True,741,1397
sji-1,sji,SJI,39497365,13,12796,0.32718142601782163,26.6867995262146,18.0,False,706,292
sji-2,sji,SJI,39497371,12,12809,0.2777386249071596,26.6867995262146,18.0,False,487,307
sji-3,sji,SJI,39497377,14,12821,0.09879153523730647,26.6867995262146,18.0,False,360,273
sji-4,sji,SJI,39497389,21,12835,0.24628054772663882,26.6867995262146,18.0,False,691,226
sji-5,sji,SJI,39497389,14,12856,0.20112165869519802,26.6867995262146,18.0,False,246,325
sji-6,sji,SJI,39497395,12,12870,0.23838498332828892,26.6867995262146,18.0,False,781,244
sji-7,sji,SJI,39497401,18,12882,0.3154940374264996,26.6867995262146,18.0,False,526,247
sji-8,sji,SJI,39497413,12,12900,-0.17487699285182942,26.6867995262146,18.0,False,477,368
sji-9,sji,SJI,39497419,14,12912,-0.24155225555363874,26.6867995262146,18.0,False,582,268
sji-10,sji,SJI,39497419,12,12926,0.07368887997000047,26.6867995262146,18.0,False,338,463
sji-11,sji,SJI,39497431,12,12938,0.19772833160847703,26.6867995262146,18.0,True,247,530
sji-12,sji,SJI,39497431,15,12950,-0.07415978185342571,26.6867995262146,18.0,True,462,552
sji-13,sji,SJI,39497437,12,12965,0.09016502595817638,26.6867995262146,18.0,True,238,178
sji-14,sji,SJI,39497437,14,12977,0.3087802893341948,26.6867995262146,18.0,True,246,401
sji-15,sji,SJI,39497437,14,12991,0.29880610690520354,26.6867995262146,18.0,True,273,233
sji-16,sji,SJI,39497437,12,13005,-0.14379683441940627,26.6867995262146,18.0,True,274,607
sji-17,sji,SJI,39497437,12,13017,0.0790590026767276,26.6867995262146,18.0,True,309,635
sji-18,sji,SJI,39497437,12,13029,-0.08058112498527881,26.6867995262146,18.0,False,681,315
sji-19,sji,SJI,39497437,13,13041,0.046226856515954706,26.6867995262146,18.0,True,356,476
sji-20,sji,SJI,39497437,13,13054,0.2624174243929861,26.6867995262146,18.0,True,425,408
sji-21,sji,SJI,39497437,12,13067,-0.02914475785598382,26.6867995262146,18.0,False,523,425
sji-22,sji,SJI,39497443,12,13079,0.0004232776978074834,26.6867995262146,18.0,True,350,581
sji-23,sji,SJI,39497443,12,13091,0.3240729891289112,26.6867995262146,18.0,True,353,619
sji-24,sji,SJI,39497443,12,13103,0.02422871875017395,26.6867995262146,18.0,True,365,631
sji-25,sji,SJI,39497443,14,13115,0.1936188054360179,26.6867995262146,18.0,True,386,209
sji-26,sji,SJI,39497443,12,13129,0.2707582116961649,26.6867995262146,18.0,True,388,249
sji-27,sji,SJI,39497443,13,13141,0.30517732435346584,26.6867995262146,18.0,True,401,795
sji-28,sji,SJI,39497443,15,13154,0.15666808103959132,26.6867995262146,18.0,True,412,544
sji-29,sji,SJI,39497449,22,13169,0.2533028172409621,26.6867995262146,18.0,True,288,665
sji-30,sji,SJI,39497449,13,13191,0.23023170430921122,26.6867995262146,18.0,True,369,500
sji-31,sji,SJI,39497449,12,13204,-0.01799473075394193,26.6867995262146,18.0,False,469,380
sji-32,sji,SJI,39497449,20,13216,0.22784198174182635,26.6867995262146,18.0,True,395,405
sji-33,sji,SJI,39497455,20,13236,-0.1389903387013235,26.6867995262146,18.0,True,309,583
sji-34,sji,SJI,39497461,13,13256,-0.0954129275212554,26.6867995262146,18.0,True,287,294
sji-35,sji,SJI,39497461,15,13269,0.29197911562180034,26.6867995262146,18.0,True,418,823
sji-36,sji,SJI,39497473,14,13284,0.10554537105875382,26.6867995262146,18.0,True,257,588
sji-37,sji,SJI,39497473,13,13298,0.20468209083683025,26.6867995262146,18.0,False,214,338
sji-38,sji,SJI,39497473,38,13311,0.09325072465504292,26.6867995262146,18.0,True,361,632
sji-39,sji,SJI,39497479,13,13349,-0.2113996933343468,26.6867995262146,18.0,True,346,501
sji-40,sji,SJI,39497479,23,13362,-0.24081064604143065,26.6867995262146,18.0,True,388,214
sji-41,sji,SJI,39497491,17,13385,-0.24634669872267637,26.6867995262146,18.0,True,429,433
sji-42,sji,SJI,39498427,13,13402,0.023152428142861736,26.6867995262146,18.0,False,810,280
sji-43,sji,SJI,39498451,12,13415,0.043185157995099074,26.6867995262146,18.0,False,772,238
sji-44,sji,SJI,39498457,18,13427,-0.015391970421881184,26.6867995262146,18.0,False,791,302
sji-45,sji,SJI,39498463,13,13445,0.19576434244777266,26.6867995262146,18.0,False,424,435
sji-46,sji,SJI,39498463,12,13458,0.1270444872631936,26.6867995262146,18.0,True,436,264
sji-47,sji,SJI,39498469,12,13470,0.14637515480336113,26.6867995262146,18.0,True,248,452
sji-48,sji,SJI,39498469,13,13482,0.16204961885564273,26.6867995262146,18.0,True,299,755
sji-49,sji,SJI,39498469,13,13495,0.3387946183963393,26.6867995262146,18.0,True,340,438
sji-50,sji,SJI,39498475,12,13508,0.09622854233658017,26.6867995262146,18.0,False,330,246
sji-51,sji,SJI,39498475,12,13520,0.07116076955983407,26.6867995262146,18.0,False,544,331
sji-52,sji,SJI,39498481,14,13532,0.12252068436528674,26.6867995262146,18.0,False,696,449
sji-53,sji,SJI,39498487,12,13546,0.16918210367905606,26.6867995262146,18.0,True,233,715
sji-54,sji,SJI,39498487,13,13558,0.08542122069904678,26.6867995262146,18.0,True,250,531
sji-55,sji,SJI,39498487,13,13571,0.28468067101101807,26.6867995262146,18.0,True,308,318
sji-56,sji,SJI,39498487,12,13584,0.09392385160237156,26.6867995262146,18.0,False,467,317
sji-57,sji,SJI,39498487,15,13596,0.04325891153273975,26.6867995262146,18.0,True,326,486
sji-58,sji,SJI,39498487,12,13611,0.301903155146719,26.6867995262146,18.0,True,331,260
sji-59,sji,SJI,39498493,12,13623,0.12268593770673814,26.6867995262146,18.0,True,294,550
sji-60,sji,SJI,39498493,12,13635,0.20876631391089392,26.6867995262146,18.0,True,429,253
sji-61,sji,SJI,39498493,17,13647,0.09388550588727962,26.6867995262146,18.0,True,432,811
sji-62,sji,SJI,39498493,13,13664,0.008630036075930388,26.6867995262146,18.0,True,435,697
sji-63,sji,SJI,39498499,12,13677,0.0914135529063263,26.6867995262146,18.0,True,264,610
sji-64,sji,SJI,39498499,24,13689,-0.010483606828262373,26.6867995262146,18.0,True,271,243
sji-65,sji,SJI,39498499,13,13713,0.24881705006589072,26.6867995262146,18.0,True,308,198
sji-66,sji,SJI,39498499,12,13726,0.128515683250131,26.6867995262146,18.0,True,355,805
sji-67,sji,SJI,39498499,12,13738,-0.21503160028180018,26.6867995262146,18.0,True,360,253
sji-68,sji,SJI,39498499,16,13750,0.3160530459237678,26.6867995262146,18.0,True,363,348
sji-69,sji,SJI,39498499,13,13766,0.32709605579771556,26.6867995262146,18.0,True,419,711
sji-70,sji,SJI,39498499,13,13779,0.23139089496936052,26.6867995262146,18.0,True,428,763
sji-71,sji,SJI,39498499,19,13792,0.08224817842095127,26.6867995262146,18.0,True,434,236
sji-72,sji,SJI,39498499,13,13811,0.2663970017358213,26.6867995262146,18.0,True,439,531
sji-73,sji,SJI,39498499,16,13824,0.03062067877328878,26.6867995262146,18.0,True,448,807
sji-74,sji,SJI,39498505,13,13840,-0.04243635167655737,26.6867995262146,18.0,True,291,778
sji-75,sji,SJI,39498505,18,13853,-0.07354537582597652,26.6867995262146,18.0,True,359,271
sji-76,sji,SJI,39498505,15,13871,-0.021827015237629477,26.6867995262146,18.0,True,390,486
sji-77,sji,SJI,39498505,14,13886,0.2967730154608485,26.6867995262146,18.0,True,457,748
sji-78,sji,SJI,39498511,22,13900,-0.025514993002404524,26.6867995262146,18.0,True,213,222
sji-79,sji,SJI,39498511,15,13922,-0.042120759125851275,26.6867995262146,18.0,True,251,409
sji-80,sji,SJI,39498511,12,13937,-0.12331305065910027,26.6867995262146,18.0,True,294,282
sji-81,sji,SJI,39498511,14,13949,0.09788872964852904,26.6867995262146,18.0,True,344,345
sji-82,sji,SJI,39498511,12,13963,0.21632461951301532,26.6867995262146,18.0,True,455,608
sji-83,sji,SJI,39498517,17,13975,0.00031504352978732467,26.6867995262146,18.0,True,307,200
sji-84,sji,SJI,39498517,20,13992,-0.28691068172711337,26.6867995262146,18.0,True,396,453
sji-85,sji,SJI,39498517,17,14012,-0.015056858485809866,26.6867995262146,18.0,True,418,494
sji-86,sji,SJI,39498517,15,14029,-0.04716854554269364,26.6867995262146,18.0,True,428,704
sji-87,sji,SJI,39498517,12,14044,-0.042443682997888525,26.6867995262146,18.0,True,449,512
sji-88,sji,SJI,39498517,13,14056,0.1846772712096365,26.6867995262146,18.0,True,469,781
sji-89,sji,SJI,39498529,19,14069,-0.20872406612887132,26.6867995262146,18.0,True,213,494
sji-90,sji,SJI,39497356,14,14088,-0.3130403653490466,26.6867995262146,18.0,False,699,482
sji-91,sji,SJI,39497368,18,14102,0.07981684120323645,26.6867995262146,18.0,True,258,827
sji-92,sji,SJI,39497374,22,14120,0.05478741290369724,26.6867995262146,18.0,False,242,325
sji-93,sji,SJI,39497380,25,14142,-0.2876889694376299,26.6867995262146,18.0,False,701,316
sji-94,sji,SJI,39497392,12,14167,0.05069967345443208,26.6867995262146,18.0,False,387,412
sji-95,sji,SJI,39497392,16,14179,-0.2800201581543112,26.6867995262146,18.0,False,239,453
sji-96,sji,SJI,39497410,13,14195,-0.22395569802189452,26.6867995262146,18.0,False,453,339
sji-97,sji,SJI,39497410,14,14208,-0.3076752101481294,26.6867995262146,18.0,False,822,360
sji-98,sji,SJI,39497416,14,14222,-0.2085546699540083,26.6867995262146,18.0,False,230,256
sji-99,sji,SJI,39497422,18,14236,-0.24100743417166398,26.6867995262146,18.0,True,251,246
sji-100,sji,SJI,39497422,12,14254,-0.2508514210507351,26.6867995262146,18.0,False,409,318
sji-101,sji,SJI,39497422,12,14266,-0.2389588700247096,26.6867995262146,18.0,False,574,362
sji-102,sji,SJI,39497428,12,14278,-0.22947059515025423,26.6867995262146,18.0,True,292,711
sji-103,sji,SJI,39497428,16,14290,-0.002337524416725269,26.6867995262146,18.0,True,323,326
sji-104,sji,SJI,39497428,13,14306,0.24790876360365424,26.6867995262146,18.0,False,581,406
sji-105,sji,SJI,39497428,14,14319,-0.1345487459220745,26.6867995262146,18.0,True,414,405
sji-106,sji,SJI,39497428,13,14333,0.2012962465413903,26.6867995262146,18.0,True,434,257
sji-107,sji,SJI,39497428,12,14346,0.2859901324437567,26.6867995262146,18.0,False,296,462
sji-108,sji,SJI,39497434,12,14358,-0.3052487551895734,26.6867995262146,18.0,True,257,735
sji-109,sji,SJI,39497434,13,14370,-0.21499517444870578,26.6867995262146,18.0,True,378,562
sji-110,sji,SJI,39497434,15,14383,-0.03193163354060664,26.6867995262146,18.0,False,576,432
sji-111,sji,SJI,39497434,12,14398,-0.14505012244766574,26.6867995262146,18.0,True,437,488
sji-112,sji,SJI,39497434,12,14410,0.10982998224424553,26.6867995262146,18.0,True,449,619
sji-113,sji,SJI,39497440,12,14422,-0.2938187683588548,26.6867995262146,18.0,True,261,329
sji-114,sji,SJI,39497440,12,14434,0.1977343022409446,26.6867995262146,18.0,False,530,380
sji-115,sji,SJI,39497440,13,14446,-0.11369843535241302,26.6867995262146,18.0,True,399,316
sji-116,sji,SJI,39497440,12,14459,-0.24442077939208784,26.6867995262146,18.0,True,403,448
sji-117,sji,SJI,39497446,13,14471,0.1317250325390993,26.6867995262146,18.0,True,233,484
sji-118,sji,SJI,39497446,12,14484,-0.3308262379711089,26.6867995262146,18.0,True,269,425
sji-119,sji,SJI,39497446,12,14496,-0.168884881904602,26.6867995262146,18.0,True,308,649
sji-120,sji,SJI,39497452,19,14508,-0.17569726209110972,26.6867995262146,18.0,True,279,347
sji-121,sji,SJI,39497452,14,14527,-0.0822070769294548,26.6867995262146,18.0,True,287,831
sji-122,sji,SJI,39497452,18,14541,-0.31105137974388497,26.6867995262146,18.0,True,318,268
sji-123,sji,SJI,39497452,12,14559,-0.28949290058124827,26.6867995262146,18.0,True,444,306
sji-124,sji,SJI,39497458,15,14571,-0.20777463112579753,26.6867995262146,18.0,True,223,459
sji-125,sji,SJI,39497458,13,14586,-0.30273419423722425,26.6867995262146,18.0,True,224,784
sji-126,sji,SJI,39497458,13,14599,0.14036793667376754,26.6867995262146,18.0,True,259,215
sji-127,sji,SJI,39497458,15,14612,-0.052016025408264076,26.6867995262146,18.0,True,327,409
sji-128,sji,SJI,39497464,12,14627,-0.03896431215018038,26.6867995262146,18.0,True,242,779
sji-129,sji,SJI,39497464,15,14639,0.2583357833277858,26.6867995262146,18.0,True,284,316
sji-130,sji,SJI,39497464,31,14654,-0.007250503129702911,26.6867995262146,18.0,True,408,220
sji-131,sji,SJI,39497470,16,14685,0.1292748871999754,26.6867995262146,18.0,True,238,324
sji-132,sji,SJI,39497476,13,14701,-0.0022128123288506934,26.6867995262146,18.0,True,248,423
sji-133,sji,SJI,39497476,13,14714,0.17396783359315635,26.6867995262146,18.0,True,259,661
sji-134,sji,SJI,39497476,15,14727,-0.043139806124251855,26.6867995262146,18.0,False,745,261
sji-135,sji,SJI,39497476,12,14742,-0.22098781834060824,26.6867995262146,18.0,True,326,833
sji-136,sji,SJI,39497476,18,14754,0.04841850773165706,26.6867995262146,18.0,True,338,293
sji-137,sji,SJI,39497476,12,14772,0.33047074050512737,26.6867995262146,18.0,True,386,647
sji-138,sji,SJI,39497482,12,14784,0.102970477546841,26.6867995262146,18.0,True,423,783
sji-139,sji,SJI,39498424,20,14796,-0.19229908206579394,26.6867995262146,18.0,False,218,343
sji-140,sji,SJI,39498436,18,14816,-0.22540621381240325,26.6867995262146,18.0,False,533,223
sji-141,sji,SJI,39498454,12,14834,-0.04614953163462675,26.6867995262146,18.0,True,470,278
sji-142,sji,SJI,39498454,12,14846,-0.2595054459363757,26.6867995262146,18.0,False,247,471
sji-143,sji,SJI,39498460,12,14858,-0.20675366217457555,26.6867995262146,18.0,False,814,277
sji-144,sji,SJI,39498460,14,14870,-0.33663973264618113,26.6867995262146,18.0,True,364,735
sji-145,sji,SJI,39498466,13,14884,-0.2588472577310993,26.6867995262146,18.0,False,435,412
sji-146,sji,SJI,39498472,12,14897,-0.2606293103706445,26.6867995262146,18.0,False,664,250
sji-147,sji,SJI,39498472,12,14909,-0.32841276498276334,26.6867995262146,18.0,True,272,740
sji-148,sji,SJI,39498472,12,14921,-0.2276628761764142,26.6867995262146,18.0,False,533,325
sji-149,sji,SJI,39498478,12,14933,-0.20087750637470853,26.6867995262146,18.0,True,397,614
sji-150,sji,SJI,39498478,14,14945,-0.18725928393633678,26.6867995262146,18.0,False,849,426
sji-151,sji,SJI,39498478,14,14959,-0.11402097516730134,26.6867995262146,18.0,False,359,469
sji-152,sji,SJI,39498484,12,14973,-0.28968005510482814,26.6867995262146,18.0,False,489,257
sji-153,sji,SJI,39498484,12,14985,-0.10993918218037728,26.6867995262146,18.0,True,276,599
sji-154,sji,SJI,39498484,14,14997,-0.3029474684307658,26.6867995262146,18.0,True,318,427
sji-155,sji,SJI,39498484,16,15011,-0.09190982525430368,26.6867995262146,18.0,True,381,224
sji-156,sji,SJI,39498484,14,15027,-0.13410387899999024,26.6867995262146,18.0,True,382,846
sji-157,sji,SJI,39498490,12,15041,-0.33013856188105256,26.6867995262146,18.0,True,219,786
sji-158,sji,SJI,39498490,12,15053,-0.31398043233537504,26.6867995262146,18.0,True,241,592
sji-159,sji,SJI,39498490,12,15065,-0.036917360554631753,26.6867995262146,18.0,False,463,267
sji-160,sji,SJI,39498490,16,15077,-0.15432420803254046,26.6867995262146,18.0,True,405,498
sji-161,sji,SJI,39498490,14,15093,-0.01296217866998891,26.6867995262146,18.0,True,415,302
sji-162,sji,SJI,39498496,16,15107,-0.011933528734888642,26.6867995262146,18.0,True,254,410
sji-163,sji,SJI,39498496,13,15123,-0.2247642199021742,26.6867995262146,18.0,True,270,501
sji-164,sji,SJI,39498496,15,15136,-0.16907320494108705,26.6867995262146,18.0,True,290,448
sji-165,sji,SJI,39498496,21,15151,-0.061402220610890575,26.6867995262146,18.0,True,329,478
sji-166,sji,SJI,39498496,13,15172,0.08612344718123213,26.6867995262146,18.0,True,404,375
sji-167,sji,SJI,39498496,23,15185,-0.06495565574872587,26.6867995262146,18.0,True,404,621
sji-168,sji,SJI,39498496,18,15208,-0.03458653136740982,26.6867995262146,18.0,True,478,319
sji-169,sji,SJI,39498502,13,15226,-0.09160182582474126,26.6867995262146,18.0,True,215,407
sji-170,sji,SJI,39498502,15,15239,-0.14281607927855863,26.6867995262146,18.0,True,332,689
sji-171,sji,SJI,39498502,17,15254,-0.18263267885210174,26.6867995262146,18.0,True,422,576
sji-172,sji,SJI,39498502,12,15271,0.27396048535884965,26.6867995262146,18.0,True,475,544
sji-173,sji,SJI,39498502,13,15283,-0.2059559942634458,26.6867995262146,18.0,True,491,853
sji-174,sji,SJI,39498508,22,15296,0.11344589369515033,26.6867995262146,18.0,True,325,684
sji-175,sji,SJI,39498508,12,15318,-0.060358850931963075,26.6867995262146,18.0,True,349,609
sji-176,sji,SJI,39498514,16,15330,0.13452314880881663,26.6867995262146,18.0,True,271,526
sji-177,sji,SJI,39498514,14,15346,-0.2233823161371945,26.6867995262146,18.0,True,274,302
sji-178,sji,SJI,39498514,17,15360,0.019413106116785327,26.6867995262146,18.0,True,322,669
sji-179,sji,SJI,39498520,19,15377,-0.07261116299555868,26.6867995262146,18.0,True,336,752
sji-180,sji,SJI,39498520,13,15396,0.17087952336330106,26.6867995262146,18.0,True,414,572
sji-181,sji,SJI,39530330,17,15409,-0.15396483742711872,26.6867995262146,18.0,True,296,525
sji-182,sji,SJI,39530366,24,15426,0.2656799718562177,26.6867995262146,18.0,False,317,370
sji-183,sji,SJI,39530378,12,15450,0.18352920382830032,26.6867995262146,18.0,False,247,221
sji-184,sji,SJI,39530378,14,15462,0.23106039017858887,26.6867995262146,18.0,False,684,222
sji-185,sji,SJI,39530378,13,15476,0.3381919496000488,26.6867995262146,18.0,False,433,282
sji-186,sji,SJI,39530378,17,15489,0.2627558409846902,26.6867995262146,18.0,False,745,354
sji-187,sji,SJI,39530414,14,15506,0.25853142561731823,26.6867995262146,18.0,True,241,536
sji-188,sji,SJI,39530420,13,15520,0.31720712945744667,26.6867995262146,18.0,False,499,396
sji-189,sji,SJI,39530426,12,15533,-0.2313268232913715,26.6867995262146,18.0,True,382,829
sji-190,sji,SJI,39531392,12,15545,0.15089860620897685,26.6867995262146,18.0,False,280,349
sji-191,sji,SJI,39531398,12,15557,0.14721331548722394,26.6867995262146,18.0,False,388,408
sji-192,sji,SJI,39531398,12,15569,0.29145737482363304,26.6867995262146,18.0,False,411,450
sji-193,sji,SJI,39531404,14,15581,0.2047786522734664,26.6867995262146,18.0,False,282,238
sji-194,sji,SJI,39531422,15,15595,0.3245753144966271,26.6867995262146,18.0,False,527,421
sji-195,sji,SJI,39531428,12,15610,0.3334902573315857,26.6867995262146,18.0,False,579,420
sji-196,sji,SJI,39531434,12,15622,0.08228608991637142,26.6867995262146,18.0,False,218,304
sji-197,sji,SJI,39531434,14,15634,0.11506623751177514,26.6867995262146,18.0,True,363,552
sji-198,sji,SJI,39531434,13,15648,-0.09433369631125398,26.6867995262146,18.0,False,278,388
sji-199,sji,SJI,39531440,12,15661,-0.04236400253119256,26.6867995262146,18.0,True,285,419
sji-200,sji,SJI,39531440,14,15673,0.04965982598387384,26.6867995262146,18.0,True,314,555
sji-201,sji,SJI,39531440,12,15687,-0.30018668306259577,26.6867995262146,18.0,False,705,435
sji-202,sji,SJI,39531446,12,15699,-0.13148786360980125,26.6867995262146,18.0,True,271,823
sji-203,sji,SJI,39531446,13,15711,0.05124901629175525,26.6867995262146,18.0,False,753,333
sji-204,sji,SJI,39531452,12,15724,-0.23054498302377435,26.6867995262146,18.0,False,792,275
sji-205,sji,SJI,39531452,12,15736,0.02832621831544802,26.6867995262146,18.0,True,453,411
sji-206,sji,SJI,39531452,12,15748,0.01567044143647605,26.6867995262146,18.0,True,461,262
sji-207,sji,SJI,39531458,13,15760,0.33498514622918263,26.6867995262146,18.0,True,225,421
sji-208,sji,SJI,39531458,12,15773,0.29438380839741735,26.6867995262146,18.0,True,280,504
sji-209,sji,SJI,39531458,15,15785,-0.23592108209770696,26.6867995262146,18.0,True,345,634
sji-210,sji,SJI,39531458,12,15800,0.2370158878994937,26.6867995262146,18.0,True,374,643
sji-211,sji,SJI,39531458,12,15812,0.01779284550492606,26.6867995262146,18.0,True,402,711
sji-212,sji,SJI,39531458,13,15824,0.13016348433478972,26.6867995262146,18.0,True,479,598
sji-213,sji,SJI,39531464,14,15837,0.19466739869785313,26.6867995262146,18.0,True,213,516
sji-214,sji,SJI,39531464,13,15851,0.3042810680685706,26.6867995262146,18.0,True,265,768
sji-215,sji,SJI,39531464,16,15864,0.1732115700463286,26.6867995262146,18.0,True,388,401
sji-216,sji,SJI,39531470,14,15880,0.20104196034849706,26.6867995262146,18.0,True,350,577
sji-217,sji,SJI,39531470,20,15894,0.173745941882503,26.6867995262146,18.0,True,408,557
sji-218,sji,SJI,39531476,15,15914,-0.33492725620937935,26.6867995262146,18.0,False,363,232
sji-219,sji,SJI,39531476,22,15929,0.12162636036235634,26.6867995262146,18.0,True,274,653
sji-220,sji,SJI,39531482,13,15951,-0.19567283043677566,26.6867995262146,18.0,True,436,678
sji-221,sji,SJI,39531488,20,15964,0.15480656573993323,26.6867995262146,18.0,True,213,589
sji-222,sji,SJI,39531488,12,15984,0.06907871910089258,26.6867995262146,18.0,True,317,283
sji-223,sji,SJI,39531488,16,15996,0.19928703100672537,26.6867995262146,18.0,True,398,585
sji-224,sji,SJI,39531488,12,16012,0.2409111880152323,26.6867995262146,18.0,True,416,548
sji-225,sji,SJI,39531488,14,16024,0.2421915335183056,26.6867995262146,18.0,True,423,686
sji-226,sji,SJI,39531488,12,16038,-0.040720915215421115,26.6867995262146,18.0,True,432,741
sji-227,sji,SJI,39531488,13,16050,-0.13118744699913162,26.6867995262146,18.0,True,454,600
sji-228,sji,SJI,39531494,12,16063,0.0018221325715194207,26.6867995262146,18.0,True,216,741
sji-229,sji,SJI,39531494,21,16075,0.07684445888619934,26.6867995262146,18.0,True,363,445
sji-230,sji,SJI,39531500,15,16096,-0.14174538958156463,26.6867995262146,18.0,True,307,411
sji-231,sji,SJI,39531506,14,16111,-0.18756979407508703,26.6867995262146,18.0,True,329,514
sji-232,sji,SJI,39532436,12,16125,0.16441923754130208,26.6867995262146,18.0,False,626,351
sji-233,sji,SJI,39532448,20,16137,0.31507028813897636,26.6867995262146,18.0,False,408,379
sji-234,sji,SJI,39532478,16,16157,-0.23137822208176276,26.6867995262146,18.0,False,233,393
sji-235,sji,SJI,39532508,14,16173,0.0789815450727533,26.6867995262146,18.0,True,404,401
sji-236,sji,SJI,39532508,20,16187,0.23163238268507447,26.6867995262146,18.0,True,458,454
sji-237,sji,SJI,39532508,16,16207,0.2673830110327933,26.6867995262146,18.0,True,460,756
sji-238,sji,SJI,39532514,22,16223,-0.19838150592160436,26.6867995262146,18.0,True,281,820
sji-239,sji,SJI,39532520,16,16245,0.3285089517266292,26.6867995262146,18.0,True,213,526
sji-240,sji,SJI,39532520,13,16261,-0.02361559461306188,26.6867995262146,18.0,True,249,295
sji-241,sji,SJI,39532520,15,16274,0.15355181126757977,26.6867995262146,18.0,False,725,402
sji-242,sji,SJI,39532526,31,16289,0.19185745779439908,26.6867995262146,18.0,True,224,647
sji-243,sji,SJI,39532526,20,16320,0.0014243527542762537,26.6867995262146,18.0,True,354,507
sji-244,sji,SJI,39532526,23,16340,-0.012161630867865815,26.6867995262146,18.0,True,357,369
sji-245,sji,SJI,39532526,12,16363,-0.3273751461260361,26.6867995262146,18.0,True,405,716
sji-246,sji,SJI,39532532,14,16375,-0.029925264977458465,26.6867995262146,18.0,True,235,789
sji-247,sji,SJI,39532532,14,16389,-0.0029571885071074666,26.6867995262146,18.0,True,356,692
sji-248,sji,SJI,39532538,13,16403,-0.19628418408104406,26.6867995262146,18.0,True,310,219
sji-249,sji,SJI,39532538,13,16416,0.2847793841886997,26.6867995262146,18.0,False,415,465
sji-250,sji,SJI,39530333,153,16429,0.005013244300233914,26.6867995262146,18.0,False,654,307
sji-251,sji,SJI,39530351,12,16582,-0.09192886063382334,26.6867995262146,18.0,False,255,470
sji-252,sji,SJI,39530447,13,16594,-0.09973735196168262,26.6867995262146,18.0,True,352,383
sji-253,sji,SJI,39530459,12,16607,0.10796052064845164,26.6867995262146,18.0,True,273,397
sji-254,sji,SJI,39531419,18,16619,-0.1993485250545533,26.6867995262146,18.0,False,246,289
sji-255,sji,SJI,39531419,16,16637,0.18478022179237133,26.6867995262146,18.0,True,470,547
sji-256,sji,SJI,39531425,13,16653,-0.22875982249752483,26.6867995262146,18.0,False,296,253
sji-257,sji,SJI,39531425,12,16666,-0.27507677937786346,26.6867995262146,18.0,False,466,426
sji-258,sji,SJI,39531437,12,16678,-0.2326851167157667,26.6867995262146,18.0,False,529,363
sji-259,sji,SJI,39531437,13,16690,0.2326021551287931,26.6867995262146,18.0,True,406,624
sji-260,sji,SJI,39531443,13,16703,-0.3369343785780317,26.6867995262146,18.0,True,278,265
sji-261,sji,SJI,39531443,14,16716,-0.018547065602804832,26.6867995262146,18.0,True,298,742
sji-262,sji,SJI,39531443,15,16730,-0.28320718835897124,26.6867995262146,18.0,False,487,306
sji-263,sji,SJI,39531443,12,16745,-0.14181579805980843,26.6867995262146,18.0,True,311,532
sji-264,sji,SJI,39531443,12,16757,0.27329795467982926,26.6867995262146,18.0,True,338,435
sji-265,sji,SJI,39531443,12,16769,0.033682592580544235,26.6867995262146,18.0,False,603,355
sji-266,sji,SJI,39531443,12,16781,0.14714633643397132,26.6867995262146,18.0,False,641,395
sji-267,sji,SJI,39531443,12,16793,0.003365556746285322,26.6867995262146,18.0,True,443,792
sji-268,sji,SJI,39531449,12,16805,-0.3249649213474572,26.6867995262146,18.0,True,232,347
sji-269,sji,SJI,39531449,12,16817,-0.023139310171166893,26.6867995262146,18.0,False,603,262
sji-270,sji,SJI,39531449,13,16829,-0.11442599332778818,26.6867995262146,18.0,True,374,476
sji-271,sji,SJI,39531449,12,16842,-0.09293127602466261,26.6867995262146,18.0,False,439,434
sji-272,sji,SJI,39531449,13,16854,0.045076284713332394,26.6867995262146,18.0,True,478,802
sji-273,sji,SJI,39531455,13,16867,-0.05490225062860653,26.6867995262146,18.0,False,370,331
sji-274,sji,SJI,39531455,12,16880,-0.06173613519279597,26.6867995262146,18.0,False,430,334
sji-275,sji,SJI,39531455,14,16892,-0.2608760687680233,26.6867995262146,18.0,False,785,343
sji-276,sji,SJI,39531455,12,16906,-0.3011551299702736,26.6867995262146,18.0,True,348,232
sji-277,sji,SJI,39531455,14,16918,-0.20088318352088572,26.6867995262146,18.0,True,443,615
sji-278,sji,SJI,39531461,21,16932,-0.1088511294034372,26.6867995262146,18.0,True,275,529
sji-279,sji,SJI,39531461,13,16953,-0.18278390292322633,26.6867995262146,18.0,True,304,825
sji-280,sji,SJI,39531461,28,16966,0.061804217901035775,26.6867995262146,18.0,True,341,293
sji-281,sji,SJI,39531461,16,16994,-0.0719328269645212,26.6867995262146,18.0,True,421,807
sji-282,sji,SJI,39531461,12,17010,-0.1448843233279981,26.6867995262146,18.0,True,482,663
sji-283,sji,SJI,39531461,13,17022,0.29008317736220085,26.6867995262146,18.0,True,484,504
sji-284,sji,SJI,39531467,13,17035,-0.12423140770631651,26.6867995262146,18.0,False,424,259
sji-285,sji,SJI,39531467,14,17048,0.05387294485404985,26.6867995262146,18.0,True,307,326
sji-286,sji,SJI,39531467,13,17062,-0.02585332923146929,26.6867995262146,18.0,True,429,568
sji-287,sji,SJI,39531473,13,17075,-0.23670111016911657,26.6867995262146,18.0,True,234,782
sji-288,sji,SJI,39531473,13,17088,-0.21197174014829784,26.6867995262146,18.0,True,362,791
sji-289,sji,SJI,39531479,12,17101,0.015268280491855687,26.6867995262146,18.0,True,450,647
sji-290,sji,SJI,39531485,13,17113,-0.08684610391596445,26.6867995262146,18.0,True,231,499
sji-291,sji,SJI,39531485,15,17126,0.019198263775777744,26.6867995262146,18.0,True,256,702
sji-292,sji,SJI,39531485,12,17141,0.06919905144904717,26.6867995262146,18.0,True,286,636
sji-293,sji,SJI,39531485,12,17153,-0.0011270911890997556,26.6867995262146,18.0,True,346,368
sji-294,sji,SJI,39531491,18,17165,0.022874125167508433,26.6867995262146,18.0,True,235,721
sji-295,sji,SJI,39531491,12,17183,0.3179996423520573,26.6867995262146,18.0,True,255,237
sji-296,sji,SJI,39531491,21,17195,0.09282544877469251,26.6867995262146,18.0,True,275,385
sji-297,sji,SJI,39531491,14,17216,-0.287961926557886,26.6867995262146,18.0,True,484,289
sji-298,sji,SJI,39531497,20,17230,-0.17731352992476657,26.6867995262146,18.0,True,312,723
sji-299,sji,SJI,39531497,13,17250,0.16441157619788746,26.6867995262146,18.0,True,397,299
sji-300,sji,SJI,39531497,17,17263,0.2817114175632806,26.6867995262146,18.0,True,433,344
sji-301,sji,SJI,39531497,13,17280,0.004238158459823645,26.6867995262146,18.0,True,458,623
sji-302,sji,SJI,39532475,12,17293,0.05364928606769266,26.6867995262146,18.0,False,428,219
sji-303,sji,SJI,39532475,12,17305,-0.339702355841561,26.6867995262146,18.0,False,452,390
sji-304,sji,SJI,39532499,12,17317,-0.06417891304098038,26.6867995262146,18.0,True,407,392
sji-305,sji,SJI,39532505,13,17329,-0.25337422798426035,26.6867995262146,18.0,True,259,584
sji-306,sji,SJI,39532505,13,17342,-0.15397763777393791,26.6867995262146,18.0,True,284,688
sji-307,sji,SJI,39532511,12,17355,-0.2951217715200706,26.6867995262146,18.0,True,409,853
sji-308,sji,SJI,39532517,18,17367,-0.22187045127304977,26.6867995262146,18.0,True,214,649
sji-309,sji,SJI,39532517,14,17385,0.08233491520539768,26.6867995262146,18.0,True,362,570
sji-310,sji,SJI,39532517,14,17399,-0.255430517506563,26.6867995262146,18.0,True,382,404
sji-311,sji,SJI,39532517,14,17413,-0.1778598543148001,26.6867995262146,18.0,True,388,362
sji-312,sji,SJI,39532523,13,17427,-0.16451235080735738,26.6867995262146,18.0,True,276,656
sji-313,sji,SJI,39532523,13,17440,0.3426983939494399,26.6867995262146,18.0,True,300,785
sji-314,sji,SJI,39532523,12,17453,0.06987019904326805,26.6867995262146,18.0,True,456,251
sji-315,sji,SJI,39532529,18,17465,0.05504569687415342,26.6867995262146,18.0,True,214,335
sji-316,sji,SJI,39532535,17,17483,-0.1667567081503215,26.6867995262146,18.0,True,307,738
sji-317,sji,SJI,39532535,12,17500,-0.08097592152151292,26.6867995262146,18.0,True,335,234
sji-318,sji,SJI,39532535,16,17512,8.359859954532911e-05,26.6867995262146,18.0,True,443,585
sji-319,sji,SJI,39532541,36,17528,0.013536424715488448,26.6867995262146,18.0,True,263,334
sji-320,sji,SJI,39532547,25,17564,0.15311367516966826,26.6867995262146,18.0,True,241,648
sji-321,sji,SJI,39532547,12,17589,0.3285804046867949,26.6867995262146,18.0,True,259,467
sji-322,sji,SJI,39532559,21,17601,0.08859201203084352,26.6867995262146,18.0,True,355,548
sji-323,sji,SJI,39563173,32,17622,0.21718254506297913,26.6867995262146,18.0,False,394,393
sji-324,sji,SJI,39563179,12,17654,-0.06196717049113434,26.6867995262146,18.0,False,204,479
sji-325,sji,SJI,39563197,19,17666,0.03619825532975196,26.6867995262146,18.0,False,216,443
sji-326,sji,SJI,39563203,12,17685,0.21659090510407714,26.6867995262146,18.0,False,652,373
sji-327,sji,SJI,39563215,22,17697,0.28830544160802374,26.6867995262146,18.0,False,378,314
sji-328,sji,SJI,39563221,12,17719,-0.09650303007843812,26.6867995262146,18.0,True,351,211
sji-329,sji,SJI,39563245,13,17731,0.31919125186822933,26.6867995262146,18.0,False,803,413
sji-330,sji,SJI,39563251,12,17744,0.009798828536696988,26.6867995262146,18.0,True,465,442
sji-331,sji,SJI,39563257,16,17756,0.31764257220752357,26.6867995262146,18.0,False,642,324
sji-332,sji,SJI,39563257,13,17772,0.3403225344128816,26.6867995262146,18.0,True,390,728
sji-333,sji,SJI,39563263,12,17785,-0.24812466484204204,26.6867995262146,18.0,True,259,706
sji-334,sji,SJI,39563263,14,17797,0.2440503309399864,26.6867995262146,18.0,True,316,348
sji-335,sji,SJI,39563269,13,17811,0.25625599700561147,26.6867995262146,18.0,True,330,243
sji-336,sji,SJI,39563269,15,17824,0.16116394614711765,26.6867995262146,18.0,True,371,274
sji-337,sji,SJI,39563275,13,17839,0.24043689719139133,26.6867995262146,18.0,True,257,674
sji-338,sji,SJI,39563281,20,17852,0.06813663369400286,26.6867995262146,18.0,True,397,299
sji-339,sji,SJI,39564217,19,17872,0.054458144164843465,26.6867995262146,18.0,False,206,405
sji-340,sji,SJI,39564223,25,17891,0.14184601481047374,26.6867995262146,18.0,False,216,252
sji-341,sji,SJI,39564235,14,17916,0.2631642414799542,26.6867995262146,18.0,False,296,326
sji-342,sji,SJI,39564241,32,17930,0.078364837092765,26.6867995262146,18.0,False,542,390
sji-343,sji,SJI,39564253,13,17962,0.3061412457980635,26.6867995262146,18.0,False,607,336
sji-344,sji,SJI,39564253,12,17975,0.3025737842694159,26.6867995262146,18.0,False,663,352
sji-345,sji,SJI,39564253,13,17987,0.18112579675164964,26.6867995262146,18.0,False,291,399
sji-346,sji,SJI,39564265,12,18000,-0.13871708340131045,26.6867995262146,18.0,True,413,383
sji-347,sji,SJI,39564271,14,18012,0.045647778670620115,26.6867995262146,18.0,False,575,221
sji-348,sji,SJI,39564271,12,18026,0.07158506499453941,26.6867995262146,18.0,False,762,380
sji-349,sji,SJI,39564283,12,18038,0.08920322842742469,26.6867995262146,18.0,True,224,754
sji-350,sji,SJI,39564283,12,18050,0.11543516137070588,26.6867995262146,18.0,True,271,365
sji-351,sji,SJI,39564283,14,18062,0.1695935993367629,26.6867995262146,18.0,True,280,559
sji-352,sji,SJI,39564283,13,18076,0.15315713013676574,26.6867995262146,18.0,True,430,654
sji-353,sji,SJI,39564289,13,18089,0.25771395262345426,26.6867995262146,18.0,True,282,210
sji-354,sji,SJI,39564289,12,18102,0.2135195099666442,26.6867995262146,18.0,False,483,338
sji-355,sji,SJI,39564289,13,18114,0.05587416041803086,26.6867995262146,18.0,True,389,502
sji-356,sji,SJI,39564289,12,18127,0.16013254015261638,26.6867995262146,18.0,True,452,214
sji-357,sji,SJI,39564295,12,18139,-0.03640134934625912,26.6867995262146,18.0,False,295,302
sji-358,sji,SJI,39564295,12,18151,-0.1452602350706617,26.6867995262146,18.0,True,318,266
sji-359,sji,SJI,39564295,12,18163,0.23543067458015582,26.6867995262146,18.0,True,322,786
sji-360,sji,SJI,39564295,13,18175,0.20037164845082187,26.6867995262146,18.0,True,428,304
sji-361,sji,SJI,39564295,15,18188,0.10760698359516155,26.6867995262146,18.0,True,451,535
sji-362,sji,SJI,39564301,13,18203,0.15925545559693488,26.6867995262146,18.0,True,233,596
sji-363,sji,SJI,39564301,13,18216,-0.1394234047056609,26.6867995262146,18.0,True,240,757
sji-364,sji,SJI,39564301,13,18229,-0.23525971484906538,26.6867995262146,18.0,True,298,552
sji-365,sji,SJI,39564301,12,18242,0.09364305378310302,26.6867995262146,18.0,True,331,690
sji-366,sji,SJI,39564301,34,18254,0.08497101225869051,26.6867995262146,18.0,True,407,755
sji-367,sji,SJI,39564301,12,18288,-0.04385531044522574,26.6867995262146,18.0,True,412,474
sji-368,sji,SJI,39564301,14,18300,-0.10607949562417825,26.6867995262146,18.0,True,429,495
sji-369,sji,SJI,39564307,13,18314,0.16338297241167019,26.6867995262146,18.0,True,324,272
sji-370,sji,SJI,39564307,12,18327,0.005405785534227566,26.6867995262146,18.0,True,411,560
sji-371,sji,SJI,39564313,23,18339,0.07858428881626171,26.6867995262146,18.0,True,302,518
sji-372,sji,SJI,39564313,17,18362,0.2219729622775113,26.6867995262146,18.0,True,351,532
sji-373,sji,SJI,39564313,12,18379,-0.2638193595622873,26.6867995262146,18.0,True,410,383
sji-374,sji,SJI,39564313,13,18391,0.02978899947220985,26.6867995262146,18.0,True,431,625
sji-375,sji,SJI,39564313,12,18404,-0.2636600889934329,26.6867995262146,18.0,False,774,441
sji-376,sji,SJI,39564319,12,18416,0.14378997240213784,26.6867995262146,18.0,True,247,479
sji-377,sji,SJI,39564319,13,18428,0.13847671602354966,26.6867995262146,18.0,True,253,302
sji-378,sji,SJI,39564319,18,18441,0.2667210576058931,26.6867995262146,18.0,True,459,225
sji-379,sji,SJI,39564319,12,18459,0.20701849017641158,26.6867995262146,18.0,True,472,687
sji-380,sji,SJI,39564325,13,18471,-0.04848107050864893,26.6867995262146,18.0,True,288,477
sji-381,sji,SJI,39564325,13,18484,-0.12038810538749219,26.6867995262146,18.0,True,465,623
sji-382,sji,SJI,39564337,13,18497,0.042506919993529534,26.6867995262146,18.0,True,251,589
sji-383,sji,SJI,39564355,15,18510,-0.2770770786927894,26.6867995262146,18.0,True,468,648
sji-384,sji,SJI,39564367,16,18525,0.1874171811198139,26.6867995262146,18.0,False,372,266
sji-385,sji,SJI,39565285,15,18541,0.2868546388189354,26.6867995262146,18.0,False,383,228
sji-386,sji,SJI,39565297,17,18556,0.21799358180516953,26.6867995262146,18.0,True,312,608
sji-387,sji,SJI,39565327,24,18573,0.26274469237276193,26.6867995262146,18.0,False,613,337
sji-388,sji,SJI,39565333,15,18597,0.12067480420185932,26.6867995262146,18.0,True,423,761
sji-389,sji,SJI,39565339,15,18612,0.24242706136526873,26.6867995262146,18.0,True,317,400
sji-390,sji,SJI,39565345,13,18627,-0.30805468458224483,26.6867995262146,18.0,True,439,374
sji-391,sji,SJI,39565351,12,18640,0.3151566389561012,26.6867995262146,18.0,True,216,575
sji-392,sji,SJI,39565351,14,18652,0.22881430450903573,26.6867995262146,18.0,True,325,591
sji-393,sji,SJI,39565351,15,18666,0.25371867044427887,26.6867995262146,18.0,True,350,665
sji-394,sji,SJI,39565351,14,18681,0.08196224084595384,26.6867995262146,18.0,True,376,288
sji-395,sji,SJI,39565357,17,18695,0.12577190248316852,26.6867995262146,18.0,True,252,244
sji-396,sji,SJI,39565363,13,18712,0.13829698462298498,26.6867995262146,18.0,True,358,401
sji-397,sji,SJI,39565375,18,18725,0.2847091941614108,26.6867995262146,18.0,True,331,458
sji-398,sji,SJI,39565381,13,18743,-0.020166405203165243,26.6867995262146,18.0,True,261,329
sji-399,sji,SJI,39565381,13,18756,-0.22588121239727366,26.6867995262146,18.0,True,411,604
sji-400,sji,SJI,39565393,18,18769,-0.13165171383641852,26.6867995262146,18.0,False,338,249
sji-401,sji,SJI,39563206,13,18787,-0.24507877343628076,26.6867995262146,18.0,False,576,360
sji-402,sji,SJI,39563212,15,18800,-0.34296407346798136,26.6867995262146,18.0,False,555,325
sji-403,sji,SJI,39563248,13,18815,-0.08537952271554958,26.6867995262146,18.0,True,213,359
sji-404,sji,SJI,39563254,14,18828,-0.3397101877245795,26.6867995262146,18.0,True,302,226
sji-405,sji,SJI,39563260,12,18842,-0.21816871700305396,26.6867995262146,18.0,False,666,486
sji-406,sji,SJI,39563266,14,18854,0.3388481957374775,26.6867995262146,18.0,True,395,474
sji-407,sji,SJI,39563272,13,18868,-0.20350041558402882,26.6867995262146,18.0,True,325,342
sji-408,sji,SJI,39563272,13,18881,-0.24730403970651874,26.6867995262146,18.0,True,353,750
sji-409,sji,SJI,39563278,16,18894,-0.15896329698453754,26.6867995262146,18.0,True,290,836
sji-410,sji,SJI,39563332,14,18910,0.09752684178106741,26.6867995262146,18.0,False,561,427
sji-411,sji,SJI,39564220,20,18924,-0.23824629955232304,26.6867995262146,18.0,False,690,387
sji-412,sji,SJI,39564244,24,18944,-0.1219829327938161,26.6867995262146,18.0,False,400,434
sji-413,sji,SJI,39564250,13,18968,0.31211273209248747,26.6867995262146,18.0,False,209,465
sji-414,sji,SJI,39564256,12,18981,-0.31233772496604373,26.6867995262146,18.0,False,804,342
sji-415,sji,SJI,39564256,13,18993,-0.05808261516355378,26.6867995262146,18.0,False,439,403
sji-416,sji,SJI,39564262,13,19006,-0.12545505372294152,26.6867995262146,18.0,False,406,325
sji-417,sji,SJI,39564262,21,19019,-0.2442459024841095,26.6867995262146,18.0,False,372,392
sji-418,sji,SJI,39564268,13,19040,-0.13046864194847868,26.6867995262146,18.0,True,288,844
sji-419,sji,SJI,39564268,13,19053,-0.33038864109898036,26.6867995262146,18.0,False,338,318
sji-420,sji,SJI,39564268,12,19066,-0.035361182079575885,26.6867995262146,18.0,False,821,355
sji-421,sji,SJI,39564268,12,19078,-0.3093552829771768,26.6867995262146,18.0,False,260,452
sji-422,sji,SJI,39564274,12,19090,0.02946860252997004,26.6867995262146,18.0,True,243,526
sji-423,sji,SJI,39564274,14,19102,-0.3210843696864656,26.6867995262146,18.0,True,291,216
sji-424,sji,SJI,39564280,16,19116,0.009284436317682884,26.6867995262146,18.0,False,395,262
sji-425,sji,SJI,39564280,13,19132,-0.2553360517394399,26.6867995262146,18.0,True,314,809
sji-426,sji,SJI,39564280,13,19145,-0.23032297384211348,26.6867995262146,18.0,False,271,320
sji-427,sji,SJI,39564280,12,19158,0.01890850987077692,26.6867995262146,18.0,True,383,750
sji-428,sji,SJI,39564280,12,19170,-0.16779036715094414,26.6867995262146,18.0,False,386,390
sji-429,sji,SJI,39564286,12,19182,-0.026539368533974834,26.6867995262146,18.0,True,284,600
sji-430,sji,SJI,39564286,13,19194,-0.33501245419323683,26.6867995262146,18.0,True,388,362
sji-431,sji,SJI,39564286,12,19207,-0.33981487618242134,26.6867995262146,18.0,True,389,462
sji-432,sji,SJI,39564286,12,19219,-0.29390949713102715,26.6867995262146,18.0,True,468,743
sji-433,sji,SJI,39564292,20,19231,-0.2481023189293826,26.6867995262146,18.0,True,335,588
sji-434,sji,SJI,39564292,12,19251,-0.05390500675144563,26.6867995262146,18.0,True,351,626
sji-435,sji,SJI,39564292,17,19263,-0.17224091993327145,26.6867995262146,18.0,True,405,718
sji-436,sji,SJI,39564292,12,19280,-0.2806018077844739,26.6867995262146,18.0,True,446,406
sji-437,sji,SJI,39564298,13,19292,-0.2737239350105564,26.6867995262146,18.0,True,247,858
sji-438,sji,SJI,39564298,12,19305,-0.1991408445588824,26.6867995262146,18.0,True,336,424
sji-439,sji,SJI,39564298,13,19317,0.11433518065176979,26.6867995262146,18.0,True,462,495
sji-440,sji,SJI,39564304,13,19330,0.18825103271716706,26.6867995262146,18.0,True,264,490
sji-441,sji,SJI,39564304,16,19343,-0.047366804962133864,26.6867995262146,18.0,True,310,483
sji-442,sji,SJI,39564304,13,19359,-0.2764961830861743,26.6867995262146,18.0,True,382,846
sji-443,sji,SJI,39564304,12,19372,0.1555142288790737,26.6867995262146,18.0,True,397,424
sji-444,sji,SJI,39564304,12,19384,-0.16717895500949514,26.6867995262146,18.0,True,405,444
sji-445,sji,SJI,39564310,20,19396,-0.1728356033106715,26.6867995262146,18.0,True,225,271
sji-446,sji,SJI,39564310,12,19416,-0.3385687663187899,26.6867995262146,18.0,True,332,550
sji-447,sji,SJI,39564310,16,19428,-0.09325125575939643,26.6867995262146,18.0,True,457,837
sji-448,sji,SJI,39564316,14,19444,-0.028535187940301066,26.6867995262146,18.0,True,231,269
sji-449,sji,SJI,39564316,17,19458,0.27606550545067177,26.6867995262146,18.0,True,263,391
sji-450,sji,SJI,39564316,13,19475,0.01929156314397371,26.6867995262146,18.0,True,293,449
sji-451,sji,SJI,39564322,13,19488,0.3345824238389302,26.6867995262146,18.0,True,303,266
sji-452,sji,SJI,39564322,14,19501,-0.10112411952353638,26.6867995262146,18.0,True,444,783
sji-453,sji,SJI,39564322,13,19515,-0.337428363725956,26.6867995262146,18.0,False,592,452
sji-454,sji,SJI,39564328,13,19528,0.09138974771078444,26.6867995262146,18.0,True,269,709
sji-455,sji,SJI,39564328,26,19541,-0.1005615102500913,26.6867995262146,18.0,True,396,480
sji-456,sji,SJI,39564328,18,19567,-0.14600551900833889,26.6867995262146,18.0,True,468,568
sji-457,sji,SJI,39564334,24,19585,0.08722792438209469,26.6867995262146,18.0,True,454,237
sji-458,sji,SJI,39564340,13,19609,-0.09049863281674254,26.6867995262146,18.0,False,300,369
sji-459,sji,SJI,39564340,24,19622,0.16084963346782483,26.6867995262146,18.0,True,470,845
sji-460,sji,SJI,39564346,19,19646,0.3084660669449146,26.6867995262146,18.0,True,223,782
sji-461,sji,SJI,39564346,18,19665,0.29562746656980154,26.6867995262146,18.0,True,314,448
sji-462,sji,SJI,39564346,17,19683,-0.048528471138530475,26.6867995262146,18.0,False,555,479
sji-463,sji,SJI,39565306,17,19700,-0.03339752408224649,26.6867995262146,18.0,True,341,368
sji-464,sji,SJI,39565348,20,19717,-0.304698298797558,26.6867995262146,18.0,True,255,643
sji-465,sji,SJI,39565360,28,19737,-0.07210417542171607,26.6867995262146,18.0,True,394,317
sji-466,sji,SJI,39565366,14,19765,0.08486880337790899,26.6867995262146,18.0,True,340,335
sji-467,sji,SJI,39565372,14,19779,-0.035765237125199724,26.6867995262146,18.0,False,562,291
sji-468,sji,SJI,39565378,14,19793,-0.3488227986325671,26.6867995262146,18.0,True,243,569
sji-469,sji,SJI,39565378,13,19807,-0.11645048779822918,26.6867995262146,18.0,True,268,447
sji-470,sji,SJI,39565378,13,19820,0.047706267257664,26.6867995262146,18.0,True,462,602
sji-471,sji,SJI,39565384,14,19833,0.07874742337177718,26.6867995262146,18.0,True,471,608
2013-12-27-1,2013-12-27,SJI,3577218,18,19847,-0.03146498886626188,26.6867995262146,18.0,True,834,491
2013-12-27-2,2013-12-27,SJI,3577224,12,19865,-0.15035844039342308,26.6867995262146,18.0,True,468,531
2013-12-27-3,2013-12-27,SJI,3577236,17,19877,-0.0026749023535803888,26.6867995262146,18.0,True,835,456
2013-12-27-4,2013-12-27,SJI,3577242,20,19894,-0.04327508197438254,26.6867995262146,18.0,True,669,431
2013-12-27-5,2013-12-27,SJI,3577242,17,19914,-0.16742873378702788,26.6867995262146,18.0,True,845,415
2013-12-27-6,2013-12-27,SJI,3577248,20,19931,0.047901832946057085,26.6867995262146,18.0,True,579,747
2013-12-27-7,2013-12-27,SJI,3577248,20,19951,0.03044205360736907,26.6867995262146,18.0,True,832,434
2013-12-27-8,2013-12-27,SJI,3577254,19,19971,-0.006509128068275818,26.6867995262146,18.0,True,602,646
2013-12-27-9,2013-12-27,SJI,3577260,18,19990,0.06362806527751373,26.6867995262146,18.0,True,830,412
2013-12-27-10,2013-12-27,SJI,3577266,14,20008,-0.0017692395162180311,26.6867995262146,18.0,True,568,620
2013-12-27-11,2013-12-27,SJI,3577284,14,20022,-0.12867833021648156,26.6867995262146,18.0,True,966,751
2013-12-27-12,2013-12-27,SJI,3577338,12,20036,-0.31674633797425844,26.6867995262146,18.0,True,739,341
2013-12-27-13,2013-12-27,SJI,3577794,15,20048,-0.1715409868654732,26.6867995262146,18.0,True,969,158
2013-12-27-14,2013-12-27,SJI,3577806,12,20063,-0.010090742767034378,26.6867995262146,18.0,True,750,743
2013-12-27-15,2013-12-27,SJI,3577806,23,20075,-0.3469283197544986,26.6867995262146,18.0,True,817,506
2013-12-27-16,2013-12-27,SJI,3577806,14,20098,0.16289797558743868,26.6867995262146,18.0,False,643,849
2013-12-27-17,2013-12-27,SJI,3577812,12,20112,-0.04059065507091415,26.6867995262146,18.0,True,742,345
2013-12-27-18,2013-12-27,SJI,3577812,31,20124,-0.11024346619534472,26.6867995262146,18.0,True,870,432
2013-12-27-19,2013-12-27,SJI,3577818,12,20155,-0.06838959832472387,26.6867995262146,18.0,True,558,563
2013-12-27-20,2013-12-27,SJI,3577818,14,20167,0.27288729496755637,26.6867995262146,18.0,True,576,577
2013-12-27-21,2013-12-27,SJI,3577818,12,20181,-0.14702204856984072,26.6867995262146,18.0,True,609,668
2013-12-27-22,2013-12-27,SJI,3577818,12,20193,0.0039864147514879775,26.6867995262146,18.0,True,619,470
2013-12-27-23,2013-12-27,SJI,3577818,24,20205,0.030073655410439742,26.6867995262146,18.0,True,699,503
2013-12-27-24,2013-12-27,SJI,3577818,23,20229,-0.20750961381260072,26.6867995262146,18.0,True,747,763
2013-12-27-25,2013-12-27,SJI,3577818,13,20252,-0.060152586143401736,26.6867995262146,18.0,True,862,412
2013-12-27-26,2013-12-27,SJI,3577818,13,20265,0.00556958509041718,26.6867995262146,18.0,True,997,221
2013-12-27-27,2013-12-27,SJI,3577824,16,20278,0.06911325975521493,26.6867995262146,18.0,True,425,531
2013-12-27-28,2013-12-27,SJI,3577824,29,20294,-0.17021311348325624,26.6867995262146,18.0,True,428,718
2013-12-27-29,2013-12-27,SJI,3577824,13,20323,-0.06378138542298142,26.6867995262146,18.0,True,805,657
2013-12-27-30,2013-12-27,SJI,3577830,16,20336,0.21868504146285214,26.6867995262146,18.0,True,466,769
2013-12-27-31,2013-12-27,SJI,3577830,13,20352,0.17648334706891045,26.6867995262146,18.0,True,598,736
2013-12-27-32,2013-12-27,SJI,3577830,13,20365,0.1297602457096588,26.6867995262146,18.0,True,804,725
2013-12-27-33,2013-12-27,SJI,3577830,17,20378,-0.008140789288833999,26.6867995262146,18.0,True,835,725
2013-12-27-34,2013-12-27,SJI,3577830,13,20395,0.14047670260399941,26.6867995262146,18.0,True,964,261
2013-12-27-35,2013-12-27,SJI,3577830,16,20408,-0.13588127988459706,26.6867995262146,18.0,True,965,477
2013-12-27-36,2013-12-27,SJI,3577836,20,20424,0.020145360906140063,26.6867995262146,18.0,True,451,578
2013-12-27-37,2013-12-27,SJI,3577836,12,20444,0.1937549848304348,26.6867995262146,18.0,True,670,365
2013-12-27-38,2013-12-27,SJI,3577836,12,20456,-0.17404641612435987,26.6867995262146,18.0,True,719,500
2013-12-27-39,2013-12-27,SJI,3577836,13,20468,0.17775349812721633,26.6867995262146,18.0,True,775,309
2013-12-27-40,2013-12-27,SJI,3577836,14,20481,-0.00016924184980251768,26.6867995262146,18.0,True,825,256
2013-12-27-41,2013-12-27,SJI,3577836,12,20495,0.1699877185193057,26.6867995262146,18.0,True,864,420
2013-12-27-42,2013-12-27,SJI,3577836,13,20507,0.1516767374145157,26.6867995262146,18.0,True,936,271
2013-12-27-43,2013-12-27,SJI,3577836,13,20520,0.20764937126686422,26.6867995262146,18.0,True,940,525
2013-12-27-44,2013-12-27,SJI,3577842,13,20533,0.10655820262613239,26.6867995262146,18.0,True,821,271
2013-12-27-45,2013-12-27,SJI,3577842,12,20546,0.34539794257332906,26.6867995262146,18.0,True,847,482
2013-12-27-46,2013-12-27,SJI,3577842,16,20558,0.09433330931108536,26.6867995262146,18.0,True,864,581
2013-12-27-47,2013-12-27,SJI,3577842,13,20574,0.1645772643802197,26.6867995262146,18.0,True,888,449
2013-12-27-48,2013-12-27,SJI,3577842,15,20587,-0.10810990955995911,26.6867995262146,18.0,True,907,641
2013-12-27-49,2013-12-27,SJI,3577842,16,20602,0.2728982777288103,26.6867995262146,18.0,True,1013,389
2013-12-27-50,2013-12-27,SJI,3577848,14,20618,-0.22138930003384072,26.6867995262146,18.0,True,461,737
2013-12-27-51,2013-12-27,SJI,3577848,12,20632,0.0701893486447948,26.6867995262146,18.0,True,531,626
2013-12-27-52,2013-12-27,SJI,3577848,13,20644,0.21845778883165798,26.6867995262146,18.0,True,697,399
2013-12-27-53,2013-12-27,SJI,3577854,18,20657,0.22954754844946837,26.6867995262146,18.0,True,642,771
2013-12-27-54,2013-12-27,SJI,3577854,12,20675,-0.008182821424831182,26.6867995262146,18.0,False,543,791
2013-12-27-55,2013-12-27,SJI,3577854,12,20687,0.26486310915606537,26.6867995262146,18.0,True,797,428
2013-12-27-56,2013-12-27,SJI,3577854,13,20699,0.18168838498617945,26.6867995262146,18.0,True,950,213
2013-12-27-57,2013-12-27,SJI,3577854,14,20712,0.27305311906907315,26.6867995262146,18.0,True,964,680
2013-12-27-58,2013-12-27,SJI,3577854,14,20726,0.29674056597638576,26.6867995262146,18.0,True,1008,128
2013-12-27-59,2013-12-27,SJI,3577860,13,20740,0.034390705870316285,26.6867995262146,18.0,True,621,542
2013-12-27-60,2013-12-27,SJI,3577860,20,20753,0.2578907063489338,26.6867995262146,18.0,True,640,462
2013-12-27-61,2013-12-27,SJI,3577860,14,20773,0.22382148932039914,26.6867995262146,18.0,True,652,391
2013-12-27-62,2013-12-27,SJI,3577860,12,20787,0.020361243820601404,26.6867995262146,18.0,True,817,293
2013-12-27-63,2013-12-27,SJI,3577866,19,20799,0.07496949140734194,26.6867995262146,18.0,True,814,741
2013-12-27-64,2013-12-27,SJI,3577872,14,20818,0.06747334830103963,26.6867995262146,18.0,False,468,850
2013-12-27-65,2013-12-27,SJI,3577890,29,20832,-0.1780870652970804,26.6867995262146,18.0,True,870,232
2013-12-27-66,2013-12-27,SJI,3578243,15,20861,-0.017062667864936213,26.6867995262146,18.0,True,705,602
2013-12-27-67,2013-12-27,SJI,3578243,16,20876,-0.05183894817477742,26.6867995262146,18.0,True,732,596
2013-12-27-68,2013-12-27,SJI,3578243,19,20892,-0.03366988906505386,26.6867995262146,18.0,True,909,601
2013-12-27-69,2013-12-27,SJI,3578261,20,20911,0.09747142876643398,26.6867995262146,18.0,True,955,486
2013-12-27-70,2013-12-27,SJI,3578267,18,20931,0.015981945098385186,26.6867995262146,18.0,True,919,555
2013-12-27-71,2013-12-27,SJI,3578273,13,20949,0.03960850765134774,26.6867995262146,18.0,True,889,625
2013-12-27-72,2013-12-27,SJI,3578279,12,20962,-0.07599369759178028,26.6867995262146,18.0,True,569,541
2013-12-27-73,2013-12-27,SJI,3578279,12,20974,-0.0322787798973886,26.6867995262146,18.0,True,704,522
2013-12-27-74,2013-12-27,SJI,3578279,23,20986,-0.1630328288031332,26.6867995262146,18.0,True,717,362
2013-12-27-75,2013-12-27,SJI,3578279,16,21009,0.029284649705901285,26.6867995262146,18.0,True,889,612
2013-12-27-76,2013-12-27,SJI,3578279,15,21025,-0.12471290727104946,26.6867995262146,18.0,True,925,531
2013-12-27-77,2013-12-27,SJI,3578279,12,21040,0.03674555202093055,26.6867995262146,18.0,True,997,351
2013-12-27-78,2013-12-27,SJI,3578285,15,21052,0.0034247735694285164,26.6867995262146,18.0,True,813,435
2013-12-27-79,2013-12-27,SJI,3578285,13,21067,0.06010645472746914,26.6867995262146,18.0,True,813,451
2013-12-27-80,2013-12-27,SJI,3578285,17,21080,0.03021737147146126,26.6867995262146,18.0,True,887,601
2013-12-27-81,2013-12-27,SJI,3578285,16,21097,0.052512988392513824,26.6867995262146,18.0,True,947,582
2013-12-27-82,2013-12-27,SJI,3578291,21,21113,0.24451103097101387,26.6867995262146,18.0,True,757,358
2013-12-27-83,2013-12-27,SJI,3578291,14,21134,0.3088499576441835,26.6867995262146,18.0,True,876,330
2013-12-27-84,2013-12-27,SJI,3578297,12,21148,0.016389551108062967,26.6867995262146,18.0,True,806,528
2013-12-27-85,2013-12-27,SJI,3578297,17,21160,0.05207933586043441,26.6867995262146,18.0,True,879,587
2013-12-27-86,2013-12-27,SJI,3578297,18,21177,0.1299220278438905,26.6867995262146,18.0,True,896,265
2013-12-27-87,2013-12-27,SJI,3578297,18,21195,0.16996627905594341,26.6867995262146,18.0,True,903,558
2013-12-27-88,2013-12-27,SJI,3578297,14,21213,0.20899897092136335,26.6867995262146,18.0,True,934,356
2013-12-27-89,2013-12-27,SJI,3578297,13,21227,0.1577423913200206,26.6867995262146,18.0,True,942,385
2013-12-27-90,2013-12-27,SJI,3578297,12,21240,-0.02216313461071302,26.6867995262146,18.0,True,974,210
2013-12-27-91,2013-12-27,SJI,3578297,12,21252,0.041470137852326276,26.6867995262146,18.0,True,1014,487
2013-12-27-92,2013-12-27,SJI,3578303,17,21264,0.07438389861372534,26.6867995262146,18.0,True,688,439
2013-12-27-93,2013-12-27,SJI,3578303,14,21281,-0.2083078653735115,26.6867995262146,18.0,True,777,400
2013-12-27-94,2013-12-27,SJI,3578303,13,21295,0.09091043470300268,26.6867995262146,18.0,True,810,403
2013-12-27-95,2013-12-27,SJI,3578303,15,21308,-0.01296774189463428,26.6867995262146,18.0,True,838,471
2013-12-27-96,2013-12-27,SJI,3578303,15,21323,0.06504126601239923,26.6867995262146,18.0,True,845,536
2013-12-27-97,2013-12-27,SJI,3578303,12,21338,-0.07517180738932017,26.6867995262146,18.0,True,943,391
2013-12-27-98,2013-12-27,SJI,3578303,12,21350,0.054045792212374655,26.6867995262146,18.0,True,967,270
2013-12-27-99,2013-12-27,SJI,3578303,12,21362,0.2801811414766023,26.6867995262146,18.0,True,1000,138
2013-12-27-100,2013-12-27,SJI,3578303,12,21374,-0.12418611882114372,26.6867995262146,18.0,True,1013,594
2013-12-27-101,2013-12-27,SJI,3578741,18,21386,-0.02013584301048848,26.6867995262146,18.0,True,476,739
2013-12-27-102,2013-12-27,SJI,3578741,12,21404,-0.029924511295365806,26.6867995262146,18.0,True,668,744
2013-12-27-103,2013-12-27,SJI,3578747,12,21416,-0.0710039829831495,26.6867995262146,18.0,True,480,694
2013-12-27-104,2013-12-27,SJI,3578747,13,21428,-0.05600841646949145,26.6867995262146,18.0,True,500,740
2013-12-27-105,2013-12-27,SJI,3578747,13,21441,-0.015803824964806045,26.6867995262146,18.0,True,704,741
2013-12-27-106,2013-12-27,SJI,3578753,14,21454,0.02639219568706021,26.6867995262146,18.0,True,488,731
2013-12-27-107,2013-12-27,SJI,3578759,12,21468,0.04478520094239354,26.6867995262146,18.0,True,431,759
2013-12-27-108,2013-12-27,SJI,3578759,16,21480,0.01617611462261118,26.6867995262146,18.0,True,489,718
2013-12-27-109,2013-12-27,SJI,3578777,13,21496,0.03098841556378794,26.6867995262146,18.0,True,451,650
2013-12-27-110,2013-12-27,SJI,3578783,14,21509,-0.03396160665574373,26.6867995262146,18.0,True,446,637
2013-12-27-111,2013-12-27,SJI,3578783,22,21523,0.0016358748688823437,26.6867995262146,18.0,True,578,675
2013-12-27-112,2013-12-27,SJI,3578789,19,21545,0.06468801182953833,26.6867995262146,18.0,True,381,699
2013-12-27-113,2013-12-27,SJI,3578789,12,21564,0.05209245258961522,26.6867995262146,18.0,True,495,669
2013-12-27-114,2013-12-27,SJI,3578795,18,21576,-0.05338497150661614,26.6867995262146,18.0,True,434,619
2013-12-27-115,2013-12-27,SJI,3578801,12,21594,-0.08310898340159634,26.6867995262146,18.0,True,608,683
2013-12-27-116,2013-12-27,SJI,3578801,20,21606,-0.022079447096429266,26.6867995262146,18.0,True,672,625
2013-12-27-117,2013-12-27,SJI,3578819,16,21626,-0.09565707508509569,26.6867995262146,18.0,True,447,570
2013-12-27-118,2013-12-27,SJI,3578819,12,21642,0.05533848330095805,26.6867995262146,18.0,True,497,659
2013-12-27-119,2013-12-27,SJI,3578837,13,21654,-0.009228396488603952,26.6867995262146,18.0,True,437,534
2013-12-27-120,2013-12-27,FUV1,3577229,16,21667,-0.29246127651131604,17.791199684143066,6.0,True,741,307
2013-12-27-121,2013-12-27,FUV1,3577235,14,21683,0.09971536937534474,17.791199684143066,6.0,True,672,143
2013-12-27-122,2013-12-27,FUV1,3577238,13,21697,-0.10693744422672445,17.791199684143066,6.0,True,49,119
2013-12-27-123,2013-12-27,FUV1,3577241,19,21710,0.047427233424378115,17.791199684143066,6.0,True,457,391
2013-12-27-124,2013-12-27,FUV1,3577241,17,21729,-0.2828281643871495,17.791199684143066,6.0,True,465,182
2013-12-27-125,2013-12-27,FUV1,3577244,15,21746,-0.08411278652041172,17.791199684143066,6.0,True,44,390
2013-12-27-126,2013-12-27,FUV2,3577253,18,21761,-0.3336883289588068,17.791199684143066,6.0,True,189,3723
2013-12-27-127,2013-12-27,FUV1,3577253,16,21779,-0.07539629675289532,17.791199684143066,6.0,True,474,247
2013-12-27-128,2013-12-27,FUV2,3577253,14,21795,-0.14956886926138582,17.791199684143066,6.0,True,1034,3955
2013-12-27-129,2013-12-27,FUV1,3577256,13,21809,0.08116807675986135,17.791199684143066,6.0,True,142,194
2013-12-27-130,2013-12-27,FUV1,3577256,16,21822,0.05551865726191469,17.791199684143066,6.0,True,170,368
2013-12-27-131,2013-12-27,FUV2,3577256,16,21838,0.05713393548123736,17.791199684143066,6.0,True,607,3745
2013-12-27-132,2013-12-27,FUV2,3577259,17,21854,-0.014890166714195926,17.791199684143066,6.0,True,237,3902
2013-12-27-133,2013-12-27,FUV1,3577262,21,21871,0.09436632724695962,17.791199684143066,6.0,True,257,164
2013-12-27-134,2013-12-27,FUV2,3577262,14,21892,0.00967735259328062,17.791199684143066,6.0,True,380,3880
2013-12-27-135,2013-12-27,FUV2,3577265,15,21906,0.03547235241289202,17.791199684143066,6.0,True,466,3674
2013-12-27-136,2013-12-27,FUV2,3577265,12,21921,0.2019133146530845,17.791199684143066,6.0,True,758,3762
2013-12-27-137,2013-12-27,FUV2,3577265,19,21933,-0.10127365874738795,17.791199684143066,6.0,True,974,3887
2013-12-27-138,2013-12-27,FUV2,3577265,12,21952,0.02830814152517463,17.791199684143066,6.0,True,994,3761
2013-12-27-139,2013-12-27,FUV2,3577268,13,21964,0.026042424796955916,17.791199684143066,6.0,True,92,3903
2013-12-27-140,2013-12-27,FUV1,3577268,22,21977,-0.17698054539392055,17.791199684143066,6.0,True,202,407
2013-12-27-141,2013-12-27,FUV1,3577268,12,21999,0.017233304764650133,17.791199684143066,6.0,True,327,213
2013-12-27-142,2013-12-27,FUV1,3577268,13,22011,-0.15077756414753699,17.791199684143066,6.0,True,434,240
2013-12-27-143,2013-12-27,FUV2,3577268,53,22024,-0.021817903745108017,17.791199684143066,6.0,True,705,3876
2013-12-27-144,2013-12-27,FUV2,3577268,15,22077,0.16948379527264548,17.791199684143066,6.0,True,747,3757
2013-12-27-145,2013-12-27,FUV2,3577268,16,22092,-0.13626328119394626,17.791199684143066,6.0,True,778,4022
2013-12-27-146,2013-12-27,FUV2,3577268,13,22108,0.025276697100799682,17.791199684143066,6.0,True,877,4008
2013-12-27-147,2013-12-27,FUV1,3577271,12,22121,0.19772848550987968,17.791199684143066,6.0,True,121,101
2013-12-27-148,2013-12-27,FUV2,3577271,14,22133,-0.04932555512823889,17.791199684143066,6.0,True,140,3868
2013-12-27-149,2013-12-27,FUV1,3577271,13,22147,0.25847221451415053,17.791199684143066,6.0,True,422,404
2013-12-27-150,2013-12-27,FUV1,3577271,19,22160,0.31122636240918256,17.791199684143066,6.0,True,493,270
2013-12-27-151,2013-12-27,FUV1,3577271,17,22179,-0.01741249768146743,17.791199684143066,6.0,True,905,342
2013-12-27-152,2013-12-27,FUV2,3577274,14,22196,0.18653608624651588,17.791199684143066,6.0,True,703,3718
2013-12-27-153,2013-12-27,FUV2,3577274,12,22210,0.04707945696299524,17.791199684143066,6.0,True,796,3952
2013-12-27-154,2013-12-27,FUV1,3577277,13,22222,0.32135552714952614,17.791199684143066,6.0,False,107,199
2013-12-27-155,2013-12-27,FUV2,3577277,13,22235,0.22190630442061257,17.791199684143066,6.0,True,664,3933
2013-12-27-156,2013-12-27,FUV2,3577277,15,22248,-0.09666294545743294,17.791199684143066,6.0,True,726,3785
2013-12-27-157,2013-12-27,FUV2,3577280,12,22263,0.19860794833887,17.791199684143066,6.0,True,836,3896
2013-12-27-158,2013-12-27,FUV1,3577295,12,22275,0.1337247025610259,17.791199684143066,6.0,True,1027,288
2013-12-27-159,2013-12-27,FUV1,3577331,15,22287,0.18070085584299536,17.791199684143066,6.0,True,141,344
2013-12-27-160,2013-12-27,FUV2,3577763,12,22302,0.006148017695668961,17.791199684143066,6.0,False,3852,208
2013-12-27-161,2013-12-27,FUV1,3577769,18,22314,0.006414732603696455,17.791199684143066,6.0,True,416,322
2013-12-27-162,2013-12-27,FUV1,3577772,12,22332,0.02973392651834668,17.791199684143066,6.0,True,358,216
2013-12-27-163,2013-12-27,FUV2,3577790,22,22344,-0.012294718996695157,17.791199684143066,6.0,True,668,3867
2013-12-27-164,2013-12-27,FUV1,3577799,14,22366,-0.0185816685968112,17.791199684143066,6.0,True,476,402
2013-12-27-165,2013-12-27,FUV1,3577802,27,22380,-0.2273088362189181,17.791199684143066,6.0,True,563,257
2013-12-27-166,2013-12-27,FUV1,3577805,19,22407,-0.1977335800716434,17.791199684143066,6.0,True,47,151
2013-12-27-167,2013-12-27,FUV2,3577805,19,22426,-0.2742733825416174,17.791199684143066,6.0,True,100,3743
2013-12-27-168,2013-12-27,FUV2,3577805,13,22445,0.12085821386997139,17.791199684143066,6.0,True,152,3884
2013-12-27-169,2013-12-27,FUV1,3577808,13,22458,-0.15727373571879597,17.791199684143066,6.0,True,263,288
2013-12-27-170,2013-12-27,FUV2,3577808,12,22471,0.08692953034705105,17.791199684143066,6.0,True,284,3862
2013-12-27-171,2013-12-27,FUV1,3577808,39,22483,0.033711094692548536,17.791199684143066,6.0,True,357,252
2013-12-27-172,2013-12-27,FUV1,3577808,12,22522,0.06007369895926672,17.791199684143066,6.0,True,1002,335
2013-12-27-173,2013-12-27,FUV2,3577811,12,22534,0.06074524072226962,17.791199684143066,6.0,True,412,3870
2013-12-27-174,2013-12-27,FUV1,3577811,28,22546,0.07335410453642631,17.791199684143066,6.0,True,517,99
2013-12-27-175,2013-12-27,FUV2,3577811,35,22574,0.08720994212723572,17.791199684143066,6.0,True,558,3715
2013-12-27-176,2013-12-27,FUV1,3577811,16,22609,-0.1755269453908856,17.791199684143066,6.0,True,960,320
2013-12-27-177,2013-12-27,FUV1,3577814,13,22625,-0.14767909681671076,17.791199684143066,6.0,True,24,405
2013-12-27-178,2013-12-27,FUV1,3577814,18,22638,-0.13193730333734627,17.791199684143066,6.0,True,36,277
2013-12-27-179,2013-12-27,FUV2,3577814,19,22656,-0.1934616564759877,17.791199684143066,6.0,True,137,3737
2013-12-27-180,2013-12-27,FUV1,3577814,15,22675,0.22620933804512777,17.791199684143066,6.0,True,325,333
2013-12-27-181,2013-12-27,FUV2,3577814,24,22690,0.17753761413443617,17.791199684143066,6.0,True,541,3731
2013-12-27-182,2013-12-27,FUV2,3577814,12,22714,0.14696062211073538,17.791199684143066,6.0,True,948,3749
2013-12-27-183,2013-12-27,FUV2,3577814,17,22726,-0.15334751512132816,17.791199684143066,6.0,True,1013,3875
2013-12-27-184,2013-12-27,FUV1,3577817,20,22743,0.06130777837784083,17.791199684143066,6.0,True,59,193
2013-12-27-185,2013-12-27,FUV1,3577817,14,22763,0.021627941899030865,17.791199684143066,6.0,True,99,187
2013-12-27-186,2013-12-27,FUV1,3577817,23,22777,-0.07193712297959236,17.791199684143066,6.0,True,338,341
2013-12-27-187,2013-12-27,FUV2,3577817,16,22800,-0.19102784001862125,17.791199684143066,6.0,True,339,3851
2013-12-27-188,2013-12-27,FUV1,3577817,24,22816,0.10336399442494301,17.791199684143066,6.0,True,1048,147
2013-12-27-189,2013-12-27,FUV1,3577820,12,22840,0.28680158244200754,17.791199684143066,6.0,True,112,152
2013-12-27-190,2013-12-27,FUV2,3577820,13,22852,0.10271815280028827,17.791199684143066,6.0,True,239,4024
2013-12-27-191,2013-12-27,FUV1,3577820,13,22865,0.1118280637878168,17.791199684143066,6.0,True,499,409
2013-12-27-192,2013-12-27,FUV1,3577820,12,22878,-0.07427238979982267,17.791199684143066,6.0,True,702,365
2013-12-27-193,2013-12-27,FUV2,3577820,14,22890,0.3093592754730558,17.791199684143066,6.0,False,3751,743
2013-12-27-194,2013-12-27,FUV2,3577820,15,22904,0.1954251281092996,17.791199684143066,6.0,True,776,4035
2013-12-27-195,2013-12-27,FUV2,3577820,13,22919,-0.21650151866158684,17.791199684143066,6.0,True,980,3659
2013-12-27-196,2013-12-27,FUV2,3577820,16,22932,0.18572140371672613,17.791199684143066,6.0,True,1055,3931
2013-12-27-197,2013-12-27,FUV2,3577823,13,22948,-0.0025449644946154877,17.791199684143066,6.0,True,215,3948
2013-12-27-198,2013-12-27,FUV1,3577823,26,22961,0.1209275131593618,17.791199684143066,6.0,True,224,290
2013-12-27-199,2013-12-27,FUV2,3577823,12,22987,-0.25885031711200085,17.791199684143066,6.0,True,285,3762
2013-12-27-200,2013-12-27,FUV2,3577823,12,22999,-0.025656888777479982,17.791199684143066,6.0,True,368,3883
2013-12-27-201,2013-12-27,FUV2,3577823,19,23011,-0.11647723022149059,17.791199684143066,6.0,True,443,3738
2013-12-27-202,2013-12-27,FUV1,3577823,15,23030,0.1865837146937317,17.791199684143066,6.0,True,482,381
2013-12-27-203,2013-12-27,FUV2,3577823,16,23045,-0.04340517050980935,17.791199684143066,6.0,True,858,3740
2013-12-27-204,2013-12-27,FUV2,3577823,17,23061,0.11327813322207698,17.791199684143066,6.0,True,1002,3896
2013-12-27-205,2013-12-27,FUV2,3577826,12,23078,0.017759444329838798,17.791199684143066,6.0,True,217,3722
2013-12-27-206,2013-12-27,FUV2,3577826,12,23090,0.024827084576317507,17.791199684143066,6.0,True,316,3794
2013-12-27-207,2013-12-27,FUV2,3577826,13,23102,0.2177183085880684,17.791199684143066,6.0,True,784,3959
2013-12-27-208,2013-12-27,FUV2,3577826,13,23115,-0.18387997143023735,17.791199684143066,6.0,True,1003,3763
2013-12-27-209,2013-12-27,FUV1,3577829,15,23128,-0.015188917094530238,17.791199684143066,6.0,True,184,184
2013-12-27-210,2013-12-27,FUV1,3577829,12,23143,0.015388692181497684,17.791199684143066,6.0,True,299,185
2013-12-27-211,2013-12-27,FUV1,3577829,12,23155,0.17187951162817383,17.791199684143066,6.0,True,375,341
2013-12-27-212,2013-12-27,FUV1,3577829,12,23167,-4.77628414645097e-16,17.791199684143066,6.0,True,402,107
2013-12-27-213,2013-12-27,FUV1,3577829,14,23179,-0.20964965010058717,17.791199684143066,6.0,True,435,238
2013-12-27-214,2013-12-27,FUV2,3577829,16,23193,-0.11465501746119637,17.791199684143066,6.0,True,540,3947
2013-12-27-215,2013-12-27,FUV2,3577829,14,23209,-0.1450162697749189,17.791199684143066,6.0,True,590,3722
2013-12-27-216,2013-12-27,FUV2,3577829,20,23223,-0.1107762901341761,17.791199684143066,6.0,True,759,3881
2013-12-27-217,2013-12-27,FUV1,3577829,13,23243,-0.21234450900230806,17.791199684143066,6.0,True,780,175
2013-12-27-218,2013-12-27,FUV2,3577829,13,23256,-0.12484314545001036,17.791199684143066,6.0,True,847,3673
2013-12-27-219,2013-12-27,FUV2,3577829,15,23269,-0.34418022265381487,17.791199684143066,6.0,True,861,3749
2013-12-27-220,2013-12-27,FUV2,3577829,12,23284,0.19436327467729528,17.791199684143066,6.0,True,1052,3789
2013-12-27-221,2013-12-27,FUV2,3577832,16,23296,0.13131869912306063,17.791199684143066,6.0,True,321,3889
2013-12-27-222,2013-12-27,FUV2,3577832,12,23312,0.2796309268047111,17.791199684143066,6.0,True,322,3943
2013-12-27-223,2013-12-27,FUV1,3577832,26,23324,0.2006380631539924,17.791199684143066,6.0,True,419,394
2013-12-27-224,2013-12-27,FUV2,3577832,13,23350,0.149768440496689,17.791199684143066,6.0,True,522,3771
2013-12-27-225,2013-12-27,FUV2,3577832,19,23363,0.023450664710120722,17.791199684143066,6.0,True,542,3957
2013-12-27-226,2013-12-27,FUV1,3577832,28,23382,-0.05262153241713123,17.791199684143066,6.0,True,732,333
2013-12-27-227,2013-12-27,FUV2,3577832,34,23410,0.11666340565933186,17.791199684143066,6.0,True,747,3795
2013-12-27-228,2013-12-27,FUV2,3577832,13,23444,0.13117995639123275,17.791199684143066,6.0,True,799,4005
2013-12-27-229,2013-12-27,FUV2,3577832,12,23457,-0.11987546358184242,17.791199684143066,6.0,True,803,3927
2013-12-27-230,2013-12-27,FUV2,3577832,13,23469,0.01785622297468124,17.791199684143066,6.0,True,821,3745
2013-12-27-231,2013-12-27,FUV2,3577832,13,23482,-0.25943662896275277,17.791199684143066,6.0,True,918,4025
2013-12-27-232,2013-12-27,FUV2,3577835,14,23495,0.08513050691540613,17.791199684143066,6.0,True,220,3747
2013-12-27-233,2013-12-27,FUV1,3577835,17,23509,0.2539883831582212,17.791199684143066,6.0,True,479,170
2013-12-27-234,2013-12-27,FUV2,3577835,13,23526,-0.26596509363185905,17.791199684143066,6.0,True,510,3776
2013-12-27-235,2013-12-27,FUV2,3577835,15,23539,-0.08528514293770739,17.791199684143066,6.0,True,671,3728
2013-12-27-236,2013-12-27,FUV1,3577835,17,23554,0.127252482020107,17.791199684143066,6.0,True,687,109
2013-12-27-237,2013-12-27,FUV2,3577835,12,23571,-0.029827177194607576,17.791199684143066,6.0,True,759,3922
2013-12-27-238,2013-12-27,FUV1,3577835,13,23583,-0.296476358833202,17.791199684143066,6.0,False,321,834
2013-12-27-239,2013-12-27,FUV2,3577835,19,23596,0.08240727952131563,17.791199684143066,6.0,True,933,3736
2013-12-27-240,2013-12-27,FUV2,3577835,13,23615,-0.05210551591764223,17.791199684143066,6.0,True,992,3785
2013-12-27-241,2013-12-27,FUV2,3577838,13,23628,0.15680187833058787,17.791199684143066,6.0,True,91,4027
2013-12-27-242,2013-12-27,FUV2,3577838,12,23641,0.1982339078480682,17.791199684143066,6.0,True,101,3672
2013-12-27-243,2013-12-27,FUV1,3577838,12,23653,0.15359516636736056,17.791199684143066,6.0,True,143,197
2013-12-27-244,2013-12-27,FUV2,3577838,17,23665,0.17178181611150278,17.791199684143066,6.0,True,180,3731
2013-12-27-245,2013-12-27,FUV2,3577838,12,23682,0.3037379415030887,17.791199684143066,6.0,True,326,3936
2013-12-27-246,2013-12-27,FUV2,3577838,15,23694,0.2691600078006006,17.791199684143066,6.0,True,353,3754
2013-12-27-247,2013-12-27,FUV2,3577838,15,23709,0.1513526625154918,17.791199684143066,6.0,True,692,3721
2013-12-27-248,2013-12-27,FUV2,3577838,14,23724,0.02737908057655205,17.791199684143066,6.0,True,714,4014
2013-12-27-249,2013-12-27,FUV2,3577838,14,23738,0.32894514300681543,17.791199684143066,6.0,True,715,3849
2013-12-27-250,2013-12-27,FUV1,3577838,17,23752,0.08498276013009601,17.791199684143066,6.0,True,773,281
2013-12-27-251,2013-12-27,FUV1,3577838,12,23769,-0.0194633456328187,17.791199684143066,6.0,True,795,287
2013-12-27-252,2013-12-27,FUV2,3577838,14,23781,0.25510905295833497,17.791199684143066,6.0,True,1024,3954
2013-12-27-253,2013-12-27,FUV1,3577838,24,23795,0.24253117323035367,17.791199684143066,6.0,True,1027,282
2013-12-27-254,2013-12-27,FUV1,3577838,20,23819,-0.22617559036552087,17.791199684143066,6.0,True,1030,260
2013-12-27-255,2013-12-27,FUV2,3577838,16,23839,-0.06318464190236647,17.791199684143066,6.0,True,1031,3749
2013-12-27-256,2013-12-27,FUV2,3577841,13,23855,0.07057435010449797,17.791199684143066,6.0,True,189,3785
2013-12-27-257,2013-12-27,FUV2,3577841,12,23868,-0.19968261900730416,17.791199684143066,6.0,True,272,3871
2013-12-27-258,2013-12-27,FUV2,3577841,13,23880,0.24281757151919398,17.791199684143066,6.0,True,285,4013
2013-12-27-259,2013-12-27,FUV2,3577841,20,23893,0.13546264906770103,17.791199684143066,6.0,True,329,3896
2013-12-27-260,2013-12-27,FUV1,3577841,15,23913,0.34671529090368647,17.791199684143066,6.0,True,423,101
2013-12-27-261,2013-12-27,FUV2,3577841,17,23928,0.10179337394963023,17.791199684143066,6.0,True,523,3912
2013-12-27-262,2013-12-27,FUV1,3577841,14,23945,0.3214696905097273,17.791199684143066,6.0,True,545,134
2013-12-27-263,2013-12-27,FUV2,3577841,13,23959,0.2679167578527004,17.791199684143066,6.0,True,567,3743
2013-12-27-264,2013-12-27,FUV1,3577841,14,23972,0.06955056316646707,17.791199684143066,6.0,True,708,394
2013-12-27-265,2013-12-27,FUV2,3577841,12,23986,-0.17002090788649069,17.791199684143066,6.0,True,730,3721
2013-12-27-266,2013-12-27,FUV2,3577841,14,23998,0.04447111039437898,17.791199684143066,6.0,True,874,3634
2013-12-27-267,2013-12-27,FUV2,3577841,12,24012,0.09054850202924578,17.791199684143066,6.0,True,927,3940
2013-12-27-268,2013-12-27,FUV2,3577841,12,24024,-0.027844815423354746,17.791199684143066,6.0,True,942,3870
2013-12-27-269,2013-12-27,FUV2,3577841,13,24036,0.24972676846687844,17.791199684143066,6.0,True,942,3917
2013-12-27-270,2013-12-27,FUV2,3577841,17,24049,-0.015239247699093733,17.791199684143066,6.0,True,951,4005
2013-12-27-271,2013-12-27,FUV2,3577841,18,24066,0.040952313400729135,17.791199684143066,6.0,True,988,3915
2013-12-27-272,2013-12-27,FUV2,3577841,19,24084,0.09468090789675392,17.791199684143066,6.0,True,1004,3655
2013-12-27-273,2013-12-27,FUV1,3577844,22,24103,0.13657224939848286,17.791199684143066,6.0,True,170,249
2013-12-27-274,2013-12-27,FUV1,3577844,12,24125,0.18335392704820214,17.791199684143066,6.0,True,175,275
2013-12-27-275,2013-12-27,FUV1,3577844,17,24137,0.24815306231807754,17.791199684143066,6.0,True,199,117
2013-12-27-276,2013-12-27,FUV1,3577844,12,24154,0.12310241730384022,17.791199684143066,6.0,True,312,239
2013-12-27-277,2013-12-27,FUV1,3577844,25,24166,0.11878764541736944,17.791199684143066,6.0,True,449,109
2013-12-27-278,2013-12-27,FUV2,3577844,12,24191,0.009684309573171405,17.791199684143066,6.0,True,611,3894
2013-12-27-279,2013-12-27,FUV2,3577844,15,24203,0.1290376086223017,17.791199684143066,6.0,True,723,4025
2013-12-27-280,2013-12-27,FUV2,3577844,14,24218,-0.08945141024453257,17.791199684143066,6.0,True,739,3894
2013-12-27-281,2013-12-27,FUV1,3577844,13,24232,0.28047619038291516,17.791199684143066,6.0,True,803,381
2013-12-27-282,2013-12-27,FUV2,3577844,12,24245,0.011430043413128836,17.791199684143066,6.0,True,879,3947
2013-12-27-283,2013-12-27,FUV2,3577844,16,24257,0.23186388015905207,17.791199684143066,6.0,True,1020,3919
2013-12-27-284,2013-12-27,FUV1,3577844,12,24273,-0.06697784572970951,17.791199684143066,6.0,True,1051,277
2013-12-27-285,2013-12-27,FUV1,3577847,14,24285,0.08899335625041031,17.791199684143066,6.0,True,162,408
2013-12-27-286,2013-12-27,FUV2,3577847,13,24299,-0.1937851561929585,17.791199684143066,6.0,True,231,3850
2013-12-27-287,2013-12-27,FUV2,3577847,12,24312,0.05358499653972335,17.791199684143066,6.0,True,344,3751
2013-12-27-288,2013-12-27,FUV2,3577847,12,24324,0.1167265068906673,17.791199684143066,6.0,True,450,3862
2013-12-27-289,2013-12-27,FUV2,3577847,14,24336,0.040425561917625585,17.791199684143066,6.0,True,596,3725
2013-12-27-290,2013-12-27,FUV2,3577847,13,24350,0.04511918954179948,17.791199684143066,6.0,True,656,3939
2013-12-27-291,2013-12-27,FUV1,3577847,19,24363,0.164652522277783,17.791199684143066,6.0,True,700,108
2013-12-27-292,2013-12-27,FUV2,3577847,13,24382,0.14885559013496164,17.791199684143066,6.0,True,730,3650
2013-12-27-293,2013-12-27,FUV2,3577847,40,24395,0.11575817021641131,17.791199684143066,6.0,True,882,3794
2013-12-27-294,2013-12-27,FUV2,3577847,17,24435,-0.1049162543312731,17.791199684143066,6.0,True,888,3871
2013-12-27-295,2013-12-27,FUV2,3577847,13,24452,0.20659658714289028,17.791199684143066,6.0,True,972,4104
2013-12-27-296,2013-12-27,FUV2,3577847,14,24465,-0.10024566963151724,17.791199684143066,6.0,True,1051,3960
2013-12-27-297,2013-12-27,FUV2,3577850,12,24479,-0.16237951229710526,17.791199684143066,6.0,True,176,3932
2013-12-27-298,2013-12-27,FUV2,3577850,13,24491,0.3002233966164153,17.791199684143066,6.0,True,481,3916
2013-12-27-299,2013-12-27,FUV2,3577850,16,24504,0.16240701983027656,17.791199684143066,6.0,True,485,3744
2013-12-27-300,2013-12-27,FUV1,3577850,12,24520,0.19768270891016465,17.791199684143066,6.0,True,489,409
2013-12-27-301,2013-12-27,FUV1,3577850,12,24532,0.28018970509696994,17.791199684143066,6.0,True,523,109
2013-12-27-302,2013-12-27,FUV2,3577850,16,24544,-0.029400982816286142,17.791199684143066,6.0,True,665,3658
2013-12-27-303,2013-12-27,FUV2,3577850,14,24560,0.18040956694564383,17.791199684143066,6.0,True,766,3780
2013-12-27-304,2013-12-27,FUV2,3577850,12,24574,0.09298987580663745,17.791199684143066,6.0,True,797,3932
2013-12-27-305,2013-12-27,FUV1,3577850,20,24586,0.2820954875819534,17.791199684143066,6.0,True,893,376
2013-12-27-306,2013-12-27,FUV2,3577850,15,24606,0.07946564968790967,17.791199684143066,6.0,True,978,3950
2013-12-27-307,2013-12-27,FUV2,3577850,13,24621,0.18386852809651058,17.791199684143066,6.0,True,981,3880
2013-12-27-308,2013-12-27,FUV1,3577850,12,24634,0.06608904342598575,17.791199684143066,6.0,True,1048,232
2013-12-27-309,2013-12-27,FUV2,3577853,12,24646,0.11753253310710242,17.791199684143066,6.0,True,60,4032
2013-12-27-310,2013-12-27,FUV2,3577853,17,24658,-0.17393224107043084,17.791199684143066,6.0,False,3859,74
2013-12-27-311,2013-12-27,FUV1,3577853,13,24675,0.32147762657317597,17.791199684143066,6.0,True,157,100
2013-12-27-312,2013-12-27,FUV1,3577853,13,24688,0.2942775734712459,17.791199684143066,6.0,True,241,289
2013-12-27-313,2013-12-27,FUV2,3577853,13,24701,0.1947939421128285,17.791199684143066,6.0,True,670,3938
2013-12-27-314,2013-12-27,FUV2,3577853,16,24714,0.2466627843863499,17.791199684143066,6.0,True,867,3652
2013-12-27-315,2013-12-27,FUV2,3577853,16,24730,0.07678420272040419,17.791199684143066,6.0,True,899,3897
2013-12-27-316,2013-12-27,FUV1,3577853,16,24746,0.18177983559705954,17.791199684143066,6.0,True,1020,162
2013-12-27-317,2013-12-27,FUV2,3577856,16,24762,-0.118197594505131,17.791199684143066,6.0,True,246,3918
2013-12-27-318,2013-12-27,FUV2,3577856,18,24778,0.1717278042099389,17.791199684143066,6.0,True,607,3772
2013-12-27-319,2013-12-27,FUV1,3577856,14,24796,0.3041881763266769,17.791199684143066,6.0,True,611,129
2013-12-27-320,2013-12-27,FUV2,3577856,15,24810,-0.0038003489783389028,17.791199684143066,6.0,True,611,4005
2013-12-27-321,2013-12-27,FUV1,3577856,16,24825,-0.12931697414327648,17.791199684143066,6.0,True,624,99
2013-12-27-322,2013-12-27,FUV1,3577856,12,24841,-0.19638237450190194,17.791199684143066,6.0,True,653,106
2013-12-27-323,2013-12-27,FUV1,3577856,12,24853,0.17939949808125807,17.791199684143066,6.0,True,858,103
2013-12-27-324,2013-12-27,FUV2,3577856,12,24865,0.1639418205503637,17.791199684143066,6.0,True,871,3871
2013-12-27-325,2013-12-27,FUV2,3577856,12,24877,-0.06641407918397223,17.791199684143066,6.0,True,898,4013
2013-12-27-326,2013-12-27,FUV1,3577859,12,24889,0.3415540602091481,17.791199684143066,6.0,True,41,218
2013-12-27-327,2013-12-27,FUV2,3577859,14,24901,0.11103645742227397,17.791199684143066,6.0,True,167,3952
2013-12-27-328,2013-12-27,FUV2,3577859,15,24915,0.23666910324012166,17.791199684143066,6.0,True,334,3651
2013-12-27-329,2013-12-27,FUV1,3577859,12,24930,0.32054787566728643,17.791199684143066,6.0,True,491,159
2013-12-27-330,2013-12-27,FUV1,3577859,12,24942,0.30226372271064583,17.791199684143066,6.0,True,512,249
2013-12-27-331,2013-12-27,FUV2,3577859,21,24954,0.173491087845676,17.791199684143066,6.0,True,621,3898
2013-12-27-332,2013-12-27,FUV1,3577859,15,24975,0.09725911195860568,17.791199684143066,6.0,True,655,289
2013-12-27-333,2013-12-27,FUV2,3577859,13,24990,0.07532866436506952,17.791199684143066,6.0,True,683,3889
2013-12-27-334,2013-12-27,FUV2,3577859,14,25003,-0.09826605341298547,17.791199684143066,6.0,True,799,3958
2013-12-27-335,2013-12-27,FUV1,3577859,12,25017,0.23818484383685978,17.791199684143066,6.0,True,817,164
2013-12-27-336,2013-12-27,FUV2,3577859,19,25029,0.09705754317231369,17.791199684143066,6.0,True,886,3862
2013-12-27-337,2013-12-27,FUV1,3577862,15,25048,0.2216261747140698,17.791199684143066,6.0,True,138,146
2013-12-27-338,2013-12-27,FUV2,3577862,29,25063,0.06708266258550578,17.791199684143066,6.0,True,376,4006
2013-12-27-339,2013-12-27,FUV1,3577862,18,25092,0.24878937324628936,17.791199684143066,6.0,True,421,257
2013-12-27-340,2013-12-27,FUV1,3577862,12,25110,0.2109056801579412,17.791199684143066,6.0,True,612,176
2013-12-27-341,2013-12-27,FUV2,3577862,15,25122,0.15216263935004604,17.791199684143066,6.0,True,711,3791
2013-12-27-342,2013-12-27,FUV2,3577862,12,25137,0.3357723302247549,17.791199684143066,6.0,True,784,4014
2013-12-27-343,2013-12-27,FUV2,3577862,14,25149,0.2749214044089905,17.791199684143066,6.0,True,1057,3888
2013-12-27-344,2013-12-27,FUV2,3577865,12,25163,-0.06586101307951586,17.791199684143066,6.0,True,353,3908
2013-12-27-345,2013-12-27,FUV2,3577865,12,25175,0.3141123520894537,17.791199684143066,6.0,True,390,3885
2013-12-27-346,2013-12-27,FUV1,3577865,16,25187,0.3168976743350465,17.791199684143066,6.0,True,460,183
2013-12-27-347,2013-12-27,FUV2,3577865,13,25203,0.09688961792454817,17.791199684143066,6.0,False,3933,588
2013-12-27-348,2013-12-27,FUV2,3577865,14,25216,0.01839564467314142,17.791199684143066,6.0,True,745,3783
2013-12-27-349,2013-12-27,FUV1,3577865,19,25230,-0.21995734658546306,17.791199684143066,6.0,True,851,119
2013-12-27-350,2013-12-27,FUV2,3577865,14,25249,0.2379676020129759,17.791199684143066,6.0,True,997,3925
2013-12-27-351,2013-12-27,FUV1,3577868,19,25263,0.3430626084888191,17.791199684143066,6.0,True,378,199
2013-12-27-352,2013-12-27,FUV1,3577868,14,25282,-0.0639603719025873,17.791199684143066,6.0,True,717,117
2013-12-27-353,2013-12-27,FUV2,3577868,13,25296,0.211505293316306,17.791199684143066,6.0,True,853,3762
2013-12-27-354,2013-12-27,FUV2,3577868,12,25309,-0.13380654182389387,17.791199684143066,6.0,True,892,3865
2013-12-27-355,2013-12-27,FUV1,3577871,12,25321,-0.2530758505914674,17.791199684143066,6.0,True,764,276
2013-12-27-356,2013-12-27,FUV2,3577871,14,25333,-0.2160833834820769,17.791199684143066,6.0,True,789,3934
2013-12-27-357,2013-12-27,FUV2,3577871,13,25347,0.13829360138224306,17.791199684143066,6.0,True,794,4016
2013-12-27-358,2013-12-27,FUV1,3577874,19,25360,-0.18016024671938952,17.791199684143066,6.0,True,209,138
2013-12-27-359,2013-12-27,FUV2,3577874,12,25379,0.19184223495065075,17.791199684143066,6.0,True,677,3657
2013-12-27-360,2013-12-27,FUV2,3577874,14,25391,-0.24593886777895915,17.791199684143066,6.0,True,775,3788
2013-12-27-361,2013-12-27,FUV1,3577874,15,25405,0.15638939541719474,17.791199684143066,6.0,True,791,349
2013-12-27-362,2013-12-27,FUV2,3577874,14,25420,0.1888525362204728,17.791199684143066,6.0,True,840,3914
2013-12-27-363,2013-12-27,FUV2,3577874,13,25434,-0.10202820325288063,17.791199684143066,6.0,True,1017,3956
2013-12-27-364,2013-12-27,FUV2,3577877,14,25447,0.04496268623466775,17.791199684143066,6.0,True,489,3742
2013-12-27-365,2013-12-27,FUV2,3577877,15,25461,0.20953030374629497,17.791199684143066,6.0,True,525,3759
2013-12-27-366,2013-12-27,FUV2,3577883,15,25476,0.21399501590938086,17.791199684143066,6.0,True,901,3798
2013-12-27-367,2013-12-27,FUV2,3577886,15,25491,0.2998938105239324,17.791199684143066,6.0,False,4002,730
2013-12-27-368,2013-12-27,FUV2,3577898,19,25506,-0.020211235712975867,17.791199684143066,6.0,True,542,3749
2013-12-27-369,2013-12-27,FUV2,3577904,15,25525,-0.13472849784095792,17.791199684143066,6.0,True,648,4012
2013-12-27-370,2013-12-27,FUV1,3577910,12,25540,-0.2850998415353216,17.791199684143066,6.0,False,127,112
2013-12-27-371,2013-12-27,FUV1,3577919,18,25552,0.08746785054873955,17.791199684143066,6.0,False,126,174
2013-12-27-372,2013-12-27,FUV2,3578257,14,25570,-0.2187943761558469,17.791199684143066,6.0,True,403,4008
2013-12-27-373,2013-12-27,FUV1,3578269,13,25584,-0.17042037096076684,17.791199684143066,6.0,True,360,179
2013-12-27-374,2013-12-27,FUV1,3578269,15,25597,-0.005105628232549736,17.791199684143066,6.0,True,826,229
2013-12-27-375,2013-12-27,FUV2,3578272,22,25612,0.04575172394641807,17.791199684143066,6.0,True,598,4015
2013-12-27-376,2013-12-27,FUV1,3578272,26,25634,0.023071010722714752,17.791199684143066,6.0,True,832,99
2013-12-27-377,2013-12-27,FUV1,3578272,13,25660,-0.057671473942144835,17.791199684143066,6.0,True,849,296
2013-12-27-378,2013-12-27,FUV2,3578275,83,25673,0.062445800906649376,17.791199684143066,6.0,True,751,3931
2013-12-27-379,2013-12-27,FUV1,3578275,18,25756,-0.08420014633450361,17.791199684143066,6.0,True,991,158
2013-12-27-380,2013-12-27,FUV2,3578278,12,25774,0.32968699479682106,17.791199684143066,6.0,True,186,3885
2013-12-27-381,2013-12-27,FUV2,3578278,12,25786,-0.14959786646056264,17.791199684143066,6.0,True,216,3795
2013-12-27-382,2013-12-27,FUV2,3578278,21,25798,0.01844270515889395,17.791199684143066,6.0,True,280,4008
2013-12-27-383,2013-12-27,FUV2,3578278,14,25819,0.15960042126216592,17.791199684143066,6.0,True,524,3887
2013-12-27-384,2013-12-27,FUV2,3578278,22,25833,-0.07815277479857557,17.791199684143066,6.0,True,678,3940
2013-12-27-385,2013-12-27,FUV2,3578278,26,25855,-0.13667095032283957,17.791199684143066,6.0,True,705,3953
2013-12-27-386,2013-12-27,FUV2,3578281,20,25881,0.024909605874941593,17.791199684143066,6.0,True,116,3647
2013-12-27-387,2013-12-27,FUV2,3578281,16,25901,0.1250096731510807,17.791199684143066,6.0,True,162,3797
2013-12-27-388,2013-12-27,FUV1,3578281,14,25917,8.878294205690683e-15,17.791199684143066,6.0,True,164,276
2013-12-27-389,2013-12-27,FUV2,3578281,12,25931,0.07229521704939235,17.791199684143066,6.0,True,187,3727
2013-12-27-390,2013-12-27,FUV2,3578281,12,25943,0.26088871413271997,17.791199684143066,6.0,True,520,3925
2013-12-27-391,2013-12-27,FUV2,3578281,12,25955,-0.07308403858385298,17.791199684143066,6.0,True,745,4025
2013-12-27-392,2013-12-27,FUV2,3578281,18,25967,0.16756664185157036,17.791199684143066,6.0,True,887,3776
2013-12-27-393,2013-12-27,FUV1,3578281,29,25985,0.05945610396570499,17.791199684143066,6.0,True,998,331
2013-12-27-394,2013-12-27,FUV1,3578284,13,26014,0.17911154684969982,17.791199684143066,6.0,True,327,302
2013-12-27-395,2013-12-27,FUV2,3578284,18,26027,0.18796972377704108,17.791199684143066,6.0,True,342,3767
2013-12-27-396,2013-12-27,FUV1,3578284,12,26045,0.17105006370875328,17.791199684143066,6.0,True,345,408
2013-12-27-397,2013-12-27,FUV2,3578284,18,26057,-0.17522352796957025,17.791199684143066,6.0,True,467,3922
2013-12-27-398,2013-12-27,FUV2,3578284,14,26075,-0.1773548655138267,17.791199684143066,6.0,True,595,3635
2013-12-27-399,2013-12-27,FUV1,3578284,17,26089,0.18774940939659784,17.791199684143066,6.0,True,604,337
2013-12-27-400,2013-12-27,FUV1,3578284,13,26106,0.2861158460754804,17.791199684143066,6.0,True,952,210
2013-12-27-401,2013-12-27,FUV2,3578284,15,26119,0.14047190210607277,17.791199684143066,6.0,True,978,3941
2013-12-27-402,2013-12-27,FUV2,3578287,16,26134,-0.1256587794952405,17.791199684143066,6.0,True,605,3741
2013-12-27-403,2013-12-27,FUV1,3578287,13,26150,0.23489260450383118,17.791199684143066,6.0,False,356,809
2013-12-27-404,2013-12-27,FUV2,3578287,27,26163,-0.032247342458397055,17.791199684143066,6.0,True,849,3893
2013-12-27-405,2013-12-27,FUV1,3578287,13,26190,0.04777456231016434,17.791199684143066,6.0,True,859,391
2013-12-27-406,2013-12-27,FUV1,3578287,16,26203,0.009948396974627759,17.791199684143066,6.0,True,989,222
2013-12-27-407,2013-12-27,FUV1,3578287,14,26219,-0.0314397084436779,17.791199684143066,6.0,True,1032,148
2013-12-27-408,2013-12-27,FUV1,3578290,17,26233,0.21237916433638812,17.791199684143066,6.0,True,387,269
2013-12-27-409,2013-12-27,FUV1,3578290,14,26250,-0.11066149484688653,17.791199684143066,6.0,True,405,200
2013-12-27-410,2013-12-27,FUV2,3578290,12,26264,0.16720161497501662,17.791199684143066,6.0,True,405,3797
2013-12-27-411,2013-12-27,FUV1,3578290,13,26276,0.16526399782991602,17.791199684143066,6.0,True,563,114
2013-12-27-412,2013-12-27,FUV1,3578290,13,26289,0.05542940240176516,17.791199684143066,6.0,True,763,142
2013-12-27-413,2013-12-27,FUV1,3578290,12,26302,0.273038476304071,17.791199684143066,6.0,True,846,141
2013-12-27-414,2013-12-27,FUV1,3578293,26,26314,0.1250255626313471,17.791199684143066,6.0,True,141,299
2013-12-27-415,2013-12-27,FUV2,3578293,13,26340,0.256099663732502,17.791199684143066,6.0,True,241,4011
2013-12-27-416,2013-12-27,FUV1,3578293,12,26353,0.004011164623529497,17.791199684143066,6.0,True,415,141
2013-12-27-417,2013-12-27,FUV2,3578293,13,26365,0.18318557913561442,17.791199684143066,6.0,True,695,3767
2013-12-27-418,2013-12-27,FUV2,3578293,12,26378,-0.05967809881923445,17.791199684143066,6.0,True,770,3718
2013-12-27-419,2013-12-27,FUV2,3578293,12,26390,0.26784557441048107,17.791199684143066,6.0,True,826,3776
2013-12-27-420,2013-12-27,FUV2,3578293,13,26402,0.19852322003883363,17.791199684143066,6.0,True,870,3795
2013-12-27-421,2013-12-27,FUV2,3578293,12,26415,0.23586296597068307,17.791199684143066,6.0,True,873,4036
2013-12-27-422,2013-12-27,FUV2,3578293,28,26427,-0.0783461660596824,17.791199684143066,6.0,True,970,3746
2013-12-27-423,2013-12-27,FUV2,3578293,12,26455,0.23834903194265689,17.791199684143066,6.0,True,974,3916
2013-12-27-424,2013-12-27,FUV2,3578293,12,26467,0.14058697586628974,17.791199684143066,6.0,True,974,3932
2013-12-27-425,2013-12-27,FUV2,3578293,14,26479,-0.08395549368358986,17.791199684143066,6.0,True,981,3757
2013-12-27-426,2013-12-27,FUV2,3578293,12,26493,0.16960333549545284,17.791199684143066,6.0,True,1051,3855
2013-12-27-427,2013-12-27,FUV2,3578296,13,26505,-0.016417661788482134,17.791199684143066,6.0,True,180,3862
2013-12-27-428,2013-12-27,FUV2,3578296,12,26518,-0.06612417232624188,17.791199684143066,6.0,True,221,3758
2013-12-27-429,2013-12-27,FUV2,3578296,12,26530,0.3234612475789509,17.791199684143066,6.0,True,384,3675
2013-12-27-430,2013-12-27,FUV2,3578296,14,26542,0.11210844046122655,17.791199684143066,6.0,True,410,3740
2013-12-27-431,2013-12-27,FUV1,3578296,13,26556,0.2993759487108138,17.791199684143066,6.0,True,432,353
2013-12-27-432,2013-12-27,FUV2,3578296,12,26569,0.16336378296219772,17.791199684143066,6.0,True,492,4024
2013-12-27-433,2013-12-27,FUV1,3578296,17,26581,-0.11808383731477906,17.791199684143066,6.0,True,650,326
2013-12-27-434,2013-12-27,FUV2,3578296,16,26598,-0.13211052323970762,17.791199684143066,6.0,True,701,3909
2013-12-27-435,2013-12-27,FUV2,3578296,15,26614,0.2166202190147166,17.791199684143066,6.0,True,951,3957
2013-12-27-436,2013-12-27,FUV1,3578296,12,26629,0.01884606376474153,17.791199684143066,6.0,True,1029,409
2013-12-27-437,2013-12-27,FUV2,3578296,12,26641,0.19242123935369304,17.791199684143066,6.0,True,1046,3898
2013-12-27-438,2013-12-27,FUV2,3578296,13,26653,0.052475965208740885,17.791199684143066,6.0,True,1059,3634
2013-12-27-439,2013-12-27,FUV1,3578299,17,26666,0.14612778490555284,17.791199684143066,6.0,True,26,264
2013-12-27-440,2013-12-27,FUV1,3578299,13,26683,0.05948970194219767,17.791199684143066,6.0,True,98,216
2013-12-27-441,2013-12-27,FUV2,3578299,13,26696,0.29765381883996733,17.791199684143066,6.0,True,166,3762
2013-12-27-442,2013-12-27,FUV2,3578299,14,26709,-0.052369123659860996,17.791199684143066,6.0,True,259,4019
2013-12-27-443,2013-12-27,FUV1,3578299,13,26723,0.2921234982294038,17.791199684143066,6.0,True,265,347
2013-12-27-444,2013-12-27,FUV1,3578299,14,26736,0.13544081525490162,17.791199684143066,6.0,True,275,251
2013-12-27-445,2013-12-27,FUV1,3578299,13,26750,0.33544003862099425,17.791199684143066,6.0,True,370,150
2013-12-27-446,2013-12-27,FUV2,3578299,13,26763,-0.2939223079901558,17.791199684143066,6.0,True,423,3729
2013-12-27-447,2013-12-27,FUV1,3578299,12,26776,-0.06908425058479964,17.791199684143066,6.0,True,426,173
2013-12-27-448,2013-12-27,FUV1,3578299,12,26788,0.25911239728014845,17.791199684143066,6.0,True,554,137
2013-12-27-449,2013-12-27,FUV2,3578299,14,26800,0.3365519058247196,17.791199684143066,6.0,True,619,3764
2013-12-27-450,2013-12-27,FUV2,3578299,33,26814,0.11766814135906736,17.791199684143066,6.0,True,662,3784
2013-12-27-451,2013-12-27,FUV2,3578299,14,26847,-0.07210067886171082,17.791199684143066,6.0,True,760,3961
2013-12-27-452,2013-12-27,FUV2,3578299,16,26861,0.1414077656933614,17.791199684143066,6.0,True,771,3868
2013-12-27-453,2013-12-27,FUV2,3578299,21,26877,-0.012420214752368264,17.791199684143066,6.0,True,948,3953
2013-12-27-454,2013-12-27,FUV2,3578299,12,26898,0.19939808457438904,17.791199684143066,6.0,True,973,3861
2013-12-27-455,2013-12-27,FUV1,3578302,12,26910,0.2529135694466595,17.791199684143066,6.0,True,193,375
2013-12-27-456,2013-12-27,FUV1,3578302,13,26922,-0.0037533482375178093,17.791199684143066,6.0,True,261,288
2013-12-27-457,2013-12-27,FUV2,3578302,13,26935,0.32167504640736483,17.791199684143066,6.0,True,374,3787
2013-12-27-458,2013-12-27,FUV2,3578302,15,26948,0.2863597424302724,17.791199684143066,6.0,True,439,3923
2013-12-27-459,2013-12-27,FUV2,3578302,15,26963,0.222025708335693,17.791199684143066,6.0,True,462,3634
2013-12-27-460,2013-12-27,FUV1,3578302,13,26978,0.09805605881223038,17.791199684143066,6.0,True,716,408
2013-12-27-461,2013-12-27,FUV2,3578302,14,26991,0.25916562315657915,17.791199684143066,6.0,True,839,3889
2013-12-27-462,2013-12-27,FUV2,3578302,14,27005,0.2318212716179554,17.791199684143066,6.0,True,892,3797
2013-12-27-463,2013-12-27,FUV2,3578302,12,27019,-0.2948873728435883,17.791199684143066,6.0,True,916,4011
2013-12-27-464,2013-12-27,FUV2,3578302,15,27031,0.3104020552986398,17.791199684143066,6.0,True,917,3742
2013-12-27-465,2013-12-27,FUV2,3578302,13,27046,0.270305389661164,17.791199684143066,6.0,True,921,3769
2013-12-27-466,2013-12-27,FUV2,3578302,15,27059,0.10991848585696615,17.791199684143066,6.0,True,986,3648
2013-12-27-467,2013-12-27,FUV1,3578305,13,27074,0.026509848159914043,17.791199684143066,6.0,True,197,107
2013-12-27-468,2013-12-27,FUV1,3578305,16,27087,0.28797121774372686,17.791199684143066,6.0,True,298,158
2013-12-27-469,2013-12-27,FUV1,3578305,13,27103,0.1263010669285594,17.791199684143066,6.0,True,305,120
2013-12-27-470,2013-12-27,FUV1,3578305,13,27116,-0.23423515998281588,17.791199684143066,6.0,True,370,280
2013-12-27-471,2013-12-27,FUV2,3578305,14,27129,-0.23169908996537406,17.791199684143066,6.0,True,408,3659
2013-12-27-472,2013-12-27,FUV1,3578305,12,27143,0.02497621407644056,17.791199684143066,6.0,True,475,124
2013-12-27-473,2013-12-27,FUV1,3578305,16,27155,0.23170279640615224,17.791199684143066,6.0,True,529,101
2013-12-27-474,2013-12-27,FUV2,3578305,12,27171,-0.13466595036483273,17.791199684143066,6.0,True,593,3905
2013-12-27-475,2013-12-27,FUV2,3578305,12,27183,0.038614708906095134,17.791199684143066,6.0,True,638,3670
2013-12-27-476,2013-12-27,FUV2,3578305,16,27195,0.3211529976382891,17.791199684143066,6.0,True,767,3909
2013-12-27-477,2013-12-27,FUV2,3578305,16,27211,0.07665132189773124,17.791199684143066,6.0,True,775,4004
2013-12-27-478,2013-12-27,FUV2,3578305,12,27227,0.2034063200656813,17.791199684143066,6.0,True,889,3651
2013-12-27-479,2013-12-27,FUV2,3578305,13,27239,0.06701886937078297,17.791199684143066,6.0,True,988,3892
2013-12-27-480,2013-12-27,FUV1,3578305,15,27252,-0.08088879400317768,17.791199684143066,6.0,True,1011,342
2013-12-27-481,2013-12-27,FUV2,3578305,24,27267,-0.008492453539579071,17.791199684143066,6.0,True,1036,3930
2013-12-27-482,2013-12-27,FUV1,3578308,13,27291,0.25395610758586823,17.791199684143066,6.0,True,27,278
2013-12-27-483,2013-12-27,FUV1,3578308,16,27304,0.06749796052405561,17.791199684143066,6.0,True,193,111
2013-12-27-484,2013-12-27,FUV2,3578308,12,27320,-0.03518183284232863,17.791199684143066,6.0,True,317,3754
2013-12-27-485,2013-12-27,FUV2,3578308,13,27332,0.24176184589994335,17.791199684143066,6.0,True,350,3865
2013-12-27-486,2013-12-27,FUV2,3578308,15,27345,0.2223507324353991,17.791199684143066,6.0,True,674,3865
2013-12-27-487,2013-12-27,FUV2,3578308,13,27360,-0.24612247526916264,17.791199684143066,6.0,True,782,3794
2013-12-27-488,2013-12-27,FUV1,3578308,13,27373,-0.10563555150861932,17.791199684143066,6.0,True,810,129
2013-12-27-489,2013-12-27,FUV2,3578308,14,27386,0.012379927729819343,17.791199684143066,6.0,True,843,3766
2013-12-27-490,2013-12-27,FUV2,3578308,15,27400,0.0821468388890727,17.791199684143066,6.0,True,847,3782
2013-12-27-491,2013-12-27,FUV1,3578749,14,27415,0.05717366382514501,17.791199684143066,6.0,False,290,114
2013-12-27-492,2013-12-27,FUV2,3578767,14,27429,0.23264566773670708,17.791199684143066,6.0,True,185,3884
2013-12-27-493,2013-12-27,FUV2,3578776,13,27443,0.31513184898133006,17.791199684143066,6.0,True,1048,3744
2013-12-27-494,2013-12-27,FUV2,3578785,12,27456,0.11712723491918726,17.791199684143066,6.0,True,673,3946
2013-12-27-495,2013-12-27,FUV2,3578815,20,27468,0.3111274082905514,17.791199684143066,6.0,False,3722,805
2013-12-27-496,2013-12-27,FUV2,3578824,12,27488,0.07502094639935705,17.791199684143066,6.0,True,647,4040
2013-12-27-497,2013-12-27,SJI,3577239,13,27500,0.0001467579867529905,26.6867995262146,18.0,False,372,622
2013-12-27-498,2013-12-27,SJI,3577245,13,27513,0.00979396940799929,26.6867995262146,18.0,False,364,624
2013-12-27-499,2013-12-27,SJI,3577251,14,27526,0.24041397013963375,26.6867995262146,18.0,True,682,641
2013-12-27-500,2013-12-27,SJI,3577257,12,27540,0.006832152423860963,26.6867995262146,18.0,True,983,684
2013-12-27-501,2013-12-27,SJI,3577269,19,27552,-0.06383039409090581,26.6867995262146,18.0,True,876,806
2013-12-27-502,2013-12-27,SJI,3577275,16,27571,-0.14276556168528176,26.6867995262146,18.0,True,606,393
2013-12-27-503,2013-12-27,SJI,3577281,27,27587,-0.18684149280429427,26.6867995262146,18.0,True,688,579
2013-12-27-504,2013-12-27,SJI,3577755,14,27614,0.014399107967319016,26.6867995262146,18.0,True,605,495
2013-12-27-505,2013-12-27,SJI,3577761,17,27628,-0.05702676939883414,26.6867995262146,18.0,True,526,506
2013-12-27-506,2013-12-27,SJI,3577761,22,27645,0.24353546472691465,26.6867995262146,18.0,False,517,643
2013-12-27-507,2013-12-27,SJI,3577779,15,27667,-0.17719048949368585,26.6867995262146,18.0,True,672,582
2013-12-27-508,2013-12-27,SJI,3577803,42,27682,0.10327374076115974,26.6867995262146,18.0,True,840,496
2013-12-27-509,2013-12-27,SJI,3577809,15,27724,-0.14743222471002634,26.6867995262146,18.0,True,525,632
2013-12-27-510,2013-12-27,SJI,3577809,12,27739,0.09716991370793378,26.6867995262146,18.0,True,541,720
2013-12-27-511,2013-12-27,SJI,3577809,20,27751,0.06904614059532244,26.6867995262146,18.0,True,937,397
2013-12-27-512,2013-12-27,SJI,3577809,14,27771,0.1178534852056604,26.6867995262146,18.0,True,1023,279
2013-12-27-513,2013-12-27,SJI,3577815,13,27785,-0.1674330182187523,26.6867995262146,18.0,True,668,315
2013-12-27-514,2013-12-27,SJI,3577815,13,27798,0.07349671853368228,26.6867995262146,18.0,True,804,214
2013-12-27-515,2013-12-27,SJI,3577815,31,27811,0.12823045182050188,26.6867995262146,18.0,True,883,718
2013-12-27-516,2013-12-27,SJI,3577821,30,27842,-0.010115679929915692,26.6867995262146,18.0,True,618,560
2013-12-27-517,2013-12-27,SJI,3577821,16,27872,0.07015923035954447,26.6867995262146,18.0,True,627,550
2013-12-27-518,2013-12-27,SJI,3577821,14,27888,0.2158957715428451,26.6867995262146,18.0,True,814,593
2013-12-27-519,2013-12-27,SJI,3577821,12,27902,-0.11446080380050076,26.6867995262146,18.0,True,818,629
2013-12-27-520,2013-12-27,SJI,3577821,16,27914,0.15982005378506522,26.6867995262146,18.0,True,824,583
2013-12-27-521,2013-12-27,SJI,3577821,18,27930,-0.1621242177298445,26.6867995262146,18.0,True,981,125
2013-12-27-522,2013-12-27,SJI,3577827,18,27948,-0.10371203760730749,26.6867995262146,18.0,True,376,630
2013-12-27-523,2013-12-27,SJI,3577827,33,27966,0.19379489329955774,26.6867995262146,18.0,True,536,725
2013-12-27-524,2013-12-27,SJI,3577827,13,27999,-0.13636726258590454,26.6867995262146,18.0,True,559,663
2013-12-27-525,2013-12-27,SJI,3577827,12,28012,-0.11586919416135227,26.6867995262146,18.0,True,595,689
2013-12-27-526,2013-12-27,SJI,3577827,13,28024,-0.018541723096556727,26.6867995262146,18.0,True,666,690
2013-12-27-527,2013-12-27,SJI,3577827,14,28037,-0.20144275546776963,26.6867995262146,18.0,True,791,315
2013-12-27-528,2013-12-27,SJI,3577827,13,28051,-0.04021176945768385,26.6867995262146,18.0,True,836,627
2013-12-27-529,2013-12-27,SJI,3577827,20,28064,0.12897025930108583,26.6867995262146,18.0,True,973,536
2013-12-27-530,2013-12-27,SJI,3577827,12,28084,0.09312361988976668,26.6867995262146,18.0,True,1009,643
2013-12-27-531,2013-12-27,SJI,3577833,13,28096,-0.13870145163725192,26.6867995262146,18.0,True,435,617
2013-12-27-532,2013-12-27,SJI,3577833,13,28109,0.16711844530230788,26.6867995262146,18.0,True,463,526
2013-12-27-533,2013-12-27,SJI,3577833,12,28122,-0.12727796448228074,26.6867995262146,18.0,True,541,437
2013-12-27-534,2013-12-27,SJI,3577833,20,28134,-0.30046455585814574,26.6867995262146,18.0,True,635,484
2013-12-27-535,2013-12-27,SJI,3577833,12,28154,0.11896491659403613,26.6867995262146,18.0,True,716,554
2013-12-27-536,2013-12-27,SJI,3577833,14,28166,0.20358287056859323,26.6867995262146,18.0,True,897,313
2013-12-27-537,2013-12-27,SJI,3577833,15,28180,-0.1496699330181763,26.6867995262146,18.0,True,923,217
2013-12-27-538,2013-12-27,SJI,3577833,16,28195,-0.3360447606520156,26.6867995262146,18.0,True,955,552
2013-12-27-539,2013-12-27,SJI,3577833,14,28211,0.15890818788131503,26.6867995262146,18.0,True,967,228
2013-12-27-540,2013-12-27,SJI,3577839,21,28225,-0.03264326034083646,26.6867995262146,18.0,True,435,599
2013-12-27-541,2013-12-27,SJI,3577839,29,28246,-0.10210336890529687,26.6867995262146,18.0,True,440,606
2013-12-27-542,2013-12-27,SJI,3577839,13,28275,0.0637168455396969,26.6867995262146,18.0,True,573,386
2013-12-27-543,2013-12-27,SJI,3577839,20,28288,-0.022669138118422683,26.6867995262146,18.0,True,615,482
2013-12-27-544,2013-12-27,SJI,3577839,16,28308,0.12460890708058428,26.6867995262146,18.0,True,709,328
2013-12-27-545,2013-12-27,SJI,3577839,14,28324,-0.1975593511510793,26.6867995262146,18.0,True,796,460
2013-12-27-546,2013-12-27,SJI,3577839,18,28338,-0.0753656294250203,26.6867995262146,18.0,True,912,384
2013-12-27-547,2013-12-27,SJI,3577839,16,28356,-0.3331654981647019,26.6867995262146,18.0,True,949,179
2013-12-27-548,2013-12-27,SJI,3577845,12,28372,-0.114781032071861,26.6867995262146,18.0,True,480,510
2013-12-27-549,2013-12-27,SJI,3577845,24,28384,-0.14610631850673958,26.6867995262146,18.0,True,680,559
2013-12-27-550,2013-12-27,SJI,3577845,16,28408,0.03839709195980615,26.6867995262146,18.0,True,692,534
2013-12-27-551,2013-12-27,SJI,3577845,23,28424,-0.1403215055181249,26.6867995262146,18.0,True,704,755
2013-12-27-552,2013-12-27,SJI,3577845,19,28447,-0.2426554421693515,26.6867995262146,18.0,True,897,486
2013-12-27-553,2013-12-27,SJI,3577851,14,28466,-0.13866562668980745,26.6867995262146,18.0,True,843,263
2013-12-27-554,2013-12-27,SJI,3577851,14,28480,-0.24628860548271198,26.6867995262146,18.0,True,874,804
2013-12-27-555,2013-12-27,SJI,3577851,16,28494,-0.28047768040189003,26.6867995262146,18.0,True,877,596
2013-12-27-556,2013-12-27,SJI,3577851,16,28510,-0.07770051787275825,26.6867995262146,18.0,True,903,296
2013-12-27-557,2013-12-27,SJI,3577851,12,28526,-0.3299420428073363,26.6867995262146,18.0,True,941,292
2013-12-27-558,2013-12-27,SJI,3577851,14,28538,-0.07520904841070014,26.6867995262146,18.0,True,948,372
2013-12-27-559,2013-12-27,SJI,3577851,12,28552,0.08332883989057181,26.6867995262146,18.0,True,957,754
2013-12-27-560,2013-12-27,SJI,3577851,13,28564,-0.14098418985283204,26.6867995262146,18.0,True,961,399
2013-12-27-561,2013-12-27,SJI,3577851,16,28577,-0.14223818348882578,26.6867995262146,18.0,True,1016,310
2013-12-27-562,2013-12-27,SJI,3577857,13,28593,-0.021108348333568058,26.6867995262146,18.0,True,972,501
2013-12-27-563,2013-12-27,SJI,3577857,19,28606,-0.24207291087734975,26.6867995262146,18.0,False,665,983
2013-12-27-564,2013-12-27,SJI,3577857,20,28625,-0.31272236657012453,26.6867995262146,18.0,True,1010,524
2013-12-27-565,2013-12-27,SJI,3577863,15,28645,-0.22651955812793703,26.6867995262146,18.0,True,1001,827
2013-12-27-566,2013-12-27,SJI,3577869,23,28660,0.045849936136368695,26.6867995262146,18.0,False,187,926
2013-12-27-567,2013-12-27,SJI,3577869,12,28683,-0.2401110124229213,26.6867995262146,18.0,True,1028,735
2013-12-27-568,2013-12-27,SJI,3577875,13,28695,0.04373326486103583,26.6867995262146,18.0,True,785,399
2013-12-27-569,2013-12-27,SJI,3577875,12,28708,-0.1459580361074931,26.6867995262146,18.0,True,1018,464
2013-12-27-570,2013-12-27,SJI,3577899,24,28720,0.05707740347799098,26.6867995262146,18.0,False,681,806
2013-12-27-571,2013-12-27,SJI,3577899,15,28744,-0.3178071249428659,26.6867995262146,18.0,False,787,951
2013-12-27-572,2013-12-27,SJI,3577917,13,28759,-0.16150599344714456,26.6867995262146,18.0,False,368,960
2013-12-27-573,2013-12-27,SJI,3577917,22,28772,-0.19304728004490845,26.6867995262146,18.0,False,87,1013
2013-12-27-574,2013-12-27,SJI,3578264,14,28794,-0.043322574610851844,26.6867995262146,18.0,True,421,547
2013-12-27-575,2013-12-27,SJI,3578264,14,28808,0.3013311317853362,26.6867995262146,18.0,True,996,516
2013-12-27-576,2013-12-27,SJI,3578276,23,28822,0.027558785051439025,26.6867995262146,18.0,True,695,272
2013-12-27-577,2013-12-27,SJI,3578276,12,28845,-0.011243499874428211,26.6867995262146,18.0,True,866,560
2013-12-27-578,2013-12-27,SJI,3578282,16,28857,-0.035823494432750694,26.6867995262146,18.0,True,490,487
2013-12-27-579,2013-12-27,SJI,3578282,13,28873,0.05109406610230441,26.6867995262146,18.0,True,655,510
2013-12-27-580,2013-12-27,SJI,3578282,12,28886,0.13629003162543085,26.6867995262146,18.0,True,963,513
2013-12-27-581,2013-12-27,SJI,3578282,17,28898,0.18000458198204836,26.6867995262146,18.0,True,977,135
2013-12-27-582,2013-12-27,SJI,3578288,12,28915,0.061619469715690336,26.6867995262146,18.0,True,493,426
2013-12-27-583,2013-12-27,SJI,3578288,19,28927,0.03923524254865399,26.6867995262146,18.0,True,858,555
2013-12-27-584,2013-12-27,SJI,3578288,19,28946,0.0009410114596340133,26.6867995262146,18.0,True,979,562
2013-12-27-585,2013-12-27,SJI,3578288,12,28965,-0.22264890798811138,26.6867995262146,18.0,True,982,257
2013-12-27-586,2013-12-27,SJI,3578288,15,28977,-0.33739288398442124,26.6867995262146,18.0,True,1022,216
2013-12-27-587,2013-12-27,SJI,3578294,16,28992,-0.2706115156304276,26.6867995262146,18.0,True,541,459
2013-12-27-588,2013-12-27,SJI,3578294,20,29008,-0.007562068175907048,26.6867995262146,18.0,True,590,464
2013-12-27-589,2013-12-27,SJI,3578294,12,29028,-0.29490936151308894,26.6867995262146,18.0,True,645,355
2013-12-27-590,2013-12-27,SJI,3578294,12,29040,-0.1681225730156359,26.6867995262146,18.0,True,727,499
2013-12-27-591,2013-12-27,SJI,3578294,13,29052,0.00861454337642069,26.6867995262146,18.0,True,777,419
2013-12-27-592,2013-12-27,SJI,3578294,12,29065,0.02184687133451234,26.6867995262146,18.0,True,880,515
2013-12-27-593,2013-12-27,SJI,3578294,12,29077,-0.30260177362895324,26.6867995262146,18.0,True,901,375
2013-12-27-594,2013-12-27,SJI,3578294,14,29089,-0.11600627916672458,26.6867995262146,18.0,True,1028,180
2013-12-27-595,2013-12-27,SJI,3578300,12,29103,-0.31597782317015954,26.6867995262146,18.0,True,841,261
2013-12-27-596,2013-12-27,SJI,3578300,13,29115,0.03106722289532777,26.6867995262146,18.0,True,975,341
2013-12-27-597,2013-12-27,SJI,3578300,13,29128,-0.34037183827891165,26.6867995262146,18.0,True,1033,419
2013-12-27-598,2013-12-27,SJI,3578306,16,29141,-0.24811962035176446,26.6867995262146,18.0,True,460,456
2013-12-27-599,2013-12-27,SJI,3578306,16,29157,-0.08085195145024997,26.6867995262146,18.0,True,483,469
2013-12-27-600,2013-12-27,SJI,3578306,14,29173,0.12515139077991064,26.6867995262146,18.0,True,853,221
2013-12-27-601,2013-12-27,SJI,3578306,13,29187,-0.06959546084422133,26.6867995262146,18.0,True,924,512
2013-12-27-602,2013-12-27,SJI,3578306,13,29200,-0.11495331933911147,26.6867995262146,18.0,False,418,1007
2013-12-27-603,2013-12-27,SJI,3578306,12,29213,0.16023485143185143,26.6867995262146,18.0,True,1015,564
2013-12-27-604,2013-12-27,SJI,3578306,13,29225,0.17247271564737213,26.6867995262146,18.0,False,108,1039
2013-12-27-605,2013-12-27,SJI,3578756,13,29238,0.03304109365111935,26.6867995262146,18.0,True,582,712
2013-12-27-606,2013-12-27,SJI,3578774,14,29251,0.017895538163203804,26.6867995262146,18.0,True,702,554
2013-12-27-607,2013-12-27,SJI,3578780,29,29265,-0.033350306743852705,26.6867995262146,18.0,True,465,648
2013-12-27-608,2013-12-27,SJI,3578822,14,29294,-0.10600866155321706,26.6867995262146,18.0,True,449,582
2013-12-27-609,2013-12-27,SJI,3578822,54,29308,0.02819343573379545,26.6867995262146,18.0,False,481,644
2014-04-16-1,2014-04-16,SJI,5141566,18,29362,0.08571635971751332,26.6867995262146,18.0,True,411,689
2014-04-16-2,2014-04-16,SJI,5141566,17,29380,0.07186062674857356,26.6867995262146,18.0,True,690,789
2014-04-16-3,2014-04-16,SJI,5141578,50,29397,0.013163961292817177,26.6867995262146,18.0,True,694,699
2014-04-16-4,2014-04-16,SJI,5141590,13,29447,0.30545108735507503,26.6867995262146,18.0,True,819,721
2014-04-16-5,2014-04-16,SJI,5141632,14,29460,0.15991581163929758,26.6867995262146,18.0,False,824,332
2014-04-16-6,2014-04-16,SJI,5141638,13,29474,0.2612878566380083,26.6867995262146,18.0,False,809,589
2014-04-16-7,2014-04-16,SJI,5141638,17,29487,0.31080844313194156,26.6867995262146,18.0,False,768,671
2014-04-16-8,2014-04-16,SJI,5141644,12,29504,0.32463877435477295,26.6867995262146,18.0,False,390,734
2014-04-16-9,2014-04-16,SJI,5141650,12,29516,0.2768995664967221,26.6867995262146,18.0,False,827,235
2014-04-16-10,2014-04-16,SJI,5141650,13,29528,0.09809147335336839,26.6867995262146,18.0,False,825,794
2014-04-16-11,2014-04-16,SJI,5141656,28,29541,0.11066948116521597,26.6867995262146,18.0,False,353,675
2014-04-16-12,2014-04-16,SJI,5141716,12,29569,-0.03740137452736132,26.6867995262146,18.0,True,553,632
2014-04-16-13,2014-04-16,SJI,5142640,15,29581,0.25548847245129147,26.6867995262146,18.0,False,389,701
2014-04-16-14,2014-04-16,SJI,5142652,12,29596,0.055522143565725476,26.6867995262146,18.0,True,437,700
2014-04-16-15,2014-04-16,SJI,5142658,14,29608,-0.011295850253125852,26.6867995262146,18.0,True,673,420
2014-04-16-16,2014-04-16,SJI,5142658,12,29622,0.15671448388550155,26.6867995262146,18.0,False,671,700
2014-04-16-17,2014-04-16,SJI,5142658,13,29634,-0.22812423980795038,26.6867995262146,18.0,True,752,204
2014-04-16-18,2014-04-16,SJI,5142658,12,29647,0.18757663390227355,26.6867995262146,18.0,False,317,814
2014-04-16-19,2014-04-16,SJI,5142664,14,29659,0.16881584928950427,26.6867995262146,18.0,False,505,738
2014-04-16-20,2014-04-16,SJI,5142664,12,29673,0.1067303337032167,26.6867995262146,18.0,False,662,766
2014-04-16-21,2014-04-16,SJI,5142670,12,29685,-0.2007421781281836,26.6867995262146,18.0,False,823,416
2014-04-16-22,2014-04-16,SJI,5142670,13,29697,0.0690276515506598,26.6867995262146,18.0,False,582,601
2014-04-16-23,2014-04-16,SJI,5142670,12,29710,0.3316382397551389,26.6867995262146,18.0,False,823,653
2014-04-16-24,2014-04-16,SJI,5142676,12,29722,0.33613801230961743,26.6867995262146,18.0,False,793,438
2014-04-16-25,2014-04-16,SJI,5142676,14,29734,0.20802125672032004,26.6867995262146,18.0,False,451,607
2014-04-16-26,2014-04-16,SJI,5142676,12,29748,0.215567387071405,26.6867995262146,18.0,True,700,741
2014-04-16-27,2014-04-16,SJI,5142676,13,29760,0.2746321700561187,26.6867995262146,18.0,False,715,710
2014-04-16-28,2014-04-16,SJI,5142676,16,29773,-0.1068395474578287,26.6867995262146,18.0,False,567,713
2014-04-16-29,2014-04-16,SJI,5142676,18,29789,0.08979276800198158,26.6867995262146,18.0,False,790,721
2014-04-16-30,2014-04-16,SJI,5142682,12,29807,0.021074778337499,26.6867995262146,18.0,False,736,263
2014-04-16-31,2014-04-16,SJI,5142682,15,29819,0.3139836728668155,26.6867995262146,18.0,False,738,342
2014-04-16-32,2014-04-16,SJI,5142682,13,29834,0.24032481495126903,26.6867995262146,18.0,False,434,577
2014-04-16-33,2014-04-16,SJI,5142682,12,29847,0.1599231781879523,26.6867995262146,18.0,False,501,742
2014-04-16-34,2014-04-16,SJI,5142682,14,29859,0.14695998028625482,26.6867995262146,18.0,False,787,767
2014-04-16-35,2014-04-16,SJI,5142682,12,29873,0.3034570368644944,26.6867995262146,18.0,False,844,855
2014-04-16-36,2014-04-16,SJI,5142688,12,29885,-0.17766989411946077,26.6867995262146,18.0,False,670,360
2014-04-16-37,2014-04-16,SJI,5142688,13,29897,-0.2120079817670211,26.6867995262146,18.0,False,819,590
2014-04-16-38,2014-04-16,SJI,5142688,12,29910,0.2862501858394212,26.6867995262146,18.0,False,327,630
2014-04-16-39,2014-04-16,SJI,5142688,16,29922,0.1852727429750438,26.6867995262146,18.0,False,332,776
2014-04-16-40,2014-04-16,SJI,5142688,18,29938,0.1196431333384332,26.6867995262146,18.0,False,421,816
2014-04-16-41,2014-04-16,SJI,5142694,13,29956,0.21895761600413358,26.6867995262146,18.0,False,795,278
2014-04-16-42,2014-04-16,SJI,5142694,18,29969,0.19974349915514944,26.6867995262146,18.0,False,392,768
2014-04-16-43,2014-04-16,SJI,5142694,12,29987,-0.29375154356964844,26.6867995262146,18.0,True,806,781
2014-04-16-44,2014-04-16,SJI,5142694,15,29999,0.2537340415752252,26.6867995262146,18.0,False,488,862
2014-04-16-45,2014-04-16,SJI,5142700,14,30014,0.29940870519883583,26.6867995262146,18.0,False,721,686
2014-04-16-46,2014-04-16,SJI,5142700,13,30028,0.16348360667489248,26.6867995262146,18.0,False,736,687
2014-04-16-47,2014-04-16,SJI,5142700,12,30041,0.028057056041899155,26.6867995262146,18.0,False,253,755
2014-04-16-48,2014-04-16,SJI,5142700,17,30053,0.2637595430219526,26.6867995262146,18.0,False,563,822
2014-04-16-49,2014-04-16,SJI,5142706,12,30070,0.1516476812838939,26.6867995262146,18.0,False,807,454
2014-04-16-50,2014-04-16,SJI,5142706,13,30082,-0.2514200324927909,26.6867995262146,18.0,False,478,520
2014-04-16-51,2014-04-16,SJI,5142706,12,30095,-0.25046975801265703,26.6867995262146,18.0,False,566,687
2014-04-16-52,2014-04-16,SJI,5142712,12,30107,-0.051374991925957646,26.6867995262146,18.0,False,675,254
2014-04-16-53,2014-04-16,SJI,5142712,23,30119,-0.0215649531972386,26.6867995262146,18.0,False,528,583
2014-04-16-54,2014-04-16,SJI,5142712,32,30142,-0.20604152425327857,26.6867995262146,18.0,False,748,820
2014-04-16-55,2014-04-16,SJI,5142712,15,30174,-0.3019436480372388,26.6867995262146,18.0,False,776,837
2014-04-16-56,2014-04-16,SJI,5142712,16,30189,0.033463552830219664,26.6867995262146,18.0,False,828,857
2014-04-16-57,2014-04-16,SJI,5142712,16,30205,0.12740178302346858,26.6867995262146,18.0,False,376,867
2014-04-16-58,2014-04-16,SJI,5142718,12,30221,-0.07635060410820935,26.6867995262146,18.0,True,273,710
2014-04-16-59,2014-04-16,SJI,5142718,13,30233,-0.13856555318191832,26.6867995262146,18.0,False,673,302
2014-04-16-60,2014-04-16,SJI,5142718,24,30246,-0.02089024405939466,26.6867995262146,18.0,False,466,609
2014-04-16-61,2014-04-16,SJI,5142730,14,30270,-0.30686027314910114,26.6867995262146,18.0,False,516,814
2014-04-16-62,2014-04-16,FUV1,5141544,25,30284,-0.00047407115522014263,17.791199684143066,6.0,True,219,1850
2014-04-16-63,2014-04-16,FUV1,5141568,25,30309,-0.014041125811279616,17.791199684143066,6.0,True,219,1850
2014-04-16-64,2014-04-16,FUV1,5141568,13,30334,-0.013550778438652562,17.791199684143066,6.0,False,1839,813
2014-04-16-65,2014-04-16,FUV1,5141583,16,30347,0.2715062604834939,17.791199684143066,6.0,True,354,1374
2014-04-16-66,2014-04-16,FUV2,5141586,17,30363,0.2795133335387688,17.791199684143066,6.0,True,493,3253
2014-04-16-67,2014-04-16,FUV2,5141586,14,30380,0.3198359209348348,17.791199684143066,6.0,True,750,3020
2014-04-16-68,2014-04-16,FUV1,5141592,26,30394,-0.01545815446155262,17.791199684143066,6.0,True,219,1850
2014-04-16-69,2014-04-16,FUV2,5141592,16,30420,0.20345648373379413,17.791199684143066,6.0,True,628,3520
2014-04-16-70,2014-04-16,FUV1,5141595,13,30436,0.252223733623788,17.791199684143066,6.0,True,261,1647
2014-04-16-71,2014-04-16,FUV1,5141595,13,30449,0.02121119799136691,17.791199684143066,6.0,True,398,433
2014-04-16-72,2014-04-16,FUV1,5141598,13,30462,-0.11003222931234836,17.791199684143066,6.0,False,176,223
2014-04-16-73,2014-04-16,FUV2,5141607,13,30475,-0.18489602720911533,17.791199684143066,6.0,True,706,3647
2014-04-16-74,2014-04-16,FUV2,5141610,13,30488,0.2949880898644906,17.791199684143066,6.0,False,3896,331
2014-04-16-75,2014-04-16,FUV1,5141610,12,30501,0.07590517845532496,17.791199684143066,6.0,True,452,229
2014-04-16-76,2014-04-16,FUV2,5141610,15,30513,-0.14956289879297066,17.791199684143066,6.0,True,770,3158
2014-04-16-77,2014-04-16,FUV1,5141613,12,30528,-0.021603091559449512,17.791199684143066,6.0,True,791,1671
2014-04-16-78,2014-04-16,FUV1,5141616,14,30540,0.1385267895986517,17.791199684143066,6.0,True,827,277
2014-04-16-79,2014-04-16,FUV2,5141619,12,30554,0.22890297184373778,17.791199684143066,6.0,True,556,3159
2014-04-16-80,2014-04-16,FUV2,5141619,13,30566,0.2722001090604592,17.791199684143066,6.0,False,2956,631
2014-04-16-81,2014-04-16,FUV1,5141619,13,30579,0.07375487017610655,17.791199684143066,6.0,False,1889,878
2014-04-16-82,2014-04-16,FUV1,5141622,15,30592,-0.16540151826496313,17.791199684143066,6.0,False,1721,309
2014-04-16-83,2014-04-16,FUV2,5141622,12,30607,0.003634567100426652,17.791199684143066,6.0,True,435,3898
2014-04-16-84,2014-04-16,FUV2,5141622,12,30619,-0.030250215748463892,17.791199684143066,6.0,True,473,2979
2014-04-16-85,2014-04-16,FUV2,5141622,13,30631,-0.10925041620042901,17.791199684143066,6.0,False,3631,558
2014-04-16-86,2014-04-16,FUV1,5141622,12,30644,0.2338170975675056,17.791199684143066,6.0,False,1748,734
2014-04-16-87,2014-04-16,FUV2,5141622,12,30656,-0.1908603989459216,17.791199684143066,6.0,True,830,3747
2014-04-16-88,2014-04-16,FUV2,5141622,14,30668,-0.001237349179908148,17.791199684143066,6.0,False,3759,857
2014-04-16-89,2014-04-16,FUV1,5141622,13,30682,0.28010076820785074,17.791199684143066,6.0,False,1787,879
2014-04-16-90,2014-04-16,FUV2,5141625,12,30695,0.34150875903673017,17.791199684143066,6.0,False,3172,447
2014-04-16-91,2014-04-16,FUV1,5141625,13,30707,0.11648470768780676,17.791199684143066,6.0,False,1278,866
2014-04-16-92,2014-04-16,FUV1,5141628,13,30720,-0.06501893245508276,17.791199684143066,6.0,False,1386,522
2014-04-16-93,2014-04-16,FUV2,5141628,12,30733,0.175842093459799,17.791199684143066,6.0,True,696,3240
2014-04-16-94,2014-04-16,FUV1,5141628,15,30745,-0.07096034762415002,17.791199684143066,6.0,False,204,808
2014-04-16-95,2014-04-16,FUV1,5141628,20,30760,0.23067398762730645,17.791199684143066,6.0,False,389,836
2014-04-16-96,2014-04-16,FUV2,5141631,16,30780,0.3342218400547165,17.791199684143066,6.0,False,3154,231
2014-04-16-97,2014-04-16,FUV1,5141631,12,30796,0.30030122677553306,17.791199684143066,6.0,True,435,1373
2014-04-16-98,2014-04-16,FUV2,5141631,12,30808,-0.11512345203102367,17.791199684143066,6.0,False,3240,676
2014-04-16-99,2014-04-16,FUV2,5141634,16,30820,0.07660383807194196,17.791199684143066,6.0,True,647,3556
2014-04-16-100,2014-04-16,FUV2,5141634,16,30836,0.22427834011744233,17.791199684143066,6.0,False,3253,661
2014-04-16-101,2014-04-16,FUV1,5141634,12,30852,0.1855470419678173,17.791199684143066,6.0,False,1736,707
2014-04-16-102,2014-04-16,FUV2,5141634,14,30864,-0.016953308008550154,17.791199684143066,6.0,False,3880,824
2014-04-16-103,2014-04-16,FUV2,5141637,16,30878,0.17780930744660928,17.791199684143066,6.0,False,3179,700
2014-04-16-104,2014-04-16,FUV2,5141637,13,30894,0.04068788160123924,17.791199684143066,6.0,False,3209,829
2014-04-16-105,2014-04-16,FUV1,5141637,18,30907,0.021121493080726854,17.791199684143066,6.0,False,1318,842
2014-04-16-106,2014-04-16,FUV2,5141640,12,30925,0.027708410648043774,17.791199684143066,6.0,False,3604,191
2014-04-16-107,2014-04-16,FUV1,5141640,12,30937,-0.0890405714353353,17.791199684143066,6.0,True,449,1369
2014-04-16-108,2014-04-16,FUV1,5141640,13,30949,-0.16996050848875408,17.791199684143066,6.0,False,1904,773
2014-04-16-109,2014-04-16,FUV2,5141643,13,30962,0.2675427650154815,17.791199684143066,6.0,True,274,3627
2014-04-16-110,2014-04-16,FUV1,5141643,16,30975,-0.11648170272586032,17.791199684143066,6.0,True,344,1831
2014-04-16-111,2014-04-16,FUV2,5141643,14,30991,0.23468972553640952,17.791199684143066,6.0,False,3180,355
2014-04-16-112,2014-04-16,FUV2,5141643,15,31005,0.3024570368699595,17.791199684143066,6.0,False,3207,427
2014-04-16-113,2014-04-16,FUV2,5141643,14,31020,0.32839512702866386,17.791199684143066,6.0,False,3606,562
2014-04-16-114,2014-04-16,FUV2,5141643,12,31034,0.2308645230992925,17.791199684143066,6.0,False,2928,791
2014-04-16-115,2014-04-16,FUV2,5141643,13,31046,0.34889374949347624,17.791199684143066,6.0,False,2978,878
2014-04-16-116,2014-04-16,FUV1,5141646,20,31059,0.03616202484206692,17.791199684143066,6.0,False,1384,458
2014-04-16-117,2014-04-16,FUV2,5141646,12,31079,0.1601260962328324,17.791199684143066,6.0,False,3042,470
2014-04-16-118,2014-04-16,FUV2,5141646,14,31091,0.14936285820496392,17.791199684143066,6.0,False,3773,587
2014-04-16-119,2014-04-16,FUV2,5141646,12,31105,0.10403405798628226,17.791199684143066,6.0,False,3024,589
2014-04-16-120,2014-04-16,FUV1,5141646,13,31117,0.2718002599427983,17.791199684143066,6.0,False,266,620
2014-04-16-121,2014-04-16,FUV1,5141646,16,31130,0.24871926978439915,17.791199684143066,6.0,False,1600,692
2014-04-16-122,2014-04-16,FUV1,5141646,15,31146,0.31742628415665924,17.791199684143066,6.0,False,1726,730
2014-04-16-123,2014-04-16,FUV2,5141649,15,31161,0.10352987160391183,17.791199684143066,6.0,False,3259,418
2014-04-16-124,2014-04-16,FUV1,5141649,12,31176,0.3405139000312426,17.791199684143066,6.0,False,411,478
2014-04-16-125,2014-04-16,FUV2,5141649,14,31188,0.2772303955457959,17.791199684143066,6.0,False,3878,597
2014-04-16-126,2014-04-16,FUV1,5141649,12,31202,0.34386222161797325,17.791199684143066,6.0,False,1751,801
2014-04-16-127,2014-04-16,FUV1,5141649,22,31214,0.24582835607593684,17.791199684143066,6.0,False,1646,825
2014-04-16-128,2014-04-16,FUV2,5141652,13,31236,0.34341197071028673,17.791199684143066,6.0,False,2961,233
2014-04-16-129,2014-04-16,FUV1,5141652,19,31249,0.3337525629629453,17.791199684143066,6.0,False,1270,507
2014-04-16-130,2014-04-16,FUV2,5141652,14,31268,0.29269271820166337,17.791199684143066,6.0,False,3266,620
2014-04-16-131,2014-04-16,FUV2,5141652,15,31282,0.14907494629710427,17.791199684143066,6.0,False,3023,707
2014-04-16-132,2014-04-16,FUV2,5141652,13,31297,0.34653152848545365,17.791199684143066,6.0,False,2967,722
2014-04-16-133,2014-04-16,FUV2,5141655,15,31310,0.15878809729732318,17.791199684143066,6.0,False,3877,307
2014-04-16-134,2014-04-16,FUV2,5141655,32,31325,0.17177843583282884,17.791199684143066,6.0,False,3887,785
2014-04-16-135,2014-04-16,FUV2,5141655,23,31357,-0.0022495220150686866,17.791199684143066,6.0,True,789,3064
2014-04-16-136,2014-04-16,FUV2,5141658,13,31380,0.24719786959642046,17.791199684143066,6.0,False,3244,292
2014-04-16-137,2014-04-16,FUV1,5141658,14,31393,0.1953199849207222,17.791199684143066,6.0,False,1861,363
2014-04-16-138,2014-04-16,FUV2,5141658,18,31407,0.23049249163221816,17.791199684143066,6.0,False,2944,814
2014-04-16-139,2014-04-16,FUV1,5141658,13,31425,0.2249819704878135,17.791199684143066,6.0,False,1423,897
2014-04-16-140,2014-04-16,FUV1,5141661,23,31438,0.2872446368547225,17.791199684143066,6.0,False,1380,294
2014-04-16-141,2014-04-16,FUV2,5141661,18,31461,-0.31011123543466507,17.791199684143066,6.0,False,3558,583
2014-04-16-142,2014-04-16,FUV1,5141661,14,31479,0.1876739487302952,17.791199684143066,6.0,False,1325,808
2014-04-16-143,2014-04-16,FUV1,5141664,22,31493,-0.015521576122111162,17.791199684143066,6.0,True,219,1851
2014-04-16-144,2014-04-16,FUV1,5141664,13,31515,-0.1698349908228847,17.791199684143066,6.0,False,1355,539
2014-04-16-145,2014-04-16,FUV1,5141664,16,31528,0.15075949446083978,17.791199684143066,6.0,False,1764,612
2014-04-16-146,2014-04-16,FUV2,5141664,28,31544,-0.2316049608452098,17.791199684143066,6.0,False,3859,754
2014-04-16-147,2014-04-16,FUV1,5141667,13,31572,0.08622928201659324,17.791199684143066,6.0,False,354,307
2014-04-16-148,2014-04-16,FUV1,5141667,52,31585,0.04903081326504678,17.791199684143066,6.0,False,1855,450
2014-04-16-149,2014-04-16,FUV1,5141667,17,31637,-0.009091416566916343,17.791199684143066,6.0,False,228,779
2014-04-16-150,2014-04-16,FUV1,5141667,12,31654,-0.051740127104800734,17.791199684143066,6.0,False,1259,810
2014-04-16-151,2014-04-16,FUV1,5141667,15,31666,0.017102544476928296,17.791199684143066,6.0,False,1309,885
2014-04-16-152,2014-04-16,FUV1,5141670,16,31681,0.300252057318409,17.791199684143066,6.0,False,1853,720
2014-04-16-153,2014-04-16,FUV2,5141670,21,31697,0.2218927549311009,17.791199684143066,6.0,False,2964,817
2014-04-16-154,2014-04-16,FUV1,5141673,15,31718,0.09837338980684071,17.791199684143066,6.0,False,400,686
2014-04-16-155,2014-04-16,FUV2,5141676,15,31733,-0.09148030356219332,17.791199684143066,6.0,False,3903,308
2014-04-16-156,2014-04-16,FUV1,5141688,23,31748,-0.015623365137118187,17.791199684143066,6.0,True,219,1850
2014-04-16-157,2014-04-16,FUV2,5141688,21,31771,-0.06508565262965045,17.791199684143066,6.0,False,3618,327
2014-04-16-158,2014-04-16,FUV1,5141694,14,31792,0.12343364649068546,17.791199684143066,6.0,True,666,1724
2014-04-16-159,2014-04-16,FUV1,5141700,12,31806,-0.13364730409268935,17.791199684143066,6.0,True,336,1747
2014-04-16-160,2014-04-16,FUV1,5141712,24,31818,-0.010356189019265048,17.791199684143066,6.0,True,219,1851
2014-04-16-161,2014-04-16,FUV1,5142600,19,31842,-0.012039980958306573,17.791199684143066,6.0,True,219,1850
2014-04-16-162,2014-04-16,FUV2,5142600,17,31861,-0.11698476755815244,17.791199684143066,6.0,True,516,3722
2014-04-16-163,2014-04-16,FUV2,5142609,12,31878,0.2781987261910794,17.791199684143066,6.0,True,351,3532
2014-04-16-164,2014-04-16,FUV2,5142621,14,31890,0.24670850152308102,17.791199684143066,6.0,True,313,3049
2014-04-16-165,2014-04-16,FUV1,5142624,20,31904,0.005960139762885828,17.791199684143066,6.0,True,219,1850
2014-04-16-166,2014-04-16,FUV2,5142627,15,31924,0.12194507510938322,17.791199684143066,6.0,True,263,3242
2014-04-16-167,2014-04-16,FUV2,5142627,12,31939,0.31588182440603807,17.791199684143066,6.0,True,626,2998
2014-04-16-168,2014-04-16,FUV1,5142627,18,31951,0.24878082003752824,17.791199684143066,6.0,True,825,1669
2014-04-16-169,2014-04-16,FUV1,5142630,18,31969,0.24755210634736072,17.791199684143066,6.0,True,387,189
2014-04-16-170,2014-04-16,FUV2,5142630,20,31987,0.29618283944951657,17.791199684143066,6.0,True,534,3536
2014-04-16-171,2014-04-16,FUV1,5142630,21,32007,0.2578482578826767,17.791199684143066,6.0,True,844,1315
2014-04-16-172,2014-04-16,FUV2,5142642,12,32028,-0.044731760714539215,17.791199684143066,6.0,True,356,3212
2014-04-16-173,2014-04-16,FUV2,5142642,20,32040,0.06528624789724351,17.791199684143066,6.0,False,3603,816
2014-04-16-174,2014-04-16,FUV2,5142642,13,32060,0.15858982960025447,17.791199684143066,6.0,True,838,3207
2014-04-16-175,2014-04-16,FUV2,5142645,17,32073,0.19539318674519784,17.791199684143066,6.0,True,434,3012
2014-04-16-176,2014-04-16,FUV2,5142648,16,32090,0.28786776935037095,17.791199684143066,6.0,True,570,3058
2014-04-16-177,2014-04-16,FUV1,5142648,13,32106,0.26171289869025405,17.791199684143066,6.0,False,355,803
2014-04-16-178,2014-04-16,FUV1,5142651,18,32119,-0.21000018451021582,17.791199684143066,6.0,True,258,1686
2014-04-16-179,2014-04-16,FUV1,5142651,12,32137,-0.3133617248972357,17.791199684143066,6.0,False,436,434
2014-04-16-180,2014-04-16,FUV1,5142651,12,32149,-0.06729163472265084,17.791199684143066,6.0,False,1794,476
2014-04-16-181,2014-04-16,FUV1,5142651,16,32161,0.0032728904010393043,17.791199684143066,6.0,True,558,1706
2014-04-16-182,2014-04-16,FUV1,5142651,13,32177,0.3253747286719123,17.791199684143066,6.0,True,630,1670
2014-04-16-183,2014-04-16,FUV2,5142651,13,32190,0.2729783426696657,17.791199684143066,6.0,True,668,3739
2014-04-16-184,2014-04-16,FUV2,5142651,12,32203,0.05232934828272166,17.791199684143066,6.0,False,3546,760
2014-04-16-185,2014-04-16,FUV1,5142651,12,32215,-0.018176632668103862,17.791199684143066,6.0,True,894,1349
2014-04-16-186,2014-04-16,FUV1,5142654,13,32227,0.22902769465005546,17.791199684143066,6.0,False,1873,258
2014-04-16-187,2014-04-16,FUV2,5142654,13,32240,0.17285121229860936,17.791199684143066,6.0,False,3763,452
2014-04-16-188,2014-04-16,FUV1,5142654,13,32253,0.28442931408957056,17.791199684143066,6.0,True,462,1661
2014-04-16-189,2014-04-16,FUV2,5142654,16,32266,0.1284566472076193,17.791199684143066,6.0,True,548,3518
2014-04-16-190,2014-04-16,FUV2,5142654,15,32282,-0.343011697050192,17.791199684143066,6.0,True,549,3774
2014-04-16-191,2014-04-16,FUV2,5142654,14,32297,0.06295156653819164,17.791199684143066,6.0,True,587,3779
2014-04-16-192,2014-04-16,FUV2,5142654,12,32311,0.32521115887506435,17.791199684143066,6.0,True,765,3862
2014-04-16-193,2014-04-16,FUV1,5142654,12,32323,0.28211075182316664,17.791199684143066,6.0,True,776,1847
2014-04-16-194,2014-04-16,FUV1,5142654,19,32335,-0.020527868160945786,17.791199684143066,6.0,True,797,1912
2014-04-16-195,2014-04-16,FUV1,5142657,12,32354,0.27717918914638706,17.791199684143066,6.0,True,246,285
2014-04-16-196,2014-04-16,FUV1,5142657,13,32366,-0.03618073922994073,17.791199684143066,6.0,True,437,1821
2014-04-16-197,2014-04-16,FUV1,5142657,14,32379,-0.16029274175941652,17.791199684143066,6.0,True,471,145
2014-04-16-198,2014-04-16,FUV2,5142657,12,32393,-0.0747593318935461,17.791199684143066,6.0,False,2923,513
2014-04-16-199,2014-04-16,FUV1,5142657,13,32405,0.2379013375099204,17.791199684143066,6.0,True,595,1428
2014-04-16-200,2014-04-16,FUV1,5142657,12,32418,-0.1829203065687178,17.791199684143066,6.0,True,659,1404
2014-04-16-201,2014-04-16,FUV2,5142657,13,32430,0.12487786859580534,17.791199684143066,6.0,True,749,3941
2014-04-16-202,2014-04-16,FUV1,5142657,14,32443,-0.00590560795119779,17.791199684143066,6.0,False,355,891
2014-04-16-203,2014-04-16,FUV2,5142660,13,32457,-0.1705624709043942,17.791199684143066,6.0,False,3266,272
2014-04-16-204,2014-04-16,FUV2,5142660,15,32470,0.2518705654169664,17.791199684143066,6.0,True,338,2918
2014-04-16-205,2014-04-16,FUV2,5142660,12,32485,-0.030109249997546335,17.791199684143066,6.0,False,3555,644
2014-04-16-206,2014-04-16,FUV1,5142660,36,32497,0.11076258246271435,17.791199684143066,6.0,False,1884,652
2014-04-16-207,2014-04-16,FUV2,5142660,12,32533,-0.14655644920515562,17.791199684143066,6.0,False,2901,723
2014-04-16-208,2014-04-16,FUV1,5142663,13,32545,0.168750916584026,17.791199684143066,6.0,False,1330,244
2014-04-16-209,2014-04-16,FUV1,5142663,12,32558,0.2984252660080533,17.791199684143066,6.0,False,1302,366
2014-04-16-210,2014-04-16,FUV1,5142663,13,32570,0.2055730973194291,17.791199684143066,6.0,True,372,1608
2014-04-16-211,2014-04-16,FUV2,5142663,16,32583,0.2058954826036943,17.791199684143066,6.0,False,3604,437
2014-04-16-212,2014-04-16,FUV2,5142663,12,32599,-0.04420447056937803,17.791199684143066,6.0,True,573,3570
2014-04-16-213,2014-04-16,FUV1,5142663,13,32611,0.1603392440422029,17.791199684143066,6.0,False,1418,583
2014-04-16-214,2014-04-16,FUV2,5142663,12,32624,-0.21782378182669823,17.791199684143066,6.0,True,617,3920
2014-04-16-215,2014-04-16,FUV1,5142663,12,32636,-0.026066488368529574,17.791199684143066,6.0,False,1831,737
2014-04-16-216,2014-04-16,FUV2,5142663,12,32648,0.1451595557347781,17.791199684143066,6.0,False,3743,743
2014-04-16-217,2014-04-16,FUV2,5142663,12,32660,0.06646420659104003,17.791199684143066,6.0,True,823,3215
2014-04-16-218,2014-04-16,FUV1,5142666,12,32672,-0.16167741571237923,17.791199684143066,6.0,False,1890,236
2014-04-16-219,2014-04-16,FUV1,5142666,13,32684,0.2574303439861727,17.791199684143066,6.0,False,1439,274
2014-04-16-220,2014-04-16,FUV1,5142666,12,32697,0.041123586589102354,17.791199684143066,6.0,False,1701,327
2014-04-16-221,2014-04-16,FUV1,5142666,13,32709,0.20374803108024725,17.791199684143066,6.0,False,349,374
2014-04-16-222,2014-04-16,FUV1,5142666,12,32722,0.20067100967168816,17.791199684143066,6.0,True,426,1635
2014-04-16-223,2014-04-16,FUV2,5142666,14,32734,0.07591965214027623,17.791199684143066,6.0,False,3165,477
2014-04-16-224,2014-04-16,FUV1,5142666,13,32748,0.22829222351023606,17.791199684143066,6.0,False,1337,480
2014-04-16-225,2014-04-16,FUV1,5142666,15,32761,0.1749357439924907,17.791199684143066,6.0,False,205,621
2014-04-16-226,2014-04-16,FUV1,5142666,16,32776,0.24781175607190292,17.791199684143066,6.0,True,661,1750
2014-04-16-227,2014-04-16,FUV2,5142666,13,32792,0.06287279247469649,17.791199684143066,6.0,False,3215,718
2014-04-16-228,2014-04-16,FUV1,5142666,17,32805,0.2521074596640991,17.791199684143066,6.0,False,275,736
2014-04-16-229,2014-04-16,FUV2,5142666,12,32822,0.10816671968128569,17.791199684143066,6.0,False,3242,769
2014-04-16-230,2014-04-16,FUV1,5142669,13,32834,-0.1392817569428483,17.791199684143066,6.0,False,1830,198
2014-04-16-231,2014-04-16,FUV1,5142669,15,32847,0.2580316795303117,17.791199684143066,6.0,False,107,337
2014-04-16-232,2014-04-16,FUV2,5142669,13,32862,0.18877789082364202,17.791199684143066,6.0,False,3661,337
2014-04-16-233,2014-04-16,FUV2,5142669,12,32875,0.031218066347725056,17.791199684143066,6.0,False,3046,349
2014-04-16-234,2014-04-16,FUV1,5142669,13,32887,0.04450561054620464,17.791199684143066,6.0,False,358,418
2014-04-16-235,2014-04-16,FUV2,5142669,14,32900,-0.13031462287955184,17.791199684143066,6.0,False,3893,437
2014-04-16-236,2014-04-16,FUV2,5142669,15,32914,0.1407003769808657,17.791199684143066,6.0,True,487,3612
2014-04-16-237,2014-04-16,FUV1,5142669,12,32929,-0.2738147463848482,17.791199684143066,6.0,False,96,556
2014-04-16-238,2014-04-16,FUV1,5142669,13,32941,-0.06851982750712309,17.791199684143066,6.0,False,1725,589
2014-04-16-239,2014-04-16,FUV2,5142669,16,32954,0.01462964286687127,17.791199684143066,6.0,False,3234,724
2014-04-16-240,2014-04-16,FUV2,5142669,13,32970,-0.13926107598378046,17.791199684143066,6.0,False,2897,725
2014-04-16-241,2014-04-16,FUV1,5142669,12,32983,-0.21577404182236729,17.791199684143066,6.0,True,730,1658
2014-04-16-242,2014-04-16,FUV1,5142669,12,32995,0.2403459581972474,17.791199684143066,6.0,False,1342,758
2014-04-16-243,2014-04-16,FUV1,5142669,12,33007,-0.1015294649015327,17.791199684143066,6.0,False,392,796
2014-04-16-244,2014-04-16,FUV1,5142669,14,33019,0.19244057787798086,17.791199684143066,6.0,False,1319,881
2014-04-16-245,2014-04-16,FUV1,5142672,13,33033,-0.2723590531603492,17.791199684143066,6.0,True,244,397
2014-04-16-246,2014-04-16,FUV1,5142672,12,33046,0.3454080382647132,17.791199684143066,6.0,False,1752,248
2014-04-16-247,2014-04-16,FUV2,5142672,12,33058,0.27099020707130667,17.791199684143066,6.0,False,2965,299
2014-04-16-248,2014-04-16,FUV2,5142672,13,33070,0.25529359547273195,17.791199684143066,6.0,False,2914,333
2014-04-16-249,2014-04-16,FUV2,5142672,14,33083,-0.1938459326119165,17.791199684143066,6.0,False,2920,339
2014-04-16-250,2014-04-16,FUV2,5142672,15,33097,-0.342364259825779,17.791199684143066,6.0,False,3018,349
2014-04-16-251,2014-04-16,FUV1,5142672,17,33112,-0.24483757699754363,17.791199684143066,6.0,False,1390,413
2014-04-16-252,2014-04-16,FUV2,5142672,16,33129,-0.10211868746482818,17.791199684143066,6.0,False,3061,457
2014-04-16-253,2014-04-16,FUV2,5142672,15,33145,0.02394886285418689,17.791199684143066,6.0,True,543,3269
2014-04-16-254,2014-04-16,FUV2,5142672,14,33160,0.21760995603863867,17.791199684143066,6.0,True,563,2932
2014-04-16-255,2014-04-16,FUV2,5142672,15,33174,0.04407775590683949,17.791199684143066,6.0,False,3258,579
2014-04-16-256,2014-04-16,FUV2,5142672,12,33189,0.3194286726816571,17.791199684143066,6.0,False,2960,704
2014-04-16-257,2014-04-16,FUV1,5142672,12,33201,-0.2387755059343059,17.791199684143066,6.0,True,709,1679
2014-04-16-258,2014-04-16,FUV2,5142672,12,33213,-0.14228373538885297,17.791199684143066,6.0,False,3018,709
2014-04-16-259,2014-04-16,FUV2,5142672,15,33225,0.004282509722832151,17.791199684143066,6.0,True,711,2981
2014-04-16-260,2014-04-16,FUV2,5142672,12,33240,-0.021778234542151522,17.791199684143066,6.0,True,714,3563
2014-04-16-261,2014-04-16,FUV1,5142672,12,33252,0.29336763434189944,17.791199684143066,6.0,False,356,759
2014-04-16-262,2014-04-16,FUV1,5142672,13,33264,-0.10492463541479301,17.791199684143066,6.0,False,1335,784
2014-04-16-263,2014-04-16,FUV1,5142672,13,33277,0.3444105285981581,17.791199684143066,6.0,False,1270,803
2014-04-16-264,2014-04-16,FUV1,5142672,17,33290,0.22543675364629498,17.791199684143066,6.0,False,1694,885
2014-04-16-265,2014-04-16,FUV1,5142672,12,33307,-0.14306688891856753,17.791199684143066,6.0,False,143,887
2014-04-16-266,2014-04-16,FUV1,5142675,16,33319,0.18546269836057144,17.791199684143066,6.0,False,1831,214
2014-04-16-267,2014-04-16,FUV2,5142675,14,33335,0.004824263586602032,17.791199684143066,6.0,False,2896,225
2014-04-16-268,2014-04-16,FUV1,5142675,12,33349,0.07439928986946016,17.791199684143066,6.0,True,246,1613
2014-04-16-269,2014-04-16,FUV2,5142675,13,33361,0.14073551644004773,17.791199684143066,6.0,True,253,3026
2014-04-16-270,2014-04-16,FUV2,5142675,14,33374,0.06052550662715493,17.791199684143066,6.0,False,2970,284
2014-04-16-271,2014-04-16,FUV2,5142675,14,33388,0.1843857265047793,17.791199684143066,6.0,False,3529,336
2014-04-16-272,2014-04-16,FUV1,5142675,16,33402,0.06968026769340464,17.791199684143066,6.0,True,344,1609
2014-04-16-273,2014-04-16,FUV2,5142675,12,33418,-0.07626280244464369,17.791199684143066,6.0,False,3854,366
2014-04-16-274,2014-04-16,FUV1,5142675,14,33430,0.10301526474996062,17.791199684143066,6.0,False,1315,453
2014-04-16-275,2014-04-16,FUV2,5142675,13,33444,0.24252167885474507,17.791199684143066,6.0,False,3236,481
2014-04-16-276,2014-04-16,FUV1,5142675,12,33457,-0.2718880072856328,17.791199684143066,6.0,True,505,1283
2014-04-16-277,2014-04-16,FUV2,5142675,14,33469,-0.28001117099519107,17.791199684143066,6.0,True,571,3266
2014-04-16-278,2014-04-16,FUV2,5142675,13,33483,-0.11839134135986296,17.791199684143066,6.0,False,3523,779
2014-04-16-279,2014-04-16,FUV1,5142675,14,33496,0.30907823743931684,17.791199684143066,6.0,False,1405,815
2014-04-16-280,2014-04-16,FUV1,5142675,13,33510,0.07675127376307979,17.791199684143066,6.0,False,1890,820
2014-04-16-281,2014-04-16,FUV2,5142675,14,33523,0.24280400137672054,17.791199684143066,6.0,False,2929,828
2014-04-16-282,2014-04-16,FUV2,5142675,14,33537,0.24841925088099823,17.791199684143066,6.0,False,2984,862
2014-04-16-283,2014-04-16,FUV2,5142675,13,33551,-0.03575330775831673,17.791199684143066,6.0,True,871,3224
2014-04-16-284,2014-04-16,FUV2,5142675,12,33564,0.1674587324362189,17.791199684143066,6.0,False,3203,874
2014-04-16-285,2014-04-16,FUV2,5142678,26,33576,0.056339172261393525,17.791199684143066,6.0,False,2922,235
2014-04-16-286,2014-04-16,FUV1,5142678,12,33602,0.348000662896746,17.791199684143066,6.0,False,1730,314
2014-04-16-287,2014-04-16,FUV2,5142678,13,33614,0.0034637550007583016,17.791199684143066,6.0,True,445,3899
2014-04-16-288,2014-04-16,FUV1,5142678,16,33627,0.004043125745994462,17.791199684143066,6.0,False,165,503
2014-04-16-289,2014-04-16,FUV2,5142678,14,33643,0.27028745901709944,17.791199684143066,6.0,False,3261,505
2014-04-16-290,2014-04-16,FUV1,5142678,17,33657,0.31545959948353186,17.791199684143066,6.0,False,1611,544
2014-04-16-291,2014-04-16,FUV2,5142678,13,33674,-0.17830041467509644,17.791199684143066,6.0,True,575,3222
2014-04-16-292,2014-04-16,FUV2,5142678,17,33687,0.17149076505723707,17.791199684143066,6.0,False,3155,580
2014-04-16-293,2014-04-16,FUV2,5142678,13,33704,-0.06343825061633858,17.791199684143066,6.0,False,3740,610
2014-04-16-294,2014-04-16,FUV2,5142678,14,33717,0.061563060302208046,17.791199684143066,6.0,False,2957,622
2014-04-16-295,2014-04-16,FUV2,5142678,14,33731,0.00658040544180344,17.791199684143066,6.0,True,754,3940
2014-04-16-296,2014-04-16,FUV2,5142678,12,33745,0.15779157008881847,17.791199684143066,6.0,True,765,3515
2014-04-16-297,2014-04-16,FUV2,5142678,13,33757,0.25076163740744123,17.791199684143066,6.0,False,3602,785
2014-04-16-298,2014-04-16,FUV2,5142678,12,33770,0.14657718675736495,17.791199684143066,6.0,False,3657,814
2014-04-16-299,2014-04-16,FUV2,5142681,14,33782,-0.043729721754150054,17.791199684143066,6.0,False,3179,238
2014-04-16-300,2014-04-16,FUV2,5142681,15,33796,0.11933976924749981,17.791199684143066,6.0,True,321,3514
2014-04-16-301,2014-04-16,FUV1,5142681,13,33811,0.14035205695829878,17.791199684143066,6.0,False,1268,369
2014-04-16-302,2014-04-16,FUV1,5142681,12,33824,0.23001184666439076,17.791199684143066,6.0,False,385,525
2014-04-16-303,2014-04-16,FUV2,5142681,17,33836,0.27926387538034503,17.791199684143066,6.0,False,3882,535
2014-04-16-304,2014-04-16,FUV1,5142681,18,33853,0.022275710294915332,17.791199684143066,6.0,False,1795,536
2014-04-16-305,2014-04-16,FUV2,5142681,13,33871,0.24382918617514118,17.791199684143066,6.0,False,3229,559
2014-04-16-306,2014-04-16,FUV1,5142681,13,33884,0.2725822367693362,17.791199684143066,6.0,False,435,566
2014-04-16-307,2014-04-16,FUV1,5142681,14,33897,-0.05461947877585468,17.791199684143066,6.0,False,1312,602
2014-04-16-308,2014-04-16,FUV2,5142681,12,33911,0.3421962663381982,17.791199684143066,6.0,False,3015,614
2014-04-16-309,2014-04-16,FUV1,5142681,15,33923,0.07311633423487611,17.791199684143066,6.0,False,1367,716
2014-04-16-310,2014-04-16,FUV1,5142681,20,33938,0.19112742432443117,17.791199684143066,6.0,False,356,728
2014-04-16-311,2014-04-16,FUV2,5142681,14,33958,0.24422181673110444,17.791199684143066,6.0,False,2978,746
2014-04-16-312,2014-04-16,FUV1,5142681,16,33972,0.33757145359483104,17.791199684143066,6.0,False,1675,765
2014-04-16-313,2014-04-16,FUV2,5142681,12,33988,0.3072115185789027,17.791199684143066,6.0,True,812,3021
2014-04-16-314,2014-04-16,FUV1,5142681,14,34000,-0.0003117797978977505,17.791199684143066,6.0,False,1673,836
2014-04-16-315,2014-04-16,FUV1,5142681,14,34014,0.0028918545383775467,17.791199684143066,6.0,False,387,841
2014-04-16-316,2014-04-16,FUV1,5142681,17,34028,0.08388526018299661,17.791199684143066,6.0,False,1249,893
2014-04-16-317,2014-04-16,FUV2,5142681,14,34045,0.3483122270414794,17.791199684143066,6.0,False,2922,898
2014-04-16-318,2014-04-16,FUV2,5142684,13,34059,0.2463531333158828,17.791199684143066,6.0,False,3217,220
2014-04-16-319,2014-04-16,FUV1,5142684,14,34072,0.28446135334380757,17.791199684143066,6.0,False,1857,234
2014-04-16-320,2014-04-16,FUV2,5142684,12,34086,0.25095265556674984,17.791199684143066,6.0,False,3645,247
2014-04-16-321,2014-04-16,FUV1,5142684,13,34098,0.2166924086913364,17.791199684143066,6.0,False,1401,329
2014-04-16-322,2014-04-16,FUV2,5142684,13,34111,-0.24727961938229268,17.791199684143066,6.0,True,329,2943
2014-04-16-323,2014-04-16,FUV1,5142684,13,34124,0.32195276494655917,17.791199684143066,6.0,False,1776,345
2014-04-16-324,2014-04-16,FUV1,5142684,21,34137,0.12925867170961589,17.791199684143066,6.0,False,1374,348
2014-04-16-325,2014-04-16,FUV1,5142684,12,34158,0.21966235741864926,17.791199684143066,6.0,False,1410,374
2014-04-16-326,2014-04-16,FUV1,5142684,14,34170,0.16875192389103905,17.791199684143066,6.0,False,1715,467
2014-04-16-327,2014-04-16,FUV2,5142684,13,34184,-0.20184496720432846,17.791199684143066,6.0,False,3200,502
2014-04-16-328,2014-04-16,FUV2,5142684,12,34197,-0.25755842686819935,17.791199684143066,6.0,False,3259,515
2014-04-16-329,2014-04-16,FUV2,5142684,16,34209,-0.05153587848716355,17.791199684143066,6.0,False,3780,586
2014-04-16-330,2014-04-16,FUV1,5142684,14,34225,0.2981095040081272,17.791199684143066,6.0,False,1629,640
2014-04-16-331,2014-04-16,FUV2,5142684,13,34239,0.344748311192988,17.791199684143066,6.0,False,3658,642
2014-04-16-332,2014-04-16,FUV2,5142684,14,34252,-0.11583219214698323,17.791199684143066,6.0,False,2971,667
2014-04-16-333,2014-04-16,FUV2,5142684,13,34266,0.33335985684843505,17.791199684143066,6.0,True,668,3017
2014-04-16-334,2014-04-16,FUV2,5142684,13,34279,0.0306112537937199,17.791199684143066,6.0,False,3655,689
2014-04-16-335,2014-04-16,FUV2,5142684,12,34292,0.10621973080296673,17.791199684143066,6.0,False,3730,699
2014-04-16-336,2014-04-16,FUV2,5142684,13,34304,-0.03615481828943641,17.791199684143066,6.0,True,726,3257
2014-04-16-337,2014-04-16,FUV2,5142684,14,34317,0.30327726846118913,17.791199684143066,6.0,False,2938,734
2014-04-16-338,2014-04-16,FUV2,5142684,14,34331,-0.16449818949661227,17.791199684143066,6.0,False,3615,767
2014-04-16-339,2014-04-16,FUV2,5142684,13,34345,-0.06481779407819331,17.791199684143066,6.0,True,783,3204
2014-04-16-340,2014-04-16,FUV1,5142684,15,34358,0.24743897800236048,17.791199684143066,6.0,False,128,786
2014-04-16-341,2014-04-16,FUV1,5142684,13,34373,0.14410361445715963,17.791199684143066,6.0,False,262,807
2014-04-16-342,2014-04-16,FUV2,5142684,12,34386,-0.05601004147436394,17.791199684143066,6.0,False,3887,813
2014-04-16-343,2014-04-16,FUV2,5142684,13,34398,0.10639413258106442,17.791199684143066,6.0,False,3631,895
2014-04-16-344,2014-04-16,FUV1,5142687,21,34411,0.21996655976895585,17.791199684143066,6.0,False,1899,307
2014-04-16-345,2014-04-16,FUV2,5142687,12,34432,0.3385695186744089,17.791199684143066,6.0,True,356,3064
2014-04-16-346,2014-04-16,FUV1,5142687,14,34444,0.2470874767330056,17.791199684143066,6.0,False,393,357
2014-04-16-347,2014-04-16,FUV1,5142687,17,34458,0.04851338067359738,17.791199684143066,6.0,False,1822,420
2014-04-16-348,2014-04-16,FUV1,5142687,12,34475,-0.019134016890631055,17.791199684143066,6.0,False,412,464
2014-04-16-349,2014-04-16,FUV1,5142687,14,34487,0.2560984032113625,17.791199684143066,6.0,False,1339,522
2014-04-16-350,2014-04-16,FUV2,5142687,17,34501,0.25828874132528956,17.791199684143066,6.0,False,3174,547
2014-04-16-351,2014-04-16,FUV2,5142687,12,34518,0.27673338584916196,17.791199684143066,6.0,False,3233,553
2014-04-16-352,2014-04-16,FUV1,5142687,15,34530,0.22926417484692668,17.791199684143066,6.0,False,1355,571
2014-04-16-353,2014-04-16,FUV2,5142687,13,34545,0.19115705768194297,17.791199684143066,6.0,True,584,3146
2014-04-16-354,2014-04-16,FUV2,5142687,15,34558,0.05872809727739582,17.791199684143066,6.0,False,3524,589
2014-04-16-355,2014-04-16,FUV2,5142687,15,34573,-0.04012497305445995,17.791199684143066,6.0,False,2921,597
2014-04-16-356,2014-04-16,FUV2,5142687,22,34588,0.24208523682284613,17.791199684143066,6.0,False,3018,616
2014-04-16-357,2014-04-16,FUV2,5142687,21,34610,0.14126886406564632,17.791199684143066,6.0,False,3733,637
2014-04-16-358,2014-04-16,FUV1,5142687,14,34631,0.11300872597876953,17.791199684143066,6.0,False,1382,652
2014-04-16-359,2014-04-16,FUV2,5142687,13,34645,-0.07811408904566626,17.791199684143066,6.0,False,3748,687
2014-04-16-360,2014-04-16,FUV1,5142687,12,34658,0.29507091464972973,17.791199684143066,6.0,False,1394,697
2014-04-16-361,2014-04-16,FUV1,5142687,13,34670,0.21122759354560966,17.791199684143066,6.0,False,1251,721
2014-04-16-362,2014-04-16,FUV2,5142687,16,34683,0.175675085555141,17.791199684143066,6.0,False,2954,731
2014-04-16-363,2014-04-16,FUV1,5142687,12,34699,-0.012364942533264235,17.791199684143066,6.0,True,758,1280
2014-04-16-364,2014-04-16,FUV1,5142687,12,34711,-0.04784272446903783,17.791199684143066,6.0,True,803,355
2014-04-16-365,2014-04-16,FUV1,5142687,12,34723,0.19045673329721474,17.791199684143066,6.0,False,116,864
2014-04-16-366,2014-04-16,FUV1,5142687,13,34735,0.11832021413219423,17.791199684143066,6.0,False,1769,878
2014-04-16-367,2014-04-16,FUV1,5142687,13,34748,-0.11591293249472644,17.791199684143066,6.0,False,1841,900
2014-04-16-368,2014-04-16,FUV1,5142690,18,34761,0.2431248754452738,17.791199684143066,6.0,False,1735,234
2014-04-16-369,2014-04-16,FUV1,5142690,13,34779,0.28117213547360886,17.791199684143066,6.0,False,1303,265
2014-04-16-370,2014-04-16,FUV1,5142690,14,34792,0.21785770195269,17.791199684143066,6.0,False,336,269
2014-04-16-371,2014-04-16,FUV2,5142690,14,34806,0.2193953204815335,17.791199684143066,6.0,True,278,2989
2014-04-16-372,2014-04-16,FUV2,5142690,13,34820,0.2364219239336227,17.791199684143066,6.0,False,3220,299
2014-04-16-373,2014-04-16,FUV2,5142690,12,34833,0.19401185736953175,17.791199684143066,6.0,False,3053,316
2014-04-16-374,2014-04-16,FUV1,5142690,14,34845,0.23944946532932118,17.791199684143066,6.0,False,1446,324
2014-04-16-375,2014-04-16,FUV2,5142690,12,34859,0.2878983068661222,17.791199684143066,6.0,False,3150,325
2014-04-16-376,2014-04-16,FUV1,5142690,16,34871,-0.12193352039015222,17.791199684143066,6.0,False,1397,331
2014-04-16-377,2014-04-16,FUV2,5142690,12,34887,0.08253257919792,17.791199684143066,6.0,False,3196,351
2014-04-16-378,2014-04-16,FUV2,5142690,12,34899,0.2799888547053013,17.791199684143066,6.0,False,2963,352
2014-04-16-379,2014-04-16,FUV1,5142690,20,34911,0.212291949227213,17.791199684143066,6.0,False,1398,380
2014-04-16-380,2014-04-16,FUV1,5142690,13,34931,-0.09927082607501037,17.791199684143066,6.0,False,329,384
2014-04-16-381,2014-04-16,FUV2,5142690,14,34944,0.05232534442844608,17.791199684143066,6.0,False,3161,443
2014-04-16-382,2014-04-16,FUV1,5142690,15,34958,0.17350469298168347,17.791199684143066,6.0,False,372,483
2014-04-16-383,2014-04-16,FUV1,5142690,12,34973,0.06635740562557123,17.791199684143066,6.0,False,1868,489
2014-04-16-384,2014-04-16,FUV1,5142690,18,34985,0.318754245282083,17.791199684143066,6.0,False,1703,493
2014-04-16-385,2014-04-16,FUV2,5142690,16,35003,-0.022438037283815777,17.791199684143066,6.0,False,3740,496
2014-04-16-386,2014-04-16,FUV2,5142690,12,35019,0.17859185283133905,17.791199684143066,6.0,True,515,2918
2014-04-16-387,2014-04-16,FUV1,5142690,12,35031,0.23311287397827513,17.791199684143066,6.0,False,1428,519
2014-04-16-388,2014-04-16,FUV1,5142690,14,35043,0.1949557516302932,17.791199684143066,6.0,False,431,532
2014-04-16-389,2014-04-16,FUV2,5142690,13,35057,-0.030426034753756343,17.791199684143066,6.0,False,3760,573
2014-04-16-390,2014-04-16,FUV1,5142690,17,35070,0.3266454219669409,17.791199684143066,6.0,False,375,575
2014-04-16-391,2014-04-16,FUV2,5142690,12,35087,0.078326344542186,17.791199684143066,6.0,False,3634,590
2014-04-16-392,2014-04-16,FUV1,5142690,12,35099,-0.06265636742052728,17.791199684143066,6.0,False,1387,646
2014-04-16-393,2014-04-16,FUV1,5142690,18,35111,0.22552758521500807,17.791199684143066,6.0,False,1321,758
2014-04-16-394,2014-04-16,FUV1,5142690,17,35129,0.15571075167306397,17.791199684143066,6.0,False,151,841
2014-04-16-395,2014-04-16,FUV2,5142693,13,35146,0.15455702884678799,17.791199684143066,6.0,False,3764,203
2014-04-16-396,2014-04-16,FUV2,5142693,12,35159,0.13666067524334166,17.791199684143066,6.0,False,3531,353
2014-04-16-397,2014-04-16,FUV2,5142693,16,35171,0.1031192210410211,17.791199684143066,6.0,False,3539,377
2014-04-16-398,2014-04-16,FUV1,5142693,12,35187,0.2568699623408219,17.791199684143066,6.0,False,1412,381
2014-04-16-399,2014-04-16,FUV1,5142693,12,35199,0.10254029890874668,17.791199684143066,6.0,False,1432,388
2014-04-16-400,2014-04-16,FUV2,5142693,12,35211,0.17608379639293753,17.791199684143066,6.0,True,418,3872
2014-04-16-401,2014-04-16,FUV1,5142693,12,35223,0.06368169744681774,17.791199684143066,6.0,False,1682,426
2014-04-16-402,2014-04-16,FUV2,5142693,16,35235,0.18117435079141334,17.791199684143066,6.0,False,3608,453
2014-04-16-403,2014-04-16,FUV1,5142693,12,35251,-0.11966088137947427,17.791199684143066,6.0,False,155,509
2014-04-16-404,2014-04-16,FUV2,5142693,13,35263,0.21111249205756752,17.791199684143066,6.0,False,2896,556
2014-04-16-405,2014-04-16,FUV1,5142693,13,35276,0.13471018589640726,17.791199684143066,6.0,False,1385,576
2014-04-16-406,2014-04-16,FUV2,5142693,13,35289,-0.03431022916013209,17.791199684143066,6.0,False,2956,590
2014-04-16-407,2014-04-16,FUV2,5142693,16,35302,0.21437887132022865,17.791199684143066,6.0,False,3775,682
2014-04-16-408,2014-04-16,FUV2,5142693,14,35318,0.09919727024609983,17.791199684143066,6.0,False,3548,718
2014-04-16-409,2014-04-16,FUV1,5142693,14,35332,0.14612364616026793,17.791199684143066,6.0,False,327,721
2014-04-16-410,2014-04-16,FUV2,5142693,13,35346,0.3141986479605154,17.791199684143066,6.0,False,3195,723
2014-04-16-411,2014-04-16,FUV1,5142693,12,35359,0.348627536006118,17.791199684143066,6.0,False,422,726
2014-04-16-412,2014-04-16,FUV2,5142693,13,35371,0.3114882831440613,17.791199684143066,6.0,False,2896,733
2014-04-16-413,2014-04-16,FUV2,5142693,12,35384,0.2021944739643342,17.791199684143066,6.0,False,3640,838
2014-04-16-414,2014-04-16,FUV2,5142693,21,35396,0.28010913717087477,17.791199684143066,6.0,False,3155,854
2014-04-16-415,2014-04-16,FUV2,5142693,12,35417,-0.10614263077947816,17.791199684143066,6.0,False,3155,877
2014-04-16-416,2014-04-16,FUV1,5142693,14,35429,0.24495247745658202,17.791199684143066,6.0,False,367,895
2014-04-16-417,2014-04-16,FUV1,5142693,36,35443,0.02802945162624914,17.791199684143066,6.0,False,1600,897
2014-04-16-418,2014-04-16,FUV2,5142696,15,35479,0.31281628584301074,17.791199684143066,6.0,False,2965,202
2014-04-16-419,2014-04-16,FUV1,5142696,13,35494,0.05478078851170312,17.791199684143066,6.0,False,1358,324
2014-04-16-420,2014-04-16,FUV1,5142696,20,35507,0.21476507503453116,17.791199684143066,6.0,False,1789,335
2014-04-16-421,2014-04-16,FUV2,5142696,13,35527,-0.18799607427802215,17.791199684143066,6.0,False,3050,407
2014-04-16-422,2014-04-16,FUV2,5142696,15,35540,0.23921381170239697,17.791199684143066,6.0,False,3189,451
2014-04-16-423,2014-04-16,FUV1,5142696,15,35555,0.33349049166592204,17.791199684143066,6.0,False,1748,457
2014-04-16-424,2014-04-16,FUV1,5142696,19,35570,0.19940082121645428,17.791199684143066,6.0,False,326,472
2014-04-16-425,2014-04-16,FUV2,5142696,15,35589,0.20529292325569234,17.791199684143066,6.0,False,3906,480
2014-04-16-426,2014-04-16,FUV2,5142696,13,35604,0.31017528297430885,17.791199684143066,6.0,False,3250,517
2014-04-16-427,2014-04-16,FUV2,5142696,16,35617,-0.13533301440123344,17.791199684143066,6.0,False,3865,537
2014-04-16-428,2014-04-16,FUV1,5142696,14,35633,0.09203428306692521,17.791199684143066,6.0,False,1887,549
2014-04-16-429,2014-04-16,FUV1,5142696,13,35647,-0.15655648514463874,17.791199684143066,6.0,False,1681,559
2014-04-16-430,2014-04-16,FUV1,5142696,13,35660,0.2770292627620557,17.791199684143066,6.0,False,1322,580
2014-04-16-431,2014-04-16,FUV2,5142696,13,35673,0.26481948339018346,17.791199684143066,6.0,False,3258,646
2014-04-16-432,2014-04-16,FUV2,5142696,12,35686,-0.16390822008266828,17.791199684143066,6.0,False,2950,675
2014-04-16-433,2014-04-16,FUV1,5142696,19,35698,0.19621594370717776,17.791199684143066,6.0,False,128,677
2014-04-16-434,2014-04-16,FUV2,5142696,19,35717,0.1548000965047207,17.791199684143066,6.0,False,3001,721
2014-04-16-435,2014-04-16,FUV2,5142696,13,35736,0.034787951840468706,17.791199684143066,6.0,False,3013,805
2014-04-16-436,2014-04-16,FUV2,5142696,13,35749,0.15162539359225985,17.791199684143066,6.0,False,2980,868
2014-04-16-437,2014-04-16,FUV2,5142696,13,35762,0.33265531763165435,17.791199684143066,6.0,False,2995,900
2014-04-16-438,2014-04-16,FUV1,5142699,19,35775,0.14155484203746635,17.791199684143066,6.0,False,1423,251
2014-04-16-439,2014-04-16,FUV2,5142699,13,35794,0.27540842485357236,17.791199684143066,6.0,False,3222,282
2014-04-16-440,2014-04-16,FUV2,5142699,13,35807,0.13658505913683738,17.791199684143066,6.0,False,2930,439
2014-04-16-441,2014-04-16,FUV1,5142699,12,35820,0.18668353619270733,17.791199684143066,6.0,False,98,523
2014-04-16-442,2014-04-16,FUV2,5142699,12,35832,0.21199398015781196,17.791199684143066,6.0,False,3214,585
2014-04-16-443,2014-04-16,FUV1,5142699,12,35844,0.12139923034662387,17.791199684143066,6.0,False,1424,625
2014-04-16-444,2014-04-16,FUV1,5142699,14,35856,0.10837092860484641,17.791199684143066,6.0,False,406,646
2014-04-16-445,2014-04-16,FUV1,5142699,13,35870,0.3466152601308422,17.791199684143066,6.0,False,1676,658
2014-04-16-446,2014-04-16,FUV1,5142699,23,35883,0.09950966199143517,17.791199684143066,6.0,False,381,691
2014-04-16-447,2014-04-16,FUV1,5142699,14,35906,0.23327920344371786,17.791199684143066,6.0,False,274,738
2014-04-16-448,2014-04-16,FUV1,5142699,14,35920,0.24987331509584812,17.791199684143066,6.0,False,1865,785
2014-04-16-449,2014-04-16,FUV1,5142699,13,35934,-0.009565739474241587,17.791199684143066,6.0,False,1334,799
2014-04-16-450,2014-04-16,FUV2,5142699,16,35947,0.07248126899540555,17.791199684143066,6.0,False,3772,806
2014-04-16-451,2014-04-16,FUV1,5142699,12,35963,0.13391046715801944,17.791199684143066,6.0,False,105,829
2014-04-16-452,2014-04-16,FUV1,5142699,12,35975,0.19573899695995117,17.791199684143066,6.0,False,336,885
2014-04-16-453,2014-04-16,FUV2,5142699,13,35987,-0.0818938289160825,17.791199684143066,6.0,False,3263,901
2014-04-16-454,2014-04-16,FUV1,5142702,12,36000,0.29638594812596725,17.791199684143066,6.0,False,1308,212
2014-04-16-455,2014-04-16,FUV2,5142702,14,36012,-0.2862132348304991,17.791199684143066,6.0,True,217,3913
2014-04-16-456,2014-04-16,FUV2,5142702,13,36026,0.22373581355144395,17.791199684143066,6.0,False,3048,253
2014-04-16-457,2014-04-16,FUV1,5142702,12,36039,0.011215076762584802,17.791199684143066,6.0,False,140,259
2014-04-16-458,2014-04-16,FUV2,5142702,15,36051,-0.017539647585196744,17.791199684143066,6.0,False,3218,303
2014-04-16-459,2014-04-16,FUV1,5142702,18,36066,-0.08469228531673377,17.791199684143066,6.0,False,382,313
2014-04-16-460,2014-04-16,FUV1,5142702,17,36084,0.31338619808920276,17.791199684143066,6.0,False,1702,329
2014-04-16-461,2014-04-16,FUV2,5142702,12,36101,0.03204270222380677,17.791199684143066,6.0,False,3516,347
2014-04-16-462,2014-04-16,FUV2,5142702,13,36113,0.2963984352631335,17.791199684143066,6.0,False,3639,362
2014-04-16-463,2014-04-16,FUV1,5142702,18,36126,-0.0006122498346409255,17.791199684143066,6.0,False,1676,374
2014-04-16-464,2014-04-16,FUV2,5142702,18,36144,0.12690481768674228,17.791199684143066,6.0,False,3053,385
2014-04-16-465,2014-04-16,FUV1,5142702,14,36162,0.03970704764400529,17.791199684143066,6.0,False,398,395
2014-04-16-466,2014-04-16,FUV1,5142702,27,36176,0.263324480017273,17.791199684143066,6.0,False,1319,440
2014-04-16-467,2014-04-16,FUV1,5142702,13,36203,0.30668230412360176,17.791199684143066,6.0,False,1649,530
2014-04-16-468,2014-04-16,FUV1,5142702,14,36216,-0.11876909005280406,17.791199684143066,6.0,False,1441,578
2014-04-16-469,2014-04-16,FUV1,5142702,14,36230,0.16623106062091822,17.791199684143066,6.0,False,1674,657
2014-04-16-470,2014-04-16,FUV2,5142702,14,36244,0.09729146958291941,17.791199684143066,6.0,False,3004,693
2014-04-16-471,2014-04-16,FUV1,5142702,14,36258,0.14707821826827328,17.791199684143066,6.0,False,237,777
2014-04-16-472,2014-04-16,FUV1,5142702,12,36272,-0.004978567628890603,17.791199684143066,6.0,False,171,779
2014-04-16-473,2014-04-16,FUV1,5142702,14,36284,0.30684310532255,17.791199684143066,6.0,False,418,802
2014-04-16-474,2014-04-16,FUV1,5142702,13,36298,-0.024907345712151103,17.791199684143066,6.0,False,1255,883
2014-04-16-475,2014-04-16,FUV1,5142705,18,36311,0.17257658710381518,17.791199684143066,6.0,False,1617,232
2014-04-16-476,2014-04-16,FUV2,5142705,16,36329,-0.09862134517766469,17.791199684143066,6.0,False,3015,258
2014-04-16-477,2014-04-16,FUV2,5142705,13,36345,-0.06765676397887013,17.791199684143066,6.0,False,3155,288
2014-04-16-478,2014-04-16,FUV1,5142705,23,36358,-0.021417627977992185,17.791199684143066,6.0,False,1817,346
2014-04-16-479,2014-04-16,FUV2,5142705,12,36381,-0.2148498928712615,17.791199684143066,6.0,False,3241,351
2014-04-16-480,2014-04-16,FUV2,5142705,16,36393,0.32976782769631013,17.791199684143066,6.0,False,3876,360
2014-04-16-481,2014-04-16,FUV1,5142705,23,36409,0.26890546132779874,17.791199684143066,6.0,False,222,372
2014-04-16-482,2014-04-16,FUV1,5142705,12,36432,0.0532405225392978,17.791199684143066,6.0,True,436,1380
2014-04-16-483,2014-04-16,FUV2,5142705,15,36444,-0.066925513693342,17.791199684143066,6.0,False,3537,440
2014-04-16-484,2014-04-16,FUV1,5142705,26,36459,-0.011719688745577387,17.791199684143066,6.0,False,1661,458
2014-04-16-485,2014-04-16,FUV1,5142705,12,36485,0.09258404920200725,17.791199684143066,6.0,False,1607,520
2014-04-16-486,2014-04-16,FUV1,5142705,15,36497,0.31833784594392006,17.791199684143066,6.0,False,1728,526
2014-04-16-487,2014-04-16,FUV1,5142705,14,36512,0.11451640314023218,17.791199684143066,6.0,True,538,130
2014-04-16-488,2014-04-16,FUV1,5142705,13,36526,-0.13454392457637507,17.791199684143066,6.0,False,1704,649
2014-04-16-489,2014-04-16,FUV2,5142705,19,36539,0.19071160751297006,17.791199684143066,6.0,False,3009,685
2014-04-16-490,2014-04-16,FUV2,5142705,20,36558,0.18458821064592737,17.791199684143066,6.0,False,2944,712
2014-04-16-491,2014-04-16,FUV2,5142705,15,36578,0.1627052298396838,17.791199684143066,6.0,True,848,3763
2014-04-16-492,2014-04-16,FUV1,5142705,14,36593,0.04980133953448264,17.791199684143066,6.0,False,315,850
2014-04-16-493,2014-04-16,FUV2,5142705,15,36607,0.09905565482511235,17.791199684143066,6.0,False,3210,871
2014-04-16-494,2014-04-16,FUV2,5142705,16,36622,0.12699937521937282,17.791199684143066,6.0,False,2982,899
2014-04-16-495,2014-04-16,FUV1,5142708,14,36638,-0.2035018735843029,17.791199684143066,6.0,False,154,199
2014-04-16-496,2014-04-16,FUV2,5142708,13,36652,0.06733164015092989,17.791199684143066,6.0,False,2987,199
2014-04-16-497,2014-04-16,FUV2,5142708,14,36665,0.3181209854664863,17.791199684143066,6.0,False,2992,277
2014-04-16-498,2014-04-16,FUV2,5142708,13,36679,0.27741438034214105,17.791199684143066,6.0,False,3171,303
2014-04-16-499,2014-04-16,FUV1,5142708,20,36692,-0.1531663725265001,17.791199684143066,6.0,False,96,410
2014-04-16-500,2014-04-16,FUV1,5142708,15,36712,0.040472875610381466,17.791199684143066,6.0,False,1682,415
2014-04-16-501,2014-04-16,FUV2,5142708,16,36727,-0.07569216189517547,17.791199684143066,6.0,False,3181,451
2014-04-16-502,2014-04-16,FUV1,5142708,13,36743,0.2819908493278334,17.791199684143066,6.0,False,1857,499
2014-04-16-503,2014-04-16,FUV2,5142708,15,36756,0.24880210872860956,17.791199684143066,6.0,False,3760,517
2014-04-16-504,2014-04-16,FUV1,5142708,12,36771,0.12518063732790802,17.791199684143066,6.0,False,1838,551
2014-04-16-505,2014-04-16,FUV1,5142708,12,36783,0.006356849999128714,17.791199684143066,6.0,False,1299,560
2014-04-16-506,2014-04-16,FUV2,5142708,12,36795,-0.33645994366883175,17.791199684143066,6.0,True,657,3732
2014-04-16-507,2014-04-16,FUV1,5142708,12,36807,-0.044671310580785946,17.791199684143066,6.0,False,1285,869
2014-04-16-508,2014-04-16,FUV1,5142708,13,36819,0.22309601063785106,17.791199684143066,6.0,False,326,901
2014-04-16-509,2014-04-16,FUV1,5142711,30,36832,-0.09702867198767795,17.791199684143066,6.0,False,163,205
2014-04-16-510,2014-04-16,FUV1,5142711,18,36862,-0.02132674786618567,17.791199684143066,6.0,False,1405,233
2014-04-16-511,2014-04-16,FUV1,5142711,18,36880,-0.1750755786193159,17.791199684143066,6.0,False,258,288
2014-04-16-512,2014-04-16,FUV2,5142711,14,36898,0.3218514431519209,17.791199684143066,6.0,False,3540,327
2014-04-16-513,2014-04-16,FUV1,5142711,18,36912,0.08422324852720664,17.791199684143066,6.0,False,430,340
2014-04-16-514,2014-04-16,FUV1,5142711,15,36930,0.15766460729855064,17.791199684143066,6.0,False,1688,461
2014-04-16-515,2014-04-16,FUV2,5142711,24,36945,0.11395941032807563,17.791199684143066,6.0,False,3226,474
2014-04-16-516,2014-04-16,FUV2,5142711,17,36969,0.22310302370301754,17.791199684143066,6.0,True,479,2967
2014-04-16-517,2014-04-16,FUV2,5142711,15,36986,-0.17047122158440484,17.791199684143066,6.0,False,3736,716
2014-04-16-518,2014-04-16,FUV1,5142711,15,37001,-0.08985380851808099,17.791199684143066,6.0,False,326,742
2014-04-16-519,2014-04-16,FUV2,5142711,13,37016,0.19369152291517341,17.791199684143066,6.0,False,2995,850
2014-04-16-520,2014-04-16,FUV1,5142711,13,37029,-0.13422261048571038,17.791199684143066,6.0,False,418,901
2014-04-16-521,2014-04-16,FUV1,5142714,14,37042,-0.07089920290247537,17.791199684143066,6.0,False,1403,415
2014-04-16-522,2014-04-16,FUV1,5142714,14,37056,-0.027489626317170085,17.791199684143066,6.0,False,1870,449
2014-04-16-523,2014-04-16,FUV1,5142714,13,37070,-0.00463694967781676,17.791199684143066,6.0,False,344,463
2014-04-16-524,2014-04-16,FUV2,5142714,37,37083,-0.009137819467953822,17.791199684143066,6.0,False,2956,557
2014-04-16-525,2014-04-16,FUV1,5142714,13,37120,-0.1756916901256695,17.791199684143066,6.0,True,568,1811
2014-04-16-526,2014-04-16,FUV2,5142714,15,37133,-0.14779416744054186,17.791199684143066,6.0,False,3614,570
2014-04-16-527,2014-04-16,FUV2,5142714,13,37148,-0.07464511535827888,17.791199684143066,6.0,False,3625,600
2014-04-16-528,2014-04-16,FUV2,5142714,19,37161,-0.19491220852755048,17.791199684143066,6.0,False,3606,701
2014-04-16-529,2014-04-16,FUV1,5142714,27,37180,-0.15564827647352647,17.791199684143066,6.0,False,1717,836
2014-04-16-530,2014-04-16,FUV2,5142717,13,37207,-0.24481637331452297,17.791199684143066,6.0,False,2957,263
2014-04-16-531,2014-04-16,FUV2,5142717,22,37220,-0.23821281281584328,17.791199684143066,6.0,False,3006,318
2014-04-16-532,2014-04-16,FUV1,5142717,15,37242,-0.054909518779286785,17.791199684143066,6.0,False,1316,349
2014-04-16-533,2014-04-16,FUV1,5142717,14,37257,-0.10669950641950617,17.791199684143066,6.0,False,1722,402
2014-04-16-534,2014-04-16,FUV1,5142717,16,37271,0.03147151990090914,17.791199684143066,6.0,False,1349,449
2014-04-16-535,2014-04-16,FUV2,5142717,14,37287,-0.06682766585462485,17.791199684143066,6.0,False,3169,720
2014-04-16-536,2014-04-16,FUV2,5142717,20,37301,-0.2465490842888749,17.791199684143066,6.0,False,3648,778
2014-04-16-537,2014-04-16,FUV1,5142717,21,37321,-0.24585108855726004,17.791199684143066,6.0,False,1694,786
2014-04-16-538,2014-04-16,FUV1,5142717,17,37342,0.30751671151445237,17.791199684143066,6.0,False,291,858
2014-04-16-539,2014-04-16,FUV2,5142720,15,37359,-0.1365052050099531,17.791199684143066,6.0,False,2932,319
2014-04-16-540,2014-04-16,FUV2,5142720,20,37374,-0.17878387642214016,17.791199684143066,6.0,True,387,3547
2014-04-16-541,2014-04-16,FUV2,5142720,19,37394,-0.09813803578107233,17.791199684143066,6.0,False,3218,453
2014-04-16-542,2014-04-16,FUV1,5142720,17,37413,-0.1615728944962143,17.791199684143066,6.0,False,1861,590
2014-04-16-543,2014-04-16,FUV1,5142720,14,37430,-0.14250014606570666,17.791199684143066,6.0,False,109,711
2014-04-16-544,2014-04-16,FUV1,5142723,12,37444,0.03756752147316356,17.791199684143066,6.0,False,1907,306
2014-04-16-545,2014-04-16,FUV2,5142723,15,37456,-0.05592450760861148,17.791199684143066,6.0,True,519,3721
2014-04-16-546,2014-04-16,FUV1,5142723,13,37471,-0.31727399371302356,17.791199684143066,6.0,False,1425,536
2014-04-16-547,2014-04-16,FUV2,5142723,21,37484,0.18494534518229575,17.791199684143066,6.0,True,553,3526
2014-04-16-548,2014-04-16,FUV2,5142723,18,37505,-0.018986925262151844,17.791199684143066,6.0,False,3246,559
2014-04-16-549,2014-04-16,FUV2,5142723,12,37523,-0.10086412426896008,17.791199684143066,6.0,True,625,3249
2014-04-16-550,2014-04-16,FUV2,5142723,13,37535,-0.058009317336489334,17.791199684143066,6.0,False,3901,777
2014-04-16-551,2014-04-16,FUV1,5142726,12,37548,-0.1568659604146129,17.791199684143066,6.0,False,1818,516
2014-04-16-552,2014-04-16,FUV1,5142726,13,37560,0.20759278107230084,17.791199684143066,6.0,False,1780,705
2014-04-16-553,2014-04-16,FUV1,5142729,12,37573,-0.13448615933172234,17.791199684143066,6.0,False,1687,281
2014-04-16-554,2014-04-16,FUV1,5142729,23,37585,0.029758491940674578,17.791199684143066,6.0,False,1605,891
2014-04-16-555,2014-04-16,FUV2,5142735,13,37608,-0.2903583484074799,17.791199684143066,6.0,False,3914,415
2014-04-16-556,2014-04-16,FUV1,5142735,15,37621,0.1796281880128388,17.791199684143066,6.0,False,385,464
2014-04-16-557,2014-04-16,FUV1,5142744,19,37636,-0.008673010948422412,17.791199684143066,6.0,True,219,1851
2014-04-16-558,2014-04-16,FUV1,5142747,12,37655,-0.09154752687388375,17.791199684143066,6.0,False,333,209
2014-04-16-559,2014-04-16,SJI,5141599,12,37667,-0.08294994991899883,26.6867995262146,18.0,True,681,780
2014-04-16-560,2014-04-16,SJI,5141611,12,37679,-0.16752063852339605,26.6867995262146,18.0,False,466,728
2014-04-16-561,2014-04-16,SJI,5141623,13,37691,-0.0018981192731825226,26.6867995262146,18.0,True,674,297
2014-04-16-562,2014-04-16,SJI,5141635,20,37704,-0.2037567838347544,26.6867995262146,18.0,False,240,771
2014-04-16-563,2014-04-16,SJI,5141641,14,37724,-0.22747316915715637,26.6867995262146,18.0,False,496,568
2014-04-16-564,2014-04-16,SJI,5141641,16,37738,0.17343177775153523,26.6867995262146,18.0,True,847,664
2014-04-16-565,2014-04-16,SJI,5141647,12,37754,0.3068877754996407,26.6867995262146,18.0,True,233,779
2014-04-16-566,2014-04-16,SJI,5141647,13,37766,-0.34335601352426864,26.6867995262146,18.0,False,327,777
2014-04-16-567,2014-04-16,SJI,5141653,14,37779,0.08314252463383456,26.6867995262146,18.0,False,366,527
2014-04-16-568,2014-04-16,SJI,5141653,13,37793,-0.2301515296901525,26.6867995262146,18.0,True,691,272
2014-04-16-569,2014-04-16,SJI,5142607,12,37806,0.0014319218193706103,26.6867995262146,18.0,True,707,697
2014-04-16-570,2014-04-16,SJI,5142619,16,37818,0.10292411871846194,26.6867995262146,18.0,True,569,771
2014-04-16-571,2014-04-16,SJI,5142637,13,37834,-0.2517864368499508,26.6867995262146,18.0,True,640,345
2014-04-16-572,2014-04-16,SJI,5142649,12,37847,0.12089597456931932,26.6867995262146,18.0,True,373,730
2014-04-16-573,2014-04-16,SJI,5142649,14,37859,0.05071268175815923,26.6867995262146,18.0,True,774,731
2014-04-16-574,2014-04-16,SJI,5142655,13,37873,0.05361042911942571,26.6867995262146,18.0,True,668,762
2014-04-16-575,2014-04-16,SJI,5142655,12,37886,-0.18909966792895824,26.6867995262146,18.0,True,737,513
2014-04-16-576,2014-04-16,SJI,5142661,12,37898,-0.31674241556866045,26.6867995262146,18.0,False,720,302
2014-04-16-577,2014-04-16,SJI,5142661,15,37910,0.02768174507841463,26.6867995262146,18.0,False,353,662
2014-04-16-578,2014-04-16,SJI,5142661,16,37925,0.34420146296610443,26.6867995262146,18.0,False,350,738
2014-04-16-579,2014-04-16,SJI,5142661,12,37941,-0.16351839754045625,26.6867995262146,18.0,False,488,746
2014-04-16-580,2014-04-16,SJI,5142667,12,37953,-0.16519505599280365,26.6867995262146,18.0,False,810,249
2014-04-16-581,2014-04-16,SJI,5142667,14,37965,-0.2301043826816398,26.6867995262146,18.0,False,759,353
2014-04-16-582,2014-04-16,SJI,5142667,12,37979,-0.09504658351418924,26.6867995262146,18.0,True,598,312
2014-04-16-583,2014-04-16,SJI,5142667,12,37991,-0.08648098330096471,26.6867995262146,18.0,True,622,432
2014-04-16-584,2014-04-16,SJI,5142667,14,38003,-0.05816895449965008,26.6867995262146,18.0,True,702,374
2014-04-16-585,2014-04-16,SJI,5142667,15,38017,0.04998737001051552,26.6867995262146,18.0,True,768,285
2014-04-16-586,2014-04-16,SJI,5142667,12,38032,-0.10087019744949735,26.6867995262146,18.0,False,253,782
2014-04-16-587,2014-04-16,SJI,5142667,12,38044,-0.13903966855629754,26.6867995262146,18.0,True,863,614
2014-04-16-588,2014-04-16,SJI,5142673,15,38056,-0.3290946401828356,26.6867995262146,18.0,False,679,321
2014-04-16-589,2014-04-16,SJI,5142673,12,38071,-0.0783922327415493,26.6867995262146,18.0,True,348,731
2014-04-16-590,2014-04-16,SJI,5142673,15,38083,0.07611460257380345,26.6867995262146,18.0,False,434,604
2014-04-16-591,2014-04-16,SJI,5142673,15,38098,-0.15921076365658965,26.6867995262146,18.0,False,563,609
2014-04-16-592,2014-04-16,SJI,5142673,16,38113,-0.048594392285635474,26.6867995262146,18.0,True,717,398
2014-04-16-593,2014-04-16,SJI,5142673,13,38129,-0.2952148312334931,26.6867995262146,18.0,False,296,734
2014-04-16-594,2014-04-16,SJI,5142673,12,38142,-0.2783452777153488,26.6867995262146,18.0,False,190,761
2014-04-16-595,2014-04-16,SJI,5142673,14,38154,-0.13750596901246068,26.6867995262146,18.0,False,210,789
2014-04-16-596,2014-04-16,SJI,5142673,13,38168,-0.14441916447280448,26.6867995262146,18.0,False,665,791
2014-04-16-597,2014-04-16,SJI,5142673,12,38181,-0.016782926886164874,26.6867995262146,18.0,True,821,572
2014-04-16-598,2014-04-16,SJI,5142673,12,38193,-0.09527069471673351,26.6867995262146,18.0,False,438,825
2014-04-16-599,2014-04-16,SJI,5142673,16,38205,0.006776371104919353,26.6867995262146,18.0,False,451,861
2014-04-16-600,2014-04-16,SJI,5142673,15,38221,-0.10575806856796127,26.6867995262146,18.0,False,691,861
2014-04-16-601,2014-04-16,SJI,5142679,13,38236,-0.18154225933584636,26.6867995262146,18.0,False,550,625
2014-04-16-602,2014-04-16,SJI,5142679,12,38249,-0.23599652309996913,26.6867995262146,18.0,False,456,664
2014-04-16-603,2014-04-16,SJI,5142679,13,38261,0.05537792498100877,26.6867995262146,18.0,True,670,295
2014-04-16-604,2014-04-16,SJI,5142679,12,38274,-0.12639695900887676,26.6867995262146,18.0,False,458,758
2014-04-16-605,2014-04-16,SJI,5142685,13,38286,-0.2632112847415424,26.6867995262146,18.0,False,775,532
2014-04-16-606,2014-04-16,SJI,5142685,12,38299,-0.19479632169372646,26.6867995262146,18.0,False,619,705
2014-04-16-607,2014-04-16,SJI,5142685,14,38311,-0.31918903866242426,26.6867995262146,18.0,False,786,721
2014-04-16-608,2014-04-16,SJI,5142685,20,38325,-0.20061720398640667,26.6867995262146,18.0,False,779,791
2014-04-16-609,2014-04-16,SJI,5142685,12,38345,-0.12889878078054587,26.6867995262146,18.0,False,289,827
2014-04-16-610,2014-04-16,SJI,5142691,14,38357,-0.0322245183889741,26.6867995262146,18.0,False,800,240
2014-04-16-611,2014-04-16,SJI,5142691,12,38371,0.05822927271539873,26.6867995262146,18.0,False,683,287
2014-04-16-612,2014-04-16,SJI,5142691,21,38383,-0.23747598325746044,26.6867995262146,18.0,False,290,696
2014-04-16-613,2014-04-16,SJI,5142691,13,38404,0.07373042760363482,26.6867995262146,18.0,False,358,711
2014-04-16-614,2014-04-16,SJI,5142691,16,38417,-0.08833449523845613,26.6867995262146,18.0,False,238,806
2014-04-16-615,2014-04-16,SJI,5142691,13,38433,-0.19584366060850167,26.6867995262146,18.0,False,496,869
2014-04-16-616,2014-04-16,SJI,5142697,23,38446,-0.28779947577501935,26.6867995262146,18.0,False,701,262
2014-04-16-617,2014-04-16,SJI,5142697,12,38469,-0.03873681224847206,26.6867995262146,18.0,False,734,526
2014-04-16-618,2014-04-16,SJI,5142697,12,38481,0.13200174119500072,26.6867995262146,18.0,False,274,759
2014-04-16-619,2014-04-16,SJI,5142697,12,38493,-0.13437848141648098,26.6867995262146,18.0,False,617,804
2014-04-16-620,2014-04-16,SJI,5142697,12,38505,-0.18023586656177157,26.6867995262146,18.0,False,514,829
2014-04-16-621,2014-04-16,SJI,5142703,20,38517,-0.1245284533416835,26.6867995262146,18.0,False,754,331
2014-04-16-622,2014-04-16,SJI,5142703,17,38537,-0.16366319860916356,26.6867995262146,18.0,False,748,523
2014-04-16-623,2014-04-16,SJI,5142703,19,38554,-0.19113580839551514,26.6867995262146,18.0,False,550,714
2014-04-16-624,2014-04-16,SJI,5142709,13,38573,-0.041276404266364,26.6867995262146,18.0,False,433,510
2014-04-16-625,2014-04-16,SJI,5142709,12,38586,0.34920549476135837,26.6867995262146,18.0,False,260,722
2014-04-16-626,2014-04-16,SJI,5142709,12,38598,-0.003768244626443703,26.6867995262146,18.0,False,350,835
2014-04-16-627,2014-04-16,SJI,5142709,25,38610,-0.05863009479834272,26.6867995262146,18.0,False,551,857
2014-04-16-628,2014-04-16,SJI,5142715,13,38635,0.2643679542551065,26.6867995262146,18.0,False,752,290
2014-04-16-629,2014-04-16,SJI,5142715,15,38648,-0.04873088346279363,26.6867995262146,18.0,False,815,368
2014-04-16-630,2014-04-16,SJI,5142721,15,38663,0.3029274306785198,26.6867995262146,18.0,False,772,699
2014-04-16-631,2014-04-16,SJI,5142721,22,38678,0.14706008584585195,26.6867995262146,18.0,False,345,803
2014-04-16-632,2014-04-16,SJI,5142727,12,38700,0.23602089072885052,26.6867995262146,18.0,True,851,324
2014-04-16-633,2014-04-16,SJI,5142733,12,38712,0.3400526340736871,26.6867995262146,18.0,False,329,643
2014-08-23-1,2014-08-23,SJI,7981676,14,38724,0.13406212608427429,26.6867995262146,18.0,True,443,772
2014-08-23-2,2014-08-23,SJI,7981688,13,38738,-0.22641237344494033,26.6867995262146,18.0,True,520,855
2014-08-23-3,2014-08-23,SJI,7981694,20,38751,-0.251903395190258,26.6867995262146,18.0,True,508,857
2014-08-23-4,2014-08-23,SJI,7981706,14,38771,-0.017483682276625653,26.6867995262146,18.0,True,381,628
2014-08-23-5,2014-08-23,SJI,7981754,12,38785,0.01904396374061651,26.6867995262146,18.0,False,301,705
2014-08-23-6,2014-08-23,SJI,7981760,24,38797,0.23500294090491958,26.6867995262146,18.0,False,399,841
2014-08-23-7,2014-08-23,SJI,7981766,69,38821,0.024294480203620353,26.6867995262146,18.0,False,696,750
2014-08-23-8,2014-08-23,SJI,7981772,21,38890,0.337023434523836,26.6867995262146,18.0,False,201,427
2014-08-23-9,2014-08-23,SJI,7981772,12,38911,-0.09922400853507246,26.6867995262146,18.0,False,790,516
2014-08-23-10,2014-08-23,SJI,7981772,23,38923,0.22102692942003985,26.6867995262146,18.0,False,525,566
2014-08-23-11,2014-08-23,SJI,7981772,25,38946,0.24296824338747217,26.6867995262146,18.0,False,303,617
2014-08-23-12,2014-08-23,SJI,7981772,13,38971,-0.035119506873224716,26.6867995262146,18.0,False,217,754
2014-08-23-13,2014-08-23,SJI,7981778,12,38984,0.05576342653591094,26.6867995262146,18.0,False,243,528
2014-08-23-14,2014-08-23,SJI,7981784,14,38996,0.010878919955104122,26.6867995262146,18.0,False,680,449
2014-08-23-15,2014-08-23,SJI,7981784,15,39010,0.26668212263030927,26.6867995262146,18.0,False,506,577
2014-08-23-16,2014-08-23,SJI,7981784,13,39025,0.10419642369995794,26.6867995262146,18.0,False,318,772
2014-08-23-17,2014-08-23,SJI,7981784,12,39038,0.007593959849378667,26.6867995262146,18.0,False,782,790
2014-08-23-18,2014-08-23,SJI,7981790,22,39050,0.1596411284072069,26.6867995262146,18.0,False,429,339
2014-08-23-19,2014-08-23,SJI,7981790,13,39072,-0.019711639811453987,26.6867995262146,18.0,False,532,432
2014-08-23-20,2014-08-23,SJI,7981790,20,39085,-0.09656014014961062,26.6867995262146,18.0,False,844,516
2014-08-23-21,2014-08-23,SJI,7981790,14,39105,0.07790677017186633,26.6867995262146,18.0,False,681,644
2014-08-23-22,2014-08-23,SJI,7981790,19,39119,-0.02121392372811274,26.6867995262146,18.0,False,332,758
2014-08-23-23,2014-08-23,SJI,7981796,13,39138,0.06344631703484076,26.6867995262146,18.0,False,652,383
2014-08-23-24,2014-08-23,SJI,7981796,12,39151,0.2600463098214406,26.6867995262146,18.0,False,598,563
2014-08-23-25,2014-08-23,SJI,7981796,16,39163,-0.009601922435449717,26.6867995262146,18.0,False,759,739
2014-08-23-26,2014-08-23,SJI,7981796,13,39179,-0.16981946201451756,26.6867995262146,18.0,False,649,741
2014-08-23-27,2014-08-23,SJI,7981802,15,39192,0.13731789216599782,26.6867995262146,18.0,False,274,322
2014-08-23-28,2014-08-23,SJI,7981802,12,39207,-0.020876557212138023,26.6867995262146,18.0,False,382,369
2014-08-23-29,2014-08-23,SJI,7981802,15,39219,0.2416914796563511,26.6867995262146,18.0,False,662,382
2014-08-23-30,2014-08-23,SJI,7981802,13,39234,0.19570633615050007,26.6867995262146,18.0,False,600,423
2014-08-23-31,2014-08-23,SJI,7981802,14,39247,0.2201253566046664,26.6867995262146,18.0,False,391,432
2014-08-23-32,2014-08-23,SJI,7981802,25,39261,0.15167513563976848,26.6867995262146,18.0,False,457,501
2014-08-23-33,2014-08-23,SJI,7981802,21,39286,-0.10913691986624324,26.6867995262146,18.0,False,608,555
2014-08-23-34,2014-08-23,SJI,7981802,12,39307,0.18148693546443603,26.6867995262146,18.0,False,400,668
2014-08-23-35,2014-08-23,SJI,7981802,20,39319,-0.0235958882345257,26.6867995262146,18.0,False,678,732
2014-08-23-36,2014-08-23,SJI,7981808,12,39339,-0.20673296494051682,26.6867995262146,18.0,False,270,358
2014-08-23-37,2014-08-23,SJI,7981808,23,39351,-0.16159349135894163,26.6867995262146,18.0,False,308,444
2014-08-23-38,2014-08-23,SJI,7981808,13,39374,0.26082831882698393,26.6867995262146,18.0,False,398,448
2014-08-23-39,2014-08-23,SJI,7981808,22,39387,-0.026542252757334846,26.6867995262146,18.0,False,537,567
2014-08-23-40,2014-08-23,SJI,7981808,15,39409,-0.0627391543280817,26.6867995262146,18.0,False,680,575
2014-08-23-41,2014-08-23,SJI,7981808,20,39424,0.1590314987580253,26.6867995262146,18.0,False,289,641
2014-08-23-42,2014-08-23,SJI,7981808,12,39444,0.20765190511520432,26.6867995262146,18.0,False,745,641
2014-08-23-43,2014-08-23,SJI,7981808,13,39456,-0.1522814510518339,26.6867995262146,18.0,False,310,643
2014-08-23-44,2014-08-23,SJI,7981808,12,39469,0.33306804512580734,26.6867995262146,18.0,False,645,695
2014-08-23-45,2014-08-23,SJI,7981808,12,39481,-0.1397618484439619,26.6867995262146,18.0,False,738,722
2014-08-23-46,2014-08-23,SJI,7981808,12,39493,-0.1414858468479605,26.6867995262146,18.0,False,652,739
2014-08-23-47,2014-08-23,SJI,7981808,16,39505,-0.018569677897438422,26.6867995262146,18.0,False,563,742
2014-08-23-48,2014-08-23,SJI,7981808,20,39521,-0.061012992563112795,26.6867995262146,18.0,False,696,872
2014-08-23-49,2014-08-23,SJI,7981814,22,39541,-0.22824175274854805,26.6867995262146,18.0,False,492,433
2014-08-23-50,2014-08-23,SJI,7981814,12,39563,0.13640117134873617,26.6867995262146,18.0,False,344,519
2014-08-23-51,2014-08-23,SJI,7981814,18,39575,0.08505159002790148,26.6867995262146,18.0,False,207,558
2014-08-23-52,2014-08-23,SJI,7981814,13,39593,-0.008940601855461342,26.6867995262146,18.0,False,272,574
2014-08-23-53,2014-08-23,SJI,7981814,19,39606,-0.17681463360802,26.6867995262146,18.0,False,689,584
2014-08-23-54,2014-08-23,SJI,7981814,13,39625,0.21160007621531327,26.6867995262146,18.0,False,458,627
2014-08-23-55,2014-08-23,SJI,7981814,26,39638,0.1270348959196462,26.6867995262146,18.0,False,384,662
2014-08-23-56,2014-08-23,SJI,7981814,14,39664,-0.09143502398803029,26.6867995262146,18.0,False,820,822
2014-08-23-57,2014-08-23,SJI,7981820,13,39678,-0.1454455940097495,26.6867995262146,18.0,False,399,368
2014-08-23-58,2014-08-23,SJI,7981820,18,39691,-0.07449174988217443,26.6867995262146,18.0,False,814,433
2014-08-23-59,2014-08-23,SJI,7981820,37,39709,-0.010305577717873932,26.6867995262146,18.0,False,627,456
2014-08-23-60,2014-08-23,SJI,7981820,12,39746,0.24919539887913775,26.6867995262146,18.0,False,363,531
2014-08-23-61,2014-08-23,SJI,7981820,16,39758,-0.12924014045453738,26.6867995262146,18.0,False,758,578
2014-08-23-62,2014-08-23,SJI,7981820,13,39774,-0.02685494869164662,26.6867995262146,18.0,False,575,638
2014-08-23-63,2014-08-23,SJI,7981820,12,39787,-0.0405789439687303,26.6867995262146,18.0,False,624,748
2014-08-23-64,2014-08-23,SJI,7981820,18,39799,-0.06833129900630401,26.6867995262146,18.0,False,609,871
2014-08-23-65,2014-08-23,SJI,7981826,17,39817,0.06828597274060502,26.6867995262146,18.0,False,692,400
2014-08-23-66,2014-08-23,SJI,7981826,22,39834,0.08766014653770945,26.6867995262146,18.0,False,841,547
2014-08-23-67,2014-08-23,SJI,7981826,13,39856,0.013373438682954148,26.6867995262146,18.0,False,604,615
2014-08-23-68,2014-08-23,SJI,7981832,25,39869,0.05146053898808815,26.6867995262146,18.0,False,413,350
2014-08-23-69,2014-08-23,SJI,7981832,12,39894,0.20634105932538035,26.6867995262146,18.0,True,440,549
2014-08-23-70,2014-08-23,SJI,7981832,17,39906,0.05443714880084626,26.6867995262146,18.0,True,684,608
2014-08-23-71,2014-08-23,SJI,7981832,12,39923,-0.15018699420954199,26.6867995262146,18.0,False,210,710
2014-08-23-72,2014-08-23,SJI,7981832,19,39935,-0.21399795516881492,26.6867995262146,18.0,False,607,744
2014-08-23-73,2014-08-23,SJI,7981832,23,39954,-0.037550197575824895,26.6867995262146,18.0,False,602,781
2014-08-23-74,2014-08-23,SJI,7981838,13,39977,-0.20038286509879066,26.6867995262146,18.0,False,435,403
2014-08-23-75,2014-08-23,SJI,7981838,32,39990,-0.12223801296982166,26.6867995262146,18.0,False,493,740
2014-08-23-76,2014-08-23,SJI,7981838,31,40022,-0.11978626177330566,26.6867995262146,18.0,False,498,754
2014-08-23-77,2014-08-23,SJI,7981844,12,40053,-0.05076489706150738,26.6867995262146,18.0,True,386,301
2014-08-23-78,2014-08-23,SJI,7981844,12,40065,-0.10439461533290026,26.6867995262146,18.0,False,725,429
2014-08-23-79,2014-08-23,SJI,7981844,13,40077,-0.2722497968838342,26.6867995262146,18.0,False,639,493
2014-08-23-80,2014-08-23,SJI,7981844,13,40090,-0.20184975710852382,26.6867995262146,18.0,False,256,645
2014-08-23-81,2014-08-23,SJI,7981844,27,40103,-0.12367187487714887,26.6867995262146,18.0,False,408,765
2014-08-23-82,2014-08-23,SJI,7981850,22,40130,-0.20687257751654672,26.6867995262146,18.0,False,321,633
2014-08-23-83,2014-08-23,SJI,7981856,16,40152,-0.20614781889079298,26.6867995262146,18.0,False,324,330
2014-08-23-84,2014-08-23,SJI,7981856,12,40168,-0.26422247741898924,26.6867995262146,18.0,False,273,536
2014-08-23-85,2014-08-23,SJI,7981856,15,40180,-0.07247545890421042,26.6867995262146,18.0,False,845,542
2014-08-23-86,2014-08-23,SJI,7981856,18,40195,0.034520666868074555,26.6867995262146,18.0,False,291,557
2014-08-23-87,2014-08-23,SJI,7981856,23,40213,-0.25610599677772117,26.6867995262146,18.0,False,581,713
2014-08-23-88,2014-08-23,SJI,7981862,12,40236,0.022044305097830896,26.6867995262146,18.0,False,211,602
2014-08-23-89,2014-08-23,SJI,7981862,12,40248,-0.1535536919736911,26.6867995262146,18.0,False,617,626
2014-08-23-90,2014-08-23,SJI,7981862,12,40260,-0.18607723044072233,26.6867995262146,18.0,False,516,691
2014-08-23-91,2014-08-23,SJI,7981862,17,40272,-0.1511525064070678,26.6867995262146,18.0,False,383,751
2014-08-23-92,2014-08-23,SJI,7981862,17,40289,-0.2346477830770608,26.6867995262146,18.0,False,556,795
2014-08-23-93,2014-08-23,SJI,7981868,20,40306,-0.2100031246743062,26.6867995262146,18.0,False,653,579
2014-08-23-94,2014-08-23,SJI,7981868,13,40326,-0.33815912708741136,26.6867995262146,18.0,True,597,510
2014-08-23-95,2014-08-23,SJI,7981874,22,40339,0.11123008760811273,26.6867995262146,18.0,True,333,379
2014-08-23-96,2014-08-23,SJI,7981874,23,40361,-0.25504294094843255,26.6867995262146,18.0,False,375,493
2014-08-23-97,2014-08-23,SJI,7981874,12,40384,-0.34622653140258575,26.6867995262146,18.0,False,521,730
2014-08-23-98,2014-08-23,SJI,7981994,12,40396,-0.23078330495585148,26.6867995262146,18.0,True,544,768
2014-08-23-99,2014-08-23,FUV1,7981702,16,40408,-0.08484103185178307,17.791199684143066,6.0,False,1722,780
2014-08-23-100,2014-08-23,FUV1,7981705,16,40424,0.2025531659290318,17.791199684143066,6.0,False,407,448
2014-08-23-101,2014-08-23,FUV2,7981720,21,40440,0.06542067546733768,17.791199684143066,6.0,False,3259,735
2014-08-23-102,2014-08-23,FUV1,7981723,24,40461,0.32208114426420137,17.791199684143066,6.0,False,408,340
2014-08-23-103,2014-08-23,FUV1,7981729,18,40485,0.11416915806165355,17.791199684143066,6.0,False,358,738
2014-08-23-104,2014-08-23,FUV2,7981741,15,40503,0.10350587859668739,17.791199684143066,6.0,False,3855,280
2014-08-23-105,2014-08-23,FUV1,7981744,17,40518,0.04085129244965873,17.791199684143066,6.0,False,1771,640
2014-08-23-106,2014-08-23,FUV2,7981747,15,40535,0.17060708576854888,17.791199684143066,6.0,False,3222,771
2014-08-23-107,2014-08-23,FUV1,7981753,12,40550,0.0846046019221364,17.791199684143066,6.0,False,1715,714
2014-08-23-108,2014-08-23,FUV2,7981753,15,40562,0.25811542675019417,17.791199684143066,6.0,False,3939,812
2014-08-23-109,2014-08-23,FUV1,7981756,16,40577,0.17660250578906267,17.791199684143066,6.0,False,1830,511
2014-08-23-110,2014-08-23,FUV2,7981756,13,40593,0.34972405442257926,17.791199684143066,6.0,True,731,3056
2014-08-23-111,2014-08-23,FUV2,7981759,20,40606,0.11535577507371929,17.791199684143066,6.0,False,3925,433
2014-08-23-112,2014-08-23,FUV1,7981765,42,40626,0.09265646027231705,17.791199684143066,6.0,False,406,204
2014-08-23-113,2014-08-23,FUV1,7981765,15,40668,0.17500768262411134,17.791199684143066,6.0,False,254,271
2014-08-23-114,2014-08-23,FUV1,7981765,12,40683,0.3060566135796568,17.791199684143066,6.0,False,1600,381
2014-08-23-115,2014-08-23,FUV1,7981765,12,40695,0.10816570587145521,17.791199684143066,6.0,False,279,502
2014-08-23-116,2014-08-23,FUV2,7981765,19,40707,0.24597585745624206,17.791199684143066,6.0,False,4003,510
2014-08-23-117,2014-08-23,FUV1,7981765,24,40726,0.22594050668362373,17.791199684143066,6.0,False,362,705
2014-08-23-118,2014-08-23,FUV1,7981765,15,40750,-0.07311851728458438,17.791199684143066,6.0,False,352,894
2014-08-23-119,2014-08-23,FUV1,7981768,34,40765,0.18972005895359043,17.791199684143066,6.0,False,1603,344
2014-08-23-120,2014-08-23,FUV2,7981768,13,40799,0.18162108798721796,17.791199684143066,6.0,False,3655,344
2014-08-23-121,2014-08-23,FUV2,7981768,24,40812,-0.02528155193147828,17.791199684143066,6.0,False,3640,539
2014-08-23-122,2014-08-23,FUV1,7981768,13,40836,-0.01554220823214195,17.791199684143066,6.0,False,365,873
2014-08-23-123,2014-08-23,FUV1,7981771,14,40849,0.15219431153682292,17.791199684143066,6.0,False,363,384
2014-08-23-124,2014-08-23,FUV1,7981771,12,40863,0.10674209490882025,17.791199684143066,6.0,False,1449,412
2014-08-23-125,2014-08-23,FUV2,7981771,16,40875,0.2651547586091868,17.791199684143066,6.0,False,3217,600
2014-08-23-126,2014-08-23,FUV1,7981771,18,40891,-0.1538200239602059,17.791199684143066,6.0,False,1248,636
2014-08-23-127,2014-08-23,FUV1,7981774,12,40909,0.26468675014791015,17.791199684143066,6.0,False,1761,289
2014-08-23-128,2014-08-23,FUV1,7981774,18,40921,0.09714939443024674,17.791199684143066,6.0,False,1736,342
2014-08-23-129,2014-08-23,FUV1,7981774,15,40939,0.1283920952090718,17.791199684143066,6.0,False,1419,588
2014-08-23-130,2014-08-23,FUV2,7981777,14,40954,-0.2109676368020476,17.791199684143066,6.0,False,3748,264
2014-08-23-131,2014-08-23,FUV1,7981777,16,40968,0.11850466725016719,17.791199684143066,6.0,False,404,399
2014-08-23-132,2014-08-23,FUV2,7981777,12,40984,0.032074951935934105,17.791199684143066,6.0,False,3178,621
2014-08-23-133,2014-08-23,FUV1,7981777,14,40996,0.3459508455735159,17.791199684143066,6.0,False,279,634
2014-08-23-134,2014-08-23,FUV1,7981777,24,41010,0.15648856051624466,17.791199684143066,6.0,False,1889,643
2014-08-23-135,2014-08-23,FUV1,7981777,13,41034,0.048318833056369324,17.791199684143066,6.0,False,1384,648
2014-08-23-136,2014-08-23,FUV1,7981777,13,41047,0.12235313718058456,17.791199684143066,6.0,False,1736,715
2014-08-23-137,2014-08-23,FUV2,7981777,16,41060,0.04502555003816055,17.791199684143066,6.0,False,3784,781
2014-08-23-138,2014-08-23,FUV1,7981777,46,41076,-0.03289553888624531,17.791199684143066,6.0,True,783,428
2014-08-23-139,2014-08-23,FUV2,7981780,19,41122,0.294873384799202,17.791199684143066,6.0,False,3517,193
2014-08-23-140,2014-08-23,FUV1,7981780,21,41141,0.2598882064334266,17.791199684143066,6.0,False,1611,325
2014-08-23-141,2014-08-23,FUV1,7981780,16,41162,0.310504878085325,17.791199684143066,6.0,False,1659,347
2014-08-23-142,2014-08-23,FUV1,7981780,19,41178,0.03551881058931798,17.791199684143066,6.0,False,1882,412
2014-08-23-143,2014-08-23,FUV2,7981780,17,41197,-0.09512482108246557,17.791199684143066,6.0,False,3633,428
2014-08-23-144,2014-08-23,FUV1,7981780,14,41214,0.24931956368510425,17.791199684143066,6.0,False,286,526
2014-08-23-145,2014-08-23,FUV2,7981780,15,41228,-0.03706735381723349,17.791199684143066,6.0,False,3264,561
2014-08-23-146,2014-08-23,FUV2,7981780,23,41243,0.19278993883609905,17.791199684143066,6.0,False,2940,818
2014-08-23-147,2014-08-23,FUV2,7981780,27,41266,0.1298051456307292,17.791199684143066,6.0,False,2935,869
2014-08-23-148,2014-08-23,FUV1,7981783,18,41293,0.01014616208001749,17.791199684143066,6.0,False,1758,244
2014-08-23-149,2014-08-23,FUV1,7981783,25,41311,0.293870107228251,17.791199684143066,6.0,False,260,284
2014-08-23-150,2014-08-23,FUV2,7981783,18,41336,-0.003671171440877321,17.791199684143066,6.0,False,3250,672
2014-08-23-151,2014-08-23,FUV1,7981783,13,41354,0.153659560870694,17.791199684143066,6.0,False,140,699
2014-08-23-152,2014-08-23,FUV1,7981783,20,41367,0.15773528520266283,17.791199684143066,6.0,False,167,775
2014-08-23-153,2014-08-23,FUV2,7981783,17,41387,-0.008162141778660361,17.791199684143066,6.0,False,4006,783
2014-08-23-154,2014-08-23,FUV1,7981783,12,41404,0.2792944925272388,17.791199684143066,6.0,False,298,843
2014-08-23-155,2014-08-23,FUV1,7981786,15,41416,-0.16830095818078833,17.791199684143066,6.0,False,1601,198
2014-08-23-156,2014-08-23,FUV2,7981786,18,41431,0.25234570656475697,17.791199684143066,6.0,False,3539,263
2014-08-23-157,2014-08-23,FUV2,7981786,17,41449,0.21275312180697684,17.791199684143066,6.0,False,3857,372
2014-08-23-158,2014-08-23,FUV1,7981786,24,41466,0.15357589053906318,17.791199684143066,6.0,False,144,486
2014-08-23-159,2014-08-23,FUV1,7981786,21,41490,0.09586109005398091,17.791199684143066,6.0,False,191,521
2014-08-23-160,2014-08-23,FUV2,7981786,13,41511,0.2514887711588563,17.791199684143066,6.0,False,3211,837
2014-08-23-161,2014-08-23,FUV2,7981786,15,41524,0.17875439040917404,17.791199684143066,6.0,False,3885,850
2014-08-23-162,2014-08-23,FUV2,7981789,14,41539,0.01954052299645135,17.791199684143066,6.0,False,2896,354
2014-08-23-163,2014-08-23,FUV1,7981789,14,41553,0.208230745479033,17.791199684143066,6.0,False,1865,489
2014-08-23-164,2014-08-23,FUV2,7981789,12,41567,-0.07252073436718112,17.791199684143066,6.0,False,3557,512
2014-08-23-165,2014-08-23,FUV2,7981789,13,41579,0.15922879175861546,17.791199684143066,6.0,False,3524,582
2014-08-23-166,2014-08-23,FUV1,7981789,29,41592,-0.10030857671183176,17.791199684143066,6.0,False,1607,694
2014-08-23-167,2014-08-23,FUV1,7981789,14,41621,0.14616731258114138,17.791199684143066,6.0,False,1612,803
2014-08-23-168,2014-08-23,FUV1,7981789,16,41635,0.0048205485273615754,17.791199684143066,6.0,True,826,1276
2014-08-23-169,2014-08-23,FUV2,7981789,33,41651,-0.16495973866833574,17.791199684143066,6.0,False,3880,868
2014-08-23-170,2014-08-23,FUV1,7981792,26,41684,0.08710509864937235,17.791199684143066,6.0,False,1690,302
2014-08-23-171,2014-08-23,FUV1,7981792,15,41710,0.053128880986348624,17.791199684143066,6.0,False,1790,331
2014-08-23-172,2014-08-23,FUV1,7981792,13,41725,-0.0409960741442308,17.791199684143066,6.0,False,1807,386
2014-08-23-173,2014-08-23,FUV2,7981792,16,41738,-0.056126129929987896,17.791199684143066,6.0,False,3236,444
2014-08-23-174,2014-08-23,FUV1,7981792,12,41754,0.30776090744837425,17.791199684143066,6.0,False,340,449
2014-08-23-175,2014-08-23,FUV2,7981792,17,41766,0.25099600704835223,17.791199684143066,6.0,False,3908,556
2014-08-23-176,2014-08-23,FUV1,7981792,18,41783,0.304205678599842,17.791199684143066,6.0,False,121,562
2014-08-23-177,2014-08-23,FUV1,7981792,12,41801,0.2930648571655957,17.791199684143066,6.0,False,1267,584
2014-08-23-178,2014-08-23,FUV2,7981792,17,41813,0.17883362728500166,17.791199684143066,6.0,False,2991,710
2014-08-23-179,2014-08-23,FUV1,7981792,16,41830,-0.21267008137223684,17.791199684143066,6.0,False,1279,816
2014-08-23-180,2014-08-23,FUV1,7981792,15,41846,0.22510784191484007,17.791199684143066,6.0,False,1290,865
2014-08-23-181,2014-08-23,FUV1,7981795,18,41861,-0.05162952365241702,17.791199684143066,6.0,False,1776,224
2014-08-23-182,2014-08-23,FUV2,7981795,12,41879,0.28511962950442427,17.791199684143066,6.0,False,3005,297
2014-08-23-183,2014-08-23,FUV2,7981795,18,41891,-0.025082151662486535,17.791199684143066,6.0,False,3194,297
2014-08-23-184,2014-08-23,FUV1,7981795,26,41909,0.3065619488855051,17.791199684143066,6.0,False,96,333
2014-08-23-185,2014-08-23,FUV2,7981795,17,41935,0.12226151830169503,17.791199684143066,6.0,False,3924,451
2014-08-23-186,2014-08-23,FUV2,7981795,26,41952,0.11636647453093692,17.791199684143066,6.0,False,3529,541
2014-08-23-187,2014-08-23,FUV2,7981795,17,41978,0.17615083920489838,17.791199684143066,6.0,False,3051,549
2014-08-23-188,2014-08-23,FUV1,7981795,19,41995,0.1400350450138042,17.791199684143066,6.0,False,429,637
2014-08-23-189,2014-08-23,FUV2,7981795,12,42014,-0.17566606628717202,17.791199684143066,6.0,False,3014,715
2014-08-23-190,2014-08-23,FUV2,7981795,18,42026,0.08764954715819924,17.791199684143066,6.0,False,4025,755
2014-08-23-191,2014-08-23,FUV1,7981795,23,42044,0.2297641469428245,17.791199684143066,6.0,False,1629,763
2014-08-23-192,2014-08-23,FUV1,7981795,12,42067,0.20579854385739005,17.791199684143066,6.0,False,1453,783
2014-08-23-193,2014-08-23,FUV1,7981795,12,42079,0.14143377368283166,17.791199684143066,6.0,False,1315,840
2014-08-23-194,2014-08-23,FUV1,7981798,18,42091,0.18835277299976194,17.791199684143066,6.0,False,200,286
2014-08-23-195,2014-08-23,FUV1,7981798,20,42109,-0.26110695229792386,17.791199684143066,6.0,True,411,212
2014-08-23-196,2014-08-23,FUV2,7981798,14,42129,-0.038717799292881,17.791199684143066,6.0,False,2959,411
2014-08-23-197,2014-08-23,FUV2,7981798,13,42143,-0.04201662669761263,17.791199684143066,6.0,False,2948,418
2014-08-23-198,2014-08-23,FUV2,7981798,13,42156,0.26460768959999253,17.791199684143066,6.0,False,3918,440
2014-08-23-199,2014-08-23,FUV1,7981798,14,42169,0.10167155419650846,17.791199684143066,6.0,False,1700,448
2014-08-23-200,2014-08-23,FUV2,7981798,18,42183,0.31075100687035545,17.791199684143066,6.0,False,3915,581
2014-08-23-201,2014-08-23,FUV1,7981798,19,42201,-0.14362256040065013,17.791199684143066,6.0,True,596,170
2014-08-23-202,2014-08-23,FUV2,7981798,15,42220,0.15646732721179782,17.791199684143066,6.0,False,3891,738
2014-08-23-203,2014-08-23,FUV2,7981798,13,42235,0.30007261421713366,17.791199684143066,6.0,False,3611,769
2014-08-23-204,2014-08-23,FUV1,7981801,13,42248,0.10874744717616808,17.791199684143066,6.0,False,1459,202
2014-08-23-205,2014-08-23,FUV1,7981801,19,42261,0.26957168778107216,17.791199684143066,6.0,False,1314,224
2014-08-23-206,2014-08-23,FUV1,7981801,22,42280,-0.15325162604597867,17.791199684143066,6.0,True,230,1641
2014-08-23-207,2014-08-23,FUV2,7981801,13,42302,0.19664160193241065,17.791199684143066,6.0,False,3558,248
2014-08-23-208,2014-08-23,FUV1,7981801,16,42315,0.10159888720820796,17.791199684143066,6.0,False,1424,269
2014-08-23-209,2014-08-23,FUV2,7981801,26,42331,-0.022096568358997187,17.791199684143066,6.0,False,3152,271
2014-08-23-210,2014-08-23,FUV2,7981801,13,42357,0.06621238802951719,17.791199684143066,6.0,False,3065,371
2014-08-23-211,2014-08-23,FUV2,7981801,16,42370,0.21645108255195766,17.791199684143066,6.0,False,3224,382
2014-08-23-212,2014-08-23,FUV1,7981801,12,42386,0.03990820262718719,17.791199684143066,6.0,False,340,551
2014-08-23-213,2014-08-23,FUV1,7981801,23,42398,0.26946348777068335,17.791199684143066,6.0,False,253,636
2014-08-23-214,2014-08-23,FUV2,7981801,20,42421,-0.11715504285551874,17.791199684143066,6.0,False,3521,644
2014-08-23-215,2014-08-23,FUV2,7981801,13,42441,0.14763301077891447,17.791199684143066,6.0,False,3951,684
2014-08-23-216,2014-08-23,FUV2,7981801,14,42454,0.17141656031416203,17.791199684143066,6.0,False,3959,732
2014-08-23-217,2014-08-23,FUV1,7981801,13,42468,0.002568117784765261,17.791199684143066,6.0,False,1323,768
2014-08-23-218,2014-08-23,FUV2,7981804,15,42481,0.30604677770522365,17.791199684143066,6.0,False,2988,207
2014-08-23-219,2014-08-23,FUV1,7981804,12,42496,0.09394283266783046,17.791199684143066,6.0,False,388,224
2014-08-23-220,2014-08-23,FUV1,7981804,16,42508,-0.1507755178695861,17.791199684143066,6.0,False,157,334
2014-08-23-221,2014-08-23,FUV2,7981804,18,42524,-0.11492062732048049,17.791199684143066,6.0,False,3529,334
2014-08-23-222,2014-08-23,FUV1,7981804,23,42542,0.1320076157157972,17.791199684143066,6.0,False,1286,363
2014-08-23-223,2014-08-23,FUV1,7981804,23,42565,-0.10908269212802434,17.791199684143066,6.0,False,144,366
2014-08-23-224,2014-08-23,FUV2,7981804,34,42588,0.04608787126735978,17.791199684143066,6.0,False,3864,435
2014-08-23-225,2014-08-23,FUV1,7981804,19,42622,0.09320522439744473,17.791199684143066,6.0,False,1765,495
2014-08-23-226,2014-08-23,FUV1,7981804,15,42641,0.109164528724964,17.791199684143066,6.0,False,1378,526
2014-08-23-227,2014-08-23,FUV1,7981804,14,42656,-0.03851542634259976,17.791199684143066,6.0,False,1439,592
2014-08-23-228,2014-08-23,FUV2,7981804,13,42670,-0.12276201051146034,17.791199684143066,6.0,False,3726,606
2014-08-23-229,2014-08-23,FUV1,7981804,16,42683,0.23534307273965718,17.791199684143066,6.0,False,1291,617
2014-08-23-230,2014-08-23,FUV2,7981804,12,42699,0.12053141403393092,17.791199684143066,6.0,False,3542,686
2014-08-23-231,2014-08-23,FUV2,7981804,13,42711,-0.16413644009606446,17.791199684143066,6.0,False,3190,697
2014-08-23-232,2014-08-23,FUV2,7981804,12,42724,0.25740280279447864,17.791199684143066,6.0,False,2996,780
2014-08-23-233,2014-08-23,FUV1,7981804,17,42736,-0.20392114821357002,17.791199684143066,6.0,False,1804,797
2014-08-23-234,2014-08-23,FUV2,7981804,14,42753,0.2739757110416732,17.791199684143066,6.0,False,3868,846
2014-08-23-235,2014-08-23,FUV1,7981807,25,42767,0.0019531360308467135,17.791199684143066,6.0,False,1885,413
2014-08-23-236,2014-08-23,FUV1,7981807,13,42792,-0.036714457684860646,17.791199684143066,6.0,False,417,415
2014-08-23-237,2014-08-23,FUV2,7981807,20,42805,0.18475116522962787,17.791199684143066,6.0,False,3903,610
2014-08-23-238,2014-08-23,FUV1,7981807,15,42825,0.09381914518269628,17.791199684143066,6.0,False,255,623
2014-08-23-239,2014-08-23,FUV1,7981807,20,42840,-0.22760130754711233,17.791199684143066,6.0,False,1452,732
2014-08-23-240,2014-08-23,FUV2,7981807,18,42860,0.19664932134068594,17.791199684143066,6.0,False,3059,736
2014-08-23-241,2014-08-23,FUV2,7981807,29,42878,0.21051737770894405,17.791199684143066,6.0,False,3625,792
2014-08-23-242,2014-08-23,FUV1,7981807,12,42907,0.12233917248484666,17.791199684143066,6.0,False,400,866
2014-08-23-243,2014-08-23,FUV2,7981807,50,42919,0.005755511091194144,17.791199684143066,6.0,False,3504,903
2014-08-23-244,2014-08-23,FUV2,7981810,17,42969,-0.05113741394030182,17.791199684143066,6.0,False,3228,203
2014-08-23-245,2014-08-23,FUV2,7981810,14,42986,0.290979016141462,17.791199684143066,6.0,False,3252,207
2014-08-23-246,2014-08-23,FUV2,7981810,14,43000,0.17524306387276326,17.791199684143066,6.0,False,3669,277
2014-08-23-247,2014-08-23,FUV2,7981810,18,43014,-0.1637019650690963,17.791199684143066,6.0,False,3181,338
2014-08-23-248,2014-08-23,FUV1,7981810,14,43032,0.11571402832855068,17.791199684143066,6.0,False,1332,350
2014-08-23-249,2014-08-23,FUV1,7981810,21,43046,0.07453941280579546,17.791199684143066,6.0,False,1412,380
2014-08-23-250,2014-08-23,FUV1,7981810,17,43067,0.03136380026889047,17.791199684143066,6.0,False,1801,398
2014-08-23-251,2014-08-23,FUV1,7981810,21,43084,-0.0051049209365654664,17.791199684143066,6.0,False,1832,415
2014-08-23-252,2014-08-23,FUV1,7981810,18,43105,0.037722479338454566,17.791199684143066,6.0,False,366,455
2014-08-23-253,2014-08-23,FUV1,7981810,12,43123,-0.11655365787430548,17.791199684143066,6.0,False,1819,521
2014-08-23-254,2014-08-23,FUV2,7981810,20,43135,0.04375669073807905,17.791199684143066,6.0,False,3913,528
2014-08-23-255,2014-08-23,FUV1,7981810,15,43155,-0.14184648461589316,17.791199684143066,6.0,False,1658,551
2014-08-23-256,2014-08-23,FUV2,7981810,16,43170,0.2693870001686252,17.791199684143066,6.0,False,3615,559
2014-08-23-257,2014-08-23,FUV2,7981810,12,43186,-0.041869335500155286,17.791199684143066,6.0,False,4012,656
2014-08-23-258,2014-08-23,FUV1,7981810,13,43198,-0.18565665024272476,17.791199684143066,6.0,False,128,684
2014-08-23-259,2014-08-23,FUV2,7981810,13,43211,-0.23940714011547834,17.791199684143066,6.0,False,3640,685
2014-08-23-260,2014-08-23,FUV2,7981810,12,43224,-0.10757913566971863,17.791199684143066,6.0,False,3155,767
2014-08-23-261,2014-08-23,FUV2,7981810,12,43236,0.06462182814758005,17.791199684143066,6.0,False,3532,798
2014-08-23-262,2014-08-23,FUV1,7981810,34,43248,0.03724692449359581,17.791199684143066,6.0,False,1861,819
2014-08-23-263,2014-08-23,FUV2,7981810,13,43282,-0.04051630378504059,17.791199684143066,6.0,False,3634,875
2014-08-23-264,2014-08-23,FUV1,7981810,12,43295,0.19062752427847643,17.791199684143066,6.0,False,154,893
2014-08-23-265,2014-08-23,FUV1,7981813,22,43307,-0.0009696103562088348,17.791199684143066,6.0,False,1450,209
2014-08-23-266,2014-08-23,FUV2,7981813,15,43329,0.09819486859074088,17.791199684143066,6.0,False,3242,265
2014-08-23-267,2014-08-23,FUV2,7981813,13,43344,0.010066317042512733,17.791199684143066,6.0,False,3621,268
2014-08-23-268,2014-08-23,FUV2,7981813,15,43357,-0.23581470437574875,17.791199684143066,6.0,False,3610,298
2014-08-23-269,2014-08-23,FUV1,7981813,16,43372,0.1819852743335308,17.791199684143066,6.0,False,1625,299
2014-08-23-270,2014-08-23,FUV2,7981813,19,43388,0.2056611186193394,17.791199684143066,6.0,False,3854,335
2014-08-23-271,2014-08-23,FUV2,7981813,14,43407,0.0598379228436056,17.791199684143066,6.0,False,3933,381
2014-08-23-272,2014-08-23,FUV1,7981813,17,43421,0.16133093806831592,17.791199684143066,6.0,False,149,389
2014-08-23-273,2014-08-23,FUV1,7981813,18,43438,0.20654804699120716,17.791199684143066,6.0,False,1600,442
2014-08-23-274,2014-08-23,FUV2,7981813,16,43456,-0.07965370084236555,17.791199684143066,6.0,False,4018,442
2014-08-23-275,2014-08-23,FUV1,7981813,15,43472,-0.08456659495143506,17.791199684143066,6.0,False,280,474
2014-08-23-276,2014-08-23,FUV2,7981813,13,43487,-0.1257954394873692,17.791199684143066,6.0,False,3567,563
2014-08-23-277,2014-08-23,FUV1,7981813,16,43500,-0.07149606156181146,17.791199684143066,6.0,False,1416,582
2014-08-23-278,2014-08-23,FUV2,7981813,12,43516,-0.15676412965956263,17.791199684143066,6.0,False,3939,598
2014-08-23-279,2014-08-23,FUV1,7981813,21,43528,0.10530220535155639,17.791199684143066,6.0,False,379,605
2014-08-23-280,2014-08-23,FUV1,7981813,23,43549,-0.0037742265856805573,17.791199684143066,6.0,False,1284,612
2014-08-23-281,2014-08-23,FUV2,7981813,14,43572,-0.09340892059782853,17.791199684143066,6.0,False,3023,641
2014-08-23-282,2014-08-23,FUV2,7981813,18,43586,0.22806142952667038,17.791199684143066,6.0,False,3637,679
2014-08-23-283,2014-08-23,FUV1,7981813,23,43604,0.06508378127827456,17.791199684143066,6.0,False,1825,696
2014-08-23-284,2014-08-23,FUV2,7981813,12,43627,-0.2531507350887176,17.791199684143066,6.0,False,3621,702
2014-08-23-285,2014-08-23,FUV2,7981813,12,43639,-0.12946660530312337,17.791199684143066,6.0,False,3528,741
2014-08-23-286,2014-08-23,FUV1,7981813,12,43651,-0.02650415072891612,17.791199684143066,6.0,False,1352,774
2014-08-23-287,2014-08-23,FUV2,7981816,14,43663,0.04132848406762034,17.791199684143066,6.0,True,214,3786
2014-08-23-288,2014-08-23,FUV1,7981816,13,43677,-0.08372946175418437,17.791199684143066,6.0,False,1411,217
2014-08-23-289,2014-08-23,FUV2,7981816,20,43690,-0.08252835950832367,17.791199684143066,6.0,False,3235,271
2014-08-23-290,2014-08-23,FUV2,7981816,19,43710,-0.11220267090205271,17.791199684143066,6.0,False,4020,413
2014-08-23-291,2014-08-23,FUV2,7981816,24,43729,0.3126539889806005,17.791199684143066,6.0,False,3543,442
2014-08-23-292,2014-08-23,FUV2,7981816,12,43753,0.01316155817499959,17.791199684143066,6.0,False,3616,555
2014-08-23-293,2014-08-23,FUV2,7981816,15,43765,0.057735756268005624,17.791199684143066,6.0,False,3565,560
2014-08-23-294,2014-08-23,FUV1,7981816,12,43780,-0.2763329573118877,17.791199684143066,6.0,False,1878,616
2014-08-23-295,2014-08-23,FUV2,7981816,13,43792,-0.2084308598126471,17.791199684143066,6.0,False,4009,622
2014-08-23-296,2014-08-23,FUV1,7981816,13,43805,-0.15782545233153383,17.791199684143066,6.0,False,1698,643
2014-08-23-297,2014-08-23,FUV1,7981816,28,43818,-0.1610711364310072,17.791199684143066,6.0,False,1420,646
2014-08-23-298,2014-08-23,FUV2,7981816,21,43846,-0.05878856808551186,17.791199684143066,6.0,False,3190,656
2014-08-23-299,2014-08-23,FUV2,7981816,13,43867,0.10840580758324023,17.791199684143066,6.0,False,3202,679
2014-08-23-300,2014-08-23,FUV2,7981816,15,43880,0.0035575365693787616,17.791199684143066,6.0,False,3878,692
2014-08-23-301,2014-08-23,FUV1,7981816,15,43895,0.09988017590124142,17.791199684143066,6.0,False,1320,742
2014-08-23-302,2014-08-23,FUV1,7981816,12,43910,0.2609396097008809,17.791199684143066,6.0,False,1331,773
2014-08-23-303,2014-08-23,FUV2,7981816,16,43922,0.0412941273828191,17.791199684143066,6.0,False,3614,776
2014-08-23-304,2014-08-23,FUV2,7981816,15,43938,0.24320022651675013,17.791199684143066,6.0,False,3147,798
2014-08-23-305,2014-08-23,FUV1,7981816,13,43953,0.2753831137326022,17.791199684143066,6.0,False,267,830
2014-08-23-306,2014-08-23,FUV2,7981816,21,43966,-0.08656882984979433,17.791199684143066,6.0,False,3183,870
2014-08-23-307,2014-08-23,FUV1,7981816,13,43987,-0.05233224831167435,17.791199684143066,6.0,False,1869,878
2014-08-23-308,2014-08-23,FUV2,7981816,13,44000,-0.30296334026457505,17.791199684143066,6.0,False,3872,893
2014-08-23-309,2014-08-23,FUV1,7981816,13,44013,-0.15056842291632883,17.791199684143066,6.0,False,424,897
2014-08-23-310,2014-08-23,FUV2,7981816,13,44026,-0.15439534194272084,17.791199684143066,6.0,False,3018,897
2014-08-23-311,2014-08-23,FUV1,7981819,13,44039,-0.1878247577705658,17.791199684143066,6.0,False,116,200
2014-08-23-312,2014-08-23,FUV1,7981819,13,44052,-0.2718956925835987,17.791199684143066,6.0,False,370,231
2014-08-23-313,2014-08-23,FUV1,7981819,13,44065,0.07651213059933366,17.791199684143066,6.0,False,1292,235
2014-08-23-314,2014-08-23,FUV1,7981819,14,44078,0.0452286166420219,17.791199684143066,6.0,False,416,240
2014-08-23-315,2014-08-23,FUV1,7981819,19,44092,0.10057426639299191,17.791199684143066,6.0,False,113,290
2014-08-23-316,2014-08-23,FUV2,7981819,37,44111,-0.12128433569179072,17.791199684143066,6.0,False,3923,299
2014-08-23-317,2014-08-23,FUV1,7981819,16,44148,-0.061302566782166085,17.791199684143066,6.0,False,1365,421
2014-08-23-318,2014-08-23,FUV2,7981819,17,44164,-0.13504239052674438,17.791199684143066,6.0,True,463,2947
2014-08-23-319,2014-08-23,FUV2,7981819,14,44181,-0.18328848718556864,17.791199684143066,6.0,False,4005,554
2014-08-23-320,2014-08-23,FUV2,7981819,13,44195,-0.11292239504837263,17.791199684143066,6.0,False,4023,579
2014-08-23-321,2014-08-23,FUV2,7981819,19,44208,0.19774650633636734,17.791199684143066,6.0,False,3767,603
2014-08-23-322,2014-08-23,FUV2,7981819,14,44227,0.019340128526737096,17.791199684143066,6.0,False,3784,684
2014-08-23-323,2014-08-23,FUV2,7981819,13,44241,-0.07348744087456628,17.791199684143066,6.0,False,3947,688
2014-08-23-324,2014-08-23,FUV1,7981819,21,44254,0.23483205380085206,17.791199684143066,6.0,False,96,703
2014-08-23-325,2014-08-23,FUV2,7981819,17,44275,-0.046541580467885875,17.791199684143066,6.0,False,3924,726
2014-08-23-326,2014-08-23,FUV2,7981819,12,44292,-0.15079616408201982,17.791199684143066,6.0,False,3614,747
2014-08-23-327,2014-08-23,FUV2,7981819,17,44304,-0.1453126612726606,17.791199684143066,6.0,False,3764,829
2014-08-23-328,2014-08-23,FUV2,7981819,12,44321,-0.14301911662813413,17.791199684143066,6.0,False,3551,843
2014-08-23-329,2014-08-23,FUV1,7981819,31,44333,0.058991527635349976,17.791199684143066,6.0,False,1730,855
2014-08-23-330,2014-08-23,FUV2,7981822,15,44364,0.14830737732021165,17.791199684143066,6.0,False,3238,226
2014-08-23-331,2014-08-23,FUV1,7981822,15,44379,-0.31726273650629283,17.791199684143066,6.0,False,1785,232
2014-08-23-332,2014-08-23,FUV1,7981822,16,44394,-0.15507026464196946,17.791199684143066,6.0,False,1600,244
2014-08-23-333,2014-08-23,FUV2,7981822,22,44410,0.08084562191664271,17.791199684143066,6.0,False,3774,258
2014-08-23-334,2014-08-23,FUV2,7981822,20,44432,-0.03588652708598443,17.791199684143066,6.0,False,3954,303
2014-08-23-335,2014-08-23,FUV2,7981822,17,44452,0.15852680255247603,17.791199684143066,6.0,False,3615,345
2014-08-23-336,2014-08-23,FUV1,7981822,39,44469,-0.08634425658624882,17.791199684143066,6.0,False,1339,362
2014-08-23-337,2014-08-23,FUV2,7981822,17,44508,0.10082874008941951,17.791199684143066,6.0,False,3535,390
2014-08-23-338,2014-08-23,FUV1,7981822,19,44525,-0.2580066206483958,17.791199684143066,6.0,False,189,409
2014-08-23-339,2014-08-23,FUV1,7981822,14,44544,0.005667686883136947,17.791199684143066,6.0,False,194,542
2014-08-23-340,2014-08-23,FUV2,7981822,16,44558,-0.12008664405787799,17.791199684143066,6.0,False,3896,573
2014-08-23-341,2014-08-23,FUV1,7981822,14,44574,-0.29621594865926026,17.791199684143066,6.0,False,1359,608
2014-08-23-342,2014-08-23,FUV2,7981822,12,44588,0.19995180507537152,17.791199684143066,6.0,False,2921,725
2014-08-23-343,2014-08-23,FUV2,7981822,14,44600,-0.0925057756430788,17.791199684143066,6.0,False,3928,778
2014-08-23-344,2014-08-23,FUV2,7981822,12,44614,-0.02960229761007796,17.791199684143066,6.0,False,3246,809
2014-08-23-345,2014-08-23,FUV2,7981822,13,44626,0.2855357177388614,17.791199684143066,6.0,False,2982,834
2014-08-23-346,2014-08-23,FUV2,7981822,13,44639,-0.046918133168029556,17.791199684143066,6.0,False,3504,840
2014-08-23-347,2014-08-23,FUV2,7981822,13,44652,-0.20880940593569325,17.791199684143066,6.0,False,3566,880
2014-08-23-348,2014-08-23,FUV2,7981822,19,44665,-0.18400695425611757,17.791199684143066,6.0,False,3146,888
2014-08-23-349,2014-08-23,FUV1,7981825,12,44684,0.21153272932842088,17.791199684143066,6.0,False,1619,202
2014-08-23-350,2014-08-23,FUV1,7981825,15,44696,0.10551366257666346,17.791199684143066,6.0,False,1725,219
2014-08-23-351,2014-08-23,FUV1,7981825,60,44711,0.0891627887854927,17.791199684143066,6.0,False,1860,270
2014-08-23-352,2014-08-23,FUV2,7981825,12,44771,0.026048728262216932,17.791199684143066,6.0,False,3764,332
2014-08-23-353,2014-08-23,FUV2,7981825,13,44783,-0.16419820884805122,17.791199684143066,6.0,False,3953,369
2014-08-23-354,2014-08-23,FUV1,7981825,12,44796,-0.14810041891107475,17.791199684143066,6.0,False,1393,459
2014-08-23-355,2014-08-23,FUV1,7981825,14,44808,0.0767752900513692,17.791199684143066,6.0,False,1365,485
2014-08-23-356,2014-08-23,FUV2,7981825,13,44822,-0.036121076910395136,17.791199684143066,6.0,False,3262,519
2014-08-23-357,2014-08-23,FUV1,7981825,13,44835,0.03737770695773493,17.791199684143066,6.0,False,249,523
2014-08-23-358,2014-08-23,FUV1,7981825,13,44848,-0.09867975634892001,17.791199684143066,6.0,False,1347,594
2014-08-23-359,2014-08-23,FUV1,7981825,19,44861,0.0030164803138266047,17.791199684143066,6.0,False,1315,679
2014-08-23-360,2014-08-23,FUV2,7981825,14,44880,-0.20440357652937644,17.791199684143066,6.0,False,3960,688
2014-08-23-361,2014-08-23,FUV2,7981825,13,44894,-0.08825217883951214,17.791199684143066,6.0,False,3168,714
2014-08-23-362,2014-08-23,FUV1,7981825,12,44907,-0.04361040936959706,17.791199684143066,6.0,False,1881,814
2014-08-23-363,2014-08-23,FUV2,7981825,14,44919,-0.04340091118437506,17.791199684143066,6.0,False,3738,878
2014-08-23-364,2014-08-23,FUV2,7981825,13,44933,0.11744132274145586,17.791199684143066,6.0,False,3946,900
2014-08-23-365,2014-08-23,FUV2,7981828,17,44946,0.1338121327791305,17.791199684143066,6.0,False,3887,258
2014-08-23-366,2014-08-23,FUV1,7981828,14,44963,0.15871188127156052,17.791199684143066,6.0,False,1673,263
2014-08-23-367,2014-08-23,FUV2,7981828,18,44977,-0.07207037368929653,17.791199684143066,6.0,False,3915,334
2014-08-23-368,2014-08-23,FUV2,7981828,16,44995,-0.09628203344683224,17.791199684143066,6.0,False,3955,346
2014-08-23-369,2014-08-23,FUV1,7981828,15,45011,0.1488677945560574,17.791199684143066,6.0,False,1625,413
2014-08-23-370,2014-08-23,FUV1,7981828,12,45026,0.2460222500023803,17.791199684143066,6.0,False,1815,421
2014-08-23-371,2014-08-23,FUV1,7981828,15,45038,0.012364582059835634,17.791199684143066,6.0,False,1803,438
2014-08-23-372,2014-08-23,FUV1,7981828,12,45053,-0.2744625562483049,17.791199684143066,6.0,False,1736,482
2014-08-23-373,2014-08-23,FUV1,7981828,24,45065,0.04264100265636217,17.791199684143066,6.0,False,1734,502
2014-08-23-374,2014-08-23,FUV2,7981828,17,45089,-0.15285127822418917,17.791199684143066,6.0,False,3778,502
2014-08-23-375,2014-08-23,FUV1,7981828,16,45106,-0.26704256648228514,17.791199684143066,6.0,False,388,525
2014-08-23-376,2014-08-23,FUV1,7981828,23,45122,-0.03627989722797969,17.791199684143066,6.0,False,1731,567
2014-08-23-377,2014-08-23,FUV2,7981828,21,45145,0.02120611719682951,17.791199684143066,6.0,False,3169,575
2014-08-23-378,2014-08-23,FUV2,7981828,13,45166,-0.10970759250180911,17.791199684143066,6.0,False,3618,599
2014-08-23-379,2014-08-23,FUV2,7981828,13,45179,-0.2543585630327757,17.791199684143066,6.0,False,2958,638
2014-08-23-380,2014-08-23,FUV1,7981828,14,45192,0.01481657960926591,17.791199684143066,6.0,True,647,1396
2014-08-23-381,2014-08-23,FUV2,7981828,15,45206,-0.030178947285173206,17.791199684143066,6.0,False,2921,673
2014-08-23-382,2014-08-23,FUV1,7981828,15,45221,0.0008772976821520859,17.791199684143066,6.0,False,1662,754
2014-08-23-383,2014-08-23,FUV2,7981828,24,45236,-0.24468799947174136,17.791199684143066,6.0,False,3211,782
2014-08-23-384,2014-08-23,FUV2,7981828,19,45260,-0.11418916222265034,17.791199684143066,6.0,False,3858,794
2014-08-23-385,2014-08-23,FUV2,7981828,17,45279,-0.06806633509568506,17.791199684143066,6.0,False,3752,818
2014-08-23-386,2014-08-23,FUV1,7981828,13,45296,0.1391784136469574,17.791199684143066,6.0,False,1642,841
2014-08-23-387,2014-08-23,FUV1,7981828,36,45309,0.0450751728966312,17.791199684143066,6.0,False,1265,850
2014-08-23-388,2014-08-23,FUV2,7981828,15,45345,-0.1773408166978755,17.791199684143066,6.0,False,3774,857
2014-08-23-389,2014-08-23,FUV1,7981828,14,45360,-0.2610821953026238,17.791199684143066,6.0,False,404,892
2014-08-23-390,2014-08-23,FUV2,7981831,17,45374,-0.06538031241905659,17.791199684143066,6.0,False,3726,202
2014-08-23-391,2014-08-23,FUV2,7981831,13,45391,-0.17091302762203975,17.791199684143066,6.0,True,365,3935
2014-08-23-392,2014-08-23,FUV2,7981831,16,45404,-0.14258851421736848,17.791199684143066,6.0,False,3630,402
2014-08-23-393,2014-08-23,FUV2,7981831,17,45420,-0.3028399933960482,17.791199684143066,6.0,False,3253,441
2014-08-23-394,2014-08-23,FUV1,7981831,13,45437,-0.10219635918351982,17.791199684143066,6.0,False,1359,502
2014-08-23-395,2014-08-23,FUV2,7981831,12,45450,0.15624123521658573,17.791199684143066,6.0,False,3019,608
2014-08-23-396,2014-08-23,FUV2,7981831,15,45462,-0.13850242969388435,17.791199684143066,6.0,False,2908,620
2014-08-23-397,2014-08-23,FUV2,7981831,18,45477,-0.21334382617527237,17.791199684143066,6.0,False,3549,654
2014-08-23-398,2014-08-23,FUV1,7981831,13,45495,-0.2033947452155901,17.791199684143066,6.0,False,1656,680
2014-08-23-399,2014-08-23,FUV1,7981831,23,45508,-0.04661376954178775,17.791199684143066,6.0,False,1719,680
2014-08-23-400,2014-08-23,FUV2,7981831,12,45531,0.2954906497729033,17.791199684143066,6.0,False,2919,682
2014-08-23-401,2014-08-23,FUV2,7981831,12,45543,0.001067725493140792,17.791199684143066,6.0,False,4063,692
2014-08-23-402,2014-08-23,FUV1,7981831,12,45555,-0.153032941555151,17.791199684143066,6.0,False,190,739
2014-08-23-403,2014-08-23,FUV2,7981831,12,45567,-0.07371977257022945,17.791199684143066,6.0,False,3159,739
2014-08-23-404,2014-08-23,FUV1,7981831,13,45579,-0.15026179184319918,17.791199684143066,6.0,False,1459,764
2014-08-23-405,2014-08-23,FUV2,7981831,12,45592,-0.17186795603034688,17.791199684143066,6.0,False,3173,802
2014-08-23-406,2014-08-23,FUV2,7981831,19,45604,-0.0241840254133497,17.791199684143066,6.0,False,3158,874
2014-08-23-407,2014-08-23,FUV2,7981831,13,45623,0.012440962903002794,17.791199684143066,6.0,False,3191,887
2014-08-23-408,2014-08-23,FUV2,7981834,12,45636,0.05021537903421106,17.791199684143066,6.0,True,235,3961
2014-08-23-409,2014-08-23,FUV1,7981834,13,45648,-0.25340342910009644,17.791199684143066,6.0,False,1792,297
2014-08-23-410,2014-08-23,FUV1,7981834,13,45661,-0.12396385443713602,17.791199684143066,6.0,False,1639,350
2014-08-23-411,2014-08-23,FUV2,7981834,16,45674,-0.23303598754146182,17.791199684143066,6.0,False,3053,392
2014-08-23-412,2014-08-23,FUV2,7981834,13,45690,0.18478344587954162,17.791199684143066,6.0,False,2962,418
2014-08-23-413,2014-08-23,FUV2,7981834,13,45703,-0.2543927338236663,17.791199684143066,6.0,False,3952,470
2014-08-23-414,2014-08-23,FUV2,7981834,18,45716,-0.27432834923322424,17.791199684143066,6.0,False,3154,502
2014-08-23-415,2014-08-23,FUV1,7981834,13,45734,-0.07182103591848599,17.791199684143066,6.0,False,281,595
2014-08-23-416,2014-08-23,FUV1,7981834,18,45747,-0.14343147805426568,17.791199684143066,6.0,False,1902,602
2014-08-23-417,2014-08-23,FUV2,7981837,15,45765,-0.1568772855883456,17.791199684143066,6.0,False,3661,399
2014-08-23-418,2014-08-23,FUV1,7981837,15,45780,-0.17499984867729246,17.791199684143066,6.0,False,1297,701
2014-08-23-419,2014-08-23,FUV2,7981837,20,45795,-0.18028241736994913,17.791199684143066,6.0,False,3607,715
2014-08-23-420,2014-08-23,FUV2,7981837,16,45815,-0.13356777101219983,17.791199684143066,6.0,False,3173,791
2014-08-23-421,2014-08-23,FUV1,7981837,22,45831,-0.294471517926075,17.791199684143066,6.0,False,1891,816
2014-08-23-422,2014-08-23,FUV1,7981837,16,45853,-0.1280168216305459,17.791199684143066,6.0,False,1862,867
2014-08-23-423,2014-08-23,FUV2,7981837,16,45869,-0.007048731628197849,17.791199684143066,6.0,False,3005,888
2014-08-23-424,2014-08-23,FUV2,7981837,13,45885,-0.2607258513124372,17.791199684143066,6.0,False,3551,890
2014-08-23-425,2014-08-23,FUV1,7981840,26,45898,-0.03606730287523189,17.791199684143066,6.0,False,1887,257
2014-08-23-426,2014-08-23,FUV1,7981840,13,45924,-0.08849552133508126,17.791199684143066,6.0,False,1773,277
2014-08-23-427,2014-08-23,FUV2,7981840,16,45937,0.12073611341430547,17.791199684143066,6.0,False,3904,491
2014-08-23-428,2014-08-23,FUV1,7981840,30,45953,-0.015044573918393638,17.791199684143066,6.0,False,165,513
2014-08-23-429,2014-08-23,FUV1,7981840,20,45983,-0.11668958017902172,17.791199684143066,6.0,False,1272,532
2014-08-23-430,2014-08-23,FUV2,7981840,13,46003,-0.1094870478223437,17.791199684143066,6.0,False,2896,568
2014-08-23-431,2014-08-23,FUV1,7981840,28,46016,-0.1566259691128371,17.791199684143066,6.0,False,1316,593
2014-08-23-432,2014-08-23,FUV2,7981840,13,46044,0.030161557488450237,17.791199684143066,6.0,True,633,3067
2014-08-23-433,2014-08-23,FUV1,7981840,12,46057,-0.31362484580989997,17.791199684143066,6.0,False,342,671
2014-08-23-434,2014-08-23,FUV2,7981840,13,46069,-0.03956035974266856,17.791199684143066,6.0,False,3201,710
2014-08-23-435,2014-08-23,FUV1,7981840,14,46082,-0.25909821596551746,17.791199684143066,6.0,False,130,792
2014-08-23-436,2014-08-23,FUV2,7981840,13,46096,-0.2796874276087378,17.791199684143066,6.0,False,2947,832
2014-08-23-437,2014-08-23,FUV1,7981840,40,46109,-0.13513533443379824,17.791199684143066,6.0,False,1868,840
2014-08-23-438,2014-08-23,FUV2,7981840,12,46149,0.011379222109035724,17.791199684143066,6.0,False,3167,888
2014-08-23-439,2014-08-23,FUV1,7981843,13,46161,0.11016731438645898,17.791199684143066,6.0,False,1695,206
2014-08-23-440,2014-08-23,FUV1,7981843,19,46174,-0.12287543491286732,17.791199684143066,6.0,False,1399,292
2014-08-23-441,2014-08-23,FUV2,7981843,16,46193,-0.23230072608540434,17.791199684143066,6.0,False,3558,318
2014-08-23-442,2014-08-23,FUV2,7981843,21,46209,-0.2479884217782814,17.791199684143066,6.0,False,4057,370
2014-08-23-443,2014-08-23,FUV1,7981843,17,46230,-0.272968833152106,17.791199684143066,6.0,False,426,461
2014-08-23-444,2014-08-23,FUV1,7981843,16,46247,-0.07096668710114486,17.791199684143066,6.0,False,1600,492
2014-08-23-445,2014-08-23,FUV2,7981843,12,46263,-0.006944201257397906,17.791199684143066,6.0,False,3245,519
2014-08-23-446,2014-08-23,FUV2,7981843,14,46275,-0.3425124803591444,17.791199684143066,6.0,False,3024,561
2014-08-23-447,2014-08-23,FUV1,7981843,20,46289,-0.13751001797085663,17.791199684143066,6.0,False,1445,575
2014-08-23-448,2014-08-23,FUV1,7981843,17,46309,-0.2826160991524715,17.791199684143066,6.0,False,1795,649
2014-08-23-449,2014-08-23,FUV1,7981843,13,46326,0.2343713472408453,17.791199684143066,6.0,False,1804,683
2014-08-23-450,2014-08-23,FUV2,7981843,16,46339,-0.1961967517772854,17.791199684143066,6.0,False,3568,710
2014-08-23-451,2014-08-23,FUV2,7981843,15,46355,-0.25101481193953806,17.791199684143066,6.0,False,3060,739
2014-08-23-452,2014-08-23,FUV1,7981843,13,46370,0.34800842275789895,17.791199684143066,6.0,True,830,1302
2014-08-23-453,2014-08-23,FUV1,7981843,13,46383,-0.014858787900226756,17.791199684143066,6.0,False,1410,881
2014-08-23-454,2014-08-23,FUV1,7981843,14,46396,0.04609046818476902,17.791199684143066,6.0,False,1657,889
2014-08-23-455,2014-08-23,FUV2,7981846,15,46410,-0.21774504853302143,17.791199684143066,6.0,False,4014,206
2014-08-23-456,2014-08-23,FUV1,7981846,27,46425,-0.1751328616902722,17.791199684143066,6.0,False,1627,217
2014-08-23-457,2014-08-23,FUV2,7981846,23,46452,-0.225296928777345,17.791199684143066,6.0,False,3533,220
2014-08-23-458,2014-08-23,FUV1,7981846,13,46475,-0.013714760907747828,17.791199684143066,6.0,False,1292,417
2014-08-23-459,2014-08-23,FUV1,7981846,13,46488,-0.2252975989693917,17.791199684143066,6.0,False,1393,476
2014-08-23-460,2014-08-23,FUV2,7981846,17,46501,-0.2760754355160639,17.791199684143066,6.0,False,3646,586
2014-08-23-461,2014-08-23,FUV2,7981846,14,46518,-0.11849719886650145,17.791199684143066,6.0,False,3723,586
2014-08-23-462,2014-08-23,FUV2,7981846,15,46532,-0.11912591906452953,17.791199684143066,6.0,False,3223,670
2014-08-23-463,2014-08-23,FUV2,7981846,15,46547,-0.22373181812246837,17.791199684143066,6.0,False,3908,708
2014-08-23-464,2014-08-23,FUV1,7981846,19,46562,-0.18860985260872862,17.791199684143066,6.0,False,259,848
2014-08-23-465,2014-08-23,FUV2,7981846,15,46581,-0.1800958153198814,17.791199684143066,6.0,False,3608,853
2014-08-23-466,2014-08-23,FUV1,7981846,13,46596,-0.15287024163531943,17.791199684143066,6.0,False,1862,877
2014-08-23-467,2014-08-23,FUV1,7981849,18,46609,-0.028052931742301668,17.791199684143066,6.0,False,360,231
2014-08-23-468,2014-08-23,FUV1,7981849,12,46627,-0.20010386802019745,17.791199684143066,6.0,False,1659,315
2014-08-23-469,2014-08-23,FUV2,7981849,14,46639,-0.17955987390034445,17.791199684143066,6.0,False,3939,378
2014-08-23-470,2014-08-23,FUV2,7981849,12,46653,-0.18920233409560994,17.791199684143066,6.0,False,2974,384
2014-08-23-471,2014-08-23,FUV1,7981849,13,46665,-0.08356070858725756,17.791199684143066,6.0,False,148,414
2014-08-23-472,2014-08-23,FUV2,7981849,15,46678,-0.15252733161340543,17.791199684143066,6.0,False,3257,486
2014-08-23-473,2014-08-23,FUV2,7981849,18,46693,0.048531697501039146,17.791199684143066,6.0,True,511,3003
2014-08-23-474,2014-08-23,FUV2,7981849,14,46711,-0.15257917332000026,17.791199684143066,6.0,False,2994,561
2014-08-23-475,2014-08-23,FUV1,7981849,16,46725,-0.2665539635221229,17.791199684143066,6.0,False,357,581
2014-08-23-476,2014-08-23,FUV2,7981849,23,46741,-0.015545932153395706,17.791199684143066,6.0,False,3231,686
2014-08-23-477,2014-08-23,FUV1,7981849,12,46764,-0.1090679794307973,17.791199684143066,6.0,False,357,718
2014-08-23-478,2014-08-23,FUV2,7981849,28,46776,0.001398208807285091,17.791199684143066,6.0,False,2896,753
2014-08-23-479,2014-08-23,FUV2,7981849,13,46804,-0.1607132640220329,17.791199684143066,6.0,False,3784,817
2014-08-23-480,2014-08-23,FUV2,7981849,14,46817,-0.1274053514702998,17.791199684143066,6.0,False,3940,874
2014-08-23-481,2014-08-23,FUV1,7981849,20,46831,-0.27773311314253085,17.791199684143066,6.0,False,1654,886
2014-08-23-482,2014-08-23,FUV1,7981852,24,46851,-0.1734671487391052,17.791199684143066,6.0,False,1691,237
2014-08-23-483,2014-08-23,FUV2,7981852,15,46875,-0.23445355310793456,17.791199684143066,6.0,False,3864,245
2014-08-23-484,2014-08-23,FUV1,7981852,13,46890,-0.34136354745551883,17.791199684143066,6.0,False,1678,372
2014-08-23-485,2014-08-23,FUV1,7981852,14,46903,-0.32157604182556065,17.791199684143066,6.0,False,1266,514
2014-08-23-486,2014-08-23,FUV1,7981852,12,46917,-0.21531365486311635,17.791199684143066,6.0,False,1691,515
2014-08-23-487,2014-08-23,FUV2,7981852,12,46929,0.22787573686518503,17.791199684143066,6.0,False,3055,667
2014-08-23-488,2014-08-23,FUV2,7981852,19,46941,-0.27242868565433503,17.791199684143066,6.0,False,3242,679
2014-08-23-489,2014-08-23,FUV1,7981852,19,46960,-0.17572621632069924,17.791199684143066,6.0,False,352,731
2014-08-23-490,2014-08-23,FUV1,7981852,12,46979,-0.2670241723943101,17.791199684143066,6.0,False,1791,737
2014-08-23-491,2014-08-23,FUV2,7981852,16,46991,-0.2049562713423903,17.791199684143066,6.0,False,3509,754
2014-08-23-492,2014-08-23,FUV2,7981852,12,47007,-0.00257157410679927,17.791199684143066,6.0,False,4056,864
2014-08-23-493,2014-08-23,FUV1,7981855,30,47019,-0.15387694354606593,17.791199684143066,6.0,False,1758,229
2014-08-23-494,2014-08-23,FUV2,7981855,53,47049,-0.10605281422638199,17.791199684143066,6.0,False,3219,580
2014-08-23-495,2014-08-23,FUV1,7981855,14,47102,-0.2572818506637669,17.791199684143066,6.0,False,1814,778
2014-08-23-496,2014-08-23,FUV1,7981858,20,47116,0.2033748534539611,17.791199684143066,6.0,False,116,201
2014-08-23-497,2014-08-23,FUV1,7981858,20,47136,-0.20687838468322967,17.791199684143066,6.0,False,1742,601
2014-08-23-498,2014-08-23,FUV2,7981858,16,47156,0.15805077886371835,17.791199684143066,6.0,False,3193,718
2014-08-23-499,2014-08-23,FUV2,7981858,15,47172,-0.27066822463834883,17.791199684143066,6.0,True,870,3530
2014-08-23-500,2014-08-23,FUV2,7981861,16,47187,-0.22005119925892755,17.791199684143066,6.0,False,2983,505
2014-08-23-501,2014-08-23,FUV1,7981861,13,47203,-0.21291290916441039,17.791199684143066,6.0,False,120,523
2014-08-23-502,2014-08-23,FUV1,7981861,18,47216,-0.09234482379494927,17.791199684143066,6.0,False,1830,552
2014-08-23-503,2014-08-23,FUV2,7981861,14,47234,-0.16794230964782608,17.791199684143066,6.0,False,2897,695
2014-08-23-504,2014-08-23,FUV1,7981861,12,47248,0.2675276169794668,17.791199684143066,6.0,False,1762,749
2014-08-23-505,2014-08-23,FUV2,7981861,13,47260,0.04469085178302001,17.791199684143066,6.0,False,3623,901
2014-08-23-506,2014-08-23,FUV2,7981864,13,47273,-0.22656557516472656,17.791199684143066,6.0,False,3789,271
2014-08-23-507,2014-08-23,FUV1,7981867,13,47286,-0.26096715378068264,17.791199684143066,6.0,False,126,318
2014-08-23-508,2014-08-23,FUV1,7981867,19,47299,-0.24258908203601015,17.791199684143066,6.0,False,396,639
2014-08-23-509,2014-08-23,FUV1,7981867,12,47318,-0.23238271651639608,17.791199684143066,6.0,False,1361,775
2014-08-23-510,2014-08-23,FUV2,7981867,14,47330,-0.2438747352871718,17.791199684143066,6.0,False,2911,821
2014-08-23-511,2014-08-23,FUV1,7981867,13,47344,0.20666716162237198,17.791199684143066,6.0,False,1428,860
2014-08-23-512,2014-08-23,FUV2,7981867,22,47357,-0.27853769899955827,17.791199684143066,6.0,False,3865,886
2014-08-23-513,2014-08-23,FUV1,7981870,13,47379,-0.3180413580417426,17.791199684143066,6.0,False,278,884
2014-08-23-514,2014-08-23,FUV1,7981873,14,47392,-0.21666926855519103,17.791199684143066,6.0,False,1394,869
2014-08-23-515,2014-08-23,FUV1,7981879,15,47406,-0.2944746597786518,17.791199684143066,6.0,False,1708,356
2014-08-23-516,2014-08-23,FUV2,7981882,13,47421,-0.29444544687880114,17.791199684143066,6.0,False,3181,538
2014-08-23-517,2014-08-23,FUV2,7981882,19,47434,-0.15721391114308628,17.791199684143066,6.0,False,2896,852
2014-08-23-518,2014-08-23,FUV2,7981885,17,47453,-0.0053680623013751235,17.791199684143066,6.0,True,602,3908
2014-08-23-519,2014-08-23,FUV2,7981888,13,47470,-0.23988173042929395,17.791199684143066,6.0,False,2965,529
2014-08-23-520,2014-08-23,FUV2,7981891,14,47483,-0.1846166902473739,17.791199684143066,6.0,True,880,3173
2014-08-23-521,2014-08-23,FUV1,7981894,13,47497,-0.11970217449675975,17.791199684143066,6.0,True,423,302
2014-08-23-522,2014-08-23,FUV1,7981903,14,47510,-0.2467789931591126,17.791199684143066,6.0,True,497,1674
2014-08-23-523,2014-08-23,FUV2,7981906,20,47524,-0.13517289001878907,17.791199684143066,6.0,False,3504,788
2014-08-23-524,2014-08-23,FUV2,7981909,13,47544,0.3056500352316897,17.791199684143066,6.0,True,540,3653
2014-08-23-525,2014-08-23,FUV2,7981912,24,47557,-0.026434096782564788,17.791199684143066,6.0,False,3871,440
2014-08-23-526,2014-08-23,FUV1,7981918,12,47581,0.06848761225759975,17.791199684143066,6.0,True,859,1396
2014-08-23-527,2014-08-23,FUV2,7981927,13,47593,0.03701474314521017,17.791199684143066,6.0,True,736,3238
2014-08-23-528,2014-08-23,SJI,7981745,15,47606,-0.05093585057599416,26.6867995262146,18.0,False,250,569
2014-08-23-529,2014-08-23,SJI,7981757,13,47621,-0.22722231388793687,26.6867995262146,18.0,False,229,367
2014-08-23-530,2014-08-23,SJI,7981757,13,47634,-0.06320748256043641,26.6867995262146,18.0,False,302,421
2014-08-23-531,2014-08-23,SJI,7981757,21,47647,0.030687253391358936,26.6867995262146,18.0,False,726,443
2014-08-23-532,2014-08-23,SJI,7981763,17,47668,-0.07204520700700158,26.6867995262146,18.0,False,739,423
2014-08-23-533,2014-08-23,SJI,7981763,15,47685,-0.25624069254032805,26.6867995262146,18.0,False,252,684
2014-08-23-534,2014-08-23,SJI,7981763,12,47700,-0.06240066386555188,26.6867995262146,18.0,False,823,695
2014-08-23-535,2014-08-23,SJI,7981769,26,47712,-0.07454711831086046,26.6867995262146,18.0,False,473,568
2014-08-23-536,2014-08-23,SJI,7981769,22,47738,0.017092569390976146,26.6867995262146,18.0,False,362,690
2014-08-23-537,2014-08-23,SJI,7981769,59,47760,0.031456690583174456,26.6867995262146,18.0,False,545,726
2014-08-23-538,2014-08-23,SJI,7981769,12,47819,-0.13808569125227277,26.6867995262146,18.0,False,727,756
2014-08-23-539,2014-08-23,SJI,7981769,13,47831,-0.2897963084321559,26.6867995262146,18.0,False,820,830
2014-08-23-540,2014-08-23,SJI,7981769,15,47844,-0.21167476912546276,26.6867995262146,18.0,False,500,831
2014-08-23-541,2014-08-23,SJI,7981775,18,47859,-0.18416639703252635,26.6867995262146,18.0,False,611,610
2014-08-23-542,2014-08-23,SJI,7981775,13,47877,0.11976991882823343,26.6867995262146,18.0,False,606,667
2014-08-23-543,2014-08-23,SJI,7981775,15,47890,-0.11862226688652414,26.6867995262146,18.0,False,212,740
2014-08-23-544,2014-08-23,SJI,7981781,12,47905,-0.036442032012382795,26.6867995262146,18.0,False,435,341
2014-08-23-545,2014-08-23,SJI,7981781,15,47917,-0.0675677657134104,26.6867995262146,18.0,False,766,416
2014-08-23-546,2014-08-23,SJI,7981781,13,47932,0.0323198718238445,26.6867995262146,18.0,False,362,477
2014-08-23-547,2014-08-23,SJI,7981781,12,47945,-0.1636942459296252,26.6867995262146,18.0,False,471,507
2014-08-23-548,2014-08-23,SJI,7981781,17,47957,0.016626156506529943,26.6867995262146,18.0,False,345,577
2014-08-23-549,2014-08-23,SJI,7981781,17,47974,-0.14711659135215352,26.6867995262146,18.0,False,518,806
2014-08-23-550,2014-08-23,SJI,7981787,14,47991,0.015637154469555426,26.6867995262146,18.0,False,563,367
2014-08-23-551,2014-08-23,SJI,7981793,14,48005,-0.17531395296809396,26.6867995262146,18.0,False,237,297
2014-08-23-552,2014-08-23,SJI,7981793,12,48019,0.21321998084349017,26.6867995262146,18.0,False,351,389
2014-08-23-553,2014-08-23,SJI,7981793,14,48031,-0.0599420103697817,26.6867995262146,18.0,False,803,675
2014-08-23-554,2014-08-23,SJI,7981793,14,48045,-0.06327986309710783,26.6867995262146,18.0,False,345,683
2014-08-23-555,2014-08-23,SJI,7981793,15,48059,-0.2234245769778191,26.6867995262146,18.0,False,711,693
2014-08-23-556,2014-08-23,SJI,7981793,40,48074,0.010842906385332352,26.6867995262146,18.0,False,400,698
2014-08-23-557,2014-08-23,SJI,7981793,20,48114,-0.27013613162660144,26.6867995262146,18.0,False,747,852
2014-08-23-558,2014-08-23,SJI,7981799,14,48134,-0.2986074541652968,26.6867995262146,18.0,False,205,338
2014-08-23-559,2014-08-23,SJI,7981799,25,48148,-0.1590204413967362,26.6867995262146,18.0,False,571,381
2014-08-23-560,2014-08-23,SJI,7981799,13,48173,-0.08293707773021379,26.6867995262146,18.0,True,390,366
2014-08-23-561,2014-08-23,SJI,7981799,13,48186,-0.09712562239518684,26.6867995262146,18.0,False,185,409
2014-08-23-562,2014-08-23,SJI,7981799,33,48199,0.008325568402220321,26.6867995262146,18.0,False,479,426
2014-08-23-563,2014-08-23,SJI,7981799,19,48232,0.002537730085113403,26.6867995262146,18.0,False,604,465
2014-08-23-564,2014-08-23,SJI,7981799,16,48251,0.06848091353958496,26.6867995262146,18.0,False,210,485
2014-08-23-565,2014-08-23,SJI,7981799,12,48267,-0.1873470879989191,26.6867995262146,18.0,False,528,505
2014-08-23-566,2014-08-23,SJI,7981799,17,48279,0.12453558023925164,26.6867995262146,18.0,False,411,546
2014-08-23-567,2014-08-23,SJI,7981799,15,48296,0.043054466894428364,26.6867995262146,18.0,False,472,559
2014-08-23-568,2014-08-23,SJI,7981799,19,48311,0.04830178316356189,26.6867995262146,18.0,False,548,601
2014-08-23-569,2014-08-23,SJI,7981799,45,48330,-0.12556844721318125,26.6867995262146,18.0,False,772,623
2014-08-23-570,2014-08-23,SJI,7981799,17,48375,0.016793483830676175,26.6867995262146,18.0,False,357,657
2014-08-23-571,2014-08-23,SJI,7981799,16,48392,-0.25814696754548117,26.6867995262146,18.0,False,532,658
2014-08-23-572,2014-08-23,SJI,7981799,20,48408,-0.3193294585167679,26.6867995262146,18.0,False,178,697
2014-08-23-573,2014-08-23,SJI,7981799,14,48428,-0.0004891098551028686,26.6867995262146,18.0,False,564,725
2014-08-23-574,2014-08-23,SJI,7981799,25,48442,-0.24383619073242202,26.6867995262146,18.0,False,379,763
2014-08-23-575,2014-08-23,SJI,7981799,40,48467,-0.03309610746395223,26.6867995262146,18.0,False,383,782
2014-08-23-576,2014-08-23,SJI,7981799,22,48507,-0.19473755881924845,26.6867995262146,18.0,False,313,812
2014-08-23-577,2014-08-23,SJI,7981805,19,48529,-0.24995843737643914,26.6867995262146,18.0,False,191,575
2014-08-23-578,2014-08-23,SJI,7981805,35,48548,-0.06000694329741208,26.6867995262146,18.0,False,436,575
2014-08-23-579,2014-08-23,SJI,7981805,12,48583,-0.05810054087731387,26.6867995262146,18.0,False,451,589
2014-08-23-580,2014-08-23,SJI,7981805,15,48595,-0.1057472028331811,26.6867995262146,18.0,False,317,593
2014-08-23-581,2014-08-23,SJI,7981805,16,48610,0.1815338268509884,26.6867995262146,18.0,False,468,605
2014-08-23-582,2014-08-23,SJI,7981805,18,48626,-0.026657168395186056,26.6867995262146,18.0,False,574,622
2014-08-23-583,2014-08-23,SJI,7981805,15,48644,0.09492396038215689,26.6867995262146,18.0,False,380,683
2014-08-23-584,2014-08-23,SJI,7981805,12,48659,-0.06261316147617149,26.6867995262146,18.0,False,749,771
2014-08-23-585,2014-08-23,SJI,7981805,19,48671,-0.13669845000438982,26.6867995262146,18.0,False,539,821
2014-08-23-586,2014-08-23,SJI,7981805,14,48690,-0.05017811843540172,26.6867995262146,18.0,False,403,834
2014-08-23-587,2014-08-23,SJI,7981811,12,48704,-0.06909835984122373,26.6867995262146,18.0,False,222,326
2014-08-23-588,2014-08-23,SJI,7981811,17,48716,-0.23900587999544692,26.6867995262146,18.0,False,470,374
2014-08-23-589,2014-08-23,SJI,7981811,17,48733,0.15431752518050046,26.6867995262146,18.0,False,657,440
2014-08-23-590,2014-08-23,SJI,7981811,12,48750,0.2187665293180402,26.6867995262146,18.0,False,448,450
2014-08-23-591,2014-08-23,SJI,7981811,17,48762,0.059048410484153345,26.6867995262146,18.0,False,657,475
2014-08-23-592,2014-08-23,SJI,7981811,25,48779,0.10182976767112482,26.6867995262146,18.0,False,777,495
2014-08-23-593,2014-08-23,SJI,7981811,12,48804,-0.05624031824688969,26.6867995262146,18.0,False,760,571
2014-08-23-594,2014-08-23,SJI,7981811,19,48816,0.12412134763000857,26.6867995262146,18.0,False,482,590
2014-08-23-595,2014-08-23,SJI,7981811,12,48835,-0.17137070307676602,26.6867995262146,18.0,False,173,612
2014-08-23-596,2014-08-23,SJI,7981811,12,48847,-0.11371394948568642,26.6867995262146,18.0,False,763,621
2014-08-23-597,2014-08-23,SJI,7981811,13,48859,0.27120315418830243,26.6867995262146,18.0,False,179,634
2014-08-23-598,2014-08-23,SJI,7981811,13,48872,-0.2936324060133043,26.6867995262146,18.0,False,573,756
2014-08-23-599,2014-08-23,SJI,7981811,18,48885,-0.04653448231557875,26.6867995262146,18.0,False,515,813
2014-08-23-600,2014-08-23,SJI,7981811,12,48903,-0.17536350007031096,26.6867995262146,18.0,True,858,521
2014-08-23-601,2014-08-23,SJI,7981811,12,48915,-0.18438649656408818,26.6867995262146,18.0,True,863,343
2014-08-23-602,2014-08-23,SJI,7981817,13,48927,0.11989500576866925,26.6867995262146,18.0,False,543,563
2014-08-23-603,2014-08-23,SJI,7981817,18,48940,0.07572767714703453,26.6867995262146,18.0,False,216,574
2014-08-23-604,2014-08-23,SJI,7981817,18,48958,-0.09089730306945878,26.6867995262146,18.0,False,327,618
2014-08-23-605,2014-08-23,SJI,7981817,12,48976,-0.1324345064460976,26.6867995262146,18.0,False,219,620
2014-08-23-606,2014-08-23,SJI,7981817,19,48988,0.15564151087876837,26.6867995262146,18.0,False,625,667
2014-08-23-607,2014-08-23,SJI,7981817,34,49007,0.12484569365847177,26.6867995262146,18.0,False,217,741
2014-08-23-608,2014-08-23,SJI,7981817,31,49041,0.0003453863741521364,26.6867995262146,18.0,False,450,742
2014-08-23-609,2014-08-23,SJI,7981817,22,49072,-0.06017993158979133,26.6867995262146,18.0,False,357,776
2014-08-23-610,2014-08-23,SJI,7981817,16,49094,0.13111036530915865,26.6867995262146,18.0,False,265,831
2014-08-23-611,2014-08-23,SJI,7981817,16,49110,-0.15001909551588669,26.6867995262146,18.0,False,443,855
2014-08-23-612,2014-08-23,SJI,7981823,12,49126,-0.15943416283265932,26.6867995262146,18.0,False,335,321
2014-08-23-613,2014-08-23,SJI,7981823,14,49138,0.149577703885776,26.6867995262146,18.0,False,221,466
2014-08-23-614,2014-08-23,SJI,7981823,14,49152,0.0745103410495244,26.6867995262146,18.0,False,677,509
2014-08-23-615,2014-08-23,SJI,7981823,23,49166,-0.03663603184535578,26.6867995262146,18.0,False,253,568
2014-08-23-616,2014-08-23,SJI,7981823,12,49189,0.023454940821886365,26.6867995262146,18.0,False,408,573
2014-08-23-617,2014-08-23,SJI,7981823,14,49201,0.2920368357684038,26.6867995262146,18.0,False,427,574
2014-08-23-618,2014-08-23,SJI,7981823,14,49215,-0.06595042741805143,26.6867995262146,18.0,False,703,579
2014-08-23-619,2014-08-23,SJI,7981823,24,49229,-0.13311681055592395,26.6867995262146,18.0,False,561,586
2014-08-23-620,2014-08-23,SJI,7981823,12,49253,0.22061889943965132,26.6867995262146,18.0,False,383,611
2014-08-23-621,2014-08-23,SJI,7981823,27,49265,0.13424747329966447,26.6867995262146,18.0,False,719,625
2014-08-23-622,2014-08-23,SJI,7981823,15,49292,-0.2749553072737443,26.6867995262146,18.0,False,630,653
2014-08-23-623,2014-08-23,SJI,7981823,15,49307,-0.008849125394444544,26.6867995262146,18.0,False,666,831
2014-08-23-624,2014-08-23,SJI,7981823,16,49322,0.03930640178815667,26.6867995262146,18.0,False,726,836
2014-08-23-625,2014-08-23,SJI,7981823,13,49338,0.2778160699370045,26.6867995262146,18.0,False,486,873
2014-08-23-626,2014-08-23,SJI,7981829,19,49351,0.2082481749313379,26.6867995262146,18.0,False,557,377
2014-08-23-627,2014-08-23,SJI,7981829,12,49370,-0.12606509671125693,26.6867995262146,18.0,True,511,738
2014-08-23-628,2014-08-23,SJI,7981829,18,49382,-0.004571770039027224,26.6867995262146,18.0,False,250,559
2014-08-23-629,2014-08-23,SJI,7981829,16,49400,0.1308247511949485,26.6867995262146,18.0,False,555,678
2014-08-23-630,2014-08-23,SJI,7981829,31,49416,0.17250115829205795,26.6867995262146,18.0,False,449,704
2014-08-23-631,2014-08-23,SJI,7981829,13,49447,0.30651124929536233,26.6867995262146,18.0,False,206,753
2014-08-23-632,2014-08-23,SJI,7981829,16,49460,0.27980192983261665,26.6867995262146,18.0,False,421,770
2014-08-23-633,2014-08-23,SJI,7981829,12,49476,0.20322880820938424,26.6867995262146,18.0,False,341,781
2014-08-23-634,2014-08-23,SJI,7981829,12,49488,0.09955020888710779,26.6867995262146,18.0,False,488,834
2014-08-23-635,2014-08-23,SJI,7981829,13,49500,0.2209260840995817,26.6867995262146,18.0,False,309,876
2014-08-23-636,2014-08-23,SJI,7981835,15,49513,0.1563107705083328,26.6867995262146,18.0,False,273,323
2014-08-23-637,2014-08-23,SJI,7981835,46,49528,0.008837618477758989,26.6867995262146,18.0,False,304,370
2014-08-23-638,2014-08-23,SJI,7981835,14,49574,-0.09483734059303438,26.6867995262146,18.0,False,239,404
2014-08-23-639,2014-08-23,SJI,7981835,21,49588,0.24639757382385136,26.6867995262146,18.0,False,189,441
2014-08-23-640,2014-08-23,SJI,7981835,13,49609,0.11358120882751495,26.6867995262146,18.0,False,312,453
2014-08-23-641,2014-08-23,SJI,7981835,15,49622,0.05845676138256173,26.6867995262146,18.0,False,717,514
2014-08-23-642,2014-08-23,SJI,7981835,13,49637,0.3490767005240908,26.6867995262146,18.0,False,607,517
2014-08-23-643,2014-08-23,SJI,7981835,12,49650,-0.16069987526622412,26.6867995262146,18.0,True,581,727
2014-08-23-644,2014-08-23,SJI,7981835,12,49662,0.050374974514208665,26.6867995262146,18.0,False,185,765
2014-08-23-645,2014-08-23,SJI,7981835,16,49674,0.1551615160190179,26.6867995262146,18.0,False,784,820
2014-08-23-646,2014-08-23,SJI,7981835,12,49690,0.22156527544434518,26.6867995262146,18.0,False,339,828
2014-08-23-647,2014-08-23,SJI,7981835,13,49702,-0.05192040616437898,26.6867995262146,18.0,False,395,869
2014-08-23-648,2014-08-23,SJI,7981841,13,49715,-0.06550614322167372,26.6867995262146,18.0,False,423,353
2014-08-23-649,2014-08-23,SJI,7981841,13,49728,0.14591934711504756,26.6867995262146,18.0,False,480,377
2014-08-23-650,2014-08-23,SJI,7981841,25,49741,0.22294982017827678,26.6867995262146,18.0,False,238,380
2014-08-23-651,2014-08-23,SJI,7981841,35,49766,0.14140148995068189,26.6867995262146,18.0,False,434,390
2014-08-23-652,2014-08-23,SJI,7981841,15,49801,0.2406593681272971,26.6867995262146,18.0,False,468,481
2014-08-23-653,2014-08-23,SJI,7981841,12,49816,0.025710486217544026,26.6867995262146,18.0,False,323,526
2014-08-23-654,2014-08-23,SJI,7981841,12,49828,0.2991240966631728,26.6867995262146,18.0,False,505,685
2014-08-23-655,2014-08-23,SJI,7981841,13,49840,0.17837835857443787,26.6867995262146,18.0,False,507,711
2014-08-23-656,2014-08-23,SJI,7981841,22,49853,0.11815221788694842,26.6867995262146,18.0,False,174,800
2014-08-23-657,2014-08-23,SJI,7981841,18,49875,0.1426954690196232,26.6867995262146,18.0,False,439,815
2014-08-23-658,2014-08-23,SJI,7981841,12,49893,0.2006557913835815,26.6867995262146,18.0,False,657,848
2014-08-23-659,2014-08-23,SJI,7981841,19,49905,0.18656426827197248,26.6867995262146,18.0,False,254,854
2014-08-23-660,2014-08-23,SJI,7981841,13,49924,0.3231201797179417,26.6867995262146,18.0,False,798,873
2014-08-23-661,2014-08-23,SJI,7981847,12,49937,-0.05755146064707,26.6867995262146,18.0,False,309,341
2014-08-23-662,2014-08-23,SJI,7981847,14,49949,0.05301635512983425,26.6867995262146,18.0,False,200,509
2014-08-23-663,2014-08-23,SJI,7981847,13,49963,0.31068450560660255,26.6867995262146,18.0,False,329,510
2014-08-23-664,2014-08-23,SJI,7981847,12,49976,0.1353274896486802,26.6867995262146,18.0,False,659,717
2014-08-23-665,2014-08-23,SJI,7981847,26,49988,0.26334301275983957,26.6867995262146,18.0,False,666,749
2014-08-23-666,2014-08-23,SJI,7981847,13,50014,0.32551859380047105,26.6867995262146,18.0,False,546,770
2014-08-23-667,2014-08-23,SJI,7981847,20,50027,0.05986059379074597,26.6867995262146,18.0,False,205,777
2014-08-23-668,2014-08-23,SJI,7981847,12,50047,0.11064348228674346,26.6867995262146,18.0,False,646,829
2014-08-23-669,2014-08-23,SJI,7981847,12,50059,0.32120284692658,26.6867995262146,18.0,False,328,873
2014-08-23-670,2014-08-23,SJI,7981853,12,50071,0.2290327874785531,26.6867995262146,18.0,False,289,343
2014-08-23-671,2014-08-23,SJI,7981853,21,50083,0.24903284478998297,26.6867995262146,18.0,False,332,555
2014-08-23-672,2014-08-23,SJI,7981853,18,50104,0.1905841540241074,26.6867995262146,18.0,False,218,604
2014-08-23-673,2014-08-23,SJI,7981853,28,50122,0.21836611625830563,26.6867995262146,18.0,False,401,724
2014-08-23-674,2014-08-23,SJI,7981853,14,50150,0.34712175797180034,26.6867995262146,18.0,False,691,846
2014-08-23-675,2014-08-23,SJI,7981853,22,50164,0.1790691829174724,26.6867995262146,18.0,False,536,849
2014-08-23-676,2014-08-23,SJI,7981859,26,50186,0.26720464349399226,26.6867995262146,18.0,False,660,385
2014-08-23-677,2014-08-23,SJI,7981859,17,50212,0.22216571553470316,26.6867995262146,18.0,False,216,424
2014-08-23-678,2014-08-23,SJI,7981859,16,50229,0.2769716707145786,26.6867995262146,18.0,False,803,433
2014-08-23-679,2014-08-23,SJI,7981865,14,50245,0.09058768122448098,26.6867995262146,18.0,False,210,345
2014-08-23-680,2014-08-23,SJI,7981865,15,50259,-0.17213520372190155,26.6867995262146,18.0,False,233,644
2014-08-23-681,2014-08-23,SJI,7981865,19,50274,0.16249507900011367,26.6867995262146,18.0,False,257,872
2014-08-23-682,2014-08-23,SJI,7981871,12,50293,-0.1356865147536384,26.6867995262146,18.0,False,350,540
2014-08-23-683,2014-08-23,SJI,7981877,17,50305,0.32940108867276147,26.6867995262146,18.0,False,422,471
2014-08-23-684,2014-08-23,SJI,7981877,15,50322,0.03190081051880733,26.6867995262146,18.0,True,715,442
2014-08-23-685,2014-08-23,SJI,7981883,12,50337,0.10312979364210725,26.6867995262146,18.0,True,412,776
2014-08-23-686,2014-08-23,SJI,7981955,18,50349,0.022982420812222543,26.6867995262146,18.0,True,589,559
2015-01-01-1,2015-01-01,SJI,10844804,15,50367,-0.20409687943595375,26.6867995262146,18.0,False,797,635
2015-01-01-2,2015-01-01,SJI,10844810,18,50382,0.1786510199741582,26.6867995262146,18.0,True,719,819
2015-01-01-3,2015-01-01,SJI,10844834,14,50400,0.08216658462023016,26.6867995262146,18.0,True,421,669
2015-01-01-4,2015-01-01,SJI,10844834,12,50414,0.006453148558069702,26.6867995262146,18.0,False,711,580
2015-01-01-5,2015-01-01,SJI,10844852,12,50426,-0.22115948656641338,26.6867995262146,18.0,False,767,741
2015-01-01-6,2015-01-01,SJI,10844864,14,50438,-0.042243602878715224,26.6867995262146,18.0,True,525,772
2015-01-01-7,2015-01-01,SJI,10844870,15,50452,0.31335473778639705,26.6867995262146,18.0,False,733,287
2015-01-01-8,2015-01-01,SJI,10844870,14,50467,-0.11859057827913615,26.6867995262146,18.0,False,710,577
2015-01-01-9,2015-01-01,SJI,10844882,19,50481,-0.037385071783737955,26.6867995262146,18.0,False,764,474
2015-01-01-10,2015-01-01,SJI,10844888,15,50500,-0.21910894268354006,26.6867995262146,18.0,False,814,333
2015-01-01-11,2015-01-01,SJI,10844888,14,50515,0.040630047306037274,26.6867995262146,18.0,False,673,569
2015-01-01-12,2015-01-01,SJI,10844900,13,50529,-0.27350827873608347,26.6867995262146,18.0,True,470,815
2015-01-01-13,2015-01-01,SJI,10844900,19,50542,-0.0147822247335911,26.6867995262146,18.0,False,669,567
2015-01-01-14,2015-01-01,SJI,10844900,18,50561,0.06669444791534658,26.6867995262146,18.0,False,661,575
2015-01-01-15,2015-01-01,SJI,10844912,20,50579,0.23569394246559655,26.6867995262146,18.0,False,784,535
2015-01-01-16,2015-01-01,SJI,10844924,14,50599,-0.2699207518307843,26.6867995262146,18.0,True,794,846
2015-01-01-17,2015-01-01,SJI,10844924,20,50613,0.1411600804888864,26.6867995262146,18.0,True,833,719
2015-01-01-18,2015-01-01,SJI,10844930,24,50633,0.006198757593436183,26.6867995262146,18.0,False,683,564
2015-01-01-19,2015-01-01,SJI,10844936,12,50657,-0.23183178102492732,26.6867995262146,18.0,True,279,703
2015-01-01-20,2015-01-01,SJI,10844936,13,50669,0.06120720779126199,26.6867995262146,18.0,False,648,566
2015-01-01-21,2015-01-01,SJI,10844936,18,50682,-0.06394174093131827,26.6867995262146,18.0,True,675,822
2015-01-01-22,2015-01-01,SJI,10844936,12,50700,-0.34750119415669223,26.6867995262146,18.0,True,847,831
2015-01-01-23,2015-01-01,SJI,10844948,13,50712,-0.26652051552293016,26.6867995262146,18.0,True,284,734
2015-01-01-24,2015-01-01,SJI,10844948,20,50725,-0.040149277073294534,26.6867995262146,18.0,True,308,764
2015-01-01-25,2015-01-01,SJI,10844948,12,50745,-0.2519361688311303,26.6867995262146,18.0,True,581,697
2015-01-01-26,2015-01-01,SJI,10844948,17,50757,-0.21490298819145778,26.6867995262146,18.0,True,596,694
2015-01-01-27,2015-01-01,SJI,10844948,30,50774,-0.22417665346142251,26.6867995262146,18.0,True,721,819
2015-01-01-28,2015-01-01,SJI,10844954,16,50804,-0.009936329162242226,26.6867995262146,18.0,True,381,705
2015-01-01-29,2015-01-01,SJI,10844954,15,50820,-0.3123701949279384,26.6867995262146,18.0,True,624,708
2015-01-01-30,2015-01-01,SJI,10844960,12,50835,-0.06991492959104771,26.6867995262146,18.0,True,722,801
2015-01-01-31,2015-01-01,SJI,10844966,12,50847,-0.14072967210545773,26.6867995262146,18.0,True,379,685
2015-01-01-32,2015-01-01,SJI,10844978,13,50859,-0.13889074418551528,26.6867995262146,18.0,False,638,550
2015-01-01-33,2015-01-01,SJI,10844996,21,50872,-0.17179329873879448,26.6867995262146,18.0,False,783,474
2015-01-01-34,2015-01-01,SJI,10845002,17,50893,-0.04225272969987404,26.6867995262146,18.0,False,715,292
2015-01-01-35,2015-01-01,SJI,10845002,22,50910,-0.15542269169635292,26.6867995262146,18.0,False,782,475
2015-01-01-36,2015-01-01,SJI,10845008,23,50932,-0.159005782137708,26.6867995262146,18.0,False,782,475
2015-01-01-37,2015-01-01,SJI,10845014,22,50955,-0.12443149704756792,26.6867995262146,18.0,False,782,475
2015-01-01-38,2015-01-01,SJI,10845020,20,50977,-0.08614681457746856,26.6867995262146,18.0,False,784,475
2015-01-01-39,2015-01-01,SJI,10845854,13,50997,-0.13497110447112315,26.6867995262146,18.0,False,714,501
2015-01-01-40,2015-01-01,SJI,10845866,14,51010,-0.08808770025292294,26.6867995262146,18.0,False,630,613
2015-01-01-41,2015-01-01,SJI,10845872,23,51024,-0.10882806021499478,26.6867995262146,18.0,False,702,505
2015-01-01-42,2015-01-01,SJI,10845878,18,51047,-0.06032766987375855,26.6867995262146,18.0,False,692,508
2015-01-01-43,2015-01-01,SJI,10845878,12,51065,0.10666873153948894,26.6867995262146,18.0,False,639,552
2015-01-01-44,2015-01-01,SJI,10845884,20,51077,-0.013838643107828133,26.6867995262146,18.0,False,619,663
2015-01-01-45,2015-01-01,SJI,10845902,13,51097,0.072804820023313,26.6867995262146,18.0,False,621,655
2015-01-01-46,2015-01-01,SJI,10845902,12,51110,-0.006048023192325348,26.6867995262146,18.0,False,623,663
2015-01-01-47,2015-01-01,SJI,10845908,15,51122,0.03869196335045098,26.6867995262146,18.0,False,625,657
2015-01-01-48,2015-01-01,SJI,10845926,16,51137,-0.23004232354643117,26.6867995262146,18.0,False,676,509
2015-01-01-49,2015-01-01,SJI,10845932,14,51153,0.02542077547180019,26.6867995262146,18.0,False,670,460
2015-01-01-50,2015-01-01,SJI,10845932,13,51167,0.2754981132187533,26.6867995262146,18.0,False,638,551
2015-01-01-51,2015-01-01,SJI,10845950,13,51180,0.05262973509080409,26.6867995262146,18.0,False,671,459
2015-01-01-52,2015-01-01,SJI,10845956,22,51193,-0.31755460255034595,26.6867995262146,18.0,False,628,611
2015-01-01-53,2015-01-01,SJI,10845980,12,51215,-0.16535489003546713,26.6867995262146,18.0,True,345,717
2015-01-01-54,2015-01-01,SJI,10845980,15,51227,-0.002125113318755426,26.6867995262146,18.0,False,779,827
2015-01-01-55,2015-01-01,SJI,10846034,16,51242,0.2689613480653938,26.6867995262146,18.0,True,556,718
2015-01-01-56,2015-01-01,SJI,10846046,14,51258,0.2796376753542909,26.6867995262146,18.0,True,557,717
2015-01-01-57,2015-01-01,SJI,10846052,15,51272,0.3354966607067964,26.6867995262146,18.0,True,556,718
2015-01-01-58,2015-01-01,FUV1,10844785,23,51287,-0.20574215116279823,17.791199684143066,6.0,False,1184,588
2015-01-01-59,2015-01-01,FUV2,10844788,13,51310,-0.10416420971156932,17.791199684143066,6.0,False,3753,663
2015-01-01-60,2015-01-01,FUV1,10844794,15,51323,-0.3223222496911442,17.791199684143066,6.0,False,1712,329
2015-01-01-61,2015-01-01,FUV1,10844794,15,51338,-0.11697949379933834,17.791199684143066,6.0,False,1626,384
2015-01-01-62,2015-01-01,FUV1,10844794,27,51353,-0.08740821119929199,17.791199684143066,6.0,False,1897,389
2015-01-01-63,2015-01-01,FUV1,10844794,13,51380,-0.044876712560040874,17.791199684143066,6.0,False,1814,756
2015-01-01-64,2015-01-01,FUV1,10844797,23,51393,-0.22857952369696066,17.791199684143066,6.0,False,178,847
2015-01-01-65,2015-01-01,FUV2,10844800,12,51416,0.06768735437950213,17.791199684143066,6.0,False,2958,333
2015-01-01-66,2015-01-01,FUV2,10844800,12,51428,-0.26275661718242804,17.791199684143066,6.0,False,3229,473
2015-01-01-67,2015-01-01,FUV1,10844800,15,51440,-0.2759532754649162,17.791199684143066,6.0,False,464,568
2015-01-01-68,2015-01-01,FUV1,10844803,28,51455,-0.17488362661323228,17.791199684143066,6.0,False,644,351
2015-01-01-69,2015-01-01,FUV1,10844803,39,51483,-0.1726321232326328,17.791199684143066,6.0,False,1287,520
2015-01-01-70,2015-01-01,FUV1,10844803,14,51522,-0.31312655412113477,17.791199684143066,6.0,False,1482,846
2015-01-01-71,2015-01-01,FUV2,10844806,12,51536,0.21020174268608263,17.791199684143066,6.0,False,4029,197
2015-01-01-72,2015-01-01,FUV1,10844806,17,51548,-0.1140849859607694,17.791199684143066,6.0,False,1191,229
2015-01-01-73,2015-01-01,FUV2,10844806,12,51565,-0.0766377358603025,17.791199684143066,6.0,False,2998,687
2015-01-01-74,2015-01-01,FUV2,10844809,15,51577,-0.24395072060225897,17.791199684143066,6.0,False,3614,259
2015-01-01-75,2015-01-01,FUV1,10844809,14,51592,-0.16395842316451512,17.791199684143066,6.0,False,1203,349
2015-01-01-76,2015-01-01,FUV2,10844809,15,51606,-0.1570067597118056,17.791199684143066,6.0,False,3720,793
2015-01-01-77,2015-01-01,FUV2,10844809,12,51621,-0.2506210044623672,17.791199684143066,6.0,True,864,3603
2015-01-01-78,2015-01-01,FUV2,10844812,17,51633,-0.315789256497444,17.791199684143066,6.0,False,3854,641
2015-01-01-79,2015-01-01,FUV1,10844812,16,51650,-0.2293914794275214,17.791199684143066,6.0,False,1191,752
2015-01-01-80,2015-01-01,FUV1,10844815,14,51666,-0.3487574139773695,17.791199684143066,6.0,False,455,399
2015-01-01-81,2015-01-01,FUV1,10844815,16,51680,-0.3217190582167057,17.791199684143066,6.0,False,1451,400
2015-01-01-82,2015-01-01,FUV2,10844815,13,51696,-0.30214638895196894,17.791199684143066,6.0,True,565,3160
2015-01-01-83,2015-01-01,FUV1,10844815,13,51709,-0.2662754504368771,17.791199684143066,6.0,False,40,614
2015-01-01-84,2015-01-01,FUV1,10844818,14,51722,-0.025778829819329115,17.791199684143066,6.0,False,1691,335
2015-01-01-85,2015-01-01,FUV1,10844818,21,51736,-0.3042160043150944,17.791199684143066,6.0,False,1566,436
2015-01-01-86,2015-01-01,FUV2,10844818,13,51757,0.025457586664572908,17.791199684143066,6.0,True,844,3634
2015-01-01-87,2015-01-01,FUV2,10844821,13,51770,-0.25540435248386234,17.791199684143066,6.0,False,3863,394
2015-01-01-88,2015-01-01,FUV1,10844821,14,51783,-0.06052164405063346,17.791199684143066,6.0,False,1198,594
2015-01-01-89,2015-01-01,FUV2,10844821,15,51797,-0.017456986982370408,17.791199684143066,6.0,False,3146,767
2015-01-01-90,2015-01-01,FUV1,10844824,13,51812,0.06168425259008958,17.791199684143066,6.0,True,352,439
2015-01-01-91,2015-01-01,FUV2,10844824,13,51825,-0.22866598434238933,17.791199684143066,6.0,True,407,4064
2015-01-01-92,2015-01-01,FUV2,10844824,21,51838,-0.22492828215168853,17.791199684143066,6.0,False,3861,542
2015-01-01-93,2015-01-01,FUV1,10844824,16,51859,0.13807068336532433,17.791199684143066,6.0,True,788,1904
2015-01-01-94,2015-01-01,FUV2,10844824,13,51875,0.08632018921469106,17.791199684143066,6.0,True,798,3526
2015-01-01-95,2015-01-01,FUV1,10844827,12,51888,-0.16057361875825757,17.791199684143066,6.0,True,680,1934
2015-01-01-96,2015-01-01,FUV1,10844827,17,51900,-0.19447830986879508,17.791199684143066,6.0,False,519,879
2015-01-01-97,2015-01-01,FUV2,10844830,13,51917,-0.2325710157894095,17.791199684143066,6.0,False,3498,616
2015-01-01-98,2015-01-01,FUV1,10844830,19,51930,-0.10693426452528247,17.791199684143066,6.0,False,1468,868
2015-01-01-99,2015-01-01,FUV1,10844833,17,51949,-0.3110287126433918,17.791199684143066,6.0,False,1691,211
2015-01-01-100,2015-01-01,FUV2,10844833,14,51966,-0.18448582626615376,17.791199684143066,6.0,True,268,3612
2015-01-01-101,2015-01-01,FUV2,10844833,17,51980,0.13217404955481385,17.791199684143066,6.0,False,3524,313
2015-01-01-102,2015-01-01,FUV1,10844836,22,51997,-0.20700856348026725,17.791199684143066,6.0,False,359,749
2015-01-01-103,2015-01-01,FUV1,10844836,16,52019,-0.29102799614981706,17.791199684143066,6.0,False,1378,804
2015-01-01-104,2015-01-01,FUV1,10844839,13,52035,-0.32288822062231537,17.791199684143066,6.0,False,1792,231
2015-01-01-105,2015-01-01,FUV2,10844842,13,52048,0.2883563173445579,17.791199684143066,6.0,False,3205,772
2015-01-01-106,2015-01-01,FUV2,10844842,12,52061,-0.2790610819150389,17.791199684143066,6.0,False,4046,830
2015-01-01-107,2015-01-01,FUV1,10844842,28,52073,-0.19393414934030037,17.791199684143066,6.0,False,1349,832
2015-01-01-108,2015-01-01,FUV2,10844845,17,52101,-0.06555202889898873,17.791199684143066,6.0,True,320,4010
2015-01-01-109,2015-01-01,FUV2,10844845,12,52118,-0.07565715394989522,17.791199684143066,6.0,True,541,2987
2015-01-01-110,2015-01-01,FUV1,10844848,13,52130,-0.09420512468402,17.791199684143066,6.0,False,1886,351
2015-01-01-111,2015-01-01,FUV1,10844848,12,52143,-0.026308966609660075,17.791199684143066,6.0,True,700,1622
2015-01-01-112,2015-01-01,FUV1,10844848,13,52155,-0.2978491912539035,17.791199684143066,6.0,True,799,497
2015-01-01-113,2015-01-01,FUV1,10844851,14,52168,0.30660494076760303,17.791199684143066,6.0,False,1204,288
2015-01-01-114,2015-01-01,FUV1,10844851,15,52182,-0.25683379651569466,17.791199684143066,6.0,True,725,1444
2015-01-01-115,2015-01-01,FUV2,10844851,13,52197,0.21843588971281605,17.791199684143066,6.0,True,783,3016
2015-01-01-116,2015-01-01,FUV1,10844854,13,52210,-0.14604225362776913,17.791199684143066,6.0,False,1597,356
2015-01-01-117,2015-01-01,FUV1,10844854,15,52223,-0.2256283222501382,17.791199684143066,6.0,False,1820,430
2015-01-01-118,2015-01-01,FUV2,10844854,17,52238,0.03597355082220633,17.791199684143066,6.0,False,3532,440
2015-01-01-119,2015-01-01,FUV1,10844854,13,52255,0.31100144345366526,17.791199684143066,6.0,True,443,540
2015-01-01-120,2015-01-01,FUV1,10844854,13,52268,0.008602195499879162,17.791199684143066,6.0,True,498,1926
2015-01-01-121,2015-01-01,FUV2,10844854,12,52281,-0.21944676920788517,17.791199684143066,6.0,False,3256,632
2015-01-01-122,2015-01-01,FUV1,10844854,19,52293,0.04030498468753335,17.791199684143066,6.0,True,826,1476
2015-01-01-123,2015-01-01,FUV1,10844857,12,52312,-0.09258422390926087,17.791199684143066,6.0,True,205,417
2015-01-01-124,2015-01-01,FUV2,10844857,12,52324,-0.33565065916606523,17.791199684143066,6.0,True,286,2985
2015-01-01-125,2015-01-01,FUV2,10844860,12,52336,-0.27844832394194746,17.791199684143066,6.0,True,629,3233
2015-01-01-126,2015-01-01,FUV2,10844860,15,52348,-0.01355589480164831,17.791199684143066,6.0,False,3641,637
2015-01-01-127,2015-01-01,FUV1,10844860,12,52363,-0.14069539597220065,17.791199684143066,6.0,False,513,850
2015-01-01-128,2015-01-01,FUV2,10844860,18,52375,-0.010670109001317754,17.791199684143066,6.0,True,882,3265
2015-01-01-129,2015-01-01,FUV2,10844863,12,52393,-0.3133182604423644,17.791199684143066,6.0,False,3612,295
2015-01-01-130,2015-01-01,FUV1,10844863,13,52405,-0.24034889545922347,17.791199684143066,6.0,False,1299,309
2015-01-01-131,2015-01-01,FUV2,10844863,16,52418,-0.03903401040977143,17.791199684143066,6.0,True,571,3957
2015-01-01-132,2015-01-01,FUV1,10844863,14,52434,0.020458148114653456,17.791199684143066,6.0,False,1877,577
2015-01-01-133,2015-01-01,FUV1,10844863,12,52448,-0.2395733583902532,17.791199684143066,6.0,True,645,186
2015-01-01-134,2015-01-01,FUV2,10844863,13,52460,0.22409991698834633,17.791199684143066,6.0,False,3594,715
2015-01-01-135,2015-01-01,FUV1,10844866,13,52473,-0.25318257676458017,17.791199684143066,6.0,False,64,360
2015-01-01-136,2015-01-01,FUV1,10844869,13,52486,0.15521708558680739,17.791199684143066,6.0,False,1445,346
2015-01-01-137,2015-01-01,FUV2,10844869,12,52499,-0.3143242744689254,17.791199684143066,6.0,True,362,4100
2015-01-01-138,2015-01-01,FUV1,10844869,22,52511,-0.16289019365231722,17.791199684143066,6.0,True,650,1733
2015-01-01-139,2015-01-01,FUV1,10844872,13,52533,-0.05651297570544251,17.791199684143066,6.0,True,411,1643
2015-01-01-140,2015-01-01,FUV1,10844872,15,52546,-0.32941999837921465,17.791199684143066,6.0,False,1246,485
2015-01-01-141,2015-01-01,FUV1,10844872,13,52561,-0.008407157106706309,17.791199684143066,6.0,True,499,647
2015-01-01-142,2015-01-01,FUV1,10844872,12,52574,-0.3320723164662429,17.791199684143066,6.0,True,524,1831
2015-01-01-143,2015-01-01,FUV2,10844872,15,52586,-0.06185701067598008,17.791199684143066,6.0,False,3558,699
2015-01-01-144,2015-01-01,FUV1,10844875,15,52601,-0.3266192634350596,17.791199684143066,6.0,True,404,1666
2015-01-01-145,2015-01-01,FUV1,10844875,12,52616,-0.09675935430758854,17.791199684143066,6.0,False,1954,643
2015-01-01-146,2015-01-01,FUV2,10844875,15,52628,-0.07902342981981368,17.791199684143066,6.0,True,643,3713
2015-01-01-147,2015-01-01,FUV2,10844875,14,52643,-0.19588812077591594,17.791199684143066,6.0,True,678,3213
2015-01-01-148,2015-01-01,FUV2,10844875,16,52657,-0.05145631724632659,17.791199684143066,6.0,False,2929,740
2015-01-01-149,2015-01-01,FUV2,10844878,21,52673,-0.15265545430288704,17.791199684143066,6.0,True,201,3764
2015-01-01-150,2015-01-01,FUV1,10844878,14,52694,-0.11402732485197477,17.791199684143066,6.0,True,405,518
2015-01-01-151,2015-01-01,FUV2,10844878,16,52708,-0.11789997046733647,17.791199684143066,6.0,True,726,3946
2015-01-01-152,2015-01-01,FUV2,10844878,12,52724,-0.2328727245911021,17.791199684143066,6.0,True,758,3598
2015-01-01-153,2015-01-01,FUV1,10844878,13,52736,0.13581395664808327,17.791199684143066,6.0,False,1495,797
2015-01-01-154,2015-01-01,FUV1,10844878,15,52749,-0.08909004183214274,17.791199684143066,6.0,True,854,1749
2015-01-01-155,2015-01-01,FUV1,10844881,16,52764,0.11018959012376525,17.791199684143066,6.0,True,305,1700
2015-01-01-156,2015-01-01,FUV2,10844881,14,52780,-0.3098525245695849,17.791199684143066,6.0,True,414,3757
2015-01-01-157,2015-01-01,FUV1,10844881,12,52794,-0.3437510085950344,17.791199684143066,6.0,True,781,385
2015-01-01-158,2015-01-01,FUV2,10844884,13,52806,-0.31115630871515815,17.791199684143066,6.0,False,3485,197
2015-01-01-159,2015-01-01,FUV1,10844884,16,52819,-0.3365812936005197,17.791199684143066,6.0,True,348,1206
2015-01-01-160,2015-01-01,FUV1,10844884,12,52835,-0.15159371156694784,17.791199684143066,6.0,True,550,1790
2015-01-01-161,2015-01-01,FUV2,10844884,13,52847,-0.31534961796276845,17.791199684143066,6.0,True,799,3949
2015-01-01-162,2015-01-01,FUV2,10844884,18,52860,-0.24746430697698005,17.791199684143066,6.0,True,815,3478
2015-01-01-163,2015-01-01,FUV2,10844884,13,52878,0.22829235793535343,17.791199684143066,6.0,True,835,3904
2015-01-01-164,2015-01-01,FUV2,10844887,14,52891,-0.12062426415865707,17.791199684143066,6.0,True,227,3858
2015-01-01-165,2015-01-01,FUV1,10844887,18,52905,-0.28611332876420054,17.791199684143066,6.0,True,287,1324
2015-01-01-166,2015-01-01,FUV1,10844887,14,52923,-0.27693417815276583,17.791199684143066,6.0,True,313,1769
2015-01-01-167,2015-01-01,FUV2,10844887,13,52937,-0.08660129496455118,17.791199684143066,6.0,True,491,3921
2015-01-01-168,2015-01-01,FUV2,10844887,13,52950,-0.2500325464192876,17.791199684143066,6.0,False,2998,539
2015-01-01-169,2015-01-01,FUV2,10844887,15,52963,-0.3012763881807989,17.791199684143066,6.0,True,562,3058
2015-01-01-170,2015-01-01,FUV1,10844887,14,52978,-0.06149110272432115,17.791199684143066,6.0,False,186,645
2015-01-01-171,2015-01-01,FUV2,10844887,16,52992,-0.34177191859751194,17.791199684143066,6.0,True,699,3753
2015-01-01-172,2015-01-01,FUV1,10844887,12,53008,-0.10416473414396539,17.791199684143066,6.0,False,542,735
2015-01-01-173,2015-01-01,FUV1,10844887,13,53020,0.23985333307926174,17.791199684143066,6.0,False,1327,738
2015-01-01-174,2015-01-01,FUV2,10844887,19,53033,-0.22126970737413046,17.791199684143066,6.0,True,754,3916
2015-01-01-175,2015-01-01,FUV2,10844890,12,53052,-0.29083436600421697,17.791199684143066,6.0,True,467,3171
2015-01-01-176,2015-01-01,FUV2,10844890,13,53064,-0.20352530849492037,17.791199684143066,6.0,True,476,3051
2015-01-01-177,2015-01-01,FUV1,10844890,13,53077,-0.30631702503028174,17.791199684143066,6.0,True,521,1619
2015-01-01-178,2015-01-01,FUV1,10844890,13,53090,0.026547926801127174,17.791199684143066,6.0,False,462,687
2015-01-01-179,2015-01-01,FUV2,10844890,21,53103,-0.29704275225398413,17.791199684143066,6.0,True,718,4060
2015-01-01-180,2015-01-01,FUV1,10844890,14,53124,-0.3153150543820563,17.791199684143066,6.0,True,814,1778
2015-01-01-181,2015-01-01,FUV1,10844890,12,53138,-0.17753264163174698,17.791199684143066,6.0,True,868,1605
2015-01-01-182,2015-01-01,FUV2,10844893,14,53150,-0.20110523703684058,17.791199684143066,6.0,True,268,3166
2015-01-01-183,2015-01-01,FUV1,10844893,15,53164,-0.1900676890329869,17.791199684143066,6.0,True,285,1783
2015-01-01-184,2015-01-01,FUV1,10844893,12,53179,-0.01918540205141472,17.791199684143066,6.0,True,330,1936
2015-01-01-185,2015-01-01,FUV2,10844893,13,53191,0.14385983744807002,17.791199684143066,6.0,True,371,3070
2015-01-01-186,2015-01-01,FUV1,10844893,12,53204,0.08672049723288755,17.791199684143066,6.0,True,383,1205
2015-01-01-187,2015-01-01,FUV1,10844893,15,53216,-0.2660221050978715,17.791199684143066,6.0,False,1240,565
2015-01-01-188,2015-01-01,FUV1,10844893,12,53231,-0.1982184865766111,17.791199684143066,6.0,True,571,1687
2015-01-01-189,2015-01-01,FUV2,10844893,12,53243,-0.039406078262495634,17.791199684143066,6.0,False,3763,679
2015-01-01-190,2015-01-01,FUV1,10844893,12,53255,-0.3341781948020164,17.791199684143066,6.0,True,685,148
2015-01-01-191,2015-01-01,FUV2,10844893,18,53267,-0.0940936193849558,17.791199684143066,6.0,True,732,4040
2015-01-01-192,2015-01-01,FUV2,10844893,13,53285,0.26311873220543075,17.791199684143066,6.0,False,3492,842
2015-01-01-193,2015-01-01,FUV1,10844896,15,53298,-0.2560598692810757,17.791199684143066,6.0,True,190,1829
2015-01-01-194,2015-01-01,FUV1,10844896,15,53313,-0.2639454450031856,17.791199684143066,6.0,True,292,630
2015-01-01-195,2015-01-01,FUV1,10844896,13,53328,-0.18826994721849394,17.791199684143066,6.0,True,298,385
2015-01-01-196,2015-01-01,FUV2,10844896,14,53341,-0.08327194519241593,17.791199684143066,6.0,True,447,3874
2015-01-01-197,2015-01-01,FUV1,10844896,19,53355,0.3326421154793065,17.791199684143066,6.0,False,1689,455
2015-01-01-198,2015-01-01,FUV1,10844896,13,53374,-0.2823834301929835,17.791199684143066,6.0,True,770,1368
2015-01-01-199,2015-01-01,FUV2,10844896,18,53387,-0.13129143499273144,17.791199684143066,6.0,True,818,3996
2015-01-01-200,2015-01-01,FUV1,10844899,12,53405,-0.20418219280052155,17.791199684143066,6.0,True,258,1876
2015-01-01-201,2015-01-01,FUV1,10844899,13,53417,-0.09179042928717818,17.791199684143066,6.0,False,533,270
2015-01-01-202,2015-01-01,FUV2,10844899,12,53430,0.2779526791107303,17.791199684143066,6.0,False,3632,285
2015-01-01-203,2015-01-01,FUV2,10844899,13,53442,-0.23996060412590772,17.791199684143066,6.0,True,352,2962
2015-01-01-204,2015-01-01,FUV2,10844899,12,53455,-0.14135067682352423,17.791199684143066,6.0,True,568,3181
2015-01-01-205,2015-01-01,FUV2,10844899,12,53467,-0.21481372042844873,17.791199684143066,6.0,False,3172,624
2015-01-01-206,2015-01-01,FUV1,10844899,15,53479,-0.034869750112334515,17.791199684143066,6.0,True,687,1919
2015-01-01-207,2015-01-01,FUV1,10844899,13,53494,-0.1772947027206595,17.791199684143066,6.0,True,713,1278
2015-01-01-208,2015-01-01,FUV2,10844899,13,53507,-0.13531012492473066,17.791199684143066,6.0,True,834,3156
2015-01-01-209,2015-01-01,FUV2,10844899,12,53520,0.038145959362419796,17.791199684143066,6.0,True,845,3751
2015-01-01-210,2015-01-01,FUV2,10844899,13,53532,-0.29633339029326644,17.791199684143066,6.0,True,847,2942
2015-01-01-211,2015-01-01,FUV1,10844899,14,53545,-0.24244317350399047,17.791199684143066,6.0,True,861,1673
2015-01-01-212,2015-01-01,FUV2,10844902,17,53559,-0.22354693486807498,17.791199684143066,6.0,True,235,3505
2015-01-01-213,2015-01-01,FUV1,10844902,13,53576,-0.31496074170621613,17.791199684143066,6.0,True,318,411
2015-01-01-214,2015-01-01,FUV1,10844902,16,53589,-0.248173094087524,17.791199684143066,6.0,True,331,1317
2015-01-01-215,2015-01-01,FUV1,10844902,12,53605,-0.23509704219330502,17.791199684143066,6.0,True,612,1908
2015-01-01-216,2015-01-01,FUV1,10844902,13,53617,-0.04144548871837337,17.791199684143066,6.0,True,775,1929
2015-01-01-217,2015-01-01,FUV2,10844902,13,53630,-0.24103521723874624,17.791199684143066,6.0,True,790,3740
2015-01-01-218,2015-01-01,FUV2,10844902,14,53643,-0.17756193497914843,17.791199684143066,6.0,False,2931,792
2015-01-01-219,2015-01-01,FUV1,10844905,12,53657,-0.03969871668151346,17.791199684143066,6.0,True,188,1917
2015-01-01-220,2015-01-01,FUV1,10844905,16,53669,-0.22585982255156437,17.791199684143066,6.0,True,271,1556
2015-01-01-221,2015-01-01,FUV1,10844905,14,53685,-0.30283664319962833,17.791199684143066,6.0,True,309,424
2015-01-01-222,2015-01-01,FUV2,10844905,12,53699,-0.31703888496430654,17.791199684143066,6.0,True,330,2942
2015-01-01-223,2015-01-01,FUV2,10844905,14,53711,-0.22554482130534692,17.791199684143066,6.0,False,3197,350
2015-01-01-224,2015-01-01,FUV1,10844905,17,53725,-0.16517049598338712,17.791199684143066,6.0,True,680,1470
2015-01-01-225,2015-01-01,FUV2,10844905,12,53742,-0.16416196415765813,17.791199684143066,6.0,True,813,2961
2015-01-01-226,2015-01-01,FUV1,10844908,13,53754,0.05256286402734863,17.791199684143066,6.0,True,249,366
2015-01-01-227,2015-01-01,FUV1,10844908,12,53767,-0.28337567832906335,17.791199684143066,6.0,False,1706,326
2015-01-01-228,2015-01-01,FUV1,10844908,21,53779,0.030676194191479624,17.791199684143066,6.0,True,379,1826
2015-01-01-229,2015-01-01,FUV1,10844908,12,53800,0.08600064762269373,17.791199684143066,6.0,True,393,520
2015-01-01-230,2015-01-01,FUV1,10844908,12,53812,0.10239908051749648,17.791199684143066,6.0,True,472,1206
2015-01-01-231,2015-01-01,FUV1,10844908,15,53824,-0.13400972600770336,17.791199684143066,6.0,True,493,1204
2015-01-01-232,2015-01-01,FUV1,10844908,15,53839,-0.2805388370512064,17.791199684143066,6.0,True,553,1276
2015-01-01-233,2015-01-01,FUV1,10844908,14,53854,-0.15720601542986606,17.791199684143066,6.0,True,636,1530
2015-01-01-234,2015-01-01,FUV1,10844908,12,53868,-0.2910184033918666,17.791199684143066,6.0,True,735,156
2015-01-01-235,2015-01-01,FUV1,10844908,14,53880,0.022819225451677912,17.791199684143066,6.0,True,868,1225
2015-01-01-236,2015-01-01,FUV2,10844908,12,53894,-0.18861975039778103,17.791199684143066,6.0,True,871,2975
2015-01-01-237,2015-01-01,FUV2,10844908,14,53906,0.2365225045359017,17.791199684143066,6.0,False,3178,872
2015-01-01-238,2015-01-01,FUV1,10844908,15,53920,0.23809916814875567,17.791199684143066,6.0,True,883,544
2015-01-01-239,2015-01-01,FUV1,10844911,15,53935,-0.025544691664205484,17.791199684143066,6.0,False,180,220
2015-01-01-240,2015-01-01,FUV1,10844911,13,53950,-0.31733871209798037,17.791199684143066,6.0,True,266,1397
2015-01-01-241,2015-01-01,FUV1,10844911,15,53963,-0.09209284224060806,17.791199684143066,6.0,True,270,1504
2015-01-01-242,2015-01-01,FUV1,10844911,13,53978,0.1431897853276047,17.791199684143066,6.0,True,335,1290
2015-01-01-243,2015-01-01,FUV2,10844911,15,53991,-0.2880603398476852,17.791199684143066,6.0,True,404,3666
2015-01-01-244,2015-01-01,FUV1,10844911,16,54006,0.10255249278339937,17.791199684143066,6.0,True,428,1451
2015-01-01-245,2015-01-01,FUV2,10844911,13,54022,-0.32742075589873276,17.791199684143066,6.0,True,505,3479
2015-01-01-246,2015-01-01,FUV2,10844911,12,54035,-0.2568800774514425,17.791199684143066,6.0,True,513,3735
2015-01-01-247,2015-01-01,FUV1,10844911,14,54047,-0.34839937030778667,17.791199684143066,6.0,True,528,1577
2015-01-01-248,2015-01-01,FUV1,10844911,16,54061,-0.25747281185055915,17.791199684143066,6.0,True,616,567
2015-01-01-249,2015-01-01,FUV2,10844911,12,54077,-0.293467490421994,17.791199684143066,6.0,True,625,3143
2015-01-01-250,2015-01-01,FUV1,10844911,17,54089,-0.30999022763647277,17.791199684143066,6.0,True,651,1792
2015-01-01-251,2015-01-01,FUV1,10844911,12,54106,-0.3039176277507185,17.791199684143066,6.0,False,464,678
2015-01-01-252,2015-01-01,FUV2,10844911,14,54118,0.07524421208231952,17.791199684143066,6.0,True,702,4060
2015-01-01-253,2015-01-01,FUV2,10844911,14,54132,-0.1425758964707924,17.791199684143066,6.0,True,731,3006
2015-01-01-254,2015-01-01,FUV1,10844911,19,54146,-0.2661140409641074,17.791199684143066,6.0,True,795,1727
2015-01-01-255,2015-01-01,FUV2,10844911,14,54165,0.07224975669735174,17.791199684143066,6.0,True,828,3954
2015-01-01-256,2015-01-01,FUV2,10844914,14,54179,-0.21271478678889189,17.791199684143066,6.0,True,344,3158
2015-01-01-257,2015-01-01,FUV1,10844914,16,54193,-0.31023187850367656,17.791199684143066,6.0,True,364,254
2015-01-01-258,2015-01-01,FUV1,10844914,13,54209,-0.2876734744927337,17.791199684143066,6.0,True,436,1937
2015-01-01-259,2015-01-01,FUV1,10844914,16,54222,-0.2198446393723989,17.791199684143066,6.0,True,475,1707
2015-01-01-260,2015-01-01,FUV1,10844914,13,54238,0.0005817483674211729,17.791199684143066,6.0,True,523,1370
2015-01-01-261,2015-01-01,FUV1,10844914,12,54251,-0.30408659015969397,17.791199684143066,6.0,True,535,1732
2015-01-01-262,2015-01-01,FUV1,10844914,13,54263,-0.25024017311486657,17.791199684143066,6.0,True,608,1659
2015-01-01-263,2015-01-01,FUV2,10844914,12,54276,-0.16930762506134164,17.791199684143066,6.0,True,645,4092
2015-01-01-264,2015-01-01,FUV1,10844914,17,54288,-0.33053142001389607,17.791199684143066,6.0,True,670,1253
2015-01-01-265,2015-01-01,FUV2,10844914,14,54305,-0.2755195625293121,17.791199684143066,6.0,True,696,3555
2015-01-01-266,2015-01-01,FUV2,10844914,16,54319,-0.20358267816625505,17.791199684143066,6.0,True,787,3162
2015-01-01-267,2015-01-01,FUV2,10844914,13,54335,-0.27379953112026645,17.791199684143066,6.0,True,878,3876
2015-01-01-268,2015-01-01,FUV2,10844917,14,54348,-0.3425260561358179,17.791199684143066,6.0,True,287,3910
2015-01-01-269,2015-01-01,FUV1,10844917,13,54362,-0.12937269131240822,17.791199684143066,6.0,True,447,1240
2015-01-01-270,2015-01-01,FUV1,10844917,12,54375,-0.3435100563540753,17.791199684143066,6.0,True,448,1430
2015-01-01-271,2015-01-01,FUV1,10844917,14,54387,-0.21747956695615944,17.791199684143066,6.0,True,538,148
2015-01-01-272,2015-01-01,FUV2,10844917,13,54401,0.09007524282544055,17.791199684143066,6.0,False,2928,545
2015-01-01-273,2015-01-01,FUV1,10844917,21,54414,-0.18733168958157773,17.791199684143066,6.0,True,624,1622
2015-01-01-274,2015-01-01,FUV2,10844917,22,54435,-0.33657107474183656,17.791199684143066,6.0,True,634,3487
2015-01-01-275,2015-01-01,FUV2,10844917,14,54457,-0.22539298745716282,17.791199684143066,6.0,True,839,3506
2015-01-01-276,2015-01-01,FUV1,10844917,12,54471,-0.20407849526784405,17.791199684143066,6.0,True,846,536
2015-01-01-277,2015-01-01,FUV1,10844917,17,54483,-0.2870474913404516,17.791199684143066,6.0,True,868,470
2015-01-01-278,2015-01-01,FUV2,10844917,12,54500,0.281222234930619,17.791199684143066,6.0,False,3608,889
2015-01-01-279,2015-01-01,FUV1,10844917,15,54512,-0.24311527458260265,17.791199684143066,6.0,True,891,1939
2015-01-01-280,2015-01-01,FUV1,10844920,13,54527,-0.03487993905248007,17.791199684143066,6.0,True,222,516
2015-01-01-281,2015-01-01,FUV1,10844920,13,54540,0.015518780496843895,17.791199684143066,6.0,True,226,1813
2015-01-01-282,2015-01-01,FUV1,10844920,14,54553,-0.056996707882105854,17.791199684143066,6.0,True,229,1322
2015-01-01-283,2015-01-01,FUV2,10844920,12,54567,-0.10767167637158384,17.791199684143066,6.0,True,229,3020
2015-01-01-284,2015-01-01,FUV1,10844920,12,54579,-0.29821896772013207,17.791199684143066,6.0,True,263,1287
2015-01-01-285,2015-01-01,FUV2,10844920,16,54591,0.0017719334385724054,17.791199684143066,6.0,True,337,3069
2015-01-01-286,2015-01-01,FUV1,10844920,14,54607,-0.19192749303243214,17.791199684143066,6.0,True,552,488
2015-01-01-287,2015-01-01,FUV1,10844920,19,54621,-0.0407145544900472,17.791199684143066,6.0,True,602,1637
2015-01-01-288,2015-01-01,FUV2,10844920,12,54640,-0.33477225670872895,17.791199684143066,6.0,True,611,3889
2015-01-01-289,2015-01-01,FUV2,10844920,13,54652,0.018418016742910284,17.791199684143066,6.0,True,659,3216
2015-01-01-290,2015-01-01,FUV2,10844920,13,54665,-0.30383806815091474,17.791199684143066,6.0,True,683,3532
2015-01-01-291,2015-01-01,FUV2,10844920,16,54678,-0.29337503646490964,17.791199684143066,6.0,True,693,3153
2015-01-01-292,2015-01-01,FUV1,10844920,12,54694,-0.21314369459984037,17.791199684143066,6.0,True,738,1672
2015-01-01-293,2015-01-01,FUV1,10844920,19,54706,-0.313856276820052,17.791199684143066,6.0,True,748,570
2015-01-01-294,2015-01-01,FUV1,10844920,21,54725,-0.06886890929602107,17.791199684143066,6.0,True,832,1713
2015-01-01-295,2015-01-01,FUV2,10844920,12,54746,-0.21112659906748227,17.791199684143066,6.0,True,833,3178
2015-01-01-296,2015-01-01,FUV2,10844920,12,54758,0.21549300413309302,17.791199684143066,6.0,True,852,3025
2015-01-01-297,2015-01-01,FUV1,10844923,20,54770,-0.24110416069868215,17.791199684143066,6.0,True,216,193
2015-01-01-298,2015-01-01,FUV1,10844923,12,54790,-0.32703074617754396,17.791199684143066,6.0,True,286,1619
2015-01-01-299,2015-01-01,FUV2,10844923,13,54802,0.006824165703781848,17.791199684143066,6.0,True,287,3186
2015-01-01-300,2015-01-01,FUV1,10844923,14,54815,-0.1135457378054081,17.791199684143066,6.0,True,454,1192
2015-01-01-301,2015-01-01,FUV1,10844923,13,54829,-0.2824664346418555,17.791199684143066,6.0,True,566,1286
2015-01-01-302,2015-01-01,FUV1,10844923,21,54842,-0.18011025767705738,17.791199684143066,6.0,True,615,1393
2015-01-01-303,2015-01-01,FUV2,10844923,22,54863,-0.17589905331348815,17.791199684143066,6.0,True,636,3745
2015-01-01-304,2015-01-01,FUV1,10844923,14,54885,-0.334711758453952,17.791199684143066,6.0,True,661,511
2015-01-01-305,2015-01-01,FUV2,10844923,12,54899,-0.031078298686647025,17.791199684143066,6.0,False,4012,682
2015-01-01-306,2015-01-01,FUV1,10844923,15,54911,-0.3490451617234957,17.791199684143066,6.0,True,699,397
2015-01-01-307,2015-01-01,FUV1,10844923,12,54926,-0.2211733814166144,17.791199684143066,6.0,True,731,1489
2015-01-01-308,2015-01-01,FUV2,10844923,16,54938,-0.21455890766799204,17.791199684143066,6.0,True,731,3778
2015-01-01-309,2015-01-01,FUV1,10844923,14,54954,-0.2915389593514763,17.791199684143066,6.0,False,570,738
2015-01-01-310,2015-01-01,FUV1,10844923,14,54968,-0.12238203409674736,17.791199684143066,6.0,True,794,1624
2015-01-01-311,2015-01-01,FUV2,10844923,15,54982,-0.2698453876386511,17.791199684143066,6.0,True,864,3778
2015-01-01-312,2015-01-01,FUV1,10844926,12,54997,0.08233402368774274,17.791199684143066,6.0,True,188,197
2015-01-01-313,2015-01-01,FUV1,10844926,13,55009,0.1206780237708271,17.791199684143066,6.0,True,209,1787
2015-01-01-314,2015-01-01,FUV1,10844926,12,55022,-0.29972545245428794,17.791199684143066,6.0,True,273,355
2015-01-01-315,2015-01-01,FUV1,10844926,13,55034,-0.3468778758554767,17.791199684143066,6.0,True,311,1915
2015-01-01-316,2015-01-01,FUV1,10844926,13,55047,-0.14968584159969378,17.791199684143066,6.0,True,335,1219
2015-01-01-317,2015-01-01,FUV1,10844926,12,55060,-0.10925691932023968,17.791199684143066,6.0,True,335,1759
2015-01-01-318,2015-01-01,FUV1,10844926,13,55072,-0.22570124914233322,17.791199684143066,6.0,True,642,1272
2015-01-01-319,2015-01-01,FUV1,10844926,15,55085,-0.33927939964540005,17.791199684143066,6.0,True,685,1615
2015-01-01-320,2015-01-01,FUV2,10844926,13,55100,-0.1991401708063973,17.791199684143066,6.0,False,3772,734
2015-01-01-321,2015-01-01,FUV2,10844926,12,55113,0.0413586805023704,17.791199684143066,6.0,False,3000,745
2015-01-01-322,2015-01-01,FUV1,10844926,18,55125,-0.21633394068501857,17.791199684143066,6.0,True,808,1282
2015-01-01-323,2015-01-01,FUV1,10844929,21,55143,-0.2477898111441057,17.791199684143066,6.0,True,188,1247
2015-01-01-324,2015-01-01,FUV1,10844929,13,55164,-0.22486718815255702,17.791199684143066,6.0,True,195,1805
2015-01-01-325,2015-01-01,FUV1,10844929,16,55177,-0.10206218383797482,17.791199684143066,6.0,True,221,1226
2015-01-01-326,2015-01-01,FUV1,10844929,24,55193,-0.24512227779339754,17.791199684143066,6.0,True,269,352
2015-01-01-327,2015-01-01,FUV1,10844929,12,55217,0.03495499278995701,17.791199684143066,6.0,True,414,1763
2015-01-01-328,2015-01-01,FUV1,10844929,21,55229,-0.19867122804373188,17.791199684143066,6.0,True,504,1291
2015-01-01-329,2015-01-01,FUV1,10844929,15,55250,-0.11444880788978519,17.791199684143066,6.0,False,1381,598
2015-01-01-330,2015-01-01,FUV2,10844929,13,55265,-0.25864629459358623,17.791199684143066,6.0,True,725,2941
2015-01-01-331,2015-01-01,FUV1,10844929,12,55278,-0.15086766604388732,17.791199684143066,6.0,True,732,1478
2015-01-01-332,2015-01-01,FUV1,10844929,12,55290,-0.2707124246268716,17.791199684143066,6.0,True,755,1187
2015-01-01-333,2015-01-01,FUV1,10844932,14,55302,-0.21475015594806413,17.791199684143066,6.0,True,230,1769
2015-01-01-334,2015-01-01,FUV2,10844932,13,55316,-0.21910587379193167,17.791199684143066,6.0,True,238,3008
2015-01-01-335,2015-01-01,FUV1,10844932,13,55329,-0.26463796819068913,17.791199684143066,6.0,True,277,1188
2015-01-01-336,2015-01-01,FUV2,10844932,15,55342,-0.0843047349221686,17.791199684143066,6.0,True,319,4020
2015-01-01-337,2015-01-01,FUV2,10844932,18,55357,-0.1833486284321255,17.791199684143066,6.0,True,323,4089
2015-01-01-338,2015-01-01,FUV1,10844932,37,55375,-0.13764485569312365,17.791199684143066,6.0,True,412,1730
2015-01-01-339,2015-01-01,FUV1,10844932,19,55412,-0.3349854851503834,17.791199684143066,6.0,True,522,130
2015-01-01-340,2015-01-01,FUV1,10844932,24,55431,0.021372990801190442,17.791199684143066,6.0,True,557,1743
2015-01-01-341,2015-01-01,FUV2,10844932,18,55455,-0.10633765882705692,17.791199684143066,6.0,True,604,2965
2015-01-01-342,2015-01-01,FUV1,10844932,12,55473,-0.2761480011272338,17.791199684143066,6.0,True,678,557
2015-01-01-343,2015-01-01,FUV1,10844932,19,55485,-0.3245999575174714,17.791199684143066,6.0,True,831,1311
2015-01-01-344,2015-01-01,FUV1,10844935,27,55504,-0.1899759328801034,17.791199684143066,6.0,True,192,586
2015-01-01-345,2015-01-01,FUV1,10844935,20,55531,-0.1038998676577372,17.791199684143066,6.0,True,240,498
2015-01-01-346,2015-01-01,FUV2,10844935,14,55551,-0.19349287704121226,17.791199684143066,6.0,True,291,3216
2015-01-01-347,2015-01-01,FUV1,10844935,15,55565,-0.2672247396389121,17.791199684143066,6.0,True,337,1611
2015-01-01-348,2015-01-01,FUV2,10844935,13,55580,-0.3076786570719679,17.791199684143066,6.0,True,414,4103
2015-01-01-349,2015-01-01,FUV2,10844935,14,55593,-0.3338473806920492,17.791199684143066,6.0,True,484,3740
2015-01-01-350,2015-01-01,FUV2,10844935,13,55607,-0.33571534019692106,17.791199684143066,6.0,True,524,3177
2015-01-01-351,2015-01-01,FUV1,10844935,20,55620,-0.23748138583808015,17.791199684143066,6.0,True,545,275
2015-01-01-352,2015-01-01,FUV1,10844935,12,55640,-0.12565581497871386,17.791199684143066,6.0,True,574,398
2015-01-01-353,2015-01-01,FUV1,10844935,18,55652,0.004011221999581083,17.791199684143066,6.0,True,617,157
2015-01-01-354,2015-01-01,FUV1,10844935,20,55670,-0.2520188793585575,17.791199684143066,6.0,True,650,1373
2015-01-01-355,2015-01-01,FUV1,10844935,27,55690,-0.27752468065021046,17.791199684143066,6.0,True,674,400
2015-01-01-356,2015-01-01,FUV1,10844935,15,55717,-0.22280283567410286,17.791199684143066,6.0,True,675,364
2015-01-01-357,2015-01-01,FUV2,10844935,12,55732,0.09354862344254944,17.791199684143066,6.0,True,695,4041
2015-01-01-358,2015-01-01,FUV2,10844935,16,55744,-0.3322617441004669,17.791199684143066,6.0,True,795,3766
2015-01-01-359,2015-01-01,FUV1,10844935,15,55760,-0.10264835229699651,17.791199684143066,6.0,True,838,344
2015-01-01-360,2015-01-01,FUV2,10844935,12,55775,-0.1936909030821915,17.791199684143066,6.0,True,859,3849
2015-01-01-361,2015-01-01,FUV1,10844935,15,55787,-0.12785748730534774,17.791199684143066,6.0,True,875,43
2015-01-01-362,2015-01-01,FUV2,10844938,20,55802,-0.09186282116651492,17.791199684143066,6.0,True,239,3867
2015-01-01-363,2015-01-01,FUV1,10844938,14,55822,-0.27811003013682956,17.791199684143066,6.0,True,255,1914
2015-01-01-364,2015-01-01,FUV2,10844938,15,55836,-0.15648725258325163,17.791199684143066,6.0,True,330,3669
2015-01-01-365,2015-01-01,FUV1,10844938,14,55851,-0.3263879123155545,17.791199684143066,6.0,True,364,1375
2015-01-01-366,2015-01-01,FUV2,10844938,12,55865,-0.3129096805876824,17.791199684143066,6.0,True,364,3620
2015-01-01-367,2015-01-01,FUV1,10844938,15,55877,-0.17371142355207422,17.791199684143066,6.0,True,395,1612
2015-01-01-368,2015-01-01,FUV1,10844938,14,55892,-0.31877436621938215,17.791199684143066,6.0,True,415,1242
2015-01-01-369,2015-01-01,FUV2,10844938,15,55906,-0.06294570612977823,17.791199684143066,6.0,True,533,4003
2015-01-01-370,2015-01-01,FUV2,10844938,20,55921,-0.25031924344160666,17.791199684143066,6.0,True,550,3220
2015-01-01-371,2015-01-01,FUV1,10844938,12,55941,-0.28938007401370375,17.791199684143066,6.0,True,568,1299
2015-01-01-372,2015-01-01,FUV1,10844938,14,55953,0.0012015051377966429,17.791199684143066,6.0,True,576,65
2015-01-01-373,2015-01-01,FUV2,10844938,13,55967,-0.20108571185692564,17.791199684143066,6.0,True,609,3501
2015-01-01-374,2015-01-01,FUV2,10844938,20,55980,0.06383938500505118,17.791199684143066,6.0,True,654,3000
2015-01-01-375,2015-01-01,FUV2,10844938,12,56000,-0.28338997276019157,17.791199684143066,6.0,True,891,2937
2015-01-01-376,2015-01-01,FUV2,10844938,13,56012,-0.1765788309820349,17.791199684143066,6.0,True,895,3255
2015-01-01-377,2015-01-01,FUV1,10844941,23,56025,-0.2785898385345303,17.791199684143066,6.0,True,315,1768
2015-01-01-378,2015-01-01,FUV1,10844941,20,56048,-0.13593741225998665,17.791199684143066,6.0,True,432,1761
2015-01-01-379,2015-01-01,FUV1,10844941,13,56068,-0.06923914111577764,17.791199684143066,6.0,True,443,1197
2015-01-01-380,2015-01-01,FUV2,10844941,13,56081,-0.1802450316064638,17.791199684143066,6.0,True,483,3502
2015-01-01-381,2015-01-01,FUV1,10844941,14,56094,-0.23742300874146932,17.791199684143066,6.0,True,490,1289
2015-01-01-382,2015-01-01,FUV2,10844941,15,56108,0.056711879275441204,17.791199684143066,6.0,True,621,3231
2015-01-01-383,2015-01-01,FUV2,10844941,19,56123,-0.3453777298018858,17.791199684143066,6.0,True,687,2975
2015-01-01-384,2015-01-01,FUV2,10844941,14,56142,-0.14679475399423178,17.791199684143066,6.0,True,712,3533
2015-01-01-385,2015-01-01,FUV2,10844941,13,56156,-0.2216896516870741,17.791199684143066,6.0,True,724,3508
2015-01-01-386,2015-01-01,FUV1,10844941,16,56169,-0.26098982421409,17.791199684143066,6.0,True,751,56
2015-01-01-387,2015-01-01,FUV2,10844941,12,56185,-0.2808337633317042,17.791199684143066,6.0,True,782,3597
2015-01-01-388,2015-01-01,FUV2,10844941,12,56197,0.26474381389153717,17.791199684143066,6.0,True,842,2957
2015-01-01-389,2015-01-01,FUV2,10844941,17,56209,-0.2715550782023883,17.791199684143066,6.0,True,891,3781
2015-01-01-390,2015-01-01,FUV1,10844944,14,56226,-0.3479596793681175,17.791199684143066,6.0,True,276,1587
2015-01-01-391,2015-01-01,FUV1,10844944,12,56240,-0.06961736402283113,17.791199684143066,6.0,True,288,1344
2015-01-01-392,2015-01-01,FUV1,10844944,18,56252,-0.20869107582866003,17.791199684143066,6.0,True,416,1581
2015-01-01-393,2015-01-01,FUV2,10844944,12,56270,-0.12201884243257062,17.791199684143066,6.0,True,436,3024
2015-01-01-394,2015-01-01,FUV1,10844944,27,56282,-0.19595283376222042,17.791199684143066,6.0,True,701,1743
2015-01-01-395,2015-01-01,FUV2,10844944,17,56309,-0.12622052012834714,17.791199684143066,6.0,True,713,3856
2015-01-01-396,2015-01-01,FUV1,10844944,18,56326,-0.08725589325252849,17.791199684143066,6.0,True,783,164
2015-01-01-397,2015-01-01,FUV1,10844944,14,56344,-0.20149213544719255,17.791199684143066,6.0,True,816,1380
2015-01-01-398,2015-01-01,FUV2,10844944,16,56358,-0.14056736388991195,17.791199684143066,6.0,True,836,2997
2015-01-01-399,2015-01-01,FUV2,10844944,17,56374,-0.23495727076896825,17.791199684143066,6.0,True,886,2931
2015-01-01-400,2015-01-01,FUV1,10844947,14,56391,-0.3243621983987883,17.791199684143066,6.0,True,197,1812
2015-01-01-401,2015-01-01,FUV1,10844947,25,56405,-0.1737045680360495,17.791199684143066,6.0,True,226,1507
2015-01-01-402,2015-01-01,FUV1,10844947,13,56430,-0.19942579768627525,17.791199684143066,6.0,True,286,1337
2015-01-01-403,2015-01-01,FUV1,10844947,15,56443,-0.22803143900184905,17.791199684143066,6.0,True,314,1353
2015-01-01-404,2015-01-01,FUV2,10844947,15,56458,-0.08959230761938418,17.791199684143066,6.0,True,321,4024
2015-01-01-405,2015-01-01,FUV1,10844947,16,56473,-0.2970615924524359,17.791199684143066,6.0,True,437,1370
2015-01-01-406,2015-01-01,FUV2,10844947,13,56489,-0.12600940530914967,17.791199684143066,6.0,True,442,3658
2015-01-01-407,2015-01-01,FUV1,10844947,17,56502,-0.23477886335793513,17.791199684143066,6.0,True,479,436
2015-01-01-408,2015-01-01,FUV1,10844947,15,56519,-0.14850252681951748,17.791199684143066,6.0,True,539,1524
2015-01-01-409,2015-01-01,FUV1,10844947,16,56534,-0.10448962312768821,17.791199684143066,6.0,True,563,1560
2015-01-01-410,2015-01-01,FUV2,10844947,13,56550,-0.30745625511995683,17.791199684143066,6.0,True,566,3480
2015-01-01-411,2015-01-01,FUV1,10844947,12,56563,-0.24828916965606268,17.791199684143066,6.0,True,614,1475
2015-01-01-412,2015-01-01,FUV1,10844947,19,56575,0.0519443925814017,17.791199684143066,6.0,True,722,1795
2015-01-01-413,2015-01-01,FUV2,10844947,12,56594,-0.20497942402020597,17.791199684143066,6.0,True,795,3248
2015-01-01-414,2015-01-01,FUV2,10844950,32,56606,-0.11932462558874048,17.791199684143066,6.0,True,330,3056
2015-01-01-415,2015-01-01,FUV2,10844950,21,56638,-0.25994740825432033,17.791199684143066,6.0,True,501,3221
2015-01-01-416,2015-01-01,FUV1,10844950,22,56659,-0.08355992062652826,17.791199684143066,6.0,True,566,569
2015-01-01-417,2015-01-01,FUV1,10844950,14,56681,-0.011037308253650235,17.791199684143066,6.0,True,650,538
2015-01-01-418,2015-01-01,FUV2,10844950,14,56695,-0.21973091191297614,17.791199684143066,6.0,True,737,3902
2015-01-01-419,2015-01-01,FUV1,10844950,12,56709,-0.23784805274031978,17.791199684143066,6.0,True,772,1248
2015-01-01-420,2015-01-01,FUV2,10844950,13,56721,0.01857222266815684,17.791199684143066,6.0,True,782,3663
2015-01-01-421,2015-01-01,FUV1,10844950,19,56734,-0.012336263282020954,17.791199684143066,6.0,True,818,1250
2015-01-01-422,2015-01-01,FUV1,10844953,14,56753,-0.16686909935799793,17.791199684143066,6.0,True,234,343
2015-01-01-423,2015-01-01,FUV1,10844953,24,56767,-0.06020487095170675,17.791199684143066,6.0,True,263,1599
2015-01-01-424,2015-01-01,FUV2,10844953,22,56791,-0.18870874211586863,17.791199684143066,6.0,True,322,3621
2015-01-01-425,2015-01-01,FUV1,10844953,18,56813,-0.22601198322174096,17.791199684143066,6.0,True,344,648
2015-01-01-426,2015-01-01,FUV1,10844953,14,56831,-0.05600452947205648,17.791199684143066,6.0,True,346,1359
2015-01-01-427,2015-01-01,FUV1,10844953,18,56845,-0.2555929004730277,17.791199684143066,6.0,True,472,1601
2015-01-01-428,2015-01-01,FUV2,10844953,13,56863,-0.06056029410638854,17.791199684143066,6.0,True,560,3637
2015-01-01-429,2015-01-01,FUV2,10844953,15,56876,-0.028927277007352002,17.791199684143066,6.0,True,646,3718
2015-01-01-430,2015-01-01,FUV1,10844953,14,56891,-0.061125291955726975,17.791199684143066,6.0,True,727,1642
2015-01-01-431,2015-01-01,FUV2,10844953,15,56905,-0.340128271522809,17.791199684143066,6.0,True,734,4048
2015-01-01-432,2015-01-01,FUV2,10844953,18,56920,-0.0030807855814244368,17.791199684143066,6.0,True,858,3239
2015-01-01-433,2015-01-01,FUV1,10844953,18,56938,-0.12836231451383343,17.791199684143066,6.0,True,861,1573
2015-01-01-434,2015-01-01,FUV1,10844953,22,56956,0.07843103614554876,17.791199684143066,6.0,True,886,164
2015-01-01-435,2015-01-01,FUV1,10844953,13,56978,-0.23154728542403089,17.791199684143066,6.0,True,888,1432
2015-01-01-436,2015-01-01,FUV2,10844956,21,56991,-0.24881521773039536,17.791199684143066,6.0,True,282,3196
2015-01-01-437,2015-01-01,FUV1,10844956,24,57012,-0.018416236113978253,17.791199684143066,6.0,True,341,106
2015-01-01-438,2015-01-01,FUV1,10844956,24,57036,-0.18745560544714288,17.791199684143066,6.0,True,475,1286
2015-01-01-439,2015-01-01,FUV1,10844956,19,57060,-0.23625328239559573,17.791199684143066,6.0,True,521,1495
2015-01-01-440,2015-01-01,FUV1,10844956,13,57079,-0.010059790778807514,17.791199684143066,6.0,True,738,1324
2015-01-01-441,2015-01-01,FUV2,10844956,21,57092,-0.1970506446908654,17.791199684143066,6.0,True,817,3865
2015-01-01-442,2015-01-01,FUV2,10844959,19,57113,0.09349969036187394,17.791199684143066,6.0,True,188,2999
2015-01-01-443,2015-01-01,FUV1,10844959,13,57132,-0.18026593630808718,17.791199684143066,6.0,True,292,1763
2015-01-01-444,2015-01-01,FUV2,10844959,14,57145,-0.31668436692219865,17.791199684143066,6.0,True,303,3148
2015-01-01-445,2015-01-01,FUV1,10844959,12,57159,-0.2216705525752696,17.791199684143066,6.0,True,392,1511
2015-01-01-446,2015-01-01,FUV2,10844959,13,57171,-0.2029352610843304,17.791199684143066,6.0,True,879,3540
2015-01-01-447,2015-01-01,FUV1,10844962,12,57184,-0.09686437696569832,17.791199684143066,6.0,True,232,131
2015-01-01-448,2015-01-01,FUV1,10844962,14,57196,0.015225771599946161,17.791199684143066,6.0,True,323,1974
2015-01-01-449,2015-01-01,FUV1,10844962,12,57210,-0.009204396664270717,17.791199684143066,6.0,True,333,1463
2015-01-01-450,2015-01-01,FUV1,10844962,15,57222,-0.22568573956107654,17.791199684143066,6.0,True,370,1248
2015-01-01-451,2015-01-01,FUV1,10844962,14,57237,-0.15525472589774764,17.791199684143066,6.0,True,404,55
2015-01-01-452,2015-01-01,FUV2,10844962,20,57251,0.08426739418552354,17.791199684143066,6.0,True,488,3274
2015-01-01-453,2015-01-01,FUV1,10844962,13,57271,-0.03329201453433123,17.791199684143066,6.0,True,530,1345
2015-01-01-454,2015-01-01,FUV1,10844962,14,57284,0.05583639310551183,17.791199684143066,6.0,True,557,380
2015-01-01-455,2015-01-01,FUV1,10844962,15,57298,-0.10189683018853245,17.791199684143066,6.0,True,659,1414
2015-01-01-456,2015-01-01,FUV1,10844965,18,57313,0.12115974849970793,17.791199684143066,6.0,True,515,1958
2015-01-01-457,2015-01-01,FUV1,10844965,19,57331,0.12504484577215727,17.791199684143066,6.0,True,528,1670
2015-01-01-458,2015-01-01,FUV2,10844965,15,57350,-0.229047104781776,17.791199684143066,6.0,True,531,3860
2015-01-01-459,2015-01-01,FUV2,10844968,18,57365,-0.012221567403238867,17.791199684143066,6.0,True,245,3180
2015-01-01-460,2015-01-01,FUV1,10844968,33,57383,0.0712280107187568,17.791199684143066,6.0,True,277,610
2015-01-01-461,2015-01-01,FUV2,10844968,17,57416,-0.12326193151035415,17.791199684143066,6.0,True,539,3916
2015-01-01-462,2015-01-01,FUV2,10844968,19,57433,-0.27096113231229246,17.791199684143066,6.0,True,722,3635
2015-01-01-463,2015-01-01,FUV1,10844971,43,57452,-0.02892854185957026,17.791199684143066,6.0,True,431,106
2015-01-01-464,2015-01-01,FUV1,10844971,15,57495,-0.09724000277250171,17.791199684143066,6.0,True,506,1654
2015-01-01-465,2015-01-01,FUV1,10844971,12,57510,-0.2803477834326073,17.791199684143066,6.0,True,808,1596
2015-01-01-466,2015-01-01,FUV2,10844971,15,57522,-0.04978614130795273,17.791199684143066,6.0,True,823,4058
2015-01-01-467,2015-01-01,FUV1,10844974,20,57537,-0.16508135489675085,17.791199684143066,6.0,True,229,1817
2015-01-01-468,2015-01-01,FUV1,10844974,16,57557,-0.20308224029272723,17.791199684143066,6.0,True,255,1792
2015-01-01-469,2015-01-01,FUV1,10844974,15,57573,-5.1374227963210975e-15,17.791199684143066,6.0,True,600,127
2015-01-01-470,2015-01-01,FUV2,10844974,13,57588,-0.09284311108143456,17.791199684143066,6.0,True,603,3786
2015-01-01-471,2015-01-01,FUV2,10844974,12,57601,-0.17648590036796183,17.791199684143066,6.0,True,769,3180
2015-01-01-472,2015-01-01,FUV1,10844977,17,57613,-0.1500381092781922,17.791199684143066,6.0,True,483,349
2015-01-01-473,2015-01-01,FUV1,10844977,33,57630,-0.12047237221297136,17.791199684143066,6.0,True,568,1785
2015-01-01-474,2015-01-01,FUV2,10844977,15,57663,-0.17217635210350227,17.791199684143066,6.0,True,620,3940
2015-01-01-475,2015-01-01,FUV2,10844977,13,57678,-0.0770816634989344,17.791199684143066,6.0,True,750,4015
2015-01-01-476,2015-01-01,FUV1,10844980,20,57691,-0.10197097813740173,17.791199684143066,6.0,True,310,1510
2015-01-01-477,2015-01-01,FUV1,10844980,13,57711,-0.3351841637164635,17.791199684143066,6.0,True,367,1369
2015-01-01-478,2015-01-01,FUV1,10844980,13,57724,0.3332522325441339,17.791199684143066,6.0,True,504,1466
2015-01-01-479,2015-01-01,FUV1,10844980,20,57737,0.294699762127643,17.791199684143066,6.0,False,538,590
2015-01-01-480,2015-01-01,FUV2,10844983,18,57757,-0.2072408034112547,17.791199684143066,6.0,True,464,3048
2015-01-01-481,2015-01-01,FUV2,10844986,13,57775,-0.11362313899364326,17.791199684143066,6.0,True,411,2983
2015-01-01-482,2015-01-01,FUV1,10845004,14,57788,-0.15539868449456873,17.791199684143066,6.0,False,1729,417
2015-01-01-483,2015-01-01,FUV1,10845004,15,57802,-0.23687872399739607,17.791199684143066,6.0,False,74,797
2015-01-01-484,2015-01-01,FUV2,10845880,17,57817,0.16002475251566065,17.791199684143066,6.0,False,3016,321
2015-01-01-485,2015-01-01,FUV2,10845886,50,57834,0.027875532424489306,17.791199684143066,6.0,False,3479,290
2015-01-01-486,2015-01-01,FUV1,10845886,17,57884,-0.16573230505617403,17.791199684143066,6.0,True,432,353
2015-01-01-487,2015-01-01,FUV2,10845889,15,57901,-0.3182044926020145,17.791199684143066,6.0,False,3647,686
2015-01-01-488,2015-01-01,FUV1,10845901,20,57916,-0.1933039615128503,17.791199684143066,6.0,False,428,297
2015-01-01-489,2015-01-01,FUV1,10845901,12,57936,-0.2594869419564309,17.791199684143066,6.0,False,526,358
2015-01-01-490,2015-01-01,FUV1,10845901,14,57948,0.11149157517682964,17.791199684143066,6.0,False,546,634
2015-01-01-491,2015-01-01,FUV1,10845901,13,57962,0.19055950503733937,17.791199684143066,6.0,False,1680,654
2015-01-01-492,2015-01-01,FUV2,10845904,14,57975,0.18668989915771572,17.791199684143066,6.0,False,3736,784
2015-01-01-493,2015-01-01,FUV1,10845907,12,57989,-0.06721656766377788,17.791199684143066,6.0,False,1449,528
2015-01-01-494,2015-01-01,FUV2,10845910,20,58001,-0.22219388629618025,17.791199684143066,6.0,True,347,3890
2015-01-01-495,2015-01-01,FUV1,10845910,15,58021,-0.2197950096499386,17.791199684143066,6.0,False,1598,706
2015-01-01-496,2015-01-01,FUV1,10845913,13,58036,-0.2987287410841406,17.791199684143066,6.0,False,1818,492
2015-01-01-497,2015-01-01,FUV2,10845913,18,58049,-0.2097381122703486,17.791199684143066,6.0,False,3042,545
2015-01-01-498,2015-01-01,FUV2,10845913,16,58067,-0.30631330380121213,17.791199684143066,6.0,False,3738,863
2015-01-01-499,2015-01-01,FUV1,10845922,22,58083,0.15954910773489522,17.791199684143066,6.0,True,503,1437
2015-01-01-500,2015-01-01,FUV2,10845925,14,58105,-0.14676609545205932,17.791199684143066,6.0,False,3850,234
2015-01-01-501,2015-01-01,FUV1,10845925,13,58119,-0.05270428426790994,17.791199684143066,6.0,False,1205,429
2015-01-01-502,2015-01-01,FUV2,10845925,18,58132,-0.339926709788348,17.791199684143066,6.0,False,3504,894
2015-01-01-503,2015-01-01,FUV1,10845928,28,58150,-0.11956424128786038,17.791199684143066,6.0,True,544,1698
2015-01-01-504,2015-01-01,FUV1,10845937,13,58178,-0.22248722255095799,17.791199684143066,6.0,False,455,391
2015-01-01-505,2015-01-01,FUV2,10845937,12,58191,-0.18585758477750958,17.791199684143066,6.0,False,2949,761
2015-01-01-506,2015-01-01,FUV1,10845937,12,58203,0.2382898255231229,17.791199684143066,6.0,False,460,886
2015-01-01-507,2015-01-01,FUV1,10845943,12,58215,0.04623946393917834,17.791199684143066,6.0,False,1701,295
2015-01-01-508,2015-01-01,FUV1,10845946,13,58227,-0.29387475953373166,17.791199684143066,6.0,False,1893,674
2015-01-01-509,2015-01-01,FUV1,10845949,12,58240,0.3157374161702575,17.791199684143066,6.0,False,1387,341
2015-01-01-510,2015-01-01,FUV2,10845952,13,58252,0.08713861060981885,17.791199684143066,6.0,True,543,3934
2015-01-01-511,2015-01-01,FUV2,10845952,16,58265,-0.2077544510098567,17.791199684143066,6.0,True,805,3016
2015-01-01-512,2015-01-01,FUV1,10845952,25,58281,-0.23835625080458972,17.791199684143066,6.0,False,1451,818
2015-01-01-513,2015-01-01,FUV1,10845955,17,58306,0.3135918185943607,17.791199684143066,6.0,True,382,1816
2015-01-01-514,2015-01-01,FUV2,10845955,12,58323,0.13668885734970346,17.791199684143066,6.0,False,3147,659
2015-01-01-515,2015-01-01,FUV1,10845958,12,58335,0.2332018183620631,17.791199684143066,6.0,False,1206,848
2015-01-01-516,2015-01-01,FUV2,10845964,13,58347,-0.08516747327608541,17.791199684143066,6.0,True,229,3634
2015-01-01-517,2015-01-01,FUV1,10845964,24,58360,-0.12449560963001015,17.791199684143066,6.0,True,620,140
2015-01-01-518,2015-01-01,FUV2,10845970,13,58384,0.33088554769106493,17.791199684143066,6.0,False,3592,847
2015-01-01-519,2015-01-01,FUV2,10845973,13,58397,-0.14607535984140627,17.791199684143066,6.0,True,730,3879
2015-01-01-520,2015-01-01,FUV1,10845982,14,58410,-0.3402697742792476,17.791199684143066,6.0,True,466,1283
2015-01-01-521,2015-01-01,FUV1,10845988,17,58424,-0.1133948396406606,17.791199684143066,6.0,True,354,1340
2015-01-01-522,2015-01-01,FUV2,10845991,19,58441,-0.06259756056790268,17.791199684143066,6.0,False,3178,739
2015-01-01-523,2015-01-01,FUV1,10846003,18,58460,0.008208849397485854,17.791199684143066,6.0,True,258,1445
2015-01-01-524,2015-01-01,FUV1,10846009,12,58478,-0.2432932991824736,17.791199684143066,6.0,True,247,1596
2015-01-01-525,2015-01-01,FUV2,10846009,12,58490,-0.20948456471908317,17.791199684143066,6.0,True,643,3612
2015-01-01-526,2015-01-01,FUV1,10846009,16,58502,-0.010423267497038079,17.791199684143066,6.0,True,696,1662
2015-01-01-527,2015-01-01,FUV1,10846012,19,58518,-0.16290603809125812,17.791199684143066,6.0,True,468,1944
2015-01-01-528,2015-01-01,FUV1,10846057,22,58537,0.0394237772563248,17.791199684143066,6.0,True,725,1568
2015-01-01-529,2015-01-01,FUV1,10846063,15,58559,0.20137236983446155,17.791199684143066,6.0,False,1558,633
2015-01-01-530,2015-01-01,SJI,10844783,20,58574,-0.1219787452063948,26.6867995262146,18.0,True,547,717
2015-01-01-531,2015-01-01,SJI,10844795,18,58594,-0.06809676693597132,26.6867995262146,18.0,True,548,717
2015-01-01-532,2015-01-01,SJI,10844801,17,58612,-0.06289861965043633,26.6867995262146,18.0,True,550,719
2015-01-01-533,2015-01-01,SJI,10844807,20,58629,-0.10262267435766026,26.6867995262146,18.0,True,549,718
2015-01-01-534,2015-01-01,SJI,10844807,18,58649,0.1659563293107432,26.6867995262146,18.0,False,597,710
2015-01-01-535,2015-01-01,SJI,10844813,13,58667,0.32474129472193436,26.6867995262146,18.0,False,664,848
2015-01-01-536,2015-01-01,SJI,10844825,15,58680,0.11461462161095624,26.6867995262146,18.0,False,738,259
2015-01-01-537,2015-01-01,SJI,10844831,14,58695,-0.03300796553434418,26.6867995262146,18.0,True,549,719
2015-01-01-538,2015-01-01,SJI,10844843,18,58709,-0.07636517749110468,26.6867995262146,18.0,True,549,717
2015-01-01-539,2015-01-01,SJI,10844855,16,58727,-0.17730871665749018,26.6867995262146,18.0,False,725,281
2015-01-01-540,2015-01-01,SJI,10844855,28,58743,0.22967966415007088,26.6867995262146,18.0,True,338,688
2015-01-01-541,2015-01-01,SJI,10844855,12,58771,0.18803214351705608,26.6867995262146,18.0,False,743,590
2015-01-01-542,2015-01-01,SJI,10844861,20,58783,0.2554696880679673,26.6867995262146,18.0,True,565,637
2015-01-01-543,2015-01-01,SJI,10844867,18,58803,-0.02566505354313485,26.6867995262146,18.0,True,754,723
2015-01-01-544,2015-01-01,SJI,10844891,15,58821,0.1400688621941393,26.6867995262146,18.0,True,446,731
2015-01-01-545,2015-01-01,SJI,10844903,13,58836,0.3344412863553064,26.6867995262146,18.0,True,738,601
2015-01-01-546,2015-01-01,SJI,10844915,18,58849,-0.10264269960537833,26.6867995262146,18.0,True,693,764
2015-01-01-547,2015-01-01,SJI,10844915,17,58867,0.20330808245652435,26.6867995262146,18.0,True,837,544
2015-01-01-548,2015-01-01,SJI,10844921,16,58884,0.2327351113689833,26.6867995262146,18.0,True,827,585
2015-01-01-549,2015-01-01,SJI,10844927,13,58900,0.21826015007686866,26.6867995262146,18.0,True,236,721
2015-01-01-550,2015-01-01,SJI,10844927,14,58913,0.3492856508972771,26.6867995262146,18.0,True,417,790
2015-01-01-551,2015-01-01,SJI,10844927,15,58927,0.266725665069835,26.6867995262146,18.0,True,679,770
2015-01-01-552,2015-01-01,SJI,10844933,13,58942,0.23694536116847698,26.6867995262146,18.0,True,628,693
2015-01-01-553,2015-01-01,SJI,10844933,15,58955,0.019331925894388702,26.6867995262146,18.0,True,827,584
2015-01-01-554,2015-01-01,SJI,10844939,23,58970,0.1527225867028535,26.6867995262146,18.0,True,860,786
2015-01-01-555,2015-01-01,SJI,10844945,16,58993,0.2181814215448905,26.6867995262146,18.0,True,403,681
2015-01-01-556,2015-01-01,SJI,10844951,18,59009,0.1093314772439904,26.6867995262146,18.0,True,381,700
2015-01-01-557,2015-01-01,SJI,10844951,20,59027,0.13812190062991048,26.6867995262146,18.0,True,774,602
2015-01-01-558,2015-01-01,SJI,10844969,28,59047,0.21164323178784122,26.6867995262146,18.0,True,746,561
2015-01-01-559,2015-01-01,SJI,10844981,27,59075,-0.07776271394615508,26.6867995262146,18.0,True,535,741
2015-01-01-560,2015-01-01,SJI,10844981,34,59102,-0.14938364827729303,26.6867995262146,18.0,True,754,803
2015-01-01-561,2015-01-01,SJI,10845005,13,59136,-0.005635465905465989,26.6867995262146,18.0,True,533,736
2015-01-01-562,2015-01-01,SJI,10845899,17,59149,0.1585500915933644,26.6867995262146,18.0,False,766,245
2015-01-01-563,2015-01-01,SJI,10845899,23,59166,0.046327017098933096,26.6867995262146,18.0,False,644,797
2015-01-01-564,2015-01-01,SJI,10845905,18,59189,0.1350729235561101,26.6867995262146,18.0,False,765,875
2015-01-01-565,2015-01-01,SJI,10845911,12,59207,0.08672731392404695,26.6867995262146,18.0,False,813,478
2015-01-01-566,2015-01-01,SJI,10845941,15,59219,-0.03089916584190064,26.6867995262146,18.0,True,841,627
2015-01-01-567,2015-01-01,SJI,10846055,12,59234,0.21091289377307704,26.6867995262146,18.0,True,547,680
2015-09-20-1,2015-09-20,SJI,17942207,15,59246,0.18271230390922222,26.6867995262146,18.0,True,312,745
2015-09-20-2,2015-09-20,SJI,17942219,17,59261,0.028143182081783936,26.6867995262146,18.0,True,838,466
2015-09-20-3,2015-09-20,SJI,17942219,21,59278,0.014554641887032859,26.6867995262146,18.0,True,857,466
2015-09-20-4,2015-09-20,SJI,17942222,15,59299,-0.17843563352696143,26.6867995262146,18.0,True,819,545
2015-09-20-5,2015-09-20,SJI,17942225,16,59314,0.2619897588507824,26.6867995262146,18.0,True,262,783
2015-09-20-6,2015-09-20,SJI,17942228,20,59330,0.12117534399787029,26.6867995262146,18.0,True,448,763
2015-09-20-7,2015-09-20,SJI,17942228,13,59350,0.3092681177058402,26.6867995262146,18.0,True,584,783
2015-09-20-8,2015-09-20,SJI,17942231,15,59363,0.10443481961371462,26.6867995262146,18.0,True,458,691
2015-09-20-9,2015-09-20,SJI,17942231,26,59378,0.20096477554708397,26.6867995262146,18.0,True,522,742
2015-09-20-10,2015-09-20,SJI,17942237,14,59404,0.1534985497183652,26.6867995262146,18.0,True,618,603
2015-09-20-11,2015-09-20,SJI,17942246,12,59418,0.24439261531320672,26.6867995262146,18.0,True,637,540
2015-09-20-12,2015-09-20,SJI,17942249,14,59430,0.33691292332644157,26.6867995262146,18.0,True,415,780
2015-09-20-13,2015-09-20,SJI,17942249,24,59444,0.14436502397137144,26.6867995262146,18.0,True,477,819
2015-09-20-14,2015-09-20,SJI,17942249,13,59468,0.23328338005376661,26.6867995262146,18.0,True,763,648
2015-09-20-15,2015-09-20,SJI,17942255,27,59481,0.05622653080449817,26.6867995262146,18.0,True,474,701
2015-09-20-16,2015-09-20,SJI,17942255,64,59508,-0.07596547949100836,26.6867995262146,18.0,True,704,785
2015-09-20-17,2015-09-20,SJI,17942255,13,59572,-0.004453129066678236,26.6867995262146,18.0,True,842,607
2015-09-20-18,2015-09-20,SJI,17942258,13,59585,0.03678074725644687,26.6867995262146,18.0,True,271,805
2015-09-20-19,2015-09-20,SJI,17942258,14,59598,-0.10768532529034178,26.6867995262146,18.0,True,505,830
2015-09-20-20,2015-09-20,SJI,17942258,28,59612,-0.017833726134965897,26.6867995262146,18.0,True,512,684
2015-09-20-21,2015-09-20,SJI,17942258,13,59640,0.18024492559108993,26.6867995262146,18.0,True,694,718
2015-09-20-22,2015-09-20,SJI,17942258,63,59653,0.02226295700245508,26.6867995262146,18.0,True,739,528
2015-09-20-23,2015-09-20,SJI,17942258,17,59716,-0.04929291004525329,26.6867995262146,18.0,True,802,653
2015-09-20-24,2015-09-20,SJI,17942258,26,59733,-0.06966272502192253,26.6867995262146,18.0,True,850,682
2015-09-20-25,2015-09-20,SJI,17942261,23,59759,0.09986032645001527,26.6867995262146,18.0,True,228,773
2015-09-20-26,2015-09-20,SJI,17942261,14,59782,0.2588944220093165,26.6867995262146,18.0,True,395,769
2015-09-20-27,2015-09-20,SJI,17942261,15,59796,0.03600146181087129,26.6867995262146,18.0,True,521,710
2015-09-20-28,2015-09-20,SJI,17942264,19,59811,0.06844791744476658,26.6867995262146,18.0,True,402,682
2015-09-20-29,2015-09-20,SJI,17942264,16,59830,0.32693626874352505,26.6867995262146,18.0,True,458,794
2015-09-20-30,2015-09-20,SJI,17942264,21,59846,0.024478326890113877,26.6867995262146,18.0,True,755,619
2015-09-20-31,2015-09-20,SJI,17942264,27,59867,-0.028714058820159982,26.6867995262146,18.0,True,836,425
2015-09-20-32,2015-09-20,SJI,17942267,17,59894,0.16403527344687308,26.6867995262146,18.0,True,434,793
2015-09-20-33,2015-09-20,SJI,17942267,15,59911,0.16991327031045184,26.6867995262146,18.0,True,694,601
2015-09-20-34,2015-09-20,SJI,17942273,18,59926,0.15627044496523415,26.6867995262146,18.0,True,695,748
2015-09-20-35,2015-09-20,SJI,17942273,12,59944,-0.0018355478949335618,26.6867995262146,18.0,True,763,612
2015-09-20-36,2015-09-20,SJI,17942273,17,59956,0.048514206884393875,26.6867995262146,18.0,True,841,483
2015-09-20-37,2015-09-20,SJI,17942276,13,59973,-0.05925136950329793,26.6867995262146,18.0,True,479,625
2015-09-20-38,2015-09-20,SJI,17942276,12,59986,-0.2220926337420157,26.6867995262146,18.0,True,512,624
2015-09-20-39,2015-09-20,SJI,17942276,18,59998,-0.12668619036925233,26.6867995262146,18.0,True,603,614
2015-09-20-40,2015-09-20,SJI,17942276,20,60016,0.27384868068022156,26.6867995262146,18.0,True,625,643
2015-09-20-41,2015-09-20,SJI,17942276,13,60036,0.1049733733579432,26.6867995262146,18.0,True,718,644
2015-09-20-42,2015-09-20,SJI,17942276,19,60049,0.12084883294170805,26.6867995262146,18.0,True,724,554
2015-09-20-43,2015-09-20,SJI,17942276,20,60068,-0.05273027274430258,26.6867995262146,18.0,True,853,448
2015-09-20-44,2015-09-20,SJI,17942279,22,60088,-0.08378042964839014,26.6867995262146,18.0,True,709,725
2015-09-20-45,2015-09-20,SJI,17942279,13,60110,-0.1721535816968943,26.6867995262146,18.0,True,733,497
2015-09-20-46,2015-09-20,SJI,17942279,13,60123,-0.07136564014642428,26.6867995262146,18.0,True,788,666
2015-09-20-47,2015-09-20,SJI,17942279,16,60136,0.23739534159195447,26.6867995262146,18.0,True,799,507
2015-09-20-48,2015-09-20,SJI,17942279,14,60152,-0.15316591387279796,26.6867995262146,18.0,True,801,714
2015-09-20-49,2015-09-20,SJI,17942282,12,60166,-0.28123307491731886,26.6867995262146,18.0,True,548,676
2015-09-20-50,2015-09-20,SJI,17942282,21,60178,0.22012093474619515,26.6867995262146,18.0,True,613,758
2015-09-20-51,2015-09-20,SJI,17942282,17,60199,-0.10785072948843143,26.6867995262146,18.0,True,764,585
2015-09-20-52,2015-09-20,SJI,17942282,12,60216,-0.3082689009761908,26.6867995262146,18.0,True,862,554
2015-09-20-53,2015-09-20,SJI,17942285,13,60228,-0.14294048678051322,26.6867995262146,18.0,True,355,701
2015-09-20-54,2015-09-20,SJI,17942285,17,60241,0.2986472588239746,26.6867995262146,18.0,True,611,613
2015-09-20-55,2015-09-20,SJI,17942285,19,60258,0.060410880681617034,26.6867995262146,18.0,True,729,645
2015-09-20-56,2015-09-20,SJI,17942291,13,60277,-0.16445818881465654,26.6867995262146,18.0,True,466,717
2015-09-20-57,2015-09-20,SJI,17942291,14,60290,0.18993300064097815,26.6867995262146,18.0,True,659,622
2015-09-20-58,2015-09-20,SJI,17942294,18,60304,-0.13179953942000117,26.6867995262146,18.0,True,488,634
2015-09-20-59,2015-09-20,SJI,17942294,20,60322,-0.07800855953766046,26.6867995262146,18.0,True,740,497
2015-09-20-60,2015-09-20,SJI,17942297,12,60342,-0.07579067340190872,26.6867995262146,18.0,True,405,725
2015-09-20-61,2015-09-20,SJI,17942297,20,60354,-0.12979110446366793,26.6867995262146,18.0,True,476,698
2015-09-20-62,2015-09-20,SJI,17942297,14,60374,-0.11963961231204434,26.6867995262146,18.0,True,681,576
2015-09-20-63,2015-09-20,SJI,17942297,14,60388,-0.21568018963132976,26.6867995262146,18.0,True,699,547
2015-09-20-64,2015-09-20,SJI,17942297,13,60402,-0.1791650935080076,26.6867995262146,18.0,True,751,717
2015-09-20-65,2015-09-20,SJI,17942300,16,60415,-0.31473967641356815,26.6867995262146,18.0,True,502,662
2015-09-20-66,2015-09-20,SJI,17942300,14,60431,0.05145541091834207,26.6867995262146,18.0,True,549,684
2015-09-20-67,2015-09-20,SJI,17942300,13,60445,-0.25575448471104023,26.6867995262146,18.0,True,869,708
2015-09-20-68,2015-09-20,SJI,17942303,14,60458,-0.3408035139339876,26.6867995262146,18.0,True,628,788
2015-09-20-69,2015-09-20,SJI,17942303,23,60472,-0.15901191612392807,26.6867995262146,18.0,True,719,784
2015-09-20-70,2015-09-20,SJI,17942303,13,60495,-0.04960187889683264,26.6867995262146,18.0,True,810,633
2015-09-20-71,2015-09-20,SJI,17942303,14,60508,0.036041821218730764,26.6867995262146,18.0,False,666,820
2015-09-20-72,2015-09-20,SJI,17942309,19,60522,-0.15624401636378285,26.6867995262146,18.0,True,706,579
2015-09-20-73,2015-09-20,SJI,17942309,19,60541,-0.27519822426115437,26.6867995262146,18.0,True,833,508
2015-09-20-74,2015-09-20,SJI,17942312,23,60560,-0.20512079043293932,26.6867995262146,18.0,True,613,771
2015-09-20-75,2015-09-20,SJI,17942315,12,60583,-0.25839998343798715,26.6867995262146,18.0,False,735,375
2015-09-20-76,2015-09-20,SJI,17942315,12,60595,-0.1613897783341422,26.6867995262146,18.0,True,475,779
2015-09-20-77,2015-09-20,SJI,17942321,14,60607,0.024578540191235034,26.6867995262146,18.0,True,772,584
2015-09-20-78,2015-09-20,SJI,17942330,16,60621,-0.1626469186510968,26.6867995262146,18.0,True,772,792
2015-09-20-79,2015-09-20,SJI,17942336,12,60637,-0.31570111220738073,26.6867995262146,18.0,True,383,783
2015-09-20-80,2015-09-20,SJI,17942369,12,60649,0.21739443794207178,26.6867995262146,18.0,True,354,716
2015-09-20-81,2015-09-20,SJI,17942390,13,60661,0.0922879308132712,26.6867995262146,18.0,True,467,662
2015-09-20-82,2015-09-20,SJI,17944040,13,60674,-0.012716693698869493,26.6867995262146,18.0,True,590,657
2015-09-20-83,2015-09-20,SJI,17944043,15,60687,0.19910513679912326,26.6867995262146,18.0,True,779,696
2015-09-20-84,2015-09-20,SJI,17944046,12,60702,0.09937570569369389,26.6867995262146,18.0,True,495,638
2015-09-20-85,2015-09-20,SJI,17944049,15,60714,0.28695767220625984,26.6867995262146,18.0,True,319,816
2015-09-20-86,2015-09-20,SJI,17944049,17,60729,0.13656108669480793,26.6867995262146,18.0,True,689,526
2015-09-20-87,2015-09-20,SJI,17944055,13,60746,-0.033873892496292954,26.6867995262146,18.0,True,678,740
2015-09-20-88,2015-09-20,SJI,17944058,14,60759,0.13062575232140067,26.6867995262146,18.0,True,826,537
2015-09-20-89,2015-09-20,SJI,17944061,12,60773,0.046403872836204424,26.6867995262146,18.0,True,794,469
2015-09-20-90,2015-09-20,SJI,17944061,26,60785,-0.10488530183911891,26.6867995262146,18.0,True,807,456
2015-09-20-91,2015-09-20,SJI,17944064,17,60811,0.24439265327240461,26.6867995262146,18.0,True,686,723
2015-09-20-92,2015-09-20,SJI,17944067,12,60828,-0.04521942232648864,26.6867995262146,18.0,True,773,582
2015-09-20-93,2015-09-20,SJI,17944073,14,60840,-0.11046554623179487,26.6867995262146,18.0,True,270,743
2015-09-20-94,2015-09-20,SJI,17944076,16,60854,0.12945785208764513,26.6867995262146,18.0,True,524,639
2015-09-20-95,2015-09-20,SJI,17944076,13,60870,0.2535526442098598,26.6867995262146,18.0,True,818,661
2015-09-20-96,2015-09-20,SJI,17944079,15,60883,-0.039392925112985026,26.6867995262146,18.0,True,346,771
2015-09-20-97,2015-09-20,SJI,17944079,14,60898,0.22496457580940907,26.6867995262146,18.0,True,453,675
2015-09-20-98,2015-09-20,SJI,17944079,12,60912,0.1279215807980577,26.6867995262146,18.0,True,554,766
2015-09-20-99,2015-09-20,SJI,17944079,14,60924,0.0770377786818835,26.6867995262146,18.0,True,558,782
2015-09-20-100,2015-09-20,SJI,17944079,13,60938,0.0968287235357917,26.6867995262146,18.0,True,674,517
2015-09-20-101,2015-09-20,SJI,17944079,13,60951,-0.0785455982024769,26.6867995262146,18.0,True,678,618
2015-09-20-102,2015-09-20,SJI,17944079,12,60964,-0.19790973654055038,26.6867995262146,18.0,True,713,710
2015-09-20-103,2015-09-20,SJI,17944082,16,60976,-0.04707610952809668,26.6867995262146,18.0,True,214,789
2015-09-20-104,2015-09-20,SJI,17944082,14,60992,-0.0646034663500437,26.6867995262146,18.0,True,653,753
2015-09-20-105,2015-09-20,SJI,17944082,15,61006,0.15322850792348797,26.6867995262146,18.0,True,684,758
2015-09-20-106,2015-09-20,SJI,17944085,12,61021,0.10309082346710732,26.6867995262146,18.0,True,501,628
2015-09-20-107,2015-09-20,SJI,17944085,12,61033,-0.1389689560264907,26.6867995262146,18.0,True,768,555
2015-09-20-108,2015-09-20,SJI,17944091,15,61045,-0.09871520065392503,26.6867995262146,18.0,True,600,566
2015-09-20-109,2015-09-20,SJI,17944091,14,61060,0.34438535898808886,26.6867995262146,18.0,True,786,518
2015-09-20-110,2015-09-20,SJI,17944094,33,61074,0.05180493779390901,26.6867995262146,18.0,True,658,544
2015-09-20-111,2015-09-20,SJI,17944094,17,61107,0.05755561853572051,26.6867995262146,18.0,True,669,583
2015-09-20-112,2015-09-20,SJI,17944094,13,61124,-0.278433018292494,26.6867995262146,18.0,True,689,783
2015-09-20-113,2015-09-20,SJI,17944094,16,61137,0.07974928501349134,26.6867995262146,18.0,True,732,740
2015-09-20-114,2015-09-20,SJI,17944097,13,61153,-0.010951131538851019,26.6867995262146,18.0,True,221,814
2015-09-20-115,2015-09-20,SJI,17944097,15,61166,-0.032335995805809384,26.6867995262146,18.0,True,350,760
2015-09-20-116,2015-09-20,SJI,17944097,12,61181,0.00829275573422305,26.6867995262146,18.0,False,801,455
2015-09-20-117,2015-09-20,SJI,17944097,12,61193,-0.06936469573119283,26.6867995262146,18.0,True,632,778
2015-09-20-118,2015-09-20,SJI,17944097,14,61205,0.062359395545294974,26.6867995262146,18.0,True,640,566
2015-09-20-119,2015-09-20,SJI,17944097,14,61219,-0.24382788405694916,26.6867995262146,18.0,True,713,516
2015-09-20-120,2015-09-20,SJI,17944097,13,61233,-0.22592362403900157,26.6867995262146,18.0,True,752,504
2015-09-20-121,2015-09-20,SJI,17944097,14,61246,-0.2550369195884167,26.6867995262146,18.0,True,801,510
2015-09-20-122,2015-09-20,SJI,17944097,19,61260,-0.025857609526448062,26.6867995262146,18.0,True,809,826
2015-09-20-123,2015-09-20,SJI,17944097,12,61279,0.058643420485015876,26.6867995262146,18.0,True,865,626
2015-09-20-124,2015-09-20,SJI,17944097,13,61291,-0.10903446042986259,26.6867995262146,18.0,True,869,416
2015-09-20-125,2015-09-20,SJI,17944100,14,61304,-0.28477023103290655,26.6867995262146,18.0,True,251,738
2015-09-20-126,2015-09-20,SJI,17944100,15,61318,-0.1824287571099283,26.6867995262146,18.0,True,437,789
2015-09-20-127,2015-09-20,SJI,17944100,13,61333,0.12948397100330358,26.6867995262146,18.0,True,725,630
2015-09-20-128,2015-09-20,SJI,17944100,14,61346,-0.2656701447084026,26.6867995262146,18.0,True,727,723
2015-09-20-129,2015-09-20,SJI,17944100,13,61360,0.12959333585947513,26.6867995262146,18.0,True,746,769
2015-09-20-130,2015-09-20,SJI,17944100,12,61373,0.1724206757476633,26.6867995262146,18.0,True,839,770
2015-09-20-131,2015-09-20,SJI,17944100,13,61385,0.15459546831856763,26.6867995262146,18.0,True,846,449
2015-09-20-132,2015-09-20,SJI,17944103,17,61398,-0.1731954331273306,26.6867995262146,18.0,True,380,709
2015-09-20-133,2015-09-20,SJI,17944103,14,61415,-0.20044460199317146,26.6867995262146,18.0,True,385,683
2015-09-20-134,2015-09-20,SJI,17944103,14,61429,-0.05669681856577814,26.6867995262146,18.0,True,477,808
2015-09-20-135,2015-09-20,SJI,17944103,17,61443,0.034697850228111095,26.6867995262146,18.0,True,627,533
2015-09-20-136,2015-09-20,SJI,17944103,13,61460,-0.14275593109392629,26.6867995262146,18.0,True,711,742
2015-09-20-137,2015-09-20,SJI,17944103,15,61473,0.021761418059205104,26.6867995262146,18.0,True,812,620
2015-09-20-138,2015-09-20,SJI,17944103,13,61488,-0.24069301911088187,26.6867995262146,18.0,True,845,425
2015-09-20-139,2015-09-20,SJI,17944109,12,61501,-0.20243126065733025,26.6867995262146,18.0,True,351,805
2015-09-20-140,2015-09-20,SJI,17944112,18,61513,-0.08259701481829915,26.6867995262146,18.0,True,344,702
2015-09-20-141,2015-09-20,SJI,17944112,19,61531,-0.20482684928739228,26.6867995262146,18.0,True,559,695
2015-09-20-142,2015-09-20,SJI,17944112,22,61550,0.08524646545089912,26.6867995262146,18.0,True,572,612
2015-09-20-143,2015-09-20,SJI,17944112,25,61572,0.03552667516588407,26.6867995262146,18.0,True,695,813
2015-09-20-144,2015-09-20,SJI,17944112,13,61597,-0.2047246967906962,26.6867995262146,18.0,True,842,629
2015-09-20-145,2015-09-20,SJI,17944115,13,61610,0.0011932242994770615,26.6867995262146,18.0,True,517,746
2015-09-20-146,2015-09-20,SJI,17944115,13,61623,-0.11809423499281815,26.6867995262146,18.0,True,689,620
2015-09-20-147,2015-09-20,SJI,17944115,23,61636,-0.1768306796295921,26.6867995262146,18.0,True,699,667
2015-09-20-148,2015-09-20,SJI,17944115,15,61659,-0.14756808340706865,26.6867995262146,18.0,True,745,589
2015-09-20-149,2015-09-20,SJI,17944115,12,61674,0.10053684108787465,26.6867995262146,18.0,True,762,777
2015-09-20-150,2015-09-20,SJI,17944118,13,61686,0.323353207968756,26.6867995262146,18.0,False,795,373
2015-09-20-151,2015-09-20,SJI,17944118,13,61699,-0.09096869324032572,26.6867995262146,18.0,True,502,645
2015-09-20-152,2015-09-20,SJI,17944118,13,61712,-0.2645602661237296,26.6867995262146,18.0,True,620,597
2015-09-20-153,2015-09-20,SJI,17944118,13,61725,0.08407551428473903,26.6867995262146,18.0,True,680,555
2015-09-20-154,2015-09-20,SJI,17944118,14,61738,0.2657927908790747,26.6867995262146,18.0,True,686,795
2015-09-20-155,2015-09-20,SJI,17944121,13,61752,-0.1507060168684701,26.6867995262146,18.0,True,335,798
2015-09-20-156,2015-09-20,SJI,17944121,14,61765,-0.18395697832519495,26.6867995262146,18.0,True,395,691
2015-09-20-157,2015-09-20,SJI,17944121,12,61779,-0.009505572002434725,26.6867995262146,18.0,True,415,767
2015-09-20-158,2015-09-20,SJI,17944121,25,61791,-0.14278827869263624,26.6867995262146,18.0,True,506,654
2015-09-20-159,2015-09-20,SJI,17944127,21,61816,-0.30527194129617813,26.6867995262146,18.0,True,358,763
2015-09-20-160,2015-09-20,SJI,17944127,13,61837,-0.19146230437694556,26.6867995262146,18.0,True,703,607
2015-09-20-161,2015-09-20,SJI,17944130,14,61850,-0.30878101238782285,26.6867995262146,18.0,True,661,710
2015-09-20-162,2015-09-20,SJI,17944130,13,61864,-0.06758818767213459,26.6867995262146,18.0,False,732,680
2015-09-20-163,2015-09-20,SJI,17944133,13,61877,-0.09371536538134695,26.6867995262146,18.0,True,262,791
2015-09-20-164,2015-09-20,SJI,17944136,14,61890,0.2526756670349974,26.6867995262146,18.0,True,669,649
2015-09-20-165,2015-09-20,SJI,17944139,14,61904,-0.30503011048524376,26.6867995262146,18.0,True,427,826
2015-09-20-166,2015-09-20,SJI,17944139,13,61918,-0.0006916711554706744,26.6867995262146,18.0,True,718,612
2015-09-20-167,2015-09-20,SJI,17944139,13,61931,0.2190703152880904,26.6867995262146,18.0,True,751,621
2015-09-20-168,2015-09-20,SJI,17944139,12,61944,-0.25608030163011725,26.6867995262146,18.0,True,855,415
2015-09-20-169,2015-09-20,SJI,17944145,12,61956,-0.27420288179887736,26.6867995262146,18.0,True,806,754
2015-09-20-170,2015-09-20,SJI,17944148,17,61968,-0.3222142083315807,26.6867995262146,18.0,True,785,747
2015-09-20-171,2015-09-20,SJI,17944151,12,61985,-0.28842536913572586,26.6867995262146,18.0,True,445,635
2015-09-20-172,2015-09-20,SJI,17944169,17,61997,-0.16978753350790213,26.6867995262146,18.0,False,659,831
2015-09-20-173,2015-09-20,SJI,17944172,15,62014,-0.12098633757239369,26.6867995262146,18.0,True,659,816
2015-09-20-174,2015-09-20,FUV2,17942140,16,62029,-0.27747873753781543,17.791199684143066,6.0,False,2896,674
2015-09-20-175,2015-09-20,FUV2,17942143,13,62045,-0.2989133889279038,17.791199684143066,6.0,False,3267,240
2015-09-20-176,2015-09-20,FUV2,17942161,14,62058,-0.03825832789849108,17.791199684143066,6.0,False,3526,553
2015-09-20-177,2015-09-20,FUV1,17942194,22,62072,-0.05628782935255573,17.791199684143066,6.0,True,662,1623
2015-09-20-178,2015-09-20,FUV1,17942203,12,62094,0.2244206964610388,17.791199684143066,6.0,True,712,1711
2015-09-20-179,2015-09-20,FUV1,17942209,12,62106,-0.26476351160788997,17.791199684143066,6.0,True,855,1369
2015-09-20-180,2015-09-20,FUV1,17942212,12,62118,-0.17904148428439312,17.791199684143066,6.0,True,531,1448
2015-09-20-181,2015-09-20,FUV1,17942215,20,62130,-0.06388535095005687,17.791199684143066,6.0,True,803,1365
2015-09-20-182,2015-09-20,FUV2,17942218,19,62150,-0.10972990064318035,17.791199684143066,6.0,True,720,3885
2015-09-20-183,2015-09-20,FUV1,17942221,13,62169,0.11205146882731777,17.791199684143066,6.0,True,275,1633
2015-09-20-184,2015-09-20,FUV1,17942221,14,62182,-0.09584422756230858,17.791199684143066,6.0,True,282,202
2015-09-20-185,2015-09-20,FUV1,17942221,12,62196,-0.1315037895632678,17.791199684143066,6.0,True,498,1465
2015-09-20-186,2015-09-20,FUV2,17942224,20,62208,-0.1302858355372861,17.791199684143066,6.0,True,381,3661
2015-09-20-187,2015-09-20,FUV1,17942227,19,62228,-0.10127782491192917,17.791199684143066,6.0,True,339,1879
2015-09-20-188,2015-09-20,FUV2,17942227,15,62247,-0.021332520038123737,17.791199684143066,6.0,True,391,2933
2015-09-20-189,2015-09-20,FUV1,17942227,13,62262,-0.16196261817856292,17.791199684143066,6.0,True,492,1744
2015-09-20-190,2015-09-20,FUV2,17942227,26,62275,-0.20597065697441955,17.791199684143066,6.0,True,563,3647
2015-09-20-191,2015-09-20,FUV1,17942227,15,62301,-0.34750320847481425,17.791199684143066,6.0,True,642,1830
2015-09-20-192,2015-09-20,FUV2,17942227,14,62316,-0.28301126396535775,17.791199684143066,6.0,False,3514,760
2015-09-20-193,2015-09-20,FUV1,17942227,13,62330,0.004364273595032689,17.791199684143066,6.0,True,866,290
2015-09-20-194,2015-09-20,FUV2,17942227,15,62343,-0.06728086692879023,17.791199684143066,6.0,True,869,3917
2015-09-20-195,2015-09-20,FUV2,17942230,12,62358,-0.2438947355316872,17.791199684143066,6.0,True,214,3226
2015-09-20-196,2015-09-20,FUV1,17942230,27,62370,-0.018414796682109612,17.791199684143066,6.0,True,276,1750
2015-09-20-197,2015-09-20,FUV1,17942230,19,62397,0.13168051907664205,17.791199684143066,6.0,True,558,1286
2015-09-20-198,2015-09-20,FUV1,17942230,16,62416,-0.20429476467230295,17.791199684143066,6.0,True,816,145
2015-09-20-199,2015-09-20,FUV2,17942230,12,62432,0.05237883707380503,17.791199684143066,6.0,True,896,3536
2015-09-20-200,2015-09-20,FUV2,17942233,13,62444,-0.27768988979363096,17.791199684143066,6.0,True,207,3011
2015-09-20-201,2015-09-20,FUV2,17942233,14,62457,-0.07207978950760191,17.791199684143066,6.0,True,217,3163
2015-09-20-202,2015-09-20,FUV1,17942233,20,62471,-0.125226270145728,17.791199684143066,6.0,True,750,1704
2015-09-20-203,2015-09-20,FUV2,17942233,16,62491,-0.008168489606088012,17.791199684143066,6.0,True,871,3134
2015-09-20-204,2015-09-20,FUV2,17942236,12,62507,-0.12582948237794037,17.791199684143066,6.0,True,420,3516
2015-09-20-205,2015-09-20,FUV1,17942236,15,62519,-0.18372745331046902,17.791199684143066,6.0,True,621,1400
2015-09-20-206,2015-09-20,FUV2,17942236,16,62534,-0.11594797958803593,17.791199684143066,6.0,True,697,3724
2015-09-20-207,2015-09-20,FUV2,17942239,21,62550,-0.1257883361630407,17.791199684143066,6.0,True,633,3586
2015-09-20-208,2015-09-20,FUV1,17942239,13,62571,-0.26872922849536196,17.791199684143066,6.0,True,638,1806
2015-09-20-209,2015-09-20,FUV2,17942242,17,62584,-0.08057301061599056,17.791199684143066,6.0,True,212,3663
2015-09-20-210,2015-09-20,FUV1,17942242,18,62601,-0.11429150934711704,17.791199684143066,6.0,True,404,1911
2015-09-20-211,2015-09-20,FUV2,17942242,13,62619,-0.20598121397286934,17.791199684143066,6.0,True,493,3015
2015-09-20-212,2015-09-20,FUV1,17942242,16,62632,-0.21926101524960853,17.791199684143066,6.0,True,604,110
2015-09-20-213,2015-09-20,FUV2,17942242,18,62648,-0.18223019038887836,17.791199684143066,6.0,True,758,4072
2015-09-20-214,2015-09-20,FUV2,17942245,16,62666,-0.15683038658501341,17.791199684143066,6.0,True,332,3069
2015-09-20-215,2015-09-20,FUV2,17942245,17,62682,-0.3169275772356513,17.791199684143066,6.0,True,370,3904
2015-09-20-216,2015-09-20,FUV2,17942245,13,62699,-0.1565318207324937,17.791199684143066,6.0,True,421,3147
2015-09-20-217,2015-09-20,FUV1,17942245,17,62712,0.0569060151641613,17.791199684143066,6.0,True,533,1810
2015-09-20-218,2015-09-20,FUV2,17942245,14,62729,-0.1638675551464393,17.791199684143066,6.0,True,613,3003
2015-09-20-219,2015-09-20,FUV2,17942245,22,62743,-0.3056141024196206,17.791199684143066,6.0,True,643,4037
2015-09-20-220,2015-09-20,FUV1,17942245,22,62765,-0.1447174938213,17.791199684143066,6.0,True,720,374
2015-09-20-221,2015-09-20,FUV2,17942245,31,62787,0.10763463184722509,17.791199684143066,6.0,True,788,3071
2015-09-20-222,2015-09-20,FUV2,17942245,14,62818,-0.07847013045131994,17.791199684143066,6.0,True,803,3262
2015-09-20-223,2015-09-20,FUV1,17942245,14,62832,-0.2512814930949489,17.791199684143066,6.0,True,814,1618
2015-09-20-224,2015-09-20,FUV1,17942245,18,62846,-0.3099422483492758,17.791199684143066,6.0,True,851,1348
2015-09-20-225,2015-09-20,FUV2,17942248,13,62864,-0.02129829847827835,17.791199684143066,6.0,True,343,3243
2015-09-20-226,2015-09-20,FUV1,17942248,17,62877,-0.11568881718739604,17.791199684143066,6.0,True,373,1606
2015-09-20-227,2015-09-20,FUV1,17942248,19,62894,-0.24707337940987464,17.791199684143066,6.0,True,471,119
2015-09-20-228,2015-09-20,FUV1,17942248,13,62913,-0.11184852543615109,17.791199684143066,6.0,True,521,1744
2015-09-20-229,2015-09-20,FUV2,17942248,12,62926,0.10660359112048179,17.791199684143066,6.0,False,3215,577
2015-09-20-230,2015-09-20,FUV2,17942248,17,62938,-0.28432919132515927,17.791199684143066,6.0,True,634,3508
2015-09-20-231,2015-09-20,FUV1,17942248,14,62955,-0.1725183571152396,17.791199684143066,6.0,True,743,403
2015-09-20-232,2015-09-20,FUV1,17942248,26,62969,-0.1618913353101634,17.791199684143066,6.0,True,780,1652
2015-09-20-233,2015-09-20,FUV1,17942248,38,62995,-0.07118689276227556,17.791199684143066,6.0,True,818,1756
2015-09-20-234,2015-09-20,FUV1,17942248,24,63033,-0.19401517298429452,17.791199684143066,6.0,True,853,1887
2015-09-20-235,2015-09-20,FUV2,17942251,15,63057,-0.25119693013653777,17.791199684143066,6.0,True,214,3615
2015-09-20-236,2015-09-20,FUV1,17942251,17,63072,-0.051175337368566554,17.791199684143066,6.0,True,279,1872
2015-09-20-237,2015-09-20,FUV1,17942251,22,63089,-0.08491003272037097,17.791199684143066,6.0,True,298,1860
2015-09-20-238,2015-09-20,FUV2,17942251,24,63111,0.015608495298169784,17.791199684143066,6.0,True,326,4010
2015-09-20-239,2015-09-20,FUV1,17942251,18,63135,0.03991760120269175,17.791199684143066,6.0,False,1658,333
2015-09-20-240,2015-09-20,FUV2,17942251,19,63153,-0.07137989473890012,17.791199684143066,6.0,True,357,3546
2015-09-20-241,2015-09-20,FUV2,17942251,16,63172,0.12694260317731057,17.791199684143066,6.0,True,391,2985
2015-09-20-242,2015-09-20,FUV1,17942251,15,63188,-0.27772582643870125,17.791199684143066,6.0,True,402,1773
2015-09-20-243,2015-09-20,FUV1,17942251,14,63203,-0.007829193766035115,17.791199684143066,6.0,True,464,1250
2015-09-20-244,2015-09-20,FUV1,17942251,12,63217,0.10123847788027363,17.791199684143066,6.0,True,478,1703
2015-09-20-245,2015-09-20,FUV1,17942251,18,63229,-0.10673859407022064,17.791199684143066,6.0,True,576,1348
2015-09-20-246,2015-09-20,FUV1,17942251,15,63247,0.011147878842100833,17.791199684143066,6.0,False,1641,674
2015-09-20-247,2015-09-20,FUV1,17942251,13,63262,0.12080769107666652,17.791199684143066,6.0,False,383,701
2015-09-20-248,2015-09-20,FUV2,17942251,14,63275,0.063967405001889,17.791199684143066,6.0,True,708,3785
2015-09-20-249,2015-09-20,FUV1,17942251,16,63289,-0.34826025437610514,17.791199684143066,6.0,True,723,166
2015-09-20-250,2015-09-20,FUV1,17942251,13,63305,-0.1829328334925126,17.791199684143066,6.0,True,814,1889
2015-09-20-251,2015-09-20,FUV1,17942251,13,63318,-0.07458521350590655,17.791199684143066,6.0,True,856,1397
2015-09-20-252,2015-09-20,FUV1,17942254,37,63331,-0.003117480897632772,17.791199684143066,6.0,True,242,353
2015-09-20-253,2015-09-20,FUV2,17942254,19,63368,-0.1479459551003723,17.791199684143066,6.0,True,295,3627
2015-09-20-254,2015-09-20,FUV1,17942254,18,63387,-0.15822584058564257,17.791199684143066,6.0,True,321,114
2015-09-20-255,2015-09-20,FUV2,17942254,16,63405,-0.14174511570216825,17.791199684143066,6.0,True,439,3526
2015-09-20-256,2015-09-20,FUV1,17942254,14,63421,-0.11214890567301929,17.791199684143066,6.0,True,475,1314
2015-09-20-257,2015-09-20,FUV1,17942254,14,63435,-0.18122257326496594,17.791199684143066,6.0,True,500,1622
2015-09-20-258,2015-09-20,FUV1,17942254,12,63449,-0.2562842420286976,17.791199684143066,6.0,True,512,358
2015-09-20-259,2015-09-20,FUV1,17942254,12,63461,-0.2220973554385481,17.791199684143066,6.0,True,578,379
2015-09-20-260,2015-09-20,FUV2,17942254,15,63473,-0.0007654633214576176,17.791199684143066,6.0,True,637,3896
2015-09-20-261,2015-09-20,FUV1,17942254,19,63488,-0.09438757480726166,17.791199684143066,6.0,True,673,1873
2015-09-20-262,2015-09-20,FUV1,17942254,14,63507,-0.26691722127677525,17.791199684143066,6.0,True,708,1652
2015-09-20-263,2015-09-20,FUV1,17942254,14,63521,0.20651333460317453,17.791199684143066,6.0,True,714,121
2015-09-20-264,2015-09-20,FUV1,17942254,34,63535,0.0018417177832301343,17.791199684143066,6.0,True,771,1686
2015-09-20-265,2015-09-20,FUV1,17942254,13,63569,0.1302363903695481,17.791199684143066,6.0,True,856,1619
2015-09-20-266,2015-09-20,FUV2,17942257,19,63582,-0.07570747796847863,17.791199684143066,6.0,True,254,4003
2015-09-20-267,2015-09-20,FUV1,17942257,15,63601,-0.04533931759286317,17.791199684143066,6.0,True,263,1841
2015-09-20-268,2015-09-20,FUV1,17942257,21,63616,-0.3163592491075229,17.791199684143066,6.0,True,299,1283
2015-09-20-269,2015-09-20,FUV1,17942257,12,63637,-0.058171513168476616,17.791199684143066,6.0,True,387,1719
2015-09-20-270,2015-09-20,FUV1,17942257,12,63649,0.00975848688714784,17.791199684143066,6.0,True,425,1329
2015-09-20-271,2015-09-20,FUV1,17942257,14,63661,-0.10213149443222358,17.791199684143066,6.0,True,484,130
2015-09-20-272,2015-09-20,FUV2,17942257,14,63675,-0.15769579261999836,17.791199684143066,6.0,True,497,3565
2015-09-20-273,2015-09-20,FUV1,17942257,16,63689,0.0011924278488918423,17.791199684143066,6.0,True,506,1301
2015-09-20-274,2015-09-20,FUV2,17942257,23,63705,-0.13703728506386517,17.791199684143066,6.0,True,602,4002
2015-09-20-275,2015-09-20,FUV1,17942257,34,63728,0.009361736776842646,17.791199684143066,6.0,True,705,1634
2015-09-20-276,2015-09-20,FUV2,17942257,13,63762,-0.3280981780938789,17.791199684143066,6.0,True,846,3216
2015-09-20-277,2015-09-20,FUV2,17942260,14,63775,0.01311838408238083,17.791199684143066,6.0,True,245,3658
2015-09-20-278,2015-09-20,FUV2,17942260,16,63789,-0.21780204208050616,17.791199684143066,6.0,True,277,3175
2015-09-20-279,2015-09-20,FUV2,17942260,19,63805,-0.048992753527845295,17.791199684143066,6.0,True,301,4004
2015-09-20-280,2015-09-20,FUV1,17942260,12,63824,-0.11764979340285531,17.791199684143066,6.0,True,314,1288
2015-09-20-281,2015-09-20,FUV1,17942260,19,63836,-0.10281587349746697,17.791199684143066,6.0,True,314,1720
2015-09-20-282,2015-09-20,FUV2,17942260,14,63855,-0.30707557258204354,17.791199684143066,6.0,True,378,3913
2015-09-20-283,2015-09-20,FUV1,17942260,12,63869,0.1205397121127603,17.791199684143066,6.0,True,429,1754
2015-09-20-284,2015-09-20,FUV2,17942260,43,63881,-0.04024908590561821,17.791199684143066,6.0,True,430,3577
2015-09-20-285,2015-09-20,FUV2,17942260,16,63924,-0.2738360204936987,17.791199684143066,6.0,True,517,2998
2015-09-20-286,2015-09-20,FUV1,17942260,13,63940,0.14097948797574175,17.791199684143066,6.0,True,528,269
2015-09-20-287,2015-09-20,FUV1,17942260,19,63953,-0.0612847890313193,17.791199684143066,6.0,True,550,1734
2015-09-20-288,2015-09-20,FUV1,17942260,15,63972,-0.16003372978742833,17.791199684143066,6.0,True,566,1399
2015-09-20-289,2015-09-20,FUV1,17942260,14,63987,-0.025891254425479,17.791199684143066,6.0,True,582,1800
2015-09-20-290,2015-09-20,FUV1,17942260,13,64001,-0.10561150731287913,17.791199684143066,6.0,True,606,364
2015-09-20-291,2015-09-20,FUV1,17942260,21,64014,-0.06919141913761978,17.791199684143066,6.0,True,622,346
2015-09-20-292,2015-09-20,FUV1,17942260,12,64035,0.24987379492408823,17.791199684143066,6.0,True,715,127
2015-09-20-293,2015-09-20,FUV1,17942260,15,64047,0.1349325651194807,17.791199684143066,6.0,True,775,1410
2015-09-20-294,2015-09-20,FUV1,17942260,12,64062,0.0547893630403162,17.791199684143066,6.0,True,794,1645
2015-09-20-295,2015-09-20,FUV1,17942260,12,64074,-0.3269025387944772,17.791199684143066,6.0,True,839,1322
2015-09-20-296,2015-09-20,FUV2,17942260,15,64086,-0.018644833651957755,17.791199684143066,6.0,True,852,2927
2015-09-20-297,2015-09-20,FUV2,17942263,16,64101,0.04814910622581529,17.791199684143066,6.0,True,202,3733
2015-09-20-298,2015-09-20,FUV2,17942263,16,64117,-0.13482050572995868,17.791199684143066,6.0,True,217,2920
2015-09-20-299,2015-09-20,FUV2,17942263,20,64133,-0.1485355190847542,17.791199684143066,6.0,True,250,3145
2015-09-20-300,2015-09-20,FUV2,17942263,17,64153,-0.07480591294793264,17.791199684143066,6.0,True,263,3937
2015-09-20-301,2015-09-20,FUV2,17942263,26,64170,-0.0020190356833489046,17.791199684143066,6.0,True,283,3600
2015-09-20-302,2015-09-20,FUV2,17942263,17,64196,-0.13952508713765305,17.791199684143066,6.0,True,301,3034
2015-09-20-303,2015-09-20,FUV2,17942263,16,64213,0.012214652220127985,17.791199684143066,6.0,True,389,2989
2015-09-20-304,2015-09-20,FUV1,17942263,20,64229,-0.10825581981726329,17.791199684143066,6.0,True,408,1716
2015-09-20-305,2015-09-20,FUV1,17942263,27,64249,0.08362379563767182,17.791199684143066,6.0,True,444,1617
2015-09-20-306,2015-09-20,FUV1,17942263,16,64276,-0.2726751352890716,17.791199684143066,6.0,True,461,376
2015-09-20-307,2015-09-20,FUV2,17942263,13,64292,-0.28002385665425505,17.791199684143066,6.0,True,489,3263
2015-09-20-308,2015-09-20,FUV2,17942263,19,64305,-0.10578517679510338,17.791199684143066,6.0,True,515,2948
2015-09-20-309,2015-09-20,FUV2,17942263,13,64324,-0.12011122565269827,17.791199684143066,6.0,True,520,3855
2015-09-20-310,2015-09-20,FUV1,17942263,12,64337,-0.18853236864837905,17.791199684143066,6.0,True,579,1895
2015-09-20-311,2015-09-20,FUV2,17942263,17,64349,-0.200253152080988,17.791199684143066,6.0,True,590,3154
2015-09-20-312,2015-09-20,FUV1,17942263,14,64366,0.12613756194909542,17.791199684143066,6.0,True,625,1412
2015-09-20-313,2015-09-20,FUV2,17942263,14,64380,0.272097570284539,17.791199684143066,6.0,True,683,3894
2015-09-20-314,2015-09-20,FUV1,17942263,13,64394,-0.16108831959441353,17.791199684143066,6.0,True,690,1635
2015-09-20-315,2015-09-20,FUV1,17942263,12,64407,-0.12058870121865385,17.791199684143066,6.0,True,693,344
2015-09-20-316,2015-09-20,FUV1,17942263,12,64419,-0.01589493019989503,17.791199684143066,6.0,True,805,142
2015-09-20-317,2015-09-20,FUV2,17942263,15,64431,-0.23843368816125565,17.791199684143066,6.0,True,811,3573
2015-09-20-318,2015-09-20,FUV2,17942263,13,64446,0.026560982506184536,17.791199684143066,6.0,True,816,2905
2015-09-20-319,2015-09-20,FUV2,17942263,19,64459,-0.23130784209805647,17.791199684143066,6.0,True,837,3910
2015-09-20-320,2015-09-20,FUV2,17942266,29,64478,-0.04174553734667626,17.791199684143066,6.0,True,188,3562
2015-09-20-321,2015-09-20,FUV1,17942266,17,64507,0.1581669068798138,17.791199684143066,6.0,True,196,256
2015-09-20-322,2015-09-20,FUV2,17942266,13,64524,0.05399912341483988,17.791199684143066,6.0,True,196,3947
2015-09-20-323,2015-09-20,FUV2,17942266,31,64537,-0.14168994750424196,17.791199684143066,6.0,True,217,3185
2015-09-20-324,2015-09-20,FUV1,17942266,15,64568,0.020073913126629955,17.791199684143066,6.0,True,223,246
2015-09-20-325,2015-09-20,FUV2,17942266,16,64583,-0.10314827281439533,17.791199684143066,6.0,True,259,3723
2015-09-20-326,2015-09-20,FUV2,17942266,13,64599,0.12355259841803282,17.791199684143066,6.0,True,276,3991
2015-09-20-327,2015-09-20,FUV2,17942266,21,64612,0.0499359361623973,17.791199684143066,6.0,True,335,3646
2015-09-20-328,2015-09-20,FUV2,17942266,14,64633,-0.07965277648270273,17.791199684143066,6.0,True,341,3776
2015-09-20-329,2015-09-20,FUV1,17942266,13,64647,-0.13446589410570062,17.791199684143066,6.0,True,365,1831
2015-09-20-330,2015-09-20,FUV2,17942266,14,64660,-0.10506046581598513,17.791199684143066,6.0,True,366,3516
2015-09-20-331,2015-09-20,FUV2,17942266,12,64674,-0.023897447609642568,17.791199684143066,6.0,True,389,2946
2015-09-20-332,2015-09-20,FUV2,17942266,13,64686,-0.17856037482645723,17.791199684143066,6.0,True,405,4006
2015-09-20-333,2015-09-20,FUV1,17942266,13,64699,0.11691742930589112,17.791199684143066,6.0,True,406,1632
2015-09-20-334,2015-09-20,FUV1,17942266,14,64712,-0.2523459753444386,17.791199684143066,6.0,True,452,174
2015-09-20-335,2015-09-20,FUV2,17942266,13,64726,0.20215812672823563,17.791199684143066,6.0,True,495,3779
2015-09-20-336,2015-09-20,FUV2,17942266,12,64739,-0.11323557604519055,17.791199684143066,6.0,True,506,3715
2015-09-20-337,2015-09-20,FUV2,17942266,18,64751,-0.1599788306324259,17.791199684143066,6.0,True,531,3627
2015-09-20-338,2015-09-20,FUV1,17942266,15,64769,-0.03305177900557626,17.791199684143066,6.0,True,579,1284
2015-09-20-339,2015-09-20,FUV1,17942266,16,64784,-0.015302891208763807,17.791199684143066,6.0,True,598,1363
2015-09-20-340,2015-09-20,FUV2,17942266,12,64800,-0.07685191582450061,17.791199684143066,6.0,True,706,3744
2015-09-20-341,2015-09-20,FUV1,17942266,12,64812,0.3144246101128451,17.791199684143066,6.0,True,744,1651
2015-09-20-342,2015-09-20,FUV1,17942266,14,64824,0.042402739329171005,17.791199684143066,6.0,True,788,401
2015-09-20-343,2015-09-20,FUV1,17942266,24,64838,-0.06086152481077827,17.791199684143066,6.0,True,788,1307
2015-09-20-344,2015-09-20,FUV1,17942266,22,64862,0.08940762450610529,17.791199684143066,6.0,True,818,1832
2015-09-20-345,2015-09-20,FUV1,17942269,14,64884,0.04337502861686053,17.791199684143066,6.0,True,189,1453
2015-09-20-346,2015-09-20,FUV2,17942269,17,64898,0.1949471853682424,17.791199684143066,6.0,True,231,2934
2015-09-20-347,2015-09-20,FUV1,17942269,13,64915,-0.30661575572442085,17.791199684143066,6.0,True,271,1643
2015-09-20-348,2015-09-20,FUV2,17942269,28,64928,-0.15188792220642966,17.791199684143066,6.0,True,283,3214
2015-09-20-349,2015-09-20,FUV2,17942269,17,64956,-0.04527139090559332,17.791199684143066,6.0,True,296,3654
2015-09-20-350,2015-09-20,FUV2,17942269,22,64973,0.059813292562696206,17.791199684143066,6.0,True,340,2970
2015-09-20-351,2015-09-20,FUV1,17942269,19,64995,-0.018516438128144436,17.791199684143066,6.0,True,364,1281
2015-09-20-352,2015-09-20,FUV2,17942269,30,65014,-0.009150421506169987,17.791199684143066,6.0,True,394,3527
2015-09-20-353,2015-09-20,FUV1,17942269,12,65044,0.11589769849011597,17.791199684143066,6.0,True,400,1339
2015-09-20-354,2015-09-20,FUV2,17942269,12,65056,-0.06377982341804463,17.791199684143066,6.0,True,430,3648
2015-09-20-355,2015-09-20,FUV1,17942269,15,65068,-0.20235177458385836,17.791199684143066,6.0,True,479,1410
2015-09-20-356,2015-09-20,FUV1,17942269,21,65083,0.1659589491640472,17.791199684143066,6.0,True,548,1647
2015-09-20-357,2015-09-20,FUV2,17942269,25,65104,-0.12184592630047276,17.791199684143066,6.0,True,552,3171
2015-09-20-358,2015-09-20,FUV1,17942269,15,65129,-5.582591965776847e-15,17.791199684143066,6.0,True,583,366
2015-09-20-359,2015-09-20,FUV2,17942269,12,65144,0.26433700989839654,17.791199684143066,6.0,True,627,3564
2015-09-20-360,2015-09-20,FUV2,17942269,14,65156,-0.11288713962829518,17.791199684143066,6.0,True,663,3151
2015-09-20-361,2015-09-20,FUV2,17942269,12,65170,-0.11851879528071323,17.791199684143066,6.0,True,716,3562
2015-09-20-362,2015-09-20,FUV1,17942269,13,65182,-0.04490054720656163,17.791199684143066,6.0,True,757,288
2015-09-20-363,2015-09-20,FUV2,17942269,13,65195,-0.12771548578776304,17.791199684143066,6.0,True,760,2927
2015-09-20-364,2015-09-20,FUV1,17942269,16,65208,0.022783411829509326,17.791199684143066,6.0,True,782,1335
2015-09-20-365,2015-09-20,FUV2,17942269,18,65224,0.029655402474828417,17.791199684143066,6.0,True,798,4027
2015-09-20-366,2015-09-20,FUV2,17942269,12,65242,0.06282134303029999,17.791199684143066,6.0,True,817,3232
2015-09-20-367,2015-09-20,FUV2,17942269,14,65254,-0.3298759465016431,17.791199684143066,6.0,True,871,3235
2015-09-20-368,2015-09-20,FUV2,17942272,13,65268,0.01607654507539025,17.791199684143066,6.0,True,188,3534
2015-09-20-369,2015-09-20,FUV2,17942272,17,65281,-0.057659948684756886,17.791199684143066,6.0,True,208,2992
2015-09-20-370,2015-09-20,FUV1,17942272,13,65298,-0.23274909702223537,17.791199684143066,6.0,True,285,1360
2015-09-20-371,2015-09-20,FUV1,17942272,12,65311,-0.3208786977376449,17.791199684143066,6.0,True,357,1773
2015-09-20-372,2015-09-20,FUV1,17942272,34,65323,0.018881612241612326,17.791199684143066,6.0,True,408,1315
2015-09-20-373,2015-09-20,FUV2,17942272,15,65357,-0.052709213070380935,17.791199684143066,6.0,True,440,3536
2015-09-20-374,2015-09-20,FUV1,17942272,12,65372,0.12657522366309387,17.791199684143066,6.0,True,442,1389
2015-09-20-375,2015-09-20,FUV2,17942272,20,65384,-0.28948044789270755,17.791199684143066,6.0,True,452,3561
2015-09-20-376,2015-09-20,FUV2,17942272,15,65404,-0.11331661198147988,17.791199684143066,6.0,True,455,3145
2015-09-20-377,2015-09-20,FUV2,17942272,12,65419,-0.21306328333525995,17.791199684143066,6.0,True,488,3051
2015-09-20-378,2015-09-20,FUV1,17942272,14,65431,-0.14334769338909278,17.791199684143066,6.0,True,490,1731
2015-09-20-379,2015-09-20,FUV1,17942272,15,65445,-0.1273426876993733,17.791199684143066,6.0,True,516,441
2015-09-20-380,2015-09-20,FUV2,17942272,13,65460,0.028380891155855032,17.791199684143066,6.0,True,520,3241
2015-09-20-381,2015-09-20,FUV2,17942272,15,65473,-0.04997967476239862,17.791199684143066,6.0,True,592,3025
2015-09-20-382,2015-09-20,FUV2,17942272,16,65488,0.036115754812205726,17.791199684143066,6.0,True,596,3049
2015-09-20-383,2015-09-20,FUV2,17942272,45,65504,-0.09323425116648175,17.791199684143066,6.0,True,602,3756
2015-09-20-384,2015-09-20,FUV1,17942272,31,65549,0.04136305513589916,17.791199684143066,6.0,True,609,1888
2015-09-20-385,2015-09-20,FUV2,17942272,14,65580,-0.17882764431687945,17.791199684143066,6.0,True,715,3527
2015-09-20-386,2015-09-20,FUV2,17942272,30,65594,-0.17594672496857838,17.791199684143066,6.0,True,806,3225
2015-09-20-387,2015-09-20,FUV2,17942272,17,65624,0.01796514821307025,17.791199684143066,6.0,True,806,3669
2015-09-20-388,2015-09-20,FUV1,17942272,35,65641,0.14045040221113078,17.791199684143066,6.0,True,848,423
2015-09-20-389,2015-09-20,FUV2,17942272,19,65676,0.23910974116855077,17.791199684143066,6.0,True,887,3614
2015-09-20-390,2015-09-20,FUV1,17942275,15,65695,-0.28984496528225107,17.791199684143066,6.0,True,212,1371
2015-09-20-391,2015-09-20,FUV1,17942275,14,65710,-0.10464854977506943,17.791199684143066,6.0,True,215,107
2015-09-20-392,2015-09-20,FUV1,17942275,13,65724,0.14131753779179734,17.791199684143066,6.0,True,298,1904
2015-09-20-393,2015-09-20,FUV1,17942275,12,65737,-0.06950781355441471,17.791199684143066,6.0,True,335,1894
2015-09-20-394,2015-09-20,FUV2,17942275,24,65749,-0.0019160519310489202,17.791199684143066,6.0,True,388,3202
2015-09-20-395,2015-09-20,FUV1,17942275,16,65773,0.06550532420805025,17.791199684143066,6.0,True,397,1728
2015-09-20-396,2015-09-20,FUV2,17942275,13,65789,-0.019737030161710648,17.791199684143066,6.0,True,403,3542
2015-09-20-397,2015-09-20,FUV1,17942275,13,65802,0.1538579465032832,17.791199684143066,6.0,True,518,1903
2015-09-20-398,2015-09-20,FUV2,17942275,31,65815,-0.04385028452963455,17.791199684143066,6.0,True,532,3609
2015-09-20-399,2015-09-20,FUV2,17942275,17,65846,-0.04829672153618746,17.791199684143066,6.0,True,610,4019
2015-09-20-400,2015-09-20,FUV1,17942275,16,65863,-0.07718907361858204,17.791199684143066,6.0,True,636,124
2015-09-20-401,2015-09-20,FUV2,17942275,14,65879,0.17124039274966585,17.791199684143066,6.0,True,667,4049
2015-09-20-402,2015-09-20,FUV2,17942275,12,65893,-0.0740078017459516,17.791199684143066,6.0,True,679,3632
2015-09-20-403,2015-09-20,FUV2,17942275,18,65905,0.14816597192054964,17.791199684143066,6.0,True,711,3580
2015-09-20-404,2015-09-20,FUV2,17942275,14,65923,-0.2873738201585594,17.791199684143066,6.0,True,724,2999
2015-09-20-405,2015-09-20,FUV1,17942275,14,65937,-0.056251605875025645,17.791199684143066,6.0,True,736,1839
2015-09-20-406,2015-09-20,FUV1,17942275,14,65951,0.08578240511383284,17.791199684143066,6.0,True,803,1601
2015-09-20-407,2015-09-20,FUV1,17942275,12,65965,-0.017084240081537118,17.791199684143066,6.0,True,832,1421
2015-09-20-408,2015-09-20,FUV1,17942275,15,65977,-0.22015123837279602,17.791199684143066,6.0,True,867,416
2015-09-20-409,2015-09-20,FUV1,17942275,13,65992,-0.2672867608851604,17.791199684143066,6.0,True,868,1397
2015-09-20-410,2015-09-20,FUV1,17942278,15,66005,-0.27412858096515386,17.791199684143066,6.0,True,202,115
2015-09-20-411,2015-09-20,FUV1,17942278,18,66020,-0.08540623386474479,17.791199684143066,6.0,True,271,1652
2015-09-20-412,2015-09-20,FUV2,17942278,13,66038,-0.17509220640603884,17.791199684143066,6.0,True,275,3013
2015-09-20-413,2015-09-20,FUV2,17942278,30,66051,-0.16116478719705568,17.791199684143066,6.0,True,285,4062
2015-09-20-414,2015-09-20,FUV2,17942278,13,66081,0.05673229527077399,17.791199684143066,6.0,True,300,3664
2015-09-20-415,2015-09-20,FUV1,17942278,12,66094,0.036797975064989503,17.791199684143066,6.0,True,343,1869
2015-09-20-416,2015-09-20,FUV1,17942278,12,66106,0.14003661561060052,17.791199684143066,6.0,True,394,1297
2015-09-20-417,2015-09-20,FUV2,17942278,17,66118,0.08336566622647958,17.791199684143066,6.0,True,403,2999
2015-09-20-418,2015-09-20,FUV2,17942278,13,66135,0.11169570740593186,17.791199684143066,6.0,True,417,3735
2015-09-20-419,2015-09-20,FUV1,17942278,13,66148,-0.2183404646062812,17.791199684143066,6.0,True,447,1287
2015-09-20-420,2015-09-20,FUV1,17942278,17,66161,-0.21778744055988727,17.791199684143066,6.0,True,500,1622
2015-09-20-421,2015-09-20,FUV1,17942278,28,66178,-0.07407811904764743,17.791199684143066,6.0,True,553,1287
2015-09-20-422,2015-09-20,FUV2,17942278,26,66206,0.024511056892953513,17.791199684143066,6.0,True,649,3048
2015-09-20-423,2015-09-20,FUV1,17942278,20,66232,-0.04869462078443488,17.791199684143066,6.0,True,664,1281
2015-09-20-424,2015-09-20,FUV1,17942278,15,66252,-0.094048501847041,17.791199684143066,6.0,True,664,1412
2015-09-20-425,2015-09-20,FUV2,17942278,21,66267,0.10084502535321242,17.791199684143066,6.0,True,675,3023
2015-09-20-426,2015-09-20,FUV1,17942278,13,66288,-0.09842431989194293,17.791199684143066,6.0,True,714,1760
2015-09-20-427,2015-09-20,FUV2,17942278,19,66301,0.003182688826175019,17.791199684143066,6.0,True,818,3663
2015-09-20-428,2015-09-20,FUV2,17942278,16,66320,-0.12253123007372932,17.791199684143066,6.0,True,825,3182
2015-09-20-429,2015-09-20,FUV1,17942278,14,66336,-0.2236389706401778,17.791199684143066,6.0,True,851,267
2015-09-20-430,2015-09-20,FUV1,17942278,15,66350,-0.0959725945888037,17.791199684143066,6.0,True,886,1764
2015-09-20-431,2015-09-20,FUV2,17942281,13,66365,-0.05998997469682604,17.791199684143066,6.0,True,215,3210
2015-09-20-432,2015-09-20,FUV2,17942281,19,66378,-0.17060748229945133,17.791199684143066,6.0,True,261,3066
2015-09-20-433,2015-09-20,FUV1,17942281,21,66397,-0.23125417759656158,17.791199684143066,6.0,True,269,403
2015-09-20-434,2015-09-20,FUV2,17942281,19,66418,-0.27864397229274995,17.791199684143066,6.0,True,279,3516
2015-09-20-435,2015-09-20,FUV1,17942281,16,66437,0.07655721440106687,17.791199684143066,6.0,True,287,1839
2015-09-20-436,2015-09-20,FUV2,17942281,14,66453,-0.20684665870925995,17.791199684143066,6.0,True,328,3216
2015-09-20-437,2015-09-20,FUV2,17942281,13,66467,-0.1211003639036676,17.791199684143066,6.0,True,349,3605
2015-09-20-438,2015-09-20,FUV1,17942281,13,66480,0.15804974079360037,17.791199684143066,6.0,True,352,160
2015-09-20-439,2015-09-20,FUV2,17942281,18,66493,-0.07759949014997525,17.791199684143066,6.0,True,381,3860
2015-09-20-440,2015-09-20,FUV2,17942281,14,66511,-0.19140683053013474,17.791199684143066,6.0,True,397,3186
2015-09-20-441,2015-09-20,FUV1,17942281,24,66525,0.10022393349859486,17.791199684143066,6.0,True,413,1652
2015-09-20-442,2015-09-20,FUV2,17942281,16,66549,-0.08264914800635292,17.791199684143066,6.0,True,453,3707
2015-09-20-443,2015-09-20,FUV1,17942281,13,66565,-0.004766947295594161,17.791199684143066,6.0,True,532,1400
2015-09-20-444,2015-09-20,FUV2,17942281,14,66578,0.12186001913864265,17.791199684143066,6.0,True,546,3996
2015-09-20-445,2015-09-20,FUV2,17942281,13,66592,0.1102737455662751,17.791199684143066,6.0,True,548,3874
2015-09-20-446,2015-09-20,FUV1,17942281,15,66605,-0.2503085771572836,17.791199684143066,6.0,True,593,1709
2015-09-20-447,2015-09-20,FUV1,17942281,12,66620,-0.1769042031202979,17.791199684143066,6.0,True,638,139
2015-09-20-448,2015-09-20,FUV1,17942281,17,66632,-0.1299278422548062,17.791199684143066,6.0,True,639,1439
2015-09-20-449,2015-09-20,FUV1,17942281,16,66649,-0.2542067950836889,17.791199684143066,6.0,True,670,345
2015-09-20-450,2015-09-20,FUV1,17942281,14,66665,-0.0442267784291045,17.791199684143066,6.0,True,683,259
2015-09-20-451,2015-09-20,FUV2,17942281,25,66679,0.09795354634144741,17.791199684143066,6.0,True,716,3654
2015-09-20-452,2015-09-20,FUV1,17942281,16,66704,-0.02353105112870468,17.791199684143066,6.0,True,720,1631
2015-09-20-453,2015-09-20,FUV2,17942281,23,66720,-0.1206131974145862,17.791199684143066,6.0,True,794,2937
2015-09-20-454,2015-09-20,FUV1,17942281,13,66743,0.09611404150302845,17.791199684143066,6.0,True,860,1360
2015-09-20-455,2015-09-20,FUV2,17942281,18,66756,-0.16864637177408287,17.791199684143066,6.0,True,872,3628
2015-09-20-456,2015-09-20,FUV2,17942281,12,66774,0.022932046493814338,17.791199684143066,6.0,True,878,3765
2015-09-20-457,2015-09-20,FUV2,17942284,16,66786,-0.1193077345760936,17.791199684143066,6.0,True,188,3642
2015-09-20-458,2015-09-20,FUV2,17942284,12,66802,0.2166849576477045,17.791199684143066,6.0,True,215,3523
2015-09-20-459,2015-09-20,FUV2,17942284,17,66814,-0.08876321527477425,17.791199684143066,6.0,True,223,2959
2015-09-20-460,2015-09-20,FUV2,17942284,19,66831,0.21774215114862955,17.791199684143066,6.0,True,224,3554
2015-09-20-461,2015-09-20,FUV2,17942284,17,66850,-0.13911531998471474,17.791199684143066,6.0,True,282,3236
2015-09-20-462,2015-09-20,FUV2,17942284,17,66867,-0.1294208927586113,17.791199684143066,6.0,True,288,3597
2015-09-20-463,2015-09-20,FUV2,17942284,17,66884,0.229536974305944,17.791199684143066,6.0,True,326,3850
2015-09-20-464,2015-09-20,FUV2,17942284,14,66901,-0.07134811326978494,17.791199684143066,6.0,True,341,3038
2015-09-20-465,2015-09-20,FUV1,17942284,12,66915,-0.00948491323903217,17.791199684143066,6.0,True,353,1252
2015-09-20-466,2015-09-20,FUV1,17942284,15,66927,-0.2384648160973166,17.791199684143066,6.0,True,358,1416
2015-09-20-467,2015-09-20,FUV2,17942284,14,66942,-0.1024156659013788,17.791199684143066,6.0,True,374,3155
2015-09-20-468,2015-09-20,FUV1,17942284,12,66956,0.018850702523024676,17.791199684143066,6.0,True,395,127
2015-09-20-469,2015-09-20,FUV2,17942284,12,66968,-0.10843375951802893,17.791199684143066,6.0,True,398,3927
2015-09-20-470,2015-09-20,FUV2,17942284,18,66980,0.11566281992497839,17.791199684143066,6.0,True,473,2951
2015-09-20-471,2015-09-20,FUV2,17942284,23,66998,-0.18587360068625422,17.791199684143066,6.0,True,488,3772
2015-09-20-472,2015-09-20,FUV1,17942284,27,67021,-0.1324316444002583,17.791199684143066,6.0,True,512,407
2015-09-20-473,2015-09-20,FUV1,17942284,15,67048,-0.014810142447701636,17.791199684143066,6.0,True,513,1399
2015-09-20-474,2015-09-20,FUV2,17942284,15,67063,0.26328013006003687,17.791199684143066,6.0,True,528,2947
2015-09-20-475,2015-09-20,FUV2,17942284,12,67078,-0.13212717895218323,17.791199684143066,6.0,True,546,3064
2015-09-20-476,2015-09-20,FUV2,17942284,14,67090,-0.003683845787223116,17.791199684143066,6.0,True,576,3562
2015-09-20-477,2015-09-20,FUV1,17942284,14,67104,0.25554313662044725,17.791199684143066,6.0,True,581,180
2015-09-20-478,2015-09-20,FUV1,17942284,13,67118,0.17771636520586437,17.791199684143066,6.0,True,584,101
2015-09-20-479,2015-09-20,FUV1,17942284,28,67131,0.12519069408962682,17.791199684143066,6.0,True,597,1818
2015-09-20-480,2015-09-20,FUV2,17942284,13,67159,0.09159552891170512,17.791199684143066,6.0,True,618,3260
2015-09-20-481,2015-09-20,FUV2,17942284,15,67172,-0.08020498881243288,17.791199684143066,6.0,True,624,3167
2015-09-20-482,2015-09-20,FUV1,17942284,41,67187,-0.017400414236426767,17.791199684143066,6.0,True,629,1648
2015-09-20-483,2015-09-20,FUV1,17942284,18,67228,0.03613212743355246,17.791199684143066,6.0,True,711,181
2015-09-20-484,2015-09-20,FUV1,17942284,13,67246,-0.03875158104964681,17.791199684143066,6.0,True,775,1645
2015-09-20-485,2015-09-20,FUV1,17942284,12,67259,-0.12990956506906823,17.791199684143066,6.0,True,779,1787
2015-09-20-486,2015-09-20,FUV2,17942284,15,67271,-0.14710097407507958,17.791199684143066,6.0,True,798,3667
2015-09-20-487,2015-09-20,FUV2,17942284,17,67286,-0.20858958456088156,17.791199684143066,6.0,True,835,3259
2015-09-20-488,2015-09-20,FUV2,17942287,12,67303,0.005074245265817773,17.791199684143066,6.0,False,3266,189
2015-09-20-489,2015-09-20,FUV2,17942287,13,67315,0.006531589441917036,17.791199684143066,6.0,True,235,3180
2015-09-20-490,2015-09-20,FUV1,17942287,13,67328,0.014884370785493924,17.791199684143066,6.0,True,265,1911
2015-09-20-491,2015-09-20,FUV2,17942287,13,67341,-0.13100842290791434,17.791199684143066,6.0,True,320,3631
2015-09-20-492,2015-09-20,FUV2,17942287,13,67354,-0.1369868407389376,17.791199684143066,6.0,True,331,3569
2015-09-20-493,2015-09-20,FUV1,17942287,12,67367,-0.12850105272399148,17.791199684143066,6.0,True,361,413
2015-09-20-494,2015-09-20,FUV1,17942287,18,67379,-0.0798362167825526,17.791199684143066,6.0,True,364,1666
2015-09-20-495,2015-09-20,FUV1,17942287,18,67397,0.03569095695120071,17.791199684143066,6.0,True,427,1295
2015-09-20-496,2015-09-20,FUV2,17942287,13,67415,0.02650777773200456,17.791199684143066,6.0,True,443,3202
2015-09-20-497,2015-09-20,FUV2,17942287,15,67428,-0.3049374630910412,17.791199684143066,6.0,True,466,3617
2015-09-20-498,2015-09-20,FUV2,17942287,26,67443,-0.06992095697597771,17.791199684143066,6.0,True,490,3227
2015-09-20-499,2015-09-20,FUV2,17942287,14,67469,0.03911027926992773,17.791199684143066,6.0,True,534,3020
2015-09-20-500,2015-09-20,FUV2,17942287,17,67483,0.1671931911078235,17.791199684143066,6.0,True,542,4057
2015-09-20-501,2015-09-20,FUV2,17942287,13,67500,-0.34041602670641785,17.791199684143066,6.0,True,564,3060
2015-09-20-502,2015-09-20,FUV2,17942287,12,67513,0.1289885387537556,17.791199684143066,6.0,True,635,2950
2015-09-20-503,2015-09-20,FUV1,17942287,17,67525,-0.04832749739709671,17.791199684143066,6.0,True,706,1311
2015-09-20-504,2015-09-20,FUV1,17942287,27,67542,-0.13034586819411995,17.791199684143066,6.0,True,751,1683
2015-09-20-505,2015-09-20,FUV2,17942287,12,67569,-0.15594474892690477,17.791199684143066,6.0,True,757,3925
2015-09-20-506,2015-09-20,FUV1,17942287,18,67581,0.09189283963372281,17.791199684143066,6.0,True,825,157
2015-09-20-507,2015-09-20,FUV2,17942287,21,67599,0.014738703794143732,17.791199684143066,6.0,True,832,3625
2015-09-20-508,2015-09-20,FUV2,17942287,29,67620,-0.1824459302306937,17.791199684143066,6.0,True,879,3001
2015-09-20-509,2015-09-20,FUV2,17942287,12,67649,0.045052266741595674,17.791199684143066,6.0,True,896,3561
2015-09-20-510,2015-09-20,FUV2,17942290,17,67661,0.0915064494749732,17.791199684143066,6.0,True,188,3031
2015-09-20-511,2015-09-20,FUV2,17942290,17,67678,0.2424323752486211,17.791199684143066,6.0,True,211,3710
2015-09-20-512,2015-09-20,FUV2,17942290,15,67695,-0.16777764885134103,17.791199684143066,6.0,True,220,3263
2015-09-20-513,2015-09-20,FUV1,17942290,16,67710,0.07327911174592464,17.791199684143066,6.0,True,256,1662
2015-09-20-514,2015-09-20,FUV2,17942290,14,67726,-0.2062613747380311,17.791199684143066,6.0,True,297,3143
2015-09-20-515,2015-09-20,FUV1,17942290,17,67740,0.0575733773780346,17.791199684143066,6.0,True,324,199
2015-09-20-516,2015-09-20,FUV2,17942290,19,67757,-0.042419017840317146,17.791199684143066,6.0,True,332,3273
2015-09-20-517,2015-09-20,FUV2,17942290,12,67776,0.19257215367798033,17.791199684143066,6.0,True,345,3050
2015-09-20-518,2015-09-20,FUV1,17942290,27,67788,-0.05682945108517904,17.791199684143066,6.0,True,365,163
2015-09-20-519,2015-09-20,FUV2,17942290,16,67815,-0.13134243705845997,17.791199684143066,6.0,True,376,3216
2015-09-20-520,2015-09-20,FUV2,17942290,17,67831,-0.0783654267784546,17.791199684143066,6.0,True,425,3575
2015-09-20-521,2015-09-20,FUV1,17942290,13,67848,-0.1178620606219439,17.791199684143066,6.0,True,436,1624
2015-09-20-522,2015-09-20,FUV1,17942290,18,67861,-0.09614111885729516,17.791199684143066,6.0,True,437,1855
2015-09-20-523,2015-09-20,FUV2,17942290,20,67879,0.07381130834296436,17.791199684143066,6.0,True,443,4027
2015-09-20-524,2015-09-20,FUV1,17942290,13,67899,0.0009574199180500248,17.791199684143066,6.0,False,1627,472
2015-09-20-525,2015-09-20,FUV1,17942290,12,67912,0.19891635356740986,17.791199684143066,6.0,True,508,1275
2015-09-20-526,2015-09-20,FUV2,17942290,19,67924,0.07297367794325489,17.791199684143066,6.0,True,511,3626
2015-09-20-527,2015-09-20,FUV2,17942290,15,67943,0.10902219046890911,17.791199684143066,6.0,True,525,3888
2015-09-20-528,2015-09-20,FUV1,17942290,14,67958,-0.11298124906231395,17.791199684143066,6.0,True,554,287
2015-09-20-529,2015-09-20,FUV2,17942290,14,67972,0.2571030265939407,17.791199684143066,6.0,True,632,3137
2015-09-20-530,2015-09-20,FUV2,17942290,18,67986,-0.04721187285465586,17.791199684143066,6.0,True,645,3786
2015-09-20-531,2015-09-20,FUV1,17942290,12,68004,-0.06836059764152405,17.791199684143066,6.0,True,647,1721
2015-09-20-532,2015-09-20,FUV1,17942290,14,68016,-0.21698939110713267,17.791199684143066,6.0,True,672,286
2015-09-20-533,2015-09-20,FUV2,17942290,13,68030,-0.22084598096621844,17.791199684143066,6.0,True,698,3936
2015-09-20-534,2015-09-20,FUV1,17942290,22,68043,-0.0007921661584200732,17.791199684143066,6.0,True,713,1710
2015-09-20-535,2015-09-20,FUV1,17942290,13,68065,-0.08459266191968481,17.791199684143066,6.0,True,714,1870
2015-09-20-536,2015-09-20,FUV1,17942290,13,68078,0.2342282510103628,17.791199684143066,6.0,True,733,1837
2015-09-20-537,2015-09-20,FUV1,17942290,12,68091,0.27022194975851943,17.791199684143066,6.0,True,743,1461
2015-09-20-538,2015-09-20,FUV1,17942290,20,68103,0.12739596590094734,17.791199684143066,6.0,True,782,1909
2015-09-20-539,2015-09-20,FUV2,17942290,15,68123,-0.11269070055044914,17.791199684143066,6.0,True,844,2959
2015-09-20-540,2015-09-20,FUV1,17942290,34,68138,0.07954738073304775,17.791199684143066,6.0,True,852,139
2015-09-20-541,2015-09-20,FUV1,17942293,14,68172,0.012544907002691714,17.791199684143066,6.0,True,207,1466
2015-09-20-542,2015-09-20,FUV2,17942293,13,68186,0.08249879552711602,17.791199684143066,6.0,True,380,3994
2015-09-20-543,2015-09-20,FUV1,17942293,13,68199,0.3233528858705808,17.791199684143066,6.0,True,397,1875
2015-09-20-544,2015-09-20,FUV1,17942293,12,68212,-0.04678524568916066,17.791199684143066,6.0,True,407,132
2015-09-20-545,2015-09-20,FUV2,17942293,13,68224,-0.05564031593562494,17.791199684143066,6.0,True,486,3995
2015-09-20-546,2015-09-20,FUV1,17942293,14,68237,-0.14953765676553296,17.791199684143066,6.0,True,568,258
2015-09-20-547,2015-09-20,FUV2,17942293,22,68251,0.17825186768959123,17.791199684143066,6.0,True,599,2939
2015-09-20-548,2015-09-20,FUV1,17942293,20,68273,-0.027701363587326895,17.791199684143066,6.0,True,617,401
2015-09-20-549,2015-09-20,FUV2,17942293,12,68293,-0.067236914088295,17.791199684143066,6.0,True,623,2920
2015-09-20-550,2015-09-20,FUV2,17942293,14,68305,0.3305519769153072,17.791199684143066,6.0,True,624,3622
2015-09-20-551,2015-09-20,FUV2,17942293,22,68319,0.1779885455884126,17.791199684143066,6.0,True,641,3592
2015-09-20-552,2015-09-20,FUV2,17942293,20,68341,-0.04788023015503151,17.791199684143066,6.0,True,665,3231
2015-09-20-553,2015-09-20,FUV1,17942293,24,68361,-0.01982168304502327,17.791199684143066,6.0,True,683,1885
2015-09-20-554,2015-09-20,FUV1,17942293,21,68385,-0.038702641822916585,17.791199684143066,6.0,True,755,1759
2015-09-20-555,2015-09-20,FUV2,17942293,12,68406,0.04345225822223159,17.791199684143066,6.0,True,765,2916
2015-09-20-556,2015-09-20,FUV1,17942296,17,68418,0.12976805883353912,17.791199684143066,6.0,True,191,1633
2015-09-20-557,2015-09-20,FUV2,17942296,15,68435,0.15414767512387711,17.791199684143066,6.0,True,208,3267
2015-09-20-558,2015-09-20,FUV2,17942296,13,68450,0.1623044414362654,17.791199684143066,6.0,True,246,3961
2015-09-20-559,2015-09-20,FUV1,17942296,14,68463,0.08488004337435884,17.791199684143066,6.0,True,260,1812
2015-09-20-560,2015-09-20,FUV2,17942296,17,68477,-0.032350618256552575,17.791199684143066,6.0,True,355,4002
2015-09-20-561,2015-09-20,FUV2,17942296,12,68494,-0.0918392273943454,17.791199684143066,6.0,True,436,3757
2015-09-20-562,2015-09-20,FUV1,17942296,16,68506,-0.24408885402400624,17.791199684143066,6.0,True,453,1675
2015-09-20-563,2015-09-20,FUV1,17942296,14,68522,0.0030226110423317415,17.791199684143066,6.0,True,485,1755
2015-09-20-564,2015-09-20,FUV1,17942296,23,68536,-0.10561923928956654,17.791199684143066,6.0,True,508,1691
2015-09-20-565,2015-09-20,FUV2,17942296,13,68559,0.1263608242021612,17.791199684143066,6.0,True,565,3770
2015-09-20-566,2015-09-20,FUV1,17942296,16,68572,-0.045529698507072044,17.791199684143066,6.0,True,574,257
2015-09-20-567,2015-09-20,FUV1,17942296,12,68588,0.003586131086914336,17.791199684143066,6.0,True,585,1879
2015-09-20-568,2015-09-20,FUV2,17942296,15,68600,-0.00517550124908298,17.791199684143066,6.0,True,667,3001
2015-09-20-569,2015-09-20,FUV2,17942296,15,68615,0.24825666667840662,17.791199684143066,6.0,True,707,2929
2015-09-20-570,2015-09-20,FUV2,17942296,16,68630,-0.04877963173699747,17.791199684143066,6.0,True,733,3751
2015-09-20-571,2015-09-20,FUV2,17942296,14,68646,0.21466690991331708,17.791199684143066,6.0,True,742,3655
2015-09-20-572,2015-09-20,FUV2,17942296,12,68660,0.2477029964679583,17.791199684143066,6.0,True,827,3928
2015-09-20-573,2015-09-20,FUV1,17942296,18,68672,0.00390892832512348,17.791199684143066,6.0,True,846,122
2015-09-20-574,2015-09-20,FUV2,17942299,17,68690,0.2019258691240897,17.791199684143066,6.0,True,291,3036
2015-09-20-575,2015-09-20,FUV2,17942299,19,68707,0.17550954620123219,17.791199684143066,6.0,True,355,3999
2015-09-20-576,2015-09-20,FUV1,17942299,12,68726,0.18534382983000058,17.791199684143066,6.0,True,407,1695
2015-09-20-577,2015-09-20,FUV2,17942299,13,68738,0.11599773075530813,17.791199684143066,6.0,True,409,3586
2015-09-20-578,2015-09-20,FUV2,17942299,12,68751,-0.1343646519380217,17.791199684143066,6.0,True,482,3020
2015-09-20-579,2015-09-20,FUV1,17942299,21,68763,-0.01118180167978317,17.791199684143066,6.0,True,483,1289
2015-09-20-580,2015-09-20,FUV1,17942299,13,68784,-0.02678802182386886,17.791199684143066,6.0,True,533,1779
2015-09-20-581,2015-09-20,FUV2,17942299,17,68797,0.15115316145796046,17.791199684143066,6.0,True,548,3536
2015-09-20-582,2015-09-20,FUV2,17942299,14,68814,0.037358775057512554,17.791199684143066,6.0,True,577,2964
2015-09-20-583,2015-09-20,FUV2,17942299,12,68828,0.20956601884585055,17.791199684143066,6.0,True,601,3053
2015-09-20-584,2015-09-20,FUV1,17942299,14,68840,0.1808927276367602,17.791199684143066,6.0,True,663,1891
2015-09-20-585,2015-09-20,FUV1,17942299,12,68854,-0.009352871623381283,17.791199684143066,6.0,True,717,144
2015-09-20-586,2015-09-20,FUV2,17942299,16,68866,0.28754255081945257,17.791199684143066,6.0,True,743,3638
2015-09-20-587,2015-09-20,FUV2,17942299,17,68882,0.21298331505643986,17.791199684143066,6.0,True,747,3707
2015-09-20-588,2015-09-20,FUV2,17942299,14,68899,0.09535978530876098,17.791199684143066,6.0,True,763,2933
2015-09-20-589,2015-09-20,FUV2,17942299,14,68913,0.21884872161169136,17.791199684143066,6.0,True,776,3623
2015-09-20-590,2015-09-20,FUV2,17942299,29,68927,0.21775898721119016,17.791199684143066,6.0,True,819,2971
2015-09-20-591,2015-09-20,FUV1,17942299,18,68956,-0.04402493758824942,17.791199684143066,6.0,True,867,1765
2015-09-20-592,2015-09-20,FUV1,17942299,12,68974,0.17699127320364225,17.791199684143066,6.0,True,878,1862
2015-09-20-593,2015-09-20,FUV2,17942299,14,68986,0.09704626587500939,17.791199684143066,6.0,True,890,3272
2015-09-20-594,2015-09-20,FUV2,17942299,14,69000,0.20301932593016125,17.791199684143066,6.0,True,894,2945
2015-09-20-595,2015-09-20,FUV1,17942302,14,69014,-0.07689805771115102,17.791199684143066,6.0,True,193,1337
2015-09-20-596,2015-09-20,FUV2,17942302,12,69028,0.20456410429794442,17.791199684143066,6.0,True,198,3174
2015-09-20-597,2015-09-20,FUV2,17942302,12,69040,0.3031155765818257,17.791199684143066,6.0,True,274,2934
2015-09-20-598,2015-09-20,FUV2,17942302,22,69052,0.0824127902184951,17.791199684143066,6.0,True,365,3995
2015-09-20-599,2015-09-20,FUV2,17942302,15,69074,0.1737727013766759,17.791199684143066,6.0,True,379,3945
2015-09-20-600,2015-09-20,FUV1,17942302,23,69089,-0.01107616813756417,17.791199684143066,6.0,True,400,123
2015-09-20-601,2015-09-20,FUV1,17942302,12,69112,0.24591586254507153,17.791199684143066,6.0,False,1825,418
2015-09-20-602,2015-09-20,FUV1,17942302,13,69124,0.22027911247813317,17.791199684143066,6.0,True,607,375
2015-09-20-603,2015-09-20,FUV2,17942302,13,69137,0.2940877257545039,17.791199684143066,6.0,True,617,3904
2015-09-20-604,2015-09-20,FUV1,17942302,13,69150,-0.05437543882148295,17.791199684143066,6.0,True,653,1325
2015-09-20-605,2015-09-20,FUV2,17942302,12,69163,0.20955566865979414,17.791199684143066,6.0,True,674,3746
2015-09-20-606,2015-09-20,FUV1,17942302,12,69175,0.16553752775362765,17.791199684143066,6.0,True,681,1282
2015-09-20-607,2015-09-20,FUV1,17942302,15,69187,-0.026655969797445014,17.791199684143066,6.0,True,688,1442
2015-09-20-608,2015-09-20,FUV2,17942302,25,69202,-0.0737467238667008,17.791199684143066,6.0,True,691,3516
2015-09-20-609,2015-09-20,FUV2,17942302,28,69227,0.09522335676518483,17.791199684143066,6.0,True,819,3072
2015-09-20-610,2015-09-20,FUV1,17942302,18,69255,-0.06204904104482016,17.791199684143066,6.0,True,857,1667
2015-09-20-611,2015-09-20,FUV2,17942302,18,69273,0.07637411128821299,17.791199684143066,6.0,True,857,3883
2015-09-20-612,2015-09-20,FUV1,17942302,19,69291,0.10766742925126584,17.791199684143066,6.0,True,872,151
2015-09-20-613,2015-09-20,FUV2,17942302,12,69310,0.107731454389837,17.791199684143066,6.0,True,896,3893
2015-09-20-614,2015-09-20,FUV2,17942305,19,69322,0.13511807428246184,17.791199684143066,6.0,True,260,2987
2015-09-20-615,2015-09-20,FUV2,17942305,16,69341,0.16235033923135456,17.791199684143066,6.0,True,294,3645
2015-09-20-616,2015-09-20,FUV1,17942305,18,69357,0.33506581035764166,17.791199684143066,6.0,True,300,1326
2015-09-20-617,2015-09-20,FUV2,17942305,14,69375,0.02339974444897059,17.791199684143066,6.0,True,303,2935
2015-09-20-618,2015-09-20,FUV1,17942305,20,69389,-0.0012707202915981047,17.791199684143066,6.0,True,307,205
2015-09-20-619,2015-09-20,FUV2,17942305,28,69409,0.07447629964047639,17.791199684143066,6.0,True,308,3746
2015-09-20-620,2015-09-20,FUV1,17942305,14,69437,0.01678519414644371,17.791199684143066,6.0,True,330,1885
2015-09-20-621,2015-09-20,FUV2,17942305,14,69451,0.14380690074259916,17.791199684143066,6.0,True,362,3866
2015-09-20-622,2015-09-20,FUV2,17942305,14,69465,0.20051881256215928,17.791199684143066,6.0,True,431,3572
2015-09-20-623,2015-09-20,FUV2,17942305,21,69479,0.1507902937838018,17.791199684143066,6.0,True,448,3917
2015-09-20-624,2015-09-20,FUV2,17942305,12,69500,0.057940090569461394,17.791199684143066,6.0,True,452,2956
2015-09-20-625,2015-09-20,FUV1,17942305,13,69512,0.3102541568551765,17.791199684143066,6.0,True,453,1688
2015-09-20-626,2015-09-20,FUV2,17942305,12,69525,0.0018274178662313998,17.791199684143066,6.0,True,460,3059
2015-09-20-627,2015-09-20,FUV2,17942305,12,69537,0.13037819109300997,17.791199684143066,6.0,True,491,2939
2015-09-20-628,2015-09-20,FUV1,17942305,12,69549,0.042497549009237294,17.791199684143066,6.0,True,496,1316
2015-09-20-629,2015-09-20,FUV2,17942305,14,69561,0.014102507254693319,17.791199684143066,6.0,True,566,3161
2015-09-20-630,2015-09-20,FUV2,17942305,20,69575,0.12056743913256654,17.791199684143066,6.0,True,619,3063
2015-09-20-631,2015-09-20,FUV1,17942305,12,69595,-0.078728891153704,17.791199684143066,6.0,True,623,1884
2015-09-20-632,2015-09-20,FUV2,17942305,14,69607,0.229714878901541,17.791199684143066,6.0,False,3137,662
2015-09-20-633,2015-09-20,FUV2,17942305,15,69621,0.2684397420235979,17.791199684143066,6.0,True,699,3851
2015-09-20-634,2015-09-20,FUV1,17942305,13,69636,-0.24730741906677076,17.791199684143066,6.0,True,870,1770
2015-09-20-635,2015-09-20,FUV2,17942308,13,69649,0.18215899260497578,17.791199684143066,6.0,True,188,2914
2015-09-20-636,2015-09-20,FUV1,17942308,18,69662,0.18113243163879844,17.791199684143066,6.0,True,191,1344
2015-09-20-637,2015-09-20,FUV2,17942308,16,69680,0.27659180993532917,17.791199684143066,6.0,True,196,4037
2015-09-20-638,2015-09-20,FUV1,17942308,12,69696,0.22447486584663348,17.791199684143066,6.0,True,232,358
2015-09-20-639,2015-09-20,FUV2,17942308,34,69708,0.0010594103200581545,17.791199684143066,6.0,True,239,3512
2015-09-20-640,2015-09-20,FUV1,17942308,17,69742,-0.26900903777982316,17.791199684143066,6.0,True,267,1307
2015-09-20-641,2015-09-20,FUV2,17942308,13,69759,0.21662858950201383,17.791199684143066,6.0,True,392,3722
2015-09-20-642,2015-09-20,FUV2,17942308,13,69772,0.22939395824649297,17.791199684143066,6.0,True,404,3661
2015-09-20-643,2015-09-20,FUV1,17942308,13,69785,0.052517634357430405,17.791199684143066,6.0,True,482,1638
2015-09-20-644,2015-09-20,FUV2,17942308,13,69798,0.15031600657181773,17.791199684143066,6.0,True,504,4044
2015-09-20-645,2015-09-20,FUV2,17942308,21,69811,0.00030383305333101657,17.791199684143066,6.0,True,588,3204
2015-09-20-646,2015-09-20,FUV2,17942308,14,69832,-0.010818135366274084,17.791199684143066,6.0,True,603,3218
2015-09-20-647,2015-09-20,FUV1,17942308,12,69846,0.12443858273259539,17.791199684143066,6.0,True,657,139
2015-09-20-648,2015-09-20,FUV2,17942308,13,69858,-0.015851524995618118,17.791199684143066,6.0,False,3172,662
2015-09-20-649,2015-09-20,FUV2,17942308,13,69871,-0.0960128162463195,17.791199684143066,6.0,True,684,3721
2015-09-20-650,2015-09-20,FUV1,17942308,16,69884,0.04608742095262397,17.791199684143066,6.0,True,703,1348
2015-09-20-651,2015-09-20,FUV1,17942308,15,69900,0.20535712837081324,17.791199684143066,6.0,True,705,1894
2015-09-20-652,2015-09-20,FUV1,17942308,19,69915,-0.13458781785137272,17.791199684143066,6.0,True,719,1653
2015-09-20-653,2015-09-20,FUV1,17942308,12,69934,0.11992094392081591,17.791199684143066,6.0,True,770,347
2015-09-20-654,2015-09-20,FUV2,17942308,12,69946,0.22582373364189282,17.791199684143066,6.0,True,783,3621
2015-09-20-655,2015-09-20,FUV2,17942308,17,69958,0.1084272022186472,17.791199684143066,6.0,True,825,4005
2015-09-20-656,2015-09-20,FUV1,17942308,20,69975,0.012654124581024344,17.791199684143066,6.0,True,845,1621
2015-09-20-657,2015-09-20,FUV1,17942308,16,69995,0.14488209687081155,17.791199684143066,6.0,True,879,1764
2015-09-20-658,2015-09-20,FUV2,17942311,15,70011,0.08977844766595901,17.791199684143066,6.0,True,196,4052
2015-09-20-659,2015-09-20,FUV1,17942311,19,70026,0.08063125100582652,17.791199684143066,6.0,True,209,1824
2015-09-20-660,2015-09-20,FUV1,17942311,13,70045,0.28819460236156075,17.791199684143066,6.0,True,230,1832
2015-09-20-661,2015-09-20,FUV1,17942311,13,70058,0.2211518143996889,17.791199684143066,6.0,True,238,1387
2015-09-20-662,2015-09-20,FUV2,17942311,29,70071,0.15068589433592644,17.791199684143066,6.0,True,318,3876
2015-09-20-663,2015-09-20,FUV1,17942311,14,70100,-0.05991981575132619,17.791199684143066,6.0,True,319,1862
2015-09-20-664,2015-09-20,FUV1,17942311,22,70114,0.2590993304156895,17.791199684143066,6.0,True,320,1267
2015-09-20-665,2015-09-20,FUV1,17942311,16,70136,0.3035932420458464,17.791199684143066,6.0,True,390,1825
2015-09-20-666,2015-09-20,FUV2,17942311,13,70152,0.10169034991628166,17.791199684143066,6.0,True,394,3206
2015-09-20-667,2015-09-20,FUV1,17942311,19,70165,0.12882177637679113,17.791199684143066,6.0,True,447,180
2015-09-20-668,2015-09-20,FUV2,17942311,13,70184,0.1722390688274685,17.791199684143066,6.0,True,562,3032
2015-09-20-669,2015-09-20,FUV1,17942311,12,70197,0.09892388557952414,17.791199684143066,6.0,True,593,1770
2015-09-20-670,2015-09-20,FUV2,17942311,12,70209,0.1954470359371729,17.791199684143066,6.0,True,596,3536
2015-09-20-671,2015-09-20,FUV2,17942311,30,70221,0.12266081909850478,17.791199684143066,6.0,True,600,4051
2015-09-20-672,2015-09-20,FUV2,17942311,13,70251,-0.014150842008891832,17.791199684143066,6.0,True,607,2913
2015-09-20-673,2015-09-20,FUV2,17942311,15,70264,0.33853092162197296,17.791199684143066,6.0,True,615,3553
2015-09-20-674,2015-09-20,FUV2,17942311,18,70279,-0.07785296052291096,17.791199684143066,6.0,True,642,3579
2015-09-20-675,2015-09-20,FUV2,17942311,19,70297,0.12270737709999771,17.791199684143066,6.0,True,698,3508
2015-09-20-676,2015-09-20,FUV1,17942311,12,70316,0.24183610647112463,17.791199684143066,6.0,True,704,1724
2015-09-20-677,2015-09-20,FUV2,17942311,33,70328,0.19911767339369194,17.791199684143066,6.0,True,736,2930
2015-09-20-678,2015-09-20,FUV1,17942311,14,70361,0.29972798773719095,17.791199684143066,6.0,True,781,1319
2015-09-20-679,2015-09-20,FUV2,17942311,12,70375,0.1382459996676887,17.791199684143066,6.0,True,812,3655
2015-09-20-680,2015-09-20,FUV2,17942311,20,70387,0.2206872664533772,17.791199684143066,6.0,True,829,3994
2015-09-20-681,2015-09-20,FUV2,17942311,16,70407,0.16440257571836897,17.791199684143066,6.0,True,886,3152
2015-09-20-682,2015-09-20,FUV1,17942314,31,70423,0.01412282106729611,17.791199684143066,6.0,True,296,1616
2015-09-20-683,2015-09-20,FUV2,17942314,16,70454,0.12642951472157085,17.791199684143066,6.0,True,451,3239
2015-09-20-684,2015-09-20,FUV1,17942314,15,70470,0.214115519193873,17.791199684143066,6.0,True,503,167
2015-09-20-685,2015-09-20,FUV2,17942314,13,70485,0.07243918282211691,17.791199684143066,6.0,True,503,3652
2015-09-20-686,2015-09-20,FUV1,17942314,15,70498,0.15643354501874018,17.791199684143066,6.0,True,523,1821
2015-09-20-687,2015-09-20,FUV1,17942314,12,70513,-0.023637710190524394,17.791199684143066,6.0,True,538,361
2015-09-20-688,2015-09-20,FUV2,17942314,26,70525,0.25855636815755517,17.791199684143066,6.0,True,552,3605
2015-09-20-689,2015-09-20,FUV2,17942314,14,70551,0.15774232179136274,17.791199684143066,6.0,True,589,3527
2015-09-20-690,2015-09-20,FUV1,17942314,15,70565,0.07853420943674667,17.791199684143066,6.0,True,644,1861
2015-09-20-691,2015-09-20,FUV2,17942314,39,70580,-0.06931715398577344,17.791199684143066,6.0,True,686,3164
2015-09-20-692,2015-09-20,FUV2,17942314,12,70619,0.016994609190709192,17.791199684143066,6.0,True,715,3664
2015-09-20-693,2015-09-20,FUV2,17942314,13,70631,-0.026747095374224376,17.791199684143066,6.0,True,784,3049
2015-09-20-694,2015-09-20,FUV2,17942314,13,70644,0.2279268013141718,17.791199684143066,6.0,False,3917,837
2015-09-20-695,2015-09-20,FUV2,17942314,13,70657,-0.033346425625562226,17.791199684143066,6.0,True,838,3634
2015-09-20-696,2015-09-20,FUV1,17942317,28,70670,0.2115574728253017,17.791199684143066,6.0,True,188,1824
2015-09-20-697,2015-09-20,FUV2,17942317,17,70698,0.21903374811684329,17.791199684143066,6.0,True,201,2915
2015-09-20-698,2015-09-20,FUV1,17942317,15,70715,0.22235471739703191,17.791199684143066,6.0,True,218,1440
2015-09-20-699,2015-09-20,FUV2,17942317,13,70730,0.03450475549844655,17.791199684143066,6.0,True,250,2979
2015-09-20-700,2015-09-20,FUV2,17942317,13,70743,0.32277962909108066,17.791199684143066,6.0,True,369,3562
2015-09-20-701,2015-09-20,FUV1,17942317,15,70756,-0.1416681784970163,17.791199684143066,6.0,True,396,1713
2015-09-20-702,2015-09-20,FUV1,17942317,21,70771,0.094868565148649,17.791199684143066,6.0,True,400,353
2015-09-20-703,2015-09-20,FUV1,17942320,12,70792,0.07319858921896046,17.791199684143066,6.0,True,239,1296
2015-09-20-704,2015-09-20,FUV2,17942320,13,70804,0.12704254474389348,17.791199684143066,6.0,True,245,3516
2015-09-20-705,2015-09-20,FUV2,17942320,16,70817,0.1532820353658245,17.791199684143066,6.0,True,259,3001
2015-09-20-706,2015-09-20,FUV2,17942320,16,70833,-0.20550710329882405,17.791199684143066,6.0,True,321,3165
2015-09-20-707,2015-09-20,FUV1,17942320,17,70849,0.1295637151553385,17.791199684143066,6.0,True,335,171
2015-09-20-708,2015-09-20,FUV1,17942320,12,70866,0.136759129369462,17.791199684143066,6.0,True,476,402
2015-09-20-709,2015-09-20,FUV2,17942320,18,70878,0.04203918402513006,17.791199684143066,6.0,True,564,3641
2015-09-20-710,2015-09-20,FUV2,17942320,13,70896,0.10098218214858633,17.791199684143066,6.0,True,657,2901
2015-09-20-711,2015-09-20,FUV1,17942320,12,70909,0.210402488967322,17.791199684143066,6.0,True,736,139
2015-09-20-712,2015-09-20,FUV2,17942323,15,70921,0.27570190246905146,17.791199684143066,6.0,True,222,3708
2015-09-20-713,2015-09-20,FUV2,17942323,14,70936,0.039453529481183774,17.791199684143066,6.0,True,236,3673
2015-09-20-714,2015-09-20,FUV2,17942323,15,70950,0.3283919032720799,17.791199684143066,6.0,True,270,3551
2015-09-20-715,2015-09-20,FUV2,17942323,13,70965,0.27312558717745106,17.791199684143066,6.0,True,382,3865
2015-09-20-716,2015-09-20,FUV2,17942323,27,70978,-0.12731369094783693,17.791199684143066,6.0,True,392,3048
2015-09-20-717,2015-09-20,FUV2,17942323,14,71005,0.23441706223067207,17.791199684143066,6.0,True,859,3595
2015-09-20-718,2015-09-20,FUV2,17942323,19,71019,0.2531033200147024,17.791199684143066,6.0,True,880,3607
2015-09-20-719,2015-09-20,FUV2,17942326,33,71038,0.18494290112432032,17.791199684143066,6.0,True,188,3160
2015-09-20-720,2015-09-20,FUV2,17942326,15,71071,0.1620922317281146,17.791199684143066,6.0,True,264,3188
2015-09-20-721,2015-09-20,FUV1,17942326,16,71086,0.3393801470692177,17.791199684143066,6.0,True,296,1440
2015-09-20-722,2015-09-20,FUV1,17942329,16,71102,0.26970720605033893,17.791199684143066,6.0,True,316,1382
2015-09-20-723,2015-09-20,FUV2,17942329,19,71118,0.19627496182004958,17.791199684143066,6.0,True,352,3752
2015-09-20-724,2015-09-20,FUV1,17942329,13,71137,0.32978303714228163,17.791199684143066,6.0,True,431,1609
2015-09-20-725,2015-09-20,FUV2,17942329,16,71150,0.21954644353365876,17.791199684143066,6.0,True,889,3253
2015-09-20-726,2015-09-20,FUV1,17942332,18,71166,0.04824689065163902,17.791199684143066,6.0,True,262,1297
2015-09-20-727,2015-09-20,FUV1,17942332,15,71184,-0.17267925095928593,17.791199684143066,6.0,False,1344,761
2015-09-20-728,2015-09-20,FUV1,17942335,14,71199,-0.29163415588374975,17.791199684143066,6.0,True,562,1257
2015-09-20-729,2015-09-20,FUV2,17942335,13,71213,0.28534123654020194,17.791199684143066,6.0,True,572,2941
2015-09-20-730,2015-09-20,FUV2,17942338,13,71226,0.04736872512710354,17.791199684143066,6.0,True,331,4012
2015-09-20-731,2015-09-20,FUV2,17942338,12,71239,-0.12864058210531282,17.791199684143066,6.0,True,528,2955
2015-09-20-732,2015-09-20,FUV1,17942338,17,71251,-0.06207017674908837,17.791199684143066,6.0,True,665,1300
2015-09-20-733,2015-09-20,FUV2,17942338,17,71268,-0.07312425371260932,17.791199684143066,6.0,True,818,3155
2015-09-20-734,2015-09-20,FUV2,17942341,19,71285,0.23234106332770413,17.791199684143066,6.0,True,188,2959
2015-09-20-735,2015-09-20,FUV2,17942341,12,71304,0.2007998074823645,17.791199684143066,6.0,True,668,3540
2015-09-20-736,2015-09-20,FUV2,17942341,20,71316,-0.17251745355866718,17.791199684143066,6.0,True,708,3723
2015-09-20-737,2015-09-20,FUV2,17942344,12,71336,0.3412096838383935,17.791199684143066,6.0,True,211,3248
2015-09-20-738,2015-09-20,FUV1,17942344,17,71348,0.14222120916079187,17.791199684143066,6.0,False,1757,438
2015-09-20-739,2015-09-20,FUV1,17942353,17,71365,0.11312104404397025,17.791199684143066,6.0,False,394,744
2015-09-20-740,2015-09-20,FUV1,17942356,15,71382,0.10663098206396188,17.791199684143066,6.0,True,192,1414
2015-09-20-741,2015-09-20,FUV2,17942362,13,71397,-0.2476460069172466,17.791199684143066,6.0,True,559,3030
2015-09-20-742,2015-09-20,FUV2,17942374,17,71410,-0.054780543940543075,17.791199684143066,6.0,True,228,4064
2015-09-20-743,2015-09-20,FUV1,17942374,15,71427,0.3332607143181751,17.791199684143066,6.0,False,1454,310
2015-09-20-744,2015-09-20,FUV2,17942374,18,71442,0.19837324062959585,17.791199684143066,6.0,False,3011,515
2015-09-20-745,2015-09-20,FUV1,17942374,23,71460,0.08339350760228799,17.791199684143066,6.0,False,159,575
2015-09-20-746,2015-09-20,FUV1,17942374,31,71483,0.09139128161833619,17.791199684143066,6.0,False,350,592
2015-09-20-747,2015-09-20,FUV2,17944018,15,71514,-0.280313310609805,17.791199684143066,6.0,True,693,2933
2015-09-20-748,2015-09-20,FUV2,17944018,14,71529,-0.21410192064749878,17.791199684143066,6.0,False,3187,804
2015-09-20-749,2015-09-20,FUV1,17944024,23,71543,-0.30163453214101926,17.791199684143066,6.0,True,412,1610
2015-09-20-750,2015-09-20,FUV2,17944027,17,71566,-0.3180986177973684,17.791199684143066,6.0,True,298,2928
2015-09-20-751,2015-09-20,FUV1,17944027,13,71583,-0.25333688756775985,17.791199684143066,6.0,True,862,1835
2015-09-20-752,2015-09-20,FUV2,17944033,12,71596,-0.02036746190577949,17.791199684143066,6.0,True,453,4011
2015-09-20-753,2015-09-20,FUV1,17944033,26,71608,-0.19587746731935654,17.791199684143066,6.0,True,470,1404
2015-09-20-754,2015-09-20,FUV1,17944036,12,71634,-0.10335236798346842,17.791199684143066,6.0,True,188,1756
2015-09-20-755,2015-09-20,FUV2,17944036,17,71646,0.1891960132307626,17.791199684143066,6.0,True,207,3272
2015-09-20-756,2015-09-20,FUV2,17944036,12,71663,-0.27280409760381236,17.791199684143066,6.0,True,317,3183
2015-09-20-757,2015-09-20,FUV2,17944036,16,71675,-0.08977198552560363,17.791199684143066,6.0,True,384,3652
2015-09-20-758,2015-09-20,FUV1,17944036,21,71691,-0.2261797419818753,17.791199684143066,6.0,True,398,168
2015-09-20-759,2015-09-20,FUV1,17944036,15,71712,-2.279745738204567e-05,17.791199684143066,6.0,True,598,409
2015-09-20-760,2015-09-20,FUV1,17944036,16,71727,-0.09397565246682113,17.791199684143066,6.0,True,631,1302
2015-09-20-761,2015-09-20,FUV1,17944036,19,71743,-0.27561174816910267,17.791199684143066,6.0,True,642,1611
2015-09-20-762,2015-09-20,FUV2,17944036,19,71762,-0.30431956826636525,17.791199684143066,6.0,True,847,2936
2015-09-20-763,2015-09-20,FUV1,17944039,12,71781,-0.3073597946133188,17.791199684143066,6.0,True,231,203
2015-09-20-764,2015-09-20,FUV2,17944039,12,71793,-0.22064186705293742,17.791199684143066,6.0,True,322,4057
2015-09-20-765,2015-09-20,FUV2,17944039,14,71805,-0.06808653430215718,17.791199684143066,6.0,True,493,2926
2015-09-20-766,2015-09-20,FUV1,17944039,16,71819,-0.05037951349608326,17.791199684143066,6.0,True,528,1776
2015-09-20-767,2015-09-20,FUV1,17944039,19,71835,0.006267072433297461,17.791199684143066,6.0,True,643,1840
2015-09-20-768,2015-09-20,FUV2,17944042,13,71854,0.011891864787364577,17.791199684143066,6.0,True,286,2971
2015-09-20-769,2015-09-20,FUV1,17944042,17,71867,-0.1774098967369317,17.791199684143066,6.0,True,406,1392
2015-09-20-770,2015-09-20,FUV2,17944042,14,71884,-0.31103027817187523,17.791199684143066,6.0,True,446,3665
2015-09-20-771,2015-09-20,FUV1,17944042,18,71898,-0.1178955702607007,17.791199684143066,6.0,True,465,1465
2015-09-20-772,2015-09-20,FUV1,17944042,13,71916,-0.1829711979577762,17.791199684143066,6.0,True,621,424
2015-09-20-773,2015-09-20,FUV1,17944042,12,71929,-0.17322494534803515,17.791199684143066,6.0,True,736,1380
2015-09-20-774,2015-09-20,FUV2,17944045,12,71941,-0.2824651327418167,17.791199684143066,6.0,True,295,3887
2015-09-20-775,2015-09-20,FUV2,17944045,13,71953,-0.16685961771611751,17.791199684143066,6.0,True,409,2982
2015-09-20-776,2015-09-20,FUV2,17944045,13,71966,-0.1505249645733848,17.791199684143066,6.0,True,626,2933
2015-09-20-777,2015-09-20,FUV2,17944045,13,71979,-0.09522875886507987,17.791199684143066,6.0,True,824,3012
2015-09-20-778,2015-09-20,FUV1,17944048,14,71992,-0.3123397399275268,17.791199684143066,6.0,True,266,418
2015-09-20-779,2015-09-20,FUV2,17944048,12,72006,-0.04885772764046766,17.791199684143066,6.0,True,298,3933
2015-09-20-780,2015-09-20,FUV2,17944048,12,72018,-0.29436267067026306,17.791199684143066,6.0,True,427,3533
2015-09-20-781,2015-09-20,FUV1,17944048,12,72030,0.2339955610997847,17.791199684143066,6.0,True,511,1275
2015-09-20-782,2015-09-20,FUV1,17944048,29,72042,-0.02381778229784339,17.791199684143066,6.0,True,554,1613
2015-09-20-783,2015-09-20,FUV2,17944048,21,72071,-0.10938307762400606,17.791199684143066,6.0,True,671,3155
2015-09-20-784,2015-09-20,FUV2,17944048,24,72092,-0.11760017504155632,17.791199684143066,6.0,True,742,4003
2015-09-20-785,2015-09-20,FUV1,17944048,15,72116,0.027833084040630528,17.791199684143066,6.0,True,754,1910
2015-09-20-786,2015-09-20,FUV1,17944051,17,72131,-0.017532685606405952,17.791199684143066,6.0,True,298,1830
2015-09-20-787,2015-09-20,FUV2,17944051,17,72148,-0.01201712809969947,17.791199684143066,6.0,True,486,3904
2015-09-20-788,2015-09-20,FUV1,17944051,12,72165,-0.23837874230676773,17.791199684143066,6.0,True,577,1775
2015-09-20-789,2015-09-20,FUV1,17944051,41,72177,-0.09466279913588119,17.791199684143066,6.0,True,625,438
2015-09-20-790,2015-09-20,FUV1,17944051,19,72218,-0.2723863575499908,17.791199684143066,6.0,True,713,1819
2015-09-20-791,2015-09-20,FUV2,17944051,13,72237,-0.05470170596984835,17.791199684143066,6.0,True,763,3640
2015-09-20-792,2015-09-20,FUV1,17944051,26,72250,-0.18067335088411135,17.791199684143066,6.0,True,799,1867
2015-09-20-793,2015-09-20,FUV1,17944054,13,72276,-0.150170088453654,17.791199684143066,6.0,True,223,1424
2015-09-20-794,2015-09-20,FUV1,17944054,17,72289,-0.1648710756866413,17.791199684143066,6.0,True,349,1374
2015-09-20-795,2015-09-20,FUV2,17944054,17,72306,-0.32919898610676634,17.791199684143066,6.0,True,530,3621
2015-09-20-796,2015-09-20,FUV1,17944054,16,72323,-0.27939760575336364,17.791199684143066,6.0,True,559,1811
2015-09-20-797,2015-09-20,FUV1,17944054,20,72339,-0.11408607322093232,17.791199684143066,6.0,True,677,1667
2015-09-20-798,2015-09-20,FUV2,17944054,14,72359,-0.3222100336989858,17.791199684143066,6.0,True,797,3244
2015-09-20-799,2015-09-20,FUV1,17944057,18,72373,-0.00022015708387230668,17.791199684143066,6.0,True,322,441
2015-09-20-800,2015-09-20,FUV2,17944057,16,72391,-0.2947647286229805,17.791199684143066,6.0,True,405,2972
2015-09-20-801,2015-09-20,FUV1,17944057,15,72407,-0.11232825342436399,17.791199684143066,6.0,True,407,157
2015-09-20-802,2015-09-20,FUV2,17944057,12,72422,-0.31053763044199567,17.791199684143066,6.0,True,481,2988
2015-09-20-803,2015-09-20,FUV1,17944057,14,72434,-0.0990071724010591,17.791199684143066,6.0,True,503,1743
2015-09-20-804,2015-09-20,FUV1,17944057,14,72448,-0.055477639920115895,17.791199684143066,6.0,True,504,1779
2015-09-20-805,2015-09-20,FUV2,17944057,31,72462,-0.0486776514091801,17.791199684143066,6.0,True,545,3198
2015-09-20-806,2015-09-20,FUV2,17944057,13,72493,-5.34559289142794e-14,17.791199684143066,6.0,True,574,3219
2015-09-20-807,2015-09-20,FUV1,17944057,25,72506,-0.050751195355560864,17.791199684143066,6.0,True,582,372
2015-09-20-808,2015-09-20,FUV1,17944057,17,72531,-0.0611403483223805,17.791199684143066,6.0,True,615,1464
2015-09-20-809,2015-09-20,FUV1,17944057,15,72548,0.17596254792286198,17.791199684143066,6.0,True,637,1423
2015-09-20-810,2015-09-20,FUV1,17944057,13,72563,-0.0030663172033305835,17.791199684143066,6.0,True,674,443
2015-09-20-811,2015-09-20,FUV1,17944057,16,72576,0.07781105511572646,17.791199684143066,6.0,True,820,1881
2015-09-20-812,2015-09-20,FUV2,17944057,12,72592,-0.30751079206308773,17.791199684143066,6.0,True,862,3017
2015-09-20-813,2015-09-20,FUV2,17944060,47,72604,0.010822921584562734,17.791199684143066,6.0,True,188,3858
2015-09-20-814,2015-09-20,FUV2,17944060,14,72651,-0.2418613792522694,17.791199684143066,6.0,True,188,3902
2015-09-20-815,2015-09-20,FUV1,17944060,12,72665,-0.20805501879450486,17.791199684143066,6.0,True,560,154
2015-09-20-816,2015-09-20,FUV2,17944060,20,72677,0.14108310609004981,17.791199684143066,6.0,True,581,3647
2015-09-20-817,2015-09-20,FUV2,17944060,15,72697,-0.29688147922443514,17.791199684143066,6.0,True,644,3731
2015-09-20-818,2015-09-20,FUV1,17944060,19,72712,-0.248879752531595,17.791199684143066,6.0,True,764,417
2015-09-20-819,2015-09-20,FUV1,17944060,12,72731,-0.0014800034195920513,17.791199684143066,6.0,True,772,376
2015-09-20-820,2015-09-20,FUV1,17944060,18,72743,-0.26747310686790987,17.791199684143066,6.0,True,785,1739
2015-09-20-821,2015-09-20,FUV1,17944060,14,72761,-0.19383568248053018,17.791199684143066,6.0,True,865,385
2015-09-20-822,2015-09-20,FUV2,17944060,12,72775,-0.009784988319025379,17.791199684143066,6.0,True,895,3725
2015-09-20-823,2015-09-20,FUV1,17944063,18,72787,-0.23488785831494252,17.791199684143066,6.0,True,190,1646
2015-09-20-824,2015-09-20,FUV1,17944063,13,72805,-0.10080255974673084,17.791199684143066,6.0,True,338,334
2015-09-20-825,2015-09-20,FUV2,17944063,12,72818,-0.11840578143932452,17.791199684143066,6.0,True,438,2937
2015-09-20-826,2015-09-20,FUV2,17944063,13,72830,0.04740050417159995,17.791199684143066,6.0,True,441,3934
2015-09-20-827,2015-09-20,FUV2,17944063,12,72843,-0.20877372017679352,17.791199684143066,6.0,True,490,3562
2015-09-20-828,2015-09-20,FUV2,17944063,12,72855,0.007227955179952581,17.791199684143066,6.0,True,508,3018
2015-09-20-829,2015-09-20,FUV1,17944063,15,72867,-0.318382106188279,17.791199684143066,6.0,True,558,1315
2015-09-20-830,2015-09-20,FUV1,17944063,15,72882,0.015532920643681893,17.791199684143066,6.0,True,597,245
2015-09-20-831,2015-09-20,FUV2,17944063,14,72897,-0.11526396996932063,17.791199684143066,6.0,True,620,3871
2015-09-20-832,2015-09-20,FUV2,17944063,12,72911,-0.010637470636419127,17.791199684143066,6.0,True,694,3586
2015-09-20-833,2015-09-20,FUV1,17944063,21,72923,-0.032389561631525655,17.791199684143066,6.0,True,740,1804
2015-09-20-834,2015-09-20,FUV2,17944063,15,72944,-0.21140750844976147,17.791199684143066,6.0,True,769,3582
2015-09-20-835,2015-09-20,FUV1,17944063,13,72959,-0.1692139058247046,17.791199684143066,6.0,True,814,1827
2015-09-20-836,2015-09-20,FUV1,17944063,14,72972,-0.09158504766927068,17.791199684143066,6.0,True,821,1792
2015-09-20-837,2015-09-20,FUV2,17944063,21,72986,-0.2342285017197295,17.791199684143066,6.0,True,825,3227
2015-09-20-838,2015-09-20,FUV1,17944063,12,73007,-0.29698018081486627,17.791199684143066,6.0,True,826,351
2015-09-20-839,2015-09-20,FUV1,17944063,14,73019,-0.2721199592978531,17.791199684143066,6.0,True,888,1365
2015-09-20-840,2015-09-20,FUV2,17944066,23,73033,-0.00829751079553896,17.791199684143066,6.0,True,232,3782
2015-09-20-841,2015-09-20,FUV1,17944066,12,73056,-0.178193698870965,17.791199684143066,6.0,True,262,1867
2015-09-20-842,2015-09-20,FUV2,17944066,12,73068,-0.1926563227742349,17.791199684143066,6.0,True,389,3729
2015-09-20-843,2015-09-20,FUV1,17944066,13,73080,0.02583979206579366,17.791199684143066,6.0,True,407,1903
2015-09-20-844,2015-09-20,FUV2,17944066,12,73093,-0.22251618975211718,17.791199684143066,6.0,True,446,3786
2015-09-20-845,2015-09-20,FUV1,17944066,28,73105,0.07431075823773685,17.791199684143066,6.0,True,463,1425
2015-09-20-846,2015-09-20,FUV1,17944066,16,73133,-0.08858917622010253,17.791199684143066,6.0,True,492,380
2015-09-20-847,2015-09-20,FUV2,17944066,14,73149,-0.24185592190455785,17.791199684143066,6.0,True,562,3858
2015-09-20-848,2015-09-20,FUV1,17944066,12,73163,0.06491867330698187,17.791199684143066,6.0,False,1688,641
2015-09-20-849,2015-09-20,FUV2,17944066,24,73175,-0.08221371589268683,17.791199684143066,6.0,True,676,3580
2015-09-20-850,2015-09-20,FUV2,17944066,14,73199,-0.20501191720918513,17.791199684143066,6.0,True,729,3027
2015-09-20-851,2015-09-20,FUV1,17944066,12,73213,0.12807255605010842,17.791199684143066,6.0,True,739,1790
2015-09-20-852,2015-09-20,FUV2,17944066,12,73225,-0.2652028547775661,17.791199684143066,6.0,True,761,4000
2015-09-20-853,2015-09-20,FUV1,17944066,16,73237,-0.08747303162432254,17.791199684143066,6.0,True,780,1349
2015-09-20-854,2015-09-20,FUV2,17944066,12,73253,-0.2542956948075278,17.791199684143066,6.0,True,789,3029
2015-09-20-855,2015-09-20,FUV1,17944066,19,73265,0.14714777770246196,17.791199684143066,6.0,True,829,137
2015-09-20-856,2015-09-20,FUV2,17944066,12,73284,-0.14907184280440655,17.791199684143066,6.0,True,858,2949
2015-09-20-857,2015-09-20,FUV2,17944066,16,73296,0.02702755051867988,17.791199684143066,6.0,True,873,3629
2015-09-20-858,2015-09-20,FUV1,17944069,12,73312,0.0016962923333309914,17.791199684143066,6.0,True,230,169
2015-09-20-859,2015-09-20,FUV1,17944069,23,73324,-0.2698335290692332,17.791199684143066,6.0,True,231,1690
2015-09-20-860,2015-09-20,FUV2,17944069,16,73347,0.17363415033303697,17.791199684143066,6.0,True,237,3931
2015-09-20-861,2015-09-20,FUV1,17944069,34,73363,-0.09693941599505455,17.791199684143066,6.0,True,243,1884
2015-09-20-862,2015-09-20,FUV1,17944069,22,73397,-0.0006097244735193588,17.791199684143066,6.0,True,318,393
2015-09-20-863,2015-09-20,FUV1,17944069,13,73419,-0.15267686185748783,17.791199684143066,6.0,True,387,1318
2015-09-20-864,2015-09-20,FUV1,17944069,12,73432,-0.07618566833092058,17.791199684143066,6.0,True,397,378
2015-09-20-865,2015-09-20,FUV1,17944069,27,73444,-0.19345275169625745,17.791199684143066,6.0,True,401,100
2015-09-20-866,2015-09-20,FUV2,17944069,14,73471,-0.1762099525519696,17.791199684143066,6.0,True,421,2949
2015-09-20-867,2015-09-20,FUV2,17944069,13,73485,-0.007238267226602943,17.791199684143066,6.0,True,424,3247
2015-09-20-868,2015-09-20,FUV2,17944069,23,73498,0.19255719200626878,17.791199684143066,6.0,False,2995,460
2015-09-20-869,2015-09-20,FUV2,17944069,14,73521,-0.10574756695454823,17.791199684143066,6.0,True,508,3924
2015-09-20-870,2015-09-20,FUV2,17944069,14,73535,-0.01671864252478642,17.791199684143066,6.0,True,529,3262
2015-09-20-871,2015-09-20,FUV2,17944069,20,73549,0.06729549833868373,17.791199684143066,6.0,True,613,3514
2015-09-20-872,2015-09-20,FUV1,17944069,20,73569,-0.18456915333957577,17.791199684143066,6.0,True,788,1337
2015-09-20-873,2015-09-20,FUV2,17944069,14,73589,-0.057154498088272936,17.791199684143066,6.0,True,796,3787
2015-09-20-874,2015-09-20,FUV1,17944069,19,73603,-0.052724740429175056,17.791199684143066,6.0,True,815,1724
2015-09-20-875,2015-09-20,FUV1,17944069,22,73622,-0.2038771254795603,17.791199684143066,6.0,True,818,1672
2015-09-20-876,2015-09-20,FUV1,17944069,18,73644,0.17934568848290858,17.791199684143066,6.0,True,820,1862
2015-09-20-877,2015-09-20,FUV2,17944072,23,73662,0.037452990222612045,17.791199684143066,6.0,True,191,3730
2015-09-20-878,2015-09-20,FUV1,17944072,15,73685,-0.20359805184642166,17.791199684143066,6.0,True,210,1837
2015-09-20-879,2015-09-20,FUV1,17944072,13,73700,0.0024547515798077563,17.791199684143066,6.0,True,233,1315
2015-09-20-880,2015-09-20,FUV1,17944072,14,73713,-0.13570551870188213,17.791199684143066,6.0,True,278,1880
2015-09-20-881,2015-09-20,FUV2,17944072,13,73727,-0.09964879403103195,17.791199684143066,6.0,True,312,3248
2015-09-20-882,2015-09-20,FUV2,17944072,13,73740,-0.18125937896905794,17.791199684143066,6.0,True,365,3223
2015-09-20-883,2015-09-20,FUV1,17944072,19,73753,-0.12309392426968058,17.791199684143066,6.0,True,367,1716
2015-09-20-884,2015-09-20,FUV2,17944072,13,73772,-0.12684676945314338,17.791199684143066,6.0,True,384,3187
2015-09-20-885,2015-09-20,FUV2,17944072,14,73785,-0.17671583244202999,17.791199684143066,6.0,True,410,3732
2015-09-20-886,2015-09-20,FUV1,17944072,17,73799,-0.15595500881381386,17.791199684143066,6.0,True,440,1267
2015-09-20-887,2015-09-20,FUV1,17944072,15,73816,-0.19455188639328153,17.791199684143066,6.0,True,489,1708
2015-09-20-888,2015-09-20,FUV2,17944072,18,73831,0.1732276695297758,17.791199684143066,6.0,True,513,3255
2015-09-20-889,2015-09-20,FUV1,17944072,16,73849,-0.1566681972208853,17.791199684143066,6.0,True,607,1357
2015-09-20-890,2015-09-20,FUV1,17944072,13,73865,-0.12103601758584455,17.791199684143066,6.0,True,618,1836
2015-09-20-891,2015-09-20,FUV1,17944072,13,73878,-0.21503776021977608,17.791199684143066,6.0,True,628,158
2015-09-20-892,2015-09-20,FUV1,17944072,27,73891,0.042028351736606864,17.791199684143066,6.0,True,629,1711
2015-09-20-893,2015-09-20,FUV1,17944072,12,73918,0.09457705792778728,17.791199684143066,6.0,True,635,1404
2015-09-20-894,2015-09-20,FUV1,17944072,15,73930,0.10972010081882567,17.791199684143066,6.0,True,636,1658
2015-09-20-895,2015-09-20,FUV2,17944072,12,73945,0.079145840316565,17.791199684143066,6.0,True,669,3523
2015-09-20-896,2015-09-20,FUV1,17944072,45,73957,0.002171340540168701,17.791199684143066,6.0,True,682,169
2015-09-20-897,2015-09-20,FUV1,17944072,14,74002,0.1338633431947977,17.791199684143066,6.0,True,703,261
2015-09-20-898,2015-09-20,FUV1,17944072,16,74016,-0.018066590426646212,17.791199684143066,6.0,True,708,1788
2015-09-20-899,2015-09-20,FUV2,17944072,15,74032,-0.15360069231100545,17.791199684143066,6.0,True,725,2995
2015-09-20-900,2015-09-20,FUV2,17944072,15,74047,0.057721697340768506,17.791199684143066,6.0,True,751,3221
2015-09-20-901,2015-09-20,FUV2,17944072,12,74062,0.22449207259204626,17.791199684143066,6.0,True,871,3005
2015-09-20-902,2015-09-20,FUV1,17944072,13,74074,-0.3409210271259234,17.791199684143066,6.0,True,892,422
2015-09-20-903,2015-09-20,FUV2,17944075,24,74087,-0.12828232141997276,17.791199684143066,6.0,True,201,3660
2015-09-20-904,2015-09-20,FUV1,17944075,16,74111,-0.10512878564186537,17.791199684143066,6.0,True,222,1769
2015-09-20-905,2015-09-20,FUV1,17944075,24,74127,0.1725060771668414,17.791199684143066,6.0,True,229,1281
2015-09-20-906,2015-09-20,FUV1,17944075,13,74151,-0.27560073742653846,17.791199684143066,6.0,True,242,1669
2015-09-20-907,2015-09-20,FUV2,17944075,14,74164,-0.10476685401328718,17.791199684143066,6.0,True,268,3263
2015-09-20-908,2015-09-20,FUV2,17944075,14,74178,0.11332677056116389,17.791199684143066,6.0,True,276,3229
2015-09-20-909,2015-09-20,FUV2,17944075,13,74192,0.13811232118534017,17.791199684143066,6.0,True,295,3040
2015-09-20-910,2015-09-20,FUV1,17944075,20,74205,-0.0008685765045910392,17.791199684143066,6.0,True,354,1644
2015-09-20-911,2015-09-20,FUV2,17944075,15,74225,0.04769673087545422,17.791199684143066,6.0,True,407,3018
2015-09-20-912,2015-09-20,FUV1,17944075,18,74240,-0.004010052688146975,17.791199684143066,6.0,True,414,394
2015-09-20-913,2015-09-20,FUV2,17944075,13,74258,0.12732636158108332,17.791199684143066,6.0,True,427,3633
2015-09-20-914,2015-09-20,FUV2,17944075,12,74271,-0.0979448006917368,17.791199684143066,6.0,True,433,3181
2015-09-20-915,2015-09-20,FUV1,17944075,14,74283,0.05213186021158935,17.791199684143066,6.0,True,454,341
2015-09-20-916,2015-09-20,FUV2,17944075,16,74297,-0.06914428594017301,17.791199684143066,6.0,True,475,3903
2015-09-20-917,2015-09-20,FUV1,17944075,15,74313,0.06054805057785339,17.791199684143066,6.0,True,518,1883
2015-09-20-918,2015-09-20,FUV1,17944075,19,74328,0.02034452966044274,17.791199684143066,6.0,True,600,415
2015-09-20-919,2015-09-20,FUV2,17944075,12,74347,-0.0924125680505825,17.791199684143066,6.0,True,628,3179
2015-09-20-920,2015-09-20,FUV1,17944075,20,74359,-0.15036264995953946,17.791199684143066,6.0,True,629,1371
2015-09-20-921,2015-09-20,FUV2,17944075,18,74379,-0.16138818604518254,17.791199684143066,6.0,True,672,3566
2015-09-20-922,2015-09-20,FUV1,17944075,17,74397,0.11310094046953066,17.791199684143066,6.0,True,791,1307
2015-09-20-923,2015-09-20,FUV1,17944075,23,74414,0.016280439988148963,17.791199684143066,6.0,True,817,1396
2015-09-20-924,2015-09-20,FUV2,17944075,17,74437,-0.03040915200405975,17.791199684143066,6.0,True,821,3880
2015-09-20-925,2015-09-20,FUV2,17944075,12,74454,-0.09574668372079087,17.791199684143066,6.0,True,859,3542
2015-09-20-926,2015-09-20,FUV2,17944075,18,74466,-0.2882137849277362,17.791199684143066,6.0,True,890,3196
2015-09-20-927,2015-09-20,FUV1,17944078,14,74484,-0.3032702538984095,17.791199684143066,6.0,True,580,1429
2015-09-20-928,2015-09-20,FUV1,17944078,13,74498,0.12257504962419465,17.791199684143066,6.0,True,583,1627
2015-09-20-929,2015-09-20,FUV1,17944078,16,74511,-0.0744174021964379,17.791199684143066,6.0,True,603,1384
2015-09-20-930,2015-09-20,FUV1,17944078,15,74527,-0.09476196926000068,17.791199684143066,6.0,True,814,1261
2015-09-20-931,2015-09-20,FUV2,17944081,30,74542,-0.16510555569224372,17.791199684143066,6.0,True,188,2901
2015-09-20-932,2015-09-20,FUV1,17944081,25,74572,-0.048276297624730784,17.791199684143066,6.0,True,203,422
2015-09-20-933,2015-09-20,FUV1,17944081,12,74597,0.15607556904377082,17.791199684143066,6.0,True,276,1826
2015-09-20-934,2015-09-20,FUV2,17944081,14,74609,-0.25108406194632293,17.791199684143066,6.0,True,403,3162
2015-09-20-935,2015-09-20,FUV1,17944081,12,74623,0.09287396445681131,17.791199684143066,6.0,True,420,1740
2015-09-20-936,2015-09-20,FUV2,17944081,12,74635,0.19317580365482903,17.791199684143066,6.0,True,461,2915
2015-09-20-937,2015-09-20,FUV2,17944081,12,74647,-0.1461545059369564,17.791199684143066,6.0,True,532,3536
2015-09-20-938,2015-09-20,FUV2,17944081,14,74659,0.02313757109519944,17.791199684143066,6.0,True,532,3607
2015-09-20-939,2015-09-20,FUV1,17944081,12,74673,0.16311674295402398,17.791199684143066,6.0,True,550,1363
2015-09-20-940,2015-09-20,FUV2,17944081,29,74685,-0.08730704579455932,17.791199684143066,6.0,True,621,3043
2015-09-20-941,2015-09-20,FUV2,17944081,20,74714,0.00040967036838321353,17.791199684143066,6.0,True,634,3194
2015-09-20-942,2015-09-20,FUV2,17944081,16,74734,0.09865145686854386,17.791199684143066,6.0,True,639,3005
2015-09-20-943,2015-09-20,FUV1,17944081,13,74750,-0.24041974710458405,17.791199684143066,6.0,True,661,1750
2015-09-20-944,2015-09-20,FUV2,17944081,23,74763,0.09113563082878137,17.791199684143066,6.0,True,668,3230
2015-09-20-945,2015-09-20,FUV1,17944081,13,74786,0.276128196489251,17.791199684143066,6.0,True,707,1338
2015-09-20-946,2015-09-20,FUV2,17944081,12,74799,-0.24040208184834738,17.791199684143066,6.0,True,722,3153
2015-09-20-947,2015-09-20,FUV2,17944081,14,74811,0.05037201430393889,17.791199684143066,6.0,True,781,3608
2015-09-20-948,2015-09-20,FUV1,17944081,25,74825,-0.1929132388616102,17.791199684143066,6.0,True,789,1611
2015-09-20-949,2015-09-20,FUV1,17944081,18,74850,-0.16942290570847837,17.791199684143066,6.0,True,824,1624
2015-09-20-950,2015-09-20,FUV1,17944081,15,74868,-0.046793539408440575,17.791199684143066,6.0,True,830,1775
2015-09-20-951,2015-09-20,FUV1,17944081,19,74883,-0.34747609560421316,17.791199684143066,6.0,True,832,1705
2015-09-20-952,2015-09-20,FUV1,17944081,17,74902,-0.10168204079262806,17.791199684143066,6.0,True,835,1414
2015-09-20-953,2015-09-20,FUV2,17944081,16,74919,-0.1372996676404517,17.791199684143066,6.0,True,839,3566
2015-09-20-954,2015-09-20,FUV2,17944081,13,74935,0.3116822413372156,17.791199684143066,6.0,True,875,3021
2015-09-20-955,2015-09-20,FUV1,17944081,14,74948,-0.21620470865555996,17.791199684143066,6.0,True,890,1359
2015-09-20-956,2015-09-20,FUV1,17944081,12,74962,-0.0984326549269165,17.791199684143066,6.0,True,896,1811
2015-09-20-957,2015-09-20,FUV1,17944084,16,74974,-0.21275329228257706,17.791199684143066,6.0,True,188,1655
2015-09-20-958,2015-09-20,FUV2,17944084,21,74990,-0.1570766445649723,17.791199684143066,6.0,True,201,3067
2015-09-20-959,2015-09-20,FUV2,17944084,13,75011,0.2511011724141182,17.791199684143066,6.0,True,219,3887
2015-09-20-960,2015-09-20,FUV1,17944084,14,75024,0.2858613382404912,17.791199684143066,6.0,True,220,1723
2015-09-20-961,2015-09-20,FUV2,17944084,15,75038,0.031834536372942375,17.791199684143066,6.0,True,225,3250
2015-09-20-962,2015-09-20,FUV1,17944084,18,75053,0.10083585832054809,17.791199684143066,6.0,True,275,1295
2015-09-20-963,2015-09-20,FUV2,17944084,32,75071,0.05005042358977474,17.791199684143066,6.0,True,293,3874
2015-09-20-964,2015-09-20,FUV1,17944084,17,75103,0.21806763003009563,17.791199684143066,6.0,True,334,1425
2015-09-20-965,2015-09-20,FUV2,17944084,14,75120,-0.2281551815740458,17.791199684143066,6.0,False,3572,351
2015-09-20-966,2015-09-20,FUV2,17944084,15,75134,-0.14010136465314868,17.791199684143066,6.0,True,369,3063
2015-09-20-967,2015-09-20,FUV1,17944084,14,75149,-0.0018281790433499964,17.791199684143066,6.0,True,374,1886
2015-09-20-968,2015-09-20,FUV1,17944084,13,75163,-0.23983987441380672,17.791199684143066,6.0,True,377,1314
2015-09-20-969,2015-09-20,FUV2,17944084,17,75176,-0.1423287618811117,17.791199684143066,6.0,True,377,3214
2015-09-20-970,2015-09-20,FUV2,17944084,12,75193,-0.25778273723282974,17.791199684143066,6.0,True,403,2901
2015-09-20-971,2015-09-20,FUV1,17944084,14,75205,0.14709101391189303,17.791199684143066,6.0,True,459,1717
2015-09-20-972,2015-09-20,FUV1,17944084,14,75219,0.30226824619576614,17.791199684143066,6.0,True,461,1768
2015-09-20-973,2015-09-20,FUV1,17944084,15,75233,0.2980109823901918,17.791199684143066,6.0,True,470,241
2015-09-20-974,2015-09-20,FUV2,17944084,14,75248,0.05120313426143484,17.791199684143066,6.0,True,579,3742
2015-09-20-975,2015-09-20,FUV2,17944084,12,75262,-0.02489412479380564,17.791199684143066,6.0,True,631,3164
2015-09-20-976,2015-09-20,FUV2,17944084,14,75274,-0.3221429288348589,17.791199684143066,6.0,True,675,3007
2015-09-20-977,2015-09-20,FUV2,17944084,18,75288,-0.0743040939444081,17.791199684143066,6.0,True,692,3903
2015-09-20-978,2015-09-20,FUV2,17944084,12,75306,-0.34053443864821287,17.791199684143066,6.0,True,744,3665
2015-09-20-979,2015-09-20,FUV2,17944084,17,75318,-0.046282245746373074,17.791199684143066,6.0,True,771,3915
2015-09-20-980,2015-09-20,FUV2,17944084,30,75335,-0.14099926643901062,17.791199684143066,6.0,True,774,3655
2015-09-20-981,2015-09-20,FUV1,17944084,13,75365,0.1907195244606887,17.791199684143066,6.0,True,788,414
2015-09-20-982,2015-09-20,FUV2,17944084,13,75378,0.1403348345160254,17.791199684143066,6.0,True,789,3779
2015-09-20-983,2015-09-20,FUV1,17944084,12,75391,-0.10009916786398855,17.791199684143066,6.0,True,803,205
2015-09-20-984,2015-09-20,FUV1,17944084,13,75403,-0.13361100321258898,17.791199684143066,6.0,True,803,1723
2015-09-20-985,2015-09-20,FUV2,17944084,14,75416,0.18517548854091218,17.791199684143066,6.0,True,821,3141
2015-09-20-986,2015-09-20,FUV2,17944084,13,75430,-0.10196196141906085,17.791199684143066,6.0,True,822,4028
2015-09-20-987,2015-09-20,FUV1,17944084,14,75443,-7.006460815454347e-15,17.791199684143066,6.0,True,837,263
2015-09-20-988,2015-09-20,FUV1,17944087,13,75457,-0.18990865323079464,17.791199684143066,6.0,True,191,1834
2015-09-20-989,2015-09-20,FUV1,17944087,20,75470,-0.08105725949316403,17.791199684143066,6.0,True,206,126
2015-09-20-990,2015-09-20,FUV2,17944087,14,75490,0.1354835838662267,17.791199684143066,6.0,True,265,2938
2015-09-20-991,2015-09-20,FUV1,17944087,12,75504,-0.0887686809364111,17.791199684143066,6.0,True,294,1861
2015-09-20-992,2015-09-20,FUV2,17944087,12,75516,-0.3333469977699724,17.791199684143066,6.0,True,305,3618
2015-09-20-993,2015-09-20,FUV1,17944087,14,75528,-0.01590231485570604,17.791199684143066,6.0,True,337,1717
2015-09-20-994,2015-09-20,FUV1,17944087,15,75542,-0.007011441957785663,17.791199684143066,6.0,True,339,1635
2015-09-20-995,2015-09-20,FUV1,17944087,18,75557,-0.03001565815232605,17.791199684143066,6.0,True,358,1650
2015-09-20-996,2015-09-20,FUV2,17944087,12,75575,0.05183721049843779,17.791199684143066,6.0,True,362,3050
2015-09-20-997,2015-09-20,FUV1,17944087,14,75587,0.02898594781035352,17.791199684143066,6.0,True,368,1727
2015-09-20-998,2015-09-20,FUV1,17944087,13,75601,-0.17295415033918268,17.791199684143066,6.0,True,370,359
2015-09-20-999,2015-09-20,FUV1,17944087,12,75614,-0.01597278531912377,17.791199684143066,6.0,True,373,1760
2015-09-20-1000,2015-09-20,FUV2,17944087,15,75626,-0.14418496774954873,17.791199684143066,6.0,True,374,3556
2015-09-20-1001,2015-09-20,FUV1,17944087,16,75641,-0.010070239837392674,17.791199684143066,6.0,True,387,1298
2015-09-20-1002,2015-09-20,FUV2,17944087,13,75657,-0.12177559713992671,17.791199684143066,6.0,True,396,2963
2015-09-20-1003,2015-09-20,FUV1,17944087,12,75670,0.14785635684273019,17.791199684143066,6.0,True,398,1740
2015-09-20-1004,2015-09-20,FUV1,17944087,14,75682,0.16067077567643853,17.791199684143066,6.0,True,437,1294
2015-09-20-1005,2015-09-20,FUV2,17944087,17,75696,-0.012833182385649526,17.791199684143066,6.0,True,441,3031
2015-09-20-1006,2015-09-20,FUV2,17944087,14,75713,0.07348909543446028,17.791199684143066,6.0,True,458,3556
2015-09-20-1007,2015-09-20,FUV1,17944087,19,75727,0.09620956533471135,17.791199684143066,6.0,True,486,382
2015-09-20-1008,2015-09-20,FUV2,17944087,14,75746,0.008751660510394556,17.791199684143066,6.0,True,487,2936
2015-09-20-1009,2015-09-20,FUV2,17944087,12,75760,-0.34195878596180973,17.791199684143066,6.0,True,532,4047
2015-09-20-1010,2015-09-20,FUV1,17944087,14,75772,-0.24402418853131932,17.791199684143066,6.0,True,576,1881
2015-09-20-1011,2015-09-20,FUV2,17944087,13,75786,-0.1586085311237162,17.791199684143066,6.0,True,589,3875
2015-09-20-1012,2015-09-20,FUV1,17944087,12,75799,-0.16167864075672597,17.791199684143066,6.0,True,642,1614
2015-09-20-1013,2015-09-20,FUV2,17944087,13,75811,0.3423879056992428,17.791199684143066,6.0,True,644,3248
2015-09-20-1014,2015-09-20,FUV2,17944087,14,75824,0.20049151750145308,17.791199684143066,6.0,True,646,3209
2015-09-20-1015,2015-09-20,FUV1,17944087,13,75838,0.07241801206482576,17.791199684143066,6.0,True,658,1456
2015-09-20-1016,2015-09-20,FUV2,17944087,21,75851,0.054525219014664957,17.791199684143066,6.0,True,677,2990
2015-09-20-1017,2015-09-20,FUV2,17944087,20,75872,-0.17011937076136857,17.791199684143066,6.0,True,696,3943
2015-09-20-1018,2015-09-20,FUV2,17944087,18,75892,-0.08130605139565746,17.791199684143066,6.0,True,758,3591
2015-09-20-1019,2015-09-20,FUV2,17944087,12,75910,0.14720798160870074,17.791199684143066,6.0,True,762,4034
2015-09-20-1020,2015-09-20,FUV2,17944087,13,75922,-0.2892770299519683,17.791199684143066,6.0,True,768,3632
2015-09-20-1021,2015-09-20,FUV2,17944087,16,75935,0.18553630485223666,17.791199684143066,6.0,True,786,2927
2015-09-20-1022,2015-09-20,FUV1,17944087,12,75951,-0.07989180745161945,17.791199684143066,6.0,True,789,1256
2015-09-20-1023,2015-09-20,FUV2,17944087,14,75963,0.2660746633842783,17.791199684143066,6.0,True,791,4013
2015-09-20-1024,2015-09-20,FUV1,17944087,12,75977,0.330072933543731,17.791199684143066,6.0,True,793,1803
2015-09-20-1025,2015-09-20,FUV2,17944087,15,75989,0.05728278732296089,17.791199684143066,6.0,True,852,2968
2015-09-20-1026,2015-09-20,FUV1,17944087,18,76004,-0.23783169071133903,17.791199684143066,6.0,True,865,126
2015-09-20-1027,2015-09-20,FUV2,17944087,14,76022,-0.22736467774516272,17.791199684143066,6.0,True,885,4015
2015-09-20-1028,2015-09-20,FUV2,17944087,14,76036,0.0022598757828802595,17.791199684143066,6.0,True,894,3139
2015-09-20-1029,2015-09-20,FUV2,17944090,17,76050,0.24342091968954768,17.791199684143066,6.0,True,203,3009
2015-09-20-1030,2015-09-20,FUV2,17944090,12,76067,0.07842589416361362,17.791199684143066,6.0,True,203,3852
2015-09-20-1031,2015-09-20,FUV2,17944090,12,76079,-0.040591701465884894,17.791199684143066,6.0,True,232,3022
2015-09-20-1032,2015-09-20,FUV1,17944090,12,76091,0.05304084251388094,17.791199684143066,6.0,True,233,1820
2015-09-20-1033,2015-09-20,FUV2,17944090,21,76103,-0.08862601602742808,17.791199684143066,6.0,True,238,3152
2015-09-20-1034,2015-09-20,FUV2,17944090,12,76124,0.0771491161535672,17.791199684143066,6.0,True,250,2977
2015-09-20-1035,2015-09-20,FUV2,17944090,19,76136,-0.20776296383270337,17.791199684143066,6.0,True,259,3144
2015-09-20-1036,2015-09-20,FUV1,17944090,20,76155,0.07719301094746014,17.791199684143066,6.0,True,262,1760
2015-09-20-1037,2015-09-20,FUV2,17944090,14,76175,0.06673955192051227,17.791199684143066,6.0,True,295,3906
2015-09-20-1038,2015-09-20,FUV1,17944090,12,76189,0.13966364322865074,17.791199684143066,6.0,True,331,1721
2015-09-20-1039,2015-09-20,FUV1,17944090,21,76201,0.05599296899549067,17.791199684143066,6.0,True,369,1361
2015-09-20-1040,2015-09-20,FUV1,17944090,14,76222,0.12022224777981924,17.791199684143066,6.0,True,404,1463
2015-09-20-1041,2015-09-20,FUV2,17944090,14,76236,-0.07803623663918828,17.791199684143066,6.0,True,427,2981
2015-09-20-1042,2015-09-20,FUV2,17944090,17,76250,-0.04880669510085887,17.791199684143066,6.0,True,473,3927
2015-09-20-1043,2015-09-20,FUV2,17944090,20,76267,0.14094653479948793,17.791199684143066,6.0,True,481,3603
2015-09-20-1044,2015-09-20,FUV1,17944090,14,76287,0.012821839076428391,17.791199684143066,6.0,True,522,1605
2015-09-20-1045,2015-09-20,FUV2,17944090,16,76301,-0.2698495948097968,17.791199684143066,6.0,True,542,3860
2015-09-20-1046,2015-09-20,FUV2,17944090,17,76317,0.07091755846856262,17.791199684143066,6.0,True,547,3668
2015-09-20-1047,2015-09-20,FUV2,17944090,13,76334,-0.07437969510371095,17.791199684143066,6.0,True,560,2915
2015-09-20-1048,2015-09-20,FUV2,17944090,14,76347,-0.043269301117273166,17.791199684143066,6.0,True,572,3568
2015-09-20-1049,2015-09-20,FUV2,17944090,14,76361,-0.13364010755072736,17.791199684143066,6.0,True,613,3733
2015-09-20-1050,2015-09-20,FUV2,17944090,14,76375,0.19480512295843105,17.791199684143066,6.0,True,633,3730
2015-09-20-1051,2015-09-20,FUV1,17944090,17,76389,-0.13418138011918315,17.791199684143066,6.0,True,636,1834
2015-09-20-1052,2015-09-20,FUV2,17944090,13,76406,0.20134106078235603,17.791199684143066,6.0,True,662,3021
2015-09-20-1053,2015-09-20,FUV2,17944090,19,76419,0.254118983135367,17.791199684143066,6.0,True,682,2954
2015-09-20-1054,2015-09-20,FUV1,17944090,17,76438,0.06496272168506664,17.791199684143066,6.0,True,705,1781
2015-09-20-1055,2015-09-20,FUV2,17944090,15,76455,0.02995102541007426,17.791199684143066,6.0,True,737,3558
2015-09-20-1056,2015-09-20,FUV2,17944090,16,76470,0.0843068419873034,17.791199684143066,6.0,True,738,2897
2015-09-20-1057,2015-09-20,FUV2,17944090,15,76486,0.05829620721684082,17.791199684143066,6.0,True,745,2925
2015-09-20-1058,2015-09-20,FUV1,17944090,16,76501,-0.254226728700058,17.791199684143066,6.0,True,751,1434
2015-09-20-1059,2015-09-20,FUV2,17944090,13,76517,-0.026448005158388917,17.791199684143066,6.0,True,774,3572
2015-09-20-1060,2015-09-20,FUV1,17944090,12,76530,-0.10463605212716603,17.791199684143066,6.0,True,779,1780
2015-09-20-1061,2015-09-20,FUV1,17944090,15,76542,-0.024656540183853593,17.791199684143066,6.0,True,808,1878
2015-09-20-1062,2015-09-20,FUV1,17944090,23,76557,0.18876218024033234,17.791199684143066,6.0,True,844,367
2015-09-20-1063,2015-09-20,FUV1,17944090,13,76580,0.0011437745781788375,17.791199684143066,6.0,True,861,1289
2015-09-20-1064,2015-09-20,FUV2,17944090,15,76593,-0.00872947128319243,17.791199684143066,6.0,True,867,3614
2015-09-20-1065,2015-09-20,FUV1,17944090,17,76608,-0.3342733149351116,17.791199684143066,6.0,True,878,1420
2015-09-20-1066,2015-09-20,FUV1,17944093,14,76625,0.012449076601560673,17.791199684143066,6.0,True,220,1254
2015-09-20-1067,2015-09-20,FUV1,17944093,14,76639,-0.0199439870329084,17.791199684143066,6.0,True,245,1813
2015-09-20-1068,2015-09-20,FUV1,17944093,18,76653,-0.2316728934429301,17.791199684143066,6.0,False,163,264
2015-09-20-1069,2015-09-20,FUV1,17944093,15,76671,-0.13014704951518394,17.791199684143066,6.0,True,273,1804
2015-09-20-1070,2015-09-20,FUV1,17944093,23,76686,-0.0747049404490724,17.791199684143066,6.0,True,292,256
2015-09-20-1071,2015-09-20,FUV1,17944093,15,76709,0.2408927304499458,17.791199684143066,6.0,True,293,1704
2015-09-20-1072,2015-09-20,FUV1,17944093,12,76724,-0.20644274587125067,17.791199684143066,6.0,True,296,1641
2015-09-20-1073,2015-09-20,FUV1,17944093,12,76736,-0.12013130953210799,17.791199684143066,6.0,False,270,301
2015-09-20-1074,2015-09-20,FUV2,17944093,13,76748,0.21455849911751065,17.791199684143066,6.0,True,307,3651
2015-09-20-1075,2015-09-20,FUV2,17944093,12,76761,-0.04181594627780086,17.791199684143066,6.0,True,328,3182
2015-09-20-1076,2015-09-20,FUV1,17944093,12,76773,-0.10218616740192706,17.791199684143066,6.0,True,367,1862
2015-09-20-1077,2015-09-20,FUV2,17944093,12,76785,0.11651748398640424,17.791199684143066,6.0,True,385,3060
2015-09-20-1078,2015-09-20,FUV2,17944093,12,76797,-0.3116028053795492,17.791199684143066,6.0,True,403,3525
2015-09-20-1079,2015-09-20,FUV2,17944093,13,76809,0.23888402076109297,17.791199684143066,6.0,True,434,3265
2015-09-20-1080,2015-09-20,FUV1,17944093,28,76822,-0.17095729143930852,17.791199684143066,6.0,True,444,288
2015-09-20-1081,2015-09-20,FUV1,17944093,14,76850,0.08897455889257588,17.791199684143066,6.0,True,468,1772
2015-09-20-1082,2015-09-20,FUV1,17944093,19,76864,-0.028027764323450343,17.791199684143066,6.0,True,469,1460
2015-09-20-1083,2015-09-20,FUV1,17944093,20,76883,-0.13536574681300156,17.791199684143066,6.0,True,483,1722
2015-09-20-1084,2015-09-20,FUV1,17944093,18,76903,-0.08407593064216173,17.791199684143066,6.0,True,514,1632
2015-09-20-1085,2015-09-20,FUV1,17944093,13,76921,0.22852394793096645,17.791199684143066,6.0,True,528,1865
2015-09-20-1086,2015-09-20,FUV1,17944093,14,76934,0.16530077412745817,17.791199684143066,6.0,True,534,1669
2015-09-20-1087,2015-09-20,FUV2,17944093,16,76948,-0.18093126699343287,17.791199684143066,6.0,True,541,3198
2015-09-20-1088,2015-09-20,FUV1,17944093,23,76964,-0.2076021274904673,17.791199684143066,6.0,True,553,196
2015-09-20-1089,2015-09-20,FUV2,17944093,13,76987,-0.15420552126745354,17.791199684143066,6.0,True,576,3053
2015-09-20-1090,2015-09-20,FUV2,17944093,18,77000,0.13253989034142669,17.791199684143066,6.0,True,584,3952
2015-09-20-1091,2015-09-20,FUV1,17944093,15,77018,-0.1516783785396573,17.791199684143066,6.0,True,616,1711
2015-09-20-1092,2015-09-20,FUV1,17944093,14,77033,0.06536257868555377,17.791199684143066,6.0,True,656,1723
2015-09-20-1093,2015-09-20,FUV2,17944093,14,77047,-0.08050908623778173,17.791199684143066,6.0,True,674,2947
2015-09-20-1094,2015-09-20,FUV2,17944093,16,77061,0.16822256156894258,17.791199684143066,6.0,True,713,3642
2015-09-20-1095,2015-09-20,FUV1,17944093,14,77077,-0.012299216297597245,17.791199684143066,6.0,True,735,1360
2015-09-20-1096,2015-09-20,FUV2,17944093,12,77091,0.24325692715157354,17.791199684143066,6.0,True,739,3048
2015-09-20-1097,2015-09-20,FUV1,17944093,12,77103,-0.24786612688544282,17.791199684143066,6.0,True,767,1301
2015-09-20-1098,2015-09-20,FUV1,17944093,22,77115,-0.019410002593213408,17.791199684143066,6.0,True,770,99
2015-09-20-1099,2015-09-20,FUV1,17944093,41,77137,0.07544065325836534,17.791199684143066,6.0,True,773,1671
2015-09-20-1100,2015-09-20,FUV1,17944093,12,77178,0.11073582861797535,17.791199684143066,6.0,True,781,1408
2015-09-20-1101,2015-09-20,FUV2,17944093,14,77190,0.21252265502569745,17.791199684143066,6.0,True,814,3943
2015-09-20-1102,2015-09-20,FUV1,17944093,14,77204,-0.060655957227832416,17.791199684143066,6.0,True,825,1889
2015-09-20-1103,2015-09-20,FUV2,17944093,26,77218,0.12908237679748336,17.791199684143066,6.0,True,835,3762
2015-09-20-1104,2015-09-20,FUV2,17944093,15,77244,-0.13910125623692018,17.791199684143066,6.0,True,850,3514
2015-09-20-1105,2015-09-20,FUV2,17944093,13,77259,0.10349913463519748,17.791199684143066,6.0,True,873,2936
2015-09-20-1106,2015-09-20,FUV2,17944093,16,77272,0.19427642947470686,17.791199684143066,6.0,True,878,3667
2015-09-20-1107,2015-09-20,FUV1,17944096,32,77288,-0.14362993069076613,17.791199684143066,6.0,True,188,1649
2015-09-20-1108,2015-09-20,FUV2,17944096,14,77320,-0.022106776924448877,17.791199684143066,6.0,True,194,3014
2015-09-20-1109,2015-09-20,FUV1,17944096,17,77334,0.2552017247870534,17.791199684143066,6.0,True,198,360
2015-09-20-1110,2015-09-20,FUV2,17944096,16,77351,0.18699778355184468,17.791199684143066,6.0,True,201,2988
2015-09-20-1111,2015-09-20,FUV1,17944096,12,77367,0.2267623666768096,17.791199684143066,6.0,True,216,1273
2015-09-20-1112,2015-09-20,FUV1,17944096,14,77379,0.10313492366936883,17.791199684143066,6.0,True,235,1860
2015-09-20-1113,2015-09-20,FUV2,17944096,14,77393,-0.09868071660840848,17.791199684143066,6.0,True,242,2987
2015-09-20-1114,2015-09-20,FUV2,17944096,12,77407,0.048449213763233884,17.791199684143066,6.0,True,275,3150
2015-09-20-1115,2015-09-20,FUV2,17944096,13,77419,0.20050067037637595,17.791199684143066,6.0,True,318,3166
2015-09-20-1116,2015-09-20,FUV2,17944096,13,77432,0.19576299306057468,17.791199684143066,6.0,True,336,4007
2015-09-20-1117,2015-09-20,FUV1,17944096,12,77445,0.2123216499570038,17.791199684143066,6.0,True,383,1898
2015-09-20-1118,2015-09-20,FUV2,17944096,22,77457,0.02759016253229581,17.791199684143066,6.0,True,404,3721
2015-09-20-1119,2015-09-20,FUV1,17944096,20,77479,0.03328952100946072,17.791199684143066,6.0,True,427,1362
2015-09-20-1120,2015-09-20,FUV1,17944096,15,77499,0.07949205607778034,17.791199684143066,6.0,True,445,204
2015-09-20-1121,2015-09-20,FUV1,17944096,12,77514,-0.1369049101349695,17.791199684143066,6.0,True,484,1438
2015-09-20-1122,2015-09-20,FUV1,17944096,12,77526,-0.04623332680182071,17.791199684143066,6.0,True,499,252
2015-09-20-1123,2015-09-20,FUV1,17944096,21,77538,0.04406121273931803,17.791199684143066,6.0,True,546,408
2015-09-20-1124,2015-09-20,FUV1,17944096,15,77559,0.04528289890231768,17.791199684143066,6.0,True,547,1809
2015-09-20-1125,2015-09-20,FUV1,17944096,19,77574,0.1128545512047459,17.791199684143066,6.0,True,561,396
2015-09-20-1126,2015-09-20,FUV2,17944096,16,77593,-0.06766299797164083,17.791199684143066,6.0,True,561,3028
2015-09-20-1127,2015-09-20,FUV2,17944096,19,77609,-0.2693134150246174,17.791199684143066,6.0,True,620,3271
2015-09-20-1128,2015-09-20,FUV2,17944096,17,77628,0.14935473324990117,17.791199684143066,6.0,True,621,3934
2015-09-20-1129,2015-09-20,FUV1,17944096,26,77645,-0.0427219997834257,17.791199684143066,6.0,True,623,1269
2015-09-20-1130,2015-09-20,FUV1,17944096,13,77671,0.23193265912353514,17.791199684143066,6.0,True,630,1413
2015-09-20-1131,2015-09-20,FUV2,17944096,13,77684,0.024658176794579222,17.791199684143066,6.0,True,641,3168
2015-09-20-1132,2015-09-20,FUV1,17944096,15,77697,-0.2531934815515428,17.791199684143066,6.0,True,692,1653
2015-09-20-1133,2015-09-20,FUV1,17944096,21,77712,0.11123227766655193,17.791199684143066,6.0,True,700,283
2015-09-20-1134,2015-09-20,FUV2,17944096,15,77733,0.03200403796679637,17.791199684143066,6.0,True,720,2967
2015-09-20-1135,2015-09-20,FUV2,17944096,13,77748,0.28008163909890343,17.791199684143066,6.0,True,788,3618
2015-09-20-1136,2015-09-20,FUV1,17944096,15,77761,-0.12740231332932744,17.791199684143066,6.0,True,848,1393
2015-09-20-1137,2015-09-20,FUV1,17944096,19,77776,0.1875633953789822,17.791199684143066,6.0,True,876,1613
2015-09-20-1138,2015-09-20,FUV2,17944096,12,77795,-0.004455269496340075,17.791199684143066,6.0,True,883,3518
2015-09-20-1139,2015-09-20,FUV1,17944099,14,77807,0.2938097179823766,17.791199684143066,6.0,True,197,157
2015-09-20-1140,2015-09-20,FUV1,17944099,14,77821,0.16593767313925306,17.791199684143066,6.0,True,207,1656
2015-09-20-1141,2015-09-20,FUV1,17944099,13,77835,0.08237666776174303,17.791199684143066,6.0,True,227,383
2015-09-20-1142,2015-09-20,FUV2,17944099,14,77848,0.05637862134382344,17.791199684143066,6.0,True,323,2946
2015-09-20-1143,2015-09-20,FUV1,17944099,13,77862,0.014326724072181081,17.791199684143066,6.0,True,328,1414
2015-09-20-1144,2015-09-20,FUV1,17944099,15,77875,-0.0527497464332094,17.791199684143066,6.0,True,341,1609
2015-09-20-1145,2015-09-20,FUV2,17944099,12,77890,-0.020070189479995827,17.791199684143066,6.0,True,351,3581
2015-09-20-1146,2015-09-20,FUV2,17944099,12,77902,-0.14189128330776518,17.791199684143066,6.0,True,398,4063
2015-09-20-1147,2015-09-20,FUV1,17944099,12,77914,0.004707760218432695,17.791199684143066,6.0,True,404,98
2015-09-20-1148,2015-09-20,FUV1,17944099,26,77926,0.11119322903389413,17.791199684143066,6.0,True,405,1609
2015-09-20-1149,2015-09-20,FUV2,17944099,18,77952,0.11458701192379492,17.791199684143066,6.0,True,407,2959
2015-09-20-1150,2015-09-20,FUV1,17944099,12,77970,-0.03125718351209097,17.791199684143066,6.0,True,418,1338
2015-09-20-1151,2015-09-20,FUV1,17944099,17,77982,0.30628929629468704,17.791199684143066,6.0,True,419,166
2015-09-20-1152,2015-09-20,FUV1,17944099,13,77999,-0.02184117992816383,17.791199684143066,6.0,True,452,1865
2015-09-20-1153,2015-09-20,FUV2,17944099,12,78012,0.16985495803893055,17.791199684143066,6.0,True,454,3998
2015-09-20-1154,2015-09-20,FUV2,17944099,13,78024,0.17768862424988804,17.791199684143066,6.0,False,2916,457
2015-09-20-1155,2015-09-20,FUV1,17944099,13,78037,0.2585165381301322,17.791199684143066,6.0,True,470,1424
2015-09-20-1156,2015-09-20,FUV1,17944099,13,78050,0.2827850703309546,17.791199684143066,6.0,True,525,1320
2015-09-20-1157,2015-09-20,FUV2,17944099,12,78063,0.28440587677122603,17.791199684143066,6.0,True,589,2986
2015-09-20-1158,2015-09-20,FUV2,17944099,14,78075,-0.1968742213013773,17.791199684143066,6.0,True,604,3146
2015-09-20-1159,2015-09-20,FUV2,17944099,15,78089,-0.037394583720279276,17.791199684143066,6.0,True,605,3517
2015-09-20-1160,2015-09-20,FUV1,17944099,15,78104,0.2973753583003634,17.791199684143066,6.0,True,606,1887
2015-09-20-1161,2015-09-20,FUV1,17944099,18,78119,-0.05984766116201425,17.791199684143066,6.0,True,615,1882
2015-09-20-1162,2015-09-20,FUV1,17944099,17,78137,-0.013065191751879951,17.791199684143066,6.0,True,651,1701
2015-09-20-1163,2015-09-20,FUV2,17944099,15,78154,0.2146818953492374,17.791199684143066,6.0,True,676,2994
2015-09-20-1164,2015-09-20,FUV1,17944099,27,78169,0.00411772675862259,17.791199684143066,6.0,True,682,168
2015-09-20-1165,2015-09-20,FUV2,17944099,16,78196,0.17105265956147248,17.791199684143066,6.0,True,693,3855
2015-09-20-1166,2015-09-20,FUV2,17944099,17,78212,-0.1084308837695573,17.791199684143066,6.0,True,721,3050
2015-09-20-1167,2015-09-20,FUV2,17944099,17,78229,-0.004896346612209947,17.791199684143066,6.0,True,783,4052
2015-09-20-1168,2015-09-20,FUV1,17944099,12,78246,0.13985249712483536,17.791199684143066,6.0,True,807,1442
2015-09-20-1169,2015-09-20,FUV1,17944099,14,78258,-0.22882619942349086,17.791199684143066,6.0,False,1279,818
2015-09-20-1170,2015-09-20,FUV1,17944099,12,78272,0.3055030997488287,17.791199684143066,6.0,True,850,1462
2015-09-20-1171,2015-09-20,FUV2,17944102,16,78284,0.002313911359164235,17.791199684143066,6.0,True,191,4047
2015-09-20-1172,2015-09-20,FUV1,17944102,13,78300,0.12314886969148456,17.791199684143066,6.0,True,217,1645
2015-09-20-1173,2015-09-20,FUV1,17944102,16,78313,0.005271478488572343,17.791199684143066,6.0,True,221,1720
2015-09-20-1174,2015-09-20,FUV1,17944102,22,78329,0.02969006722083315,17.791199684143066,6.0,True,251,348
2015-09-20-1175,2015-09-20,FUV1,17944102,12,78351,-0.10775011089408973,17.791199684143066,6.0,True,331,1668
2015-09-20-1176,2015-09-20,FUV1,17944102,13,78363,-0.22302279037348613,17.791199684143066,6.0,True,371,102
2015-09-20-1177,2015-09-20,FUV1,17944102,13,78376,0.3482164407152041,17.791199684143066,6.0,True,371,171
2015-09-20-1178,2015-09-20,FUV1,17944102,18,78389,0.2812499256527988,17.791199684143066,6.0,True,394,396
2015-09-20-1179,2015-09-20,FUV2,17944102,13,78407,0.09851024635110839,17.791199684143066,6.0,True,427,2956
2015-09-20-1180,2015-09-20,FUV1,17944102,14,78420,0.2795210282553798,17.791199684143066,6.0,True,448,1389
2015-09-20-1181,2015-09-20,FUV1,17944102,13,78434,0.02568224276735692,17.791199684143066,6.0,True,453,289
2015-09-20-1182,2015-09-20,FUV2,17944102,14,78447,0.20565725885726,17.791199684143066,6.0,True,506,2916
2015-09-20-1183,2015-09-20,FUV2,17944102,18,78461,0.23108860342232798,17.791199684143066,6.0,True,576,3556
2015-09-20-1184,2015-09-20,FUV1,17944102,20,78479,0.21364021722811877,17.791199684143066,6.0,True,580,1655
2015-09-20-1185,2015-09-20,FUV1,17944102,14,78499,-0.0330326867630815,17.791199684143066,6.0,True,630,1412
2015-09-20-1186,2015-09-20,FUV2,17944102,31,78513,0.11200874144755477,17.791199684143066,6.0,True,645,3651
2015-09-20-1187,2015-09-20,FUV2,17944102,17,78544,-0.11073889232493955,17.791199684143066,6.0,True,709,3523
2015-09-20-1188,2015-09-20,FUV1,17944102,17,78561,0.03935629280436247,17.791199684143066,6.0,True,724,1614
2015-09-20-1189,2015-09-20,FUV1,17944102,32,78578,-0.08353749772437694,17.791199684143066,6.0,True,753,1716
2015-09-20-1190,2015-09-20,FUV2,17944102,13,78610,0.01871782863132791,17.791199684143066,6.0,True,764,3183
2015-09-20-1191,2015-09-20,FUV2,17944102,13,78623,-0.18700816952746685,17.791199684143066,6.0,True,766,2982
2015-09-20-1192,2015-09-20,FUV2,17944102,13,78636,0.10329616558365065,17.791199684143066,6.0,True,829,3043
2015-09-20-1193,2015-09-20,FUV2,17944102,13,78649,-0.24652726009896336,17.791199684143066,6.0,True,850,4001
2015-09-20-1194,2015-09-20,FUV1,17944102,13,78662,0.05828196549866989,17.791199684143066,6.0,True,860,1291
2015-09-20-1195,2015-09-20,FUV1,17944105,17,78675,0.24957196279704777,17.791199684143066,6.0,False,1364,191
2015-09-20-1196,2015-09-20,FUV2,17944105,14,78692,-0.1235248316766037,17.791199684143066,6.0,True,217,4021
2015-09-20-1197,2015-09-20,FUV2,17944105,12,78706,-0.1465303516412948,17.791199684143066,6.0,True,231,2956
2015-09-20-1198,2015-09-20,FUV1,17944105,13,78718,-0.19735133444790828,17.791199684143066,6.0,True,244,275
2015-09-20-1199,2015-09-20,FUV1,17944105,13,78731,0.14373184501678635,17.791199684143066,6.0,True,260,390
2015-09-20-1200,2015-09-20,FUV2,17944105,14,78744,0.011461266004733465,17.791199684143066,6.0,True,296,3937
2015-09-20-1201,2015-09-20,FUV1,17944105,13,78758,-0.334404409287806,17.791199684143066,6.0,True,316,1407
2015-09-20-1202,2015-09-20,FUV1,17944105,14,78771,-0.0009009607474969267,17.791199684143066,6.0,True,343,1688
2015-09-20-1203,2015-09-20,FUV2,17944105,14,78785,0.0171087333904666,17.791199684143066,6.0,True,345,3707
2015-09-20-1204,2015-09-20,FUV1,17944105,17,78799,0.10219024804182199,17.791199684143066,6.0,True,354,1681
2015-09-20-1205,2015-09-20,FUV1,17944105,13,78816,0.22524213801362772,17.791199684143066,6.0,True,357,1416
2015-09-20-1206,2015-09-20,FUV2,17944105,15,78829,0.15407465583651136,17.791199684143066,6.0,True,397,3033
2015-09-20-1207,2015-09-20,FUV2,17944105,19,78844,0.17045723356398249,17.791199684143066,6.0,True,413,3054
2015-09-20-1208,2015-09-20,FUV1,17944105,17,78863,-0.031428492754560285,17.791199684143066,6.0,True,430,412
2015-09-20-1209,2015-09-20,FUV1,17944105,14,78880,0.019505976641218007,17.791199684143066,6.0,True,436,253
2015-09-20-1210,2015-09-20,FUV2,17944105,14,78894,0.13660286905997301,17.791199684143066,6.0,True,442,3605
2015-09-20-1211,2015-09-20,FUV1,17944105,12,78908,-0.08335360148714219,17.791199684143066,6.0,True,463,1899
2015-09-20-1212,2015-09-20,FUV2,17944105,13,78920,-0.03652944999835121,17.791199684143066,6.0,True,476,3615
2015-09-20-1213,2015-09-20,FUV2,17944105,12,78933,-0.13857840271434776,17.791199684143066,6.0,True,478,3149
2015-09-20-1214,2015-09-20,FUV1,17944105,14,78945,0.05404607491917708,17.791199684143066,6.0,True,496,198
2015-09-20-1215,2015-09-20,FUV2,17944105,18,78959,0.03030243115806225,17.791199684143066,6.0,True,535,3508
2015-09-20-1216,2015-09-20,FUV2,17944105,15,78977,0.0033916690485637302,17.791199684143066,6.0,True,546,2982
2015-09-20-1217,2015-09-20,FUV1,17944105,17,78992,-0.043485409646576725,17.791199684143066,6.0,True,552,1279
2015-09-20-1218,2015-09-20,FUV2,17944105,14,79009,-0.1082424865120686,17.791199684143066,6.0,True,559,3615
2015-09-20-1219,2015-09-20,FUV1,17944105,24,79023,-0.07074112125817343,17.791199684143066,6.0,True,565,205
2015-09-20-1220,2015-09-20,FUV2,17944105,15,79047,0.2069859952181522,17.791199684143066,6.0,True,594,3540
2015-09-20-1221,2015-09-20,FUV2,17944105,14,79062,-0.22174544947493963,17.791199684143066,6.0,False,2996,615
2015-09-20-1222,2015-09-20,FUV2,17944105,15,79076,0.1268639733631595,17.791199684143066,6.0,True,628,3140
2015-09-20-1223,2015-09-20,FUV1,17944105,13,79091,0.030072891301891225,17.791199684143066,6.0,True,674,1788
2015-09-20-1224,2015-09-20,FUV1,17944105,12,79104,0.23537210500476374,17.791199684143066,6.0,True,684,1262
2015-09-20-1225,2015-09-20,FUV1,17944105,12,79116,-0.15346087451233412,17.791199684143066,6.0,True,763,1893
2015-09-20-1226,2015-09-20,FUV1,17944105,17,79128,0.24944132412764866,17.791199684143066,6.0,True,796,382
2015-09-20-1227,2015-09-20,FUV1,17944105,20,79145,0.16330334626059356,17.791199684143066,6.0,True,798,1820
2015-09-20-1228,2015-09-20,FUV1,17944105,13,79165,0.00201581814422955,17.791199684143066,6.0,True,809,1694
2015-09-20-1229,2015-09-20,FUV2,17944105,24,79178,0.13048329823077248,17.791199684143066,6.0,True,835,2998
2015-09-20-1230,2015-09-20,FUV2,17944105,16,79202,-0.06728811116691642,17.791199684143066,6.0,True,855,2995
2015-09-20-1231,2015-09-20,FUV1,17944105,14,79218,0.21804597893229535,17.791199684143066,6.0,True,866,280
2015-09-20-1232,2015-09-20,FUV2,17944105,13,79232,-0.2717716429058365,17.791199684143066,6.0,True,881,3878
2015-09-20-1233,2015-09-20,FUV1,17944105,12,79245,0.23022836138677272,17.791199684143066,6.0,True,896,1406
2015-09-20-1234,2015-09-20,FUV2,17944108,12,79257,0.15676835277292642,17.791199684143066,6.0,True,195,3042
2015-09-20-1235,2015-09-20,FUV1,17944108,12,79269,-0.06190349951260966,17.791199684143066,6.0,True,215,1835
2015-09-20-1236,2015-09-20,FUV2,17944108,19,79281,0.11605897946858233,17.791199684143066,6.0,True,229,3859
2015-09-20-1237,2015-09-20,FUV2,17944108,14,79300,-0.011153559086601674,17.791199684143066,6.0,True,259,3777
2015-09-20-1238,2015-09-20,FUV1,17944108,12,79314,0.138268198745871,17.791199684143066,6.0,True,289,1359
2015-09-20-1239,2015-09-20,FUV2,17944108,12,79326,-0.16258893206488675,17.791199684143066,6.0,True,299,3226
2015-09-20-1240,2015-09-20,FUV2,17944108,14,79338,0.03558105796130928,17.791199684143066,6.0,True,301,2917
2015-09-20-1241,2015-09-20,FUV2,17944108,13,79352,-0.082155196100721,17.791199684143066,6.0,True,308,2959
2015-09-20-1242,2015-09-20,FUV2,17944108,18,79365,-0.02354722639121236,17.791199684143066,6.0,True,320,3867
2015-09-20-1243,2015-09-20,FUV1,17944108,36,79383,-0.042172074736710016,17.791199684143066,6.0,True,333,1287
2015-09-20-1244,2015-09-20,FUV2,17944108,15,79419,0.24235590670650387,17.791199684143066,6.0,True,349,3642
2015-09-20-1245,2015-09-20,FUV2,17944108,13,79434,-0.16464931159654697,17.791199684143066,6.0,True,364,3728
2015-09-20-1246,2015-09-20,FUV1,17944108,14,79447,0.056678049790351605,17.791199684143066,6.0,True,418,1877
2015-09-20-1247,2015-09-20,FUV2,17944108,14,79461,0.24006581722613063,17.791199684143066,6.0,True,418,3890
2015-09-20-1248,2015-09-20,FUV2,17944108,12,79475,-0.055481204201982486,17.791199684143066,6.0,True,456,3843
2015-09-20-1249,2015-09-20,FUV1,17944108,12,79487,0.11545311987060712,17.791199684143066,6.0,True,495,1297
2015-09-20-1250,2015-09-20,FUV1,17944108,14,79499,0.09641512308158384,17.791199684143066,6.0,True,580,1797
2015-09-20-1251,2015-09-20,FUV2,17944108,15,79513,-0.035884139471974975,17.791199684143066,6.0,True,616,3783
2015-09-20-1252,2015-09-20,FUV2,17944108,13,79528,-0.2128776634206605,17.791199684143066,6.0,True,657,3525
2015-09-20-1253,2015-09-20,FUV1,17944108,13,79541,0.031785799493600476,17.791199684143066,6.0,True,659,1867
2015-09-20-1254,2015-09-20,FUV2,17944108,15,79554,0.1308159222731472,17.791199684143066,6.0,True,685,2934
2015-09-20-1255,2015-09-20,FUV1,17944108,12,79569,0.058651021218766995,17.791199684143066,6.0,True,694,1385
2015-09-20-1256,2015-09-20,FUV2,17944108,12,79581,0.02559263544508432,17.791199684143066,6.0,False,3615,710
2015-09-20-1257,2015-09-20,FUV1,17944108,14,79593,0.2111704089123442,17.791199684143066,6.0,True,716,1741
2015-09-20-1258,2015-09-20,FUV1,17944108,12,79607,0.2040386551341426,17.791199684143066,6.0,True,718,1281
2015-09-20-1259,2015-09-20,FUV2,17944108,14,79619,-0.045010585396041816,17.791199684143066,6.0,True,734,3608
2015-09-20-1260,2015-09-20,FUV2,17944108,13,79633,0.11752687220486424,17.791199684143066,6.0,True,773,3556
2015-09-20-1261,2015-09-20,FUV2,17944108,26,79646,-0.005362198667336603,17.791199684143066,6.0,True,786,3540
2015-09-20-1262,2015-09-20,FUV2,17944108,14,79672,0.29217231724558496,17.791199684143066,6.0,True,814,3609
2015-09-20-1263,2015-09-20,FUV2,17944108,12,79686,0.020195034490450965,17.791199684143066,6.0,True,871,3197
2015-09-20-1264,2015-09-20,FUV2,17944108,17,79698,0.068526498839216,17.791199684143066,6.0,True,880,3618
2015-09-20-1265,2015-09-20,FUV1,17944111,13,79715,0.1725779209469592,17.791199684143066,6.0,True,188,1878
2015-09-20-1266,2015-09-20,FUV2,17944111,13,79728,0.12798640545949408,17.791199684143066,6.0,True,243,3163
2015-09-20-1267,2015-09-20,FUV1,17944111,14,79741,-0.026098496055688872,17.791199684143066,6.0,True,321,293
2015-09-20-1268,2015-09-20,FUV2,17944111,13,79755,-0.1353427902665653,17.791199684143066,6.0,True,351,4046
2015-09-20-1269,2015-09-20,FUV1,17944111,18,79768,0.16998755266769167,17.791199684143066,6.0,True,372,1625
2015-09-20-1270,2015-09-20,FUV2,17944111,14,79786,0.14226306115054566,17.791199684143066,6.0,True,379,3218
2015-09-20-1271,2015-09-20,FUV2,17944111,20,79800,0.22817671656935443,17.791199684143066,6.0,True,398,3904
2015-09-20-1272,2015-09-20,FUV1,17944111,15,79820,0.13628399714657294,17.791199684143066,6.0,True,448,1693
2015-09-20-1273,2015-09-20,FUV1,17944111,19,79835,-0.09670273165361352,17.791199684143066,6.0,True,465,1708
2015-09-20-1274,2015-09-20,FUV2,17944111,12,79854,0.2079325396963959,17.791199684143066,6.0,False,3161,479
2015-09-20-1275,2015-09-20,FUV1,17944111,13,79866,0.11460422678266861,17.791199684143066,6.0,True,487,251
2015-09-20-1276,2015-09-20,FUV2,17944111,17,79879,0.036496724793836734,17.791199684143066,6.0,True,487,3727
2015-09-20-1277,2015-09-20,FUV1,17944111,12,79896,-0.10761415789305093,17.791199684143066,6.0,True,539,1452
2015-09-20-1278,2015-09-20,FUV2,17944111,17,79908,0.03139342683451812,17.791199684143066,6.0,True,540,3853
2015-09-20-1279,2015-09-20,FUV2,17944111,12,79925,0.2022583568732504,17.791199684143066,6.0,True,545,2909
2015-09-20-1280,2015-09-20,FUV2,17944111,17,79937,0.19897908012209348,17.791199684143066,6.0,True,551,3721
2015-09-20-1281,2015-09-20,FUV2,17944111,14,79954,0.28931831648954454,17.791199684143066,6.0,True,569,3588
2015-09-20-1282,2015-09-20,FUV1,17944111,15,79968,0.21651180964467762,17.791199684143066,6.0,True,589,278
2015-09-20-1283,2015-09-20,FUV1,17944111,19,79983,0.18126652596801732,17.791199684143066,6.0,True,591,1359
2015-09-20-1284,2015-09-20,FUV1,17944111,23,80002,0.06320914839080266,17.791199684143066,6.0,True,595,246
2015-09-20-1285,2015-09-20,FUV2,17944111,12,80025,0.2204951871570341,17.791199684143066,6.0,False,2900,643
2015-09-20-1286,2015-09-20,FUV1,17944111,12,80037,-0.09182753309465015,17.791199684143066,6.0,True,669,161
2015-09-20-1287,2015-09-20,FUV1,17944111,12,80049,-0.20849525143088204,17.791199684143066,6.0,True,720,137
2015-09-20-1288,2015-09-20,FUV2,17944111,15,80061,-0.15842601475281554,17.791199684143066,6.0,True,763,3253
2015-09-20-1289,2015-09-20,FUV2,17944111,13,80076,0.11569824510833361,17.791199684143066,6.0,True,778,3605
2015-09-20-1290,2015-09-20,FUV2,17944111,20,80089,0.04478397970057864,17.791199684143066,6.0,True,786,3585
2015-09-20-1291,2015-09-20,FUV1,17944111,12,80109,-0.05585694693152322,17.791199684143066,6.0,True,789,1637
2015-09-20-1292,2015-09-20,FUV2,17944111,15,80121,0.015567472289992237,17.791199684143066,6.0,True,792,3904
2015-09-20-1293,2015-09-20,FUV2,17944111,13,80136,0.1345043774052004,17.791199684143066,6.0,True,850,2905
2015-09-20-1294,2015-09-20,FUV1,17944111,19,80149,0.17628568707536804,17.791199684143066,6.0,True,882,418
2015-09-20-1295,2015-09-20,FUV1,17944111,13,80168,-0.15076611249602326,17.791199684143066,6.0,True,895,1442
2015-09-20-1296,2015-09-20,FUV1,17944114,31,80181,0.13851621406027237,17.791199684143066,6.0,True,210,1301
2015-09-20-1297,2015-09-20,FUV2,17944114,13,80212,0.024814415271422904,17.791199684143066,6.0,True,345,3045
2015-09-20-1298,2015-09-20,FUV2,17944114,12,80225,0.294429527762717,17.791199684143066,6.0,True,354,3205
2015-09-20-1299,2015-09-20,FUV1,17944114,12,80237,0.11262250953427498,17.791199684143066,6.0,True,409,1662
2015-09-20-1300,2015-09-20,FUV1,17944114,12,80249,0.14488136484860684,17.791199684143066,6.0,True,415,1420
2015-09-20-1301,2015-09-20,FUV1,17944114,16,80261,0.240345226133482,17.791199684143066,6.0,True,439,119
2015-09-20-1302,2015-09-20,FUV1,17944114,18,80277,0.07014177421081622,17.791199684143066,6.0,True,460,1768
2015-09-20-1303,2015-09-20,FUV2,17944114,21,80295,0.3139243973212511,17.791199684143066,6.0,True,460,4044
2015-09-20-1304,2015-09-20,FUV2,17944114,20,80316,0.14820656718507444,17.791199684143066,6.0,True,474,3216
2015-09-20-1305,2015-09-20,FUV2,17944114,16,80336,-0.037255859973236334,17.791199684143066,6.0,True,539,3720
2015-09-20-1306,2015-09-20,FUV1,17944114,15,80352,0.2897848092128735,17.791199684143066,6.0,True,567,1661
2015-09-20-1307,2015-09-20,FUV2,17944114,14,80367,-0.2298184743593937,17.791199684143066,6.0,True,567,2961
2015-09-20-1308,2015-09-20,FUV2,17944114,12,80381,0.05436758488588501,17.791199684143066,6.0,True,588,3049
2015-09-20-1309,2015-09-20,FUV2,17944114,14,80393,0.11848520025687467,17.791199684143066,6.0,True,603,4052
2015-09-20-1310,2015-09-20,FUV2,17944114,12,80407,0.13116107618906558,17.791199684143066,6.0,True,611,4013
2015-09-20-1311,2015-09-20,FUV1,17944114,13,80419,0.25858609959541173,17.791199684143066,6.0,True,708,1722
2015-09-20-1312,2015-09-20,FUV2,17944114,13,80432,-0.0009259071963980801,17.791199684143066,6.0,True,717,2950
2015-09-20-1313,2015-09-20,FUV1,17944114,15,80445,-0.3417903232634937,17.791199684143066,6.0,True,750,1614
2015-09-20-1314,2015-09-20,FUV2,17944114,14,80460,0.19303924237043255,17.791199684143066,6.0,True,760,2988
2015-09-20-1315,2015-09-20,FUV1,17944114,19,80474,0.0012647748108664298,17.791199684143066,6.0,True,763,1349
2015-09-20-1316,2015-09-20,FUV1,17944114,12,80493,0.27784868835106225,17.791199684143066,6.0,True,853,1430
2015-09-20-1317,2015-09-20,FUV2,17944114,13,80505,0.1029958426318553,17.791199684143066,6.0,False,3042,893
2015-09-20-1318,2015-09-20,FUV2,17944117,14,80518,0.15033165299854884,17.791199684143066,6.0,True,259,3247
2015-09-20-1319,2015-09-20,FUV2,17944117,17,80532,0.11041387062464653,17.791199684143066,6.0,True,265,3553
2015-09-20-1320,2015-09-20,FUV2,17944117,30,80549,0.11980695568236936,17.791199684143066,6.0,True,310,2938
2015-09-20-1321,2015-09-20,FUV2,17944117,15,80579,0.254020908688218,17.791199684143066,6.0,True,361,3653
2015-09-20-1322,2015-09-20,FUV2,17944117,14,80594,0.07148972610684745,17.791199684143066,6.0,True,390,3672
2015-09-20-1323,2015-09-20,FUV1,17944117,12,80608,0.3070941082758052,17.791199684143066,6.0,True,412,135
2015-09-20-1324,2015-09-20,FUV1,17944117,15,80620,0.21223558144884783,17.791199684143066,6.0,True,428,332
2015-09-20-1325,2015-09-20,FUV1,17944117,12,80635,0.19776881926678322,17.791199684143066,6.0,True,452,1650
2015-09-20-1326,2015-09-20,FUV2,17944117,18,80647,0.03656061440775068,17.791199684143066,6.0,True,535,3228
2015-09-20-1327,2015-09-20,FUV1,17944117,13,80665,0.019808510740323894,17.791199684143066,6.0,True,537,1350
2015-09-20-1328,2015-09-20,FUV2,17944117,14,80678,-0.12690546190080332,17.791199684143066,6.0,True,582,3871
2015-09-20-1329,2015-09-20,FUV2,17944117,20,80692,0.17376491993937768,17.791199684143066,6.0,True,607,3999
2015-09-20-1330,2015-09-20,FUV1,17944117,13,80712,0.08272259584840527,17.791199684143066,6.0,True,618,1603
2015-09-20-1331,2015-09-20,FUV1,17944117,18,80725,0.09102876558895451,17.791199684143066,6.0,True,624,1660
2015-09-20-1332,2015-09-20,FUV2,17944117,15,80743,0.05868524677689399,17.791199684143066,6.0,True,627,3718
2015-09-20-1333,2015-09-20,FUV2,17944117,13,80758,0.13972433739686052,17.791199684143066,6.0,True,674,3776
2015-09-20-1334,2015-09-20,FUV1,17944117,14,80771,0.21311997010468944,17.791199684143066,6.0,True,688,252
2015-09-20-1335,2015-09-20,FUV2,17944117,23,80785,0.2164600102643921,17.791199684143066,6.0,True,713,3218
2015-09-20-1336,2015-09-20,FUV1,17944117,13,80808,0.1229020884488156,17.791199684143066,6.0,True,735,1449
2015-09-20-1337,2015-09-20,FUV2,17944117,18,80821,-0.022861129414283546,17.791199684143066,6.0,True,769,3210
2015-09-20-1338,2015-09-20,FUV1,17944117,15,80839,0.25882454153617274,17.791199684143066,6.0,True,788,162
2015-09-20-1339,2015-09-20,FUV1,17944117,15,80854,0.23976758564130543,17.791199684143066,6.0,True,789,388
2015-09-20-1340,2015-09-20,FUV2,17944117,12,80869,-0.1955584606789657,17.791199684143066,6.0,True,824,3728
2015-09-20-1341,2015-09-20,FUV2,17944117,16,80881,-0.09114880886695585,17.791199684143066,6.0,True,847,3554
2015-09-20-1342,2015-09-20,FUV1,17944120,15,80897,-0.07448733963217809,17.791199684143066,6.0,True,188,438
2015-09-20-1343,2015-09-20,FUV2,17944120,15,80912,0.07547182657930757,17.791199684143066,6.0,True,209,3225
2015-09-20-1344,2015-09-20,FUV1,17944120,20,80927,0.040628411893581184,17.791199684143066,6.0,True,237,1399
2015-09-20-1345,2015-09-20,FUV2,17944120,13,80947,0.0583677902983266,17.791199684143066,6.0,True,253,3999
2015-09-20-1346,2015-09-20,FUV2,17944120,15,80960,0.2352778600534078,17.791199684143066,6.0,True,278,3055
2015-09-20-1347,2015-09-20,FUV2,17944120,21,80975,0.24156027395175053,17.791199684143066,6.0,True,321,2935
2015-09-20-1348,2015-09-20,FUV2,17944120,14,80996,0.10637137088068403,17.791199684143066,6.0,True,333,3945
2015-09-20-1349,2015-09-20,FUV2,17944120,14,81010,0.23676631178680352,17.791199684143066,6.0,True,407,3607
2015-09-20-1350,2015-09-20,FUV1,17944120,14,81024,0.14277721435886895,17.791199684143066,6.0,True,442,1431
2015-09-20-1351,2015-09-20,FUV2,17944120,13,81038,-0.33901283369148416,17.791199684143066,6.0,False,2925,509
2015-09-20-1352,2015-09-20,FUV2,17944120,13,81051,0.16231104537982083,17.791199684143066,6.0,True,516,4060
2015-09-20-1353,2015-09-20,FUV1,17944120,14,81064,0.1448826626834266,17.791199684143066,6.0,True,524,245
2015-09-20-1354,2015-09-20,FUV2,17944120,16,81078,-0.105642287112285,17.791199684143066,6.0,True,543,3998
2015-09-20-1355,2015-09-20,FUV2,17944120,12,81094,0.029585126271994604,17.791199684143066,6.0,True,609,3001
2015-09-20-1356,2015-09-20,FUV2,17944120,12,81106,0.1536254740082254,17.791199684143066,6.0,True,635,3775
2015-09-20-1357,2015-09-20,FUV2,17944120,12,81118,-0.12861014674144794,17.791199684143066,6.0,True,637,3071
2015-09-20-1358,2015-09-20,FUV1,17944120,13,81130,0.16162462738179653,17.791199684143066,6.0,True,662,435
2015-09-20-1359,2015-09-20,FUV2,17944120,14,81143,0.06047644806015828,17.791199684143066,6.0,True,670,2955
2015-09-20-1360,2015-09-20,FUV2,17944120,25,81157,0.1853361608573305,17.791199684143066,6.0,True,748,2906
2015-09-20-1361,2015-09-20,FUV1,17944120,13,81182,-0.13226948289612941,17.791199684143066,6.0,True,794,1697
2015-09-20-1362,2015-09-20,FUV2,17944120,12,81195,-0.2802422391330049,17.791199684143066,6.0,True,803,3771
2015-09-20-1363,2015-09-20,FUV1,17944120,13,81207,0.19734513480456486,17.791199684143066,6.0,True,819,1730
2015-09-20-1364,2015-09-20,FUV1,17944120,17,81220,0.27427964920466313,17.791199684143066,6.0,True,836,1771
2015-09-20-1365,2015-09-20,FUV2,17944120,13,81237,0.2613121151130601,17.791199684143066,6.0,True,850,4014
2015-09-20-1366,2015-09-20,FUV2,17944120,40,81250,0.0797161192196114,17.791199684143066,6.0,True,862,4051
2015-09-20-1367,2015-09-20,FUV1,17944123,40,81290,0.047209677013577915,17.791199684143066,6.0,True,205,1683
2015-09-20-1368,2015-09-20,FUV2,17944123,14,81330,0.14872818228007637,17.791199684143066,6.0,True,222,4014
2015-09-20-1369,2015-09-20,FUV2,17944123,13,81344,0.21446988030270933,17.791199684143066,6.0,True,254,3218
2015-09-20-1370,2015-09-20,FUV2,17944123,14,81357,0.14825658366384262,17.791199684143066,6.0,True,304,3010
2015-09-20-1371,2015-09-20,FUV1,17944123,12,81371,0.2996065336498629,17.791199684143066,6.0,True,360,1348
2015-09-20-1372,2015-09-20,FUV2,17944123,12,81383,-0.28352181652657893,17.791199684143066,6.0,True,360,2941
2015-09-20-1373,2015-09-20,FUV2,17944123,15,81395,0.12628420638927168,17.791199684143066,6.0,True,360,3865
2015-09-20-1374,2015-09-20,FUV2,17944123,14,81410,0.1728774658725803,17.791199684143066,6.0,True,367,3002
2015-09-20-1375,2015-09-20,FUV1,17944123,15,81424,0.11095430842622495,17.791199684143066,6.0,True,376,287
2015-09-20-1376,2015-09-20,FUV1,17944123,30,81439,0.12878054939632977,17.791199684143066,6.0,True,410,189
2015-09-20-1377,2015-09-20,FUV1,17944123,14,81469,-0.017147890724452202,17.791199684143066,6.0,True,440,1290
2015-09-20-1378,2015-09-20,FUV2,17944123,12,81483,0.20594771601680492,17.791199684143066,6.0,True,463,3957
2015-09-20-1379,2015-09-20,FUV1,17944123,17,81495,0.21205683652862434,17.791199684143066,6.0,True,535,1652
2015-09-20-1380,2015-09-20,FUV1,17944123,13,81512,0.2648003142318768,17.791199684143066,6.0,True,536,1616
2015-09-20-1381,2015-09-20,FUV2,17944123,13,81525,0.29256107659811365,17.791199684143066,6.0,True,543,3991
2015-09-20-1382,2015-09-20,FUV1,17944123,16,81538,0.14613127778968701,17.791199684143066,6.0,True,556,1860
2015-09-20-1383,2015-09-20,FUV2,17944123,14,81554,-0.008155703729785723,17.791199684143066,6.0,True,577,3002
2015-09-20-1384,2015-09-20,FUV2,17944123,13,81568,0.17279840126577228,17.791199684143066,6.0,True,592,4011
2015-09-20-1385,2015-09-20,FUV2,17944123,15,81581,0.13991643937863887,17.791199684143066,6.0,True,618,4026
2015-09-20-1386,2015-09-20,FUV2,17944123,12,81596,0.289647460541058,17.791199684143066,6.0,True,631,3758
2015-09-20-1387,2015-09-20,FUV1,17944123,18,81608,0.17925059836183863,17.791199684143066,6.0,True,638,1820
2015-09-20-1388,2015-09-20,FUV1,17944123,14,81626,0.17935679989963527,17.791199684143066,6.0,True,646,1793
2015-09-20-1389,2015-09-20,FUV1,17944123,21,81640,0.14331303906753784,17.791199684143066,6.0,True,650,1874
2015-09-20-1390,2015-09-20,FUV1,17944123,17,81661,0.08295537525930209,17.791199684143066,6.0,True,655,1466
2015-09-20-1391,2015-09-20,FUV1,17944123,18,81678,0.11719948095359935,17.791199684143066,6.0,True,661,1883
2015-09-20-1392,2015-09-20,FUV1,17944123,14,81696,0.0889163614311299,17.791199684143066,6.0,True,676,419
2015-09-20-1393,2015-09-20,FUV1,17944123,21,81710,0.11386126389560279,17.791199684143066,6.0,True,761,1649
2015-09-20-1394,2015-09-20,FUV2,17944123,13,81731,0.34037338353474883,17.791199684143066,6.0,True,791,3531
2015-09-20-1395,2015-09-20,FUV1,17944123,14,81744,0.10297104098546538,17.791199684143066,6.0,True,854,1443
2015-09-20-1396,2015-09-20,FUV2,17944123,12,81758,0.15143633875847878,17.791199684143066,6.0,True,865,3783
2015-09-20-1397,2015-09-20,FUV1,17944123,14,81770,0.27790398871914207,17.791199684143066,6.0,True,878,1814
2015-09-20-1398,2015-09-20,FUV2,17944123,16,81784,-0.13029613588122335,17.791199684143066,6.0,True,892,3556
2015-09-20-1399,2015-09-20,FUV1,17944126,13,81800,0.23161784005591793,17.791199684143066,6.0,True,188,1838
2015-09-20-1400,2015-09-20,FUV2,17944126,12,81813,0.08689341660540878,17.791199684143066,6.0,True,552,2898
2015-09-20-1401,2015-09-20,FUV1,17944126,12,81825,0.1701766235204755,17.791199684143066,6.0,True,573,1444
2015-09-20-1402,2015-09-20,FUV2,17944126,15,81837,0.24486325972437487,17.791199684143066,6.0,True,584,3560
2015-09-20-1403,2015-09-20,FUV1,17944126,14,81852,-0.11078304023825451,17.791199684143066,6.0,True,600,406
2015-09-20-1404,2015-09-20,FUV1,17944126,18,81866,0.17606794348113672,17.791199684143066,6.0,True,604,1389
2015-09-20-1405,2015-09-20,FUV2,17944126,18,81884,0.11084158307570528,17.791199684143066,6.0,True,645,3197
2015-09-20-1406,2015-09-20,FUV2,17944126,12,81902,0.12373614610006324,17.791199684143066,6.0,True,651,3945
2015-09-20-1407,2015-09-20,FUV2,17944126,14,81914,0.33361254000355284,17.791199684143066,6.0,True,655,3952
2015-09-20-1408,2015-09-20,FUV1,17944126,18,81928,0.03622486878779799,17.791199684143066,6.0,True,864,1633
2015-09-20-1409,2015-09-20,FUV2,17944126,17,81946,0.12611101389380985,17.791199684143066,6.0,True,870,3059
2015-09-20-1410,2015-09-20,FUV1,17944126,17,81963,0.16407215172390374,17.791199684143066,6.0,True,890,1703
2015-09-20-1411,2015-09-20,FUV1,17944129,12,81980,0.22447669587277908,17.791199684143066,6.0,True,221,1754
2015-09-20-1412,2015-09-20,FUV2,17944129,15,81992,0.08009110816597101,17.791199684143066,6.0,True,223,2981
2015-09-20-1413,2015-09-20,FUV1,17944129,12,82007,-0.10190712926687663,17.791199684143066,6.0,True,276,1794
2015-09-20-1414,2015-09-20,FUV2,17944129,14,82019,0.16379326609854755,17.791199684143066,6.0,True,317,3231
2015-09-20-1415,2015-09-20,FUV1,17944129,15,82033,0.15843687586429075,17.791199684143066,6.0,True,373,1380
2015-09-20-1416,2015-09-20,FUV2,17944129,17,82048,0.2652334545491911,17.791199684143066,6.0,True,374,3160
2015-09-20-1417,2015-09-20,FUV2,17944129,19,82065,0.15865707139771693,17.791199684143066,6.0,True,393,3906
2015-09-20-1418,2015-09-20,FUV2,17944129,12,82084,0.3075743108378091,17.791199684143066,6.0,True,464,3729
2015-09-20-1419,2015-09-20,FUV2,17944129,14,82096,0.12796758843476938,17.791199684143066,6.0,True,518,2973
2015-09-20-1420,2015-09-20,FUV1,17944129,12,82110,0.31927178678524637,17.791199684143066,6.0,True,530,1413
2015-09-20-1421,2015-09-20,FUV1,17944129,14,82122,0.24502316269106023,17.791199684143066,6.0,True,548,1801
2015-09-20-1422,2015-09-20,FUV1,17944129,18,82136,0.16860593970381635,17.791199684143066,6.0,True,569,245
2015-09-20-1423,2015-09-20,FUV2,17944129,12,82154,0.20304317827918242,17.791199684143066,6.0,True,595,3180
2015-09-20-1424,2015-09-20,FUV2,17944129,12,82166,0.16974919018456,17.791199684143066,6.0,True,678,3561
2015-09-20-1425,2015-09-20,FUV2,17944129,12,82178,0.25555484901950287,17.791199684143066,6.0,True,687,3269
2015-09-20-1426,2015-09-20,FUV1,17944129,12,82190,0.09136633704524556,17.791199684143066,6.0,True,699,1288
2015-09-20-1427,2015-09-20,FUV2,17944129,20,82202,0.04931307003311218,17.791199684143066,6.0,True,729,3617
2015-09-20-1428,2015-09-20,FUV2,17944129,18,82222,0.19068526299071611,17.791199684143066,6.0,True,827,4021
2015-09-20-1429,2015-09-20,FUV1,17944129,14,82240,0.29604084400936653,17.791199684143066,6.0,True,830,1729
2015-09-20-1430,2015-09-20,FUV2,17944129,23,82254,0.12032150358888447,17.791199684143066,6.0,True,873,2989
2015-09-20-1431,2015-09-20,FUV1,17944129,24,82277,0.17969865808676083,17.791199684143066,6.0,True,879,1281
2015-09-20-1432,2015-09-20,FUV1,17944132,16,82301,0.18666852529013184,17.791199684143066,6.0,True,226,350
2015-09-20-1433,2015-09-20,FUV2,17944132,13,82317,-0.22916863155079173,17.791199684143066,6.0,True,226,3004
2015-09-20-1434,2015-09-20,FUV1,17944132,17,82330,0.19226557897863852,17.791199684143066,6.0,True,274,1428
2015-09-20-1435,2015-09-20,FUV1,17944132,17,82347,0.3263174825644717,17.791199684143066,6.0,True,303,1458
2015-09-20-1436,2015-09-20,FUV2,17944132,13,82364,-0.04862393333665555,17.791199684143066,6.0,True,342,3272
2015-09-20-1437,2015-09-20,FUV2,17944132,15,82377,0.2617177143847715,17.791199684143066,6.0,True,356,3175
2015-09-20-1438,2015-09-20,FUV1,17944132,12,82392,-0.041766056646046046,17.791199684143066,6.0,True,432,1373
2015-09-20-1439,2015-09-20,FUV2,17944132,13,82404,0.055019480261853486,17.791199684143066,6.0,True,446,3135
2015-09-20-1440,2015-09-20,FUV2,17944132,14,82417,0.013915889993510022,17.791199684143066,6.0,True,484,3756
2015-09-20-1441,2015-09-20,FUV2,17944132,16,82431,0.15519779149858784,17.791199684143066,6.0,True,544,3172
2015-09-20-1442,2015-09-20,FUV1,17944132,13,82447,0.10743830362688428,17.791199684143066,6.0,True,564,1700
2015-09-20-1443,2015-09-20,FUV1,17944132,12,82460,0.320206760748327,17.791199684143066,6.0,True,620,1415
2015-09-20-1444,2015-09-20,FUV1,17944132,13,82472,0.3241488542289929,17.791199684143066,6.0,True,675,1464
2015-09-20-1445,2015-09-20,FUV2,17944132,13,82485,0.34736237813598425,17.791199684143066,6.0,True,701,3844
2015-09-20-1446,2015-09-20,FUV1,17944132,13,82498,0.31694475046039494,17.791199684143066,6.0,True,728,1780
2015-09-20-1447,2015-09-20,FUV2,17944132,21,82511,0.34665315979864153,17.791199684143066,6.0,True,732,3017
2015-09-20-1448,2015-09-20,FUV1,17944132,13,82532,0.32233416073886273,17.791199684143066,6.0,True,740,1723
2015-09-20-1449,2015-09-20,FUV2,17944132,16,82545,0.21771477883684132,17.791199684143066,6.0,True,787,3988
2015-09-20-1450,2015-09-20,FUV2,17944132,14,82561,0.0937412130641709,17.791199684143066,6.0,True,873,4025
2015-09-20-1451,2015-09-20,FUV2,17944135,17,82575,0.08294926859887437,17.791199684143066,6.0,True,213,3232
2015-09-20-1452,2015-09-20,FUV2,17944135,18,82592,0.11708726477237494,17.791199684143066,6.0,True,231,2908
2015-09-20-1453,2015-09-20,FUV2,17944135,17,82610,0.26353757629321956,17.791199684143066,6.0,True,235,3204
2015-09-20-1454,2015-09-20,FUV1,17944135,19,82627,0.001685686736958023,17.791199684143066,6.0,True,261,1441
2015-09-20-1455,2015-09-20,FUV2,17944135,17,82646,0.15592894508650046,17.791199684143066,6.0,True,381,3759
2015-09-20-1456,2015-09-20,FUV1,17944135,29,82663,-0.16704807228997792,17.791199684143066,6.0,True,386,1629
2015-09-20-1457,2015-09-20,FUV2,17944135,15,82692,0.16103342158460027,17.791199684143066,6.0,True,428,3551
2015-09-20-1458,2015-09-20,FUV1,17944135,18,82707,0.29824744739581216,17.791199684143066,6.0,True,473,370
2015-09-20-1459,2015-09-20,FUV1,17944135,18,82725,0.2958211473574746,17.791199684143066,6.0,True,535,1440
2015-09-20-1460,2015-09-20,FUV1,17944135,12,82743,0.19182297534819792,17.791199684143066,6.0,True,551,244
2015-09-20-1461,2015-09-20,FUV2,17944135,13,82755,0.31340340223776697,17.791199684143066,6.0,True,562,3583
2015-09-20-1462,2015-09-20,FUV2,17944135,13,82768,0.2068973473584591,17.791199684143066,6.0,True,568,3252
2015-09-20-1463,2015-09-20,FUV2,17944135,15,82781,0.30178803338145654,17.791199684143066,6.0,True,598,3178
2015-09-20-1464,2015-09-20,FUV2,17944135,14,82796,0.2655995708455112,17.791199684143066,6.0,True,648,3651
2015-09-20-1465,2015-09-20,FUV1,17944135,12,82810,0.13898884202220763,17.791199684143066,6.0,True,810,1348
2015-09-20-1466,2015-09-20,FUV2,17944135,16,82822,0.20067190289725942,17.791199684143066,6.0,True,826,3225
2015-09-20-1467,2015-09-20,FUV1,17944138,19,82838,0.29564944259766596,17.791199684143066,6.0,True,213,1732
2015-09-20-1468,2015-09-20,FUV2,17944138,15,82857,0.30379084789001043,17.791199684143066,6.0,True,264,3862
2015-09-20-1469,2015-09-20,FUV1,17944138,13,82872,0.26326472669023365,17.791199684143066,6.0,True,267,1778
2015-09-20-1470,2015-09-20,FUV2,17944138,15,82885,0.34201879706055527,17.791199684143066,6.0,True,286,4022
2015-09-20-1471,2015-09-20,FUV2,17944138,13,82900,0.1569471260478716,17.791199684143066,6.0,True,330,3856
2015-09-20-1472,2015-09-20,FUV2,17944138,12,82913,0.34829516970795144,17.791199684143066,6.0,True,373,3667
2015-09-20-1473,2015-09-20,FUV1,17944138,13,82925,0.25362024771664043,17.791199684143066,6.0,True,477,1335
2015-09-20-1474,2015-09-20,FUV1,17944138,22,82938,0.17465320037191964,17.791199684143066,6.0,True,549,1669
2015-09-20-1475,2015-09-20,FUV2,17944138,12,82960,0.021965002158568576,17.791199684143066,6.0,True,639,3662
2015-09-20-1476,2015-09-20,FUV2,17944138,14,82972,0.32830296552052096,17.791199684143066,6.0,True,641,3655
2015-09-20-1477,2015-09-20,FUV2,17944138,12,82986,0.33523774319264515,17.791199684143066,6.0,True,651,3943
2015-09-20-1478,2015-09-20,FUV2,17944138,19,82998,0.27537925356944976,17.791199684143066,6.0,True,752,3848
2015-09-20-1479,2015-09-20,FUV1,17944138,18,83017,0.14912416665121597,17.791199684143066,6.0,True,807,279
2015-09-20-1480,2015-09-20,FUV1,17944138,14,83035,0.04375327850513427,17.791199684143066,6.0,False,425,854
2015-09-20-1481,2015-09-20,FUV2,17944138,12,83049,-0.049964583695890484,17.791199684143066,6.0,True,872,2920
2015-09-20-1482,2015-09-20,FUV2,17944141,15,83061,0.008999024765303704,17.791199684143066,6.0,False,3575,306
2015-09-20-1483,2015-09-20,FUV2,17944141,12,83076,0.2961158655974114,17.791199684143066,6.0,True,335,2995
2015-09-20-1484,2015-09-20,FUV2,17944141,12,83088,-0.026110065927300394,17.791199684143066,6.0,True,489,4026
2015-09-20-1485,2015-09-20,FUV2,17944141,15,83100,0.3391667626836304,17.791199684143066,6.0,True,585,3990
2015-09-20-1486,2015-09-20,FUV1,17944141,15,83115,0.3235003046137943,17.791199684143066,6.0,True,642,1342
2015-09-20-1487,2015-09-20,FUV2,17944141,13,83130,-0.3062638764851835,17.791199684143066,6.0,True,675,3552
2015-09-20-1488,2015-09-20,FUV2,17944141,61,83143,-0.03181940259037891,17.791199684143066,6.0,True,726,3897
2015-09-20-1489,2015-09-20,FUV1,17944141,12,83204,0.3039741218677061,17.791199684143066,6.0,False,1730,773
2015-09-20-1490,2015-09-20,FUV2,17944144,16,83216,0.18273412754369336,17.791199684143066,6.0,True,210,3842
2015-09-20-1491,2015-09-20,FUV1,17944144,14,83232,0.2668098862978295,17.791199684143066,6.0,True,306,1797
2015-09-20-1492,2015-09-20,FUV2,17944144,17,83246,0.3159594000252523,17.791199684143066,6.0,True,315,3518
2015-09-20-1493,2015-09-20,FUV2,17944144,15,83263,0.2779458752169896,17.791199684143066,6.0,True,488,3784
2015-09-20-1494,2015-09-20,FUV2,17944144,12,83278,0.25110096052768216,17.791199684143066,6.0,True,552,3066
2015-09-20-1495,2015-09-20,FUV1,17944144,19,83290,0.26626108894541395,17.791199684143066,6.0,True,696,1313
2015-09-20-1496,2015-09-20,FUV1,17944144,13,83309,0.2086407600951958,17.791199684143066,6.0,True,711,400
2015-09-20-1497,2015-09-20,FUV1,17944147,12,83322,0.18700226321177355,17.791199684143066,6.0,True,202,243
2015-09-20-1498,2015-09-20,FUV1,17944147,19,83334,0.30396435331184596,17.791199684143066,6.0,True,218,1339
2015-09-20-1499,2015-09-20,FUV2,17944147,13,83353,0.30020075797181683,17.791199684143066,6.0,True,269,3518
2015-09-20-1500,2015-09-20,FUV1,17944147,13,83366,0.3056144052699885,17.791199684143066,6.0,True,374,1710
2015-09-20-1501,2015-09-20,FUV2,17944147,14,83379,0.14807383853401887,17.791199684143066,6.0,True,392,3152
2015-09-20-1502,2015-09-20,FUV2,17944147,14,83393,0.18489516455681312,17.791199684143066,6.0,True,485,3776
2015-09-20-1503,2015-09-20,FUV1,17944147,17,83407,0.13871459983303563,17.791199684143066,6.0,False,1433,572
2015-09-20-1504,2015-09-20,FUV2,17944147,18,83424,0.33708224051952307,17.791199684143066,6.0,True,606,3761
2015-09-20-1505,2015-09-20,FUV2,17944147,13,83442,0.26354295392537364,17.791199684143066,6.0,True,770,3624
2015-09-20-1506,2015-09-20,FUV1,17944147,13,83455,-0.017438110034638153,17.791199684143066,6.0,True,793,1268
2015-09-20-1507,2015-09-20,FUV2,17944147,17,83468,0.09159908794635965,17.791199684143066,6.0,True,833,2956
2015-09-20-1508,2015-09-20,FUV2,17944147,12,83485,0.33237596761446664,17.791199684143066,6.0,True,846,2976
2015-09-20-1509,2015-09-20,FUV1,17944147,12,83497,0.25263721845302206,17.791199684143066,6.0,True,896,414
2015-09-20-1510,2015-09-20,FUV2,17944150,12,83509,0.17826221510654583,17.791199684143066,6.0,False,4053,240
2015-09-20-1511,2015-09-20,FUV2,17944150,15,83521,0.1455369581947645,17.791199684143066,6.0,True,551,3747
2015-09-20-1512,2015-09-20,FUV1,17944150,16,83536,0.33442722227877364,17.791199684143066,6.0,True,603,1331
2015-09-20-1513,2015-09-20,FUV1,17944150,14,83552,0.2145063845261008,17.791199684143066,6.0,False,1268,670
2015-09-20-1514,2015-09-20,FUV2,17944150,16,83566,0.21421716823404285,17.791199684143066,6.0,True,672,4058
2015-09-20-1515,2015-09-20,FUV1,17944153,13,83582,0.11799341884934325,17.791199684143066,6.0,False,1907,253
2015-09-20-1516,2015-09-20,FUV1,17944153,14,83595,0.3383924221471438,17.791199684143066,6.0,True,349,135
2015-09-20-1517,2015-09-20,FUV2,17944153,19,83609,0.33886163166727423,17.791199684143066,6.0,True,442,4014
2015-09-20-1518,2015-09-20,FUV1,17944153,14,83628,0.3244451821432411,17.791199684143066,6.0,True,586,340
2015-09-20-1519,2015-09-20,FUV1,17944156,12,83642,0.3059205408208939,17.791199684143066,6.0,True,249,1752
2015-09-20-1520,2015-09-20,FUV2,17944156,12,83654,-0.035775210731542786,17.791199684143066,6.0,True,341,3227
2015-09-20-1521,2015-09-20,FUV1,17944156,26,83666,0.1636749800158428,17.791199684143066,6.0,True,370,349
2015-09-20-1522,2015-09-20,FUV1,17944156,16,83692,-0.2734750674691149,17.791199684143066,6.0,False,251,471
2015-09-20-1523,2015-09-20,FUV2,17944156,22,83708,-0.031010461139268333,17.791199684143066,6.0,False,2896,615
2015-09-20-1524,2015-09-20,FUV1,17944156,13,83730,0.1888780200960709,17.791199684143066,6.0,True,664,1324
2015-09-20-1525,2015-09-20,FUV2,17944156,18,83743,0.31258053173054606,17.791199684143066,6.0,False,3166,816
2015-09-20-1526,2015-09-20,FUV1,17944159,14,83761,0.32379920351295416,17.791199684143066,6.0,True,421,1372
2015-09-20-1527,2015-09-20,FUV2,17944159,12,83775,0.30118330959145856,17.791199684143066,6.0,True,868,3604
2015-09-20-1528,2015-09-20,FUV2,17944162,16,83787,0.30635392087045016,17.791199684143066,6.0,True,639,2999
2015-09-20-1529,2015-09-20,FUV1,17944165,13,83803,0.18098812118755284,17.791199684143066,6.0,True,367,1607
2015-09-20-1530,2015-09-20,FUV1,17944171,18,83816,0.12280343090270937,17.791199684143066,6.0,True,451,1336
2015-09-20-1531,2015-09-20,FUV2,17944174,16,83834,0.09185722766043784,17.791199684143066,6.0,True,359,3769
2015-09-20-1532,2015-09-20,FUV1,17944174,15,83850,0.3036592092401384,17.791199684143066,6.0,True,420,1678
2015-09-20-1533,2015-09-20,FUV2,17944174,15,83865,0.2435605575757921,17.791199684143066,6.0,True,437,3775
2015-09-20-1534,2015-09-20,FUV1,17944177,12,83880,0.3463098997204249,17.791199684143066,6.0,False,163,503
2015-09-20-1535,2015-09-20,FUV1,17944177,17,83892,0.20662734987809606,17.791199684143066,6.0,False,1745,773
2015-09-20-1536,2015-09-20,FUV2,17944177,13,83909,0.19727517147260631,17.791199684143066,6.0,True,783,2960
2015-09-20-1537,2015-09-20,FUV2,17944180,22,83922,-0.27351914981423814,17.791199684143066,6.0,False,3029,488
2015-09-20-1538,2015-09-20,FUV1,17944183,13,83944,0.13412194440665373,17.791199684143066,6.0,False,1337,213
2015-09-20-1539,2015-09-20,FUV1,17944183,12,83957,-0.1692325743591316,17.791199684143066,6.0,False,1460,252
2015-09-20-1540,2015-09-20,FUV2,17944183,20,83969,-0.22119774184489366,17.791199684143066,6.0,False,3895,623
2015-09-20-1541,2015-09-20,FUV1,17944186,12,83989,-0.2513632558717232,17.791199684143066,6.0,False,1600,454
2015-09-20-1542,2015-09-20,FUV2,17944186,13,84001,-0.10504578347975443,17.791199684143066,6.0,True,472,3609
2015-09-20-1543,2015-09-20,FUV2,17944186,14,84014,0.30264640625149397,17.791199684143066,6.0,True,874,3651
2015-09-20-1544,2015-09-20,FUV2,17944189,14,84028,-0.10993028969239485,17.791199684143066,6.0,True,304,3955
2015-09-20-1545,2015-09-20,FUV2,17944192,12,84042,-0.031987645688954305,17.791199684143066,6.0,False,3629,358
2015-09-20-1546,2015-09-20,FUV1,17944192,12,84054,-0.252002212375716,17.791199684143066,6.0,False,1632,495
2015-09-20-1547,2015-09-20,FUV2,17944192,13,84066,-0.06239508856061116,17.791199684143066,6.0,True,601,3671
2015-09-20-1548,2015-09-20,FUV2,17944192,14,84079,-0.14436931567609634,17.791199684143066,6.0,True,790,3653
2015-09-20-1549,2015-09-20,FUV2,17944195,28,84093,0.027755309640973457,17.791199684143066,6.0,False,2967,741
2015-09-20-1550,2015-09-20,FUV1,17944198,12,84121,-0.1289699105954847,17.791199684143066,6.0,False,1908,765
2015-09-20-1551,2015-09-20,FUV1,17944201,15,84133,-0.3287738247595068,17.791199684143066,6.0,False,1637,533
2015-09-20-1552,2015-09-20,FUV2,17944207,15,84148,0.026093252756705175,17.791199684143066,6.0,False,3049,659
2015-09-20-1553,2015-09-20,FUV1,17944213,13,84163,0.16658317526792182,17.791199684143066,6.0,False,1641,779
2015-09-20-1554,2015-09-20,FUV2,17944231,24,84176,0.19237554705419369,17.791199684143066,6.0,False,4025,407
2015-09-20-1555,2015-09-20,FUV1,17944234,15,84200,0.2062146427955586,17.791199684143066,6.0,False,169,753
2015-10-03-1,2015-10-03,SJI,18184581,12,84215,0.010998049484825669,26.6867995262146,18.0,False,701,346
2015-10-03-2,2015-10-03,SJI,18184581,12,84227,0.17921655055417302,26.6867995262146,18.0,True,780,300
2015-10-03-3,2015-10-03,SJI,18184603,12,84239,-0.01983209314287844,26.6867995262146,18.0,True,684,429
2015-10-03-4,2015-10-03,SJI,18184614,14,84251,0.08832952204943718,26.6867995262146,18.0,False,621,463
2015-10-03-5,2015-10-03,SJI,18184614,12,84265,0.06742827265043287,26.6867995262146,18.0,True,642,452
2015-10-03-6,2015-10-03,SJI,18184625,15,84277,0.03705344278674652,26.6867995262146,18.0,True,516,299
2015-10-03-7,2015-10-03,SJI,18184636,14,84292,0.12151344974444095,26.6867995262146,18.0,True,782,300
2015-10-03-8,2015-10-03,SJI,18184648,12,84306,0.08743578045127247,26.6867995262146,18.0,True,299,281
2015-10-03-9,2015-10-03,SJI,18184648,12,84318,-0.03849337927282189,26.6867995262146,18.0,False,712,346
2015-10-03-10,2015-10-03,SJI,18184670,15,84330,0.08283445943776585,26.6867995262146,18.0,False,650,419
2015-10-03-11,2015-10-03,SJI,18184670,13,84345,-0.13121561061731385,26.6867995262146,18.0,True,479,693
2015-10-03-12,2015-10-03,SJI,18184681,12,84358,0.004847709907983273,26.6867995262146,18.0,True,495,299
2015-10-03-13,2015-10-03,SJI,18184692,12,84370,-0.2930548295176471,26.6867995262146,18.0,True,415,696
2015-10-03-14,2015-10-03,SJI,18184692,12,84382,0.17517373136044553,26.6867995262146,18.0,True,642,453
2015-10-03-15,2015-10-03,SJI,18184692,13,84394,0.022856877306255487,26.6867995262146,18.0,True,674,393
2015-10-03-16,2015-10-03,SJI,18184703,15,84407,-0.08831891924678327,26.6867995262146,18.0,True,473,710
2015-10-03-17,2015-10-03,SJI,18184703,12,84422,0.0436735032778714,26.6867995262146,18.0,True,742,459
2015-10-03-18,2015-10-03,SJI,18184715,15,84434,-0.1161295284737272,26.6867995262146,18.0,True,270,634
2015-10-03-19,2015-10-03,SJI,18184715,25,84449,0.150270342866191,26.6867995262146,18.0,True,286,709
2015-10-03-20,2015-10-03,SJI,18184737,17,84474,-0.08541833918247692,26.6867995262146,18.0,True,360,669
2015-10-03-21,2015-10-03,SJI,18184748,13,84491,0.07455210732019973,26.6867995262146,18.0,True,738,459
2015-10-03-22,2015-10-03,SJI,18184759,12,84504,-0.0037707876871126244,26.6867995262146,18.0,True,737,459
2015-10-03-23,2015-10-03,SJI,18184782,12,84516,0.2543439056149659,26.6867995262146,18.0,False,692,420
2015-10-03-24,2015-10-03,SJI,18184804,12,84528,0.00426470757525102,26.6867995262146,18.0,True,787,299
2015-10-03-25,2015-10-03,SJI,18184815,14,84540,-0.02447665968615733,26.6867995262146,18.0,True,560,776
2015-10-03-26,2015-10-03,SJI,18184837,15,84554,0.13538664654688493,26.6867995262146,18.0,False,611,481
2015-10-03-27,2015-10-03,SJI,18184860,12,84569,-0.08741927501420176,26.6867995262146,18.0,False,612,417
2015-10-03-28,2015-10-03,SJI,18184860,12,84581,0.20627684343371763,26.6867995262146,18.0,False,598,471
2015-10-03-29,2015-10-03,SJI,18186289,12,84593,0.2274826296711675,26.6867995262146,18.0,True,525,306
2015-10-03-30,2015-10-03,SJI,18186345,17,84605,-0.26891364417341873,26.6867995262146,18.0,True,243,277
2015-10-03-31,2015-10-03,SJI,18186367,14,84622,-0.1315807985262614,26.6867995262146,18.0,True,252,279
2015-10-03-32,2015-10-03,SJI,18186378,12,84636,-0.23586999940504483,26.6867995262146,18.0,True,340,640
2015-10-03-33,2015-10-03,SJI,18186401,12,84648,-0.0017257789912539514,26.6867995262146,18.0,True,238,528
2015-10-03-34,2015-10-03,SJI,18186401,22,84660,0.0040778739440657736,26.6867995262146,18.0,True,256,638
2015-10-03-35,2015-10-03,SJI,18186412,14,84682,-0.014964027021972394,26.6867995262146,18.0,True,384,616
2015-10-03-36,2015-10-03,SJI,18186412,13,84696,0.10229982464266749,26.6867995262146,18.0,True,385,578
2015-10-03-37,2015-10-03,SJI,18186412,13,84709,0.14362294621031615,26.6867995262146,18.0,True,479,244
2015-10-03-38,2015-10-03,SJI,18186412,13,84722,-0.1749821100601149,26.6867995262146,18.0,True,484,698
2015-10-03-39,2015-10-03,SJI,18186412,15,84735,0.26900590129716434,26.6867995262146,18.0,True,618,449
2015-10-03-40,2015-10-03,SJI,18186412,13,84750,-0.004226466285443379,26.6867995262146,18.0,True,745,455
2015-10-03-41,2015-10-03,SJI,18186423,15,84763,0.263890260016535,26.6867995262146,18.0,True,231,590
2015-10-03-42,2015-10-03,SJI,18186423,12,84778,0.19746163476717687,26.6867995262146,18.0,True,277,523
2015-10-03-43,2015-10-03,SJI,18186423,13,84790,-0.2269119217500026,26.6867995262146,18.0,True,537,289
2015-10-03-44,2015-10-03,SJI,18186423,13,84803,0.1977360452815804,26.6867995262146,18.0,True,741,454
2015-10-03-45,2015-10-03,SJI,18186445,18,84816,0.30147090011589395,26.6867995262146,18.0,True,652,776
2015-10-03-46,2015-10-03,SJI,18186468,21,84834,0.061991081039173085,26.6867995262146,18.0,True,783,377
2015-10-03-47,2015-10-03,SJI,18186546,12,84855,0.038786953303112943,26.6867995262146,18.0,True,831,399
2015-10-03-48,2015-10-03,FUV1,18184571,12,84867,0.018287588683483822,17.791199684143066,6.0,False,1866,426
2015-10-03-49,2015-10-03,FUV1,18184577,16,84879,0.03259299644768821,17.791199684143066,6.0,False,1863,425
2015-10-03-50,2015-10-03,FUV1,18184583,26,84895,-0.004941446063558445,17.791199684143066,6.0,False,367,424
2015-10-03-51,2015-10-03,FUV1,18184583,12,84921,0.0411532273871636,17.791199684143066,6.0,False,1863,425
2015-10-03-52,2015-10-03,FUV1,18184588,16,84933,-0.008293461771785735,17.791199684143066,6.0,False,367,424
2015-10-03-53,2015-10-03,FUV2,18184602,32,84949,0.1959490336452679,17.791199684143066,6.0,False,3184,626
2015-10-03-54,2015-10-03,FUV1,18184616,12,84981,-0.013543742254815281,17.791199684143066,6.0,False,262,457
2015-10-03-55,2015-10-03,FUV1,18184621,24,84993,-0.003915553713873936,17.791199684143066,6.0,False,367,438
2015-10-03-56,2015-10-03,FUV1,18184627,15,85017,-0.24382558040266022,17.791199684143066,6.0,True,690,1362
2015-10-03-57,2015-10-03,FUV1,18184632,13,85032,0.007259682148085438,17.791199684143066,6.0,False,367,438
2015-10-03-58,2015-10-03,FUV1,18184635,14,85045,-0.022818880470795885,17.791199684143066,6.0,True,200,1435
2015-10-03-59,2015-10-03,FUV1,18184635,22,85059,-0.276533995712101,17.791199684143066,6.0,True,402,1799
2015-10-03-60,2015-10-03,FUV1,18184638,21,85081,0.008477736041622977,17.791199684143066,6.0,False,367,438
2015-10-03-61,2015-10-03,FUV1,18184653,20,85102,-0.3122489864243347,17.791199684143066,6.0,True,563,145
2015-10-03-62,2015-10-03,FUV1,18184655,16,85122,-0.09018127574194187,17.791199684143066,6.0,True,712,264
2015-10-03-63,2015-10-03,FUV1,18184658,19,85138,-0.1591247648683471,17.791199684143066,6.0,True,361,1434
2015-10-03-64,2015-10-03,FUV1,18184658,13,85157,-0.20467559243439232,17.791199684143066,6.0,True,371,274
2015-10-03-65,2015-10-03,FUV1,18184658,31,85170,-0.07985443153487785,17.791199684143066,6.0,True,737,1417
2015-10-03-66,2015-10-03,FUV1,18184658,22,85201,-0.14446880511711047,17.791199684143066,6.0,True,784,1291
2015-10-03-67,2015-10-03,FUV1,18184658,21,85223,-0.19980504159692894,17.791199684143066,6.0,True,825,1904
2015-10-03-68,2015-10-03,FUV1,18184661,16,85244,-0.026727202367917976,17.791199684143066,6.0,True,548,1712
2015-10-03-69,2015-10-03,FUV1,18184661,12,85260,-0.2895263903263449,17.791199684143066,6.0,True,684,1913
2015-10-03-70,2015-10-03,FUV1,18184664,15,85272,-0.18347938003516642,17.791199684143066,6.0,True,743,1875
2015-10-03-71,2015-10-03,FUV1,18184666,13,85287,-0.3432971724409113,17.791199684143066,6.0,True,560,1715
2015-10-03-72,2015-10-03,FUV2,18184666,14,85300,0.05296738384461743,17.791199684143066,6.0,True,815,3169
2015-10-03-73,2015-10-03,FUV1,18184669,27,85314,-0.21543070670531808,17.791199684143066,6.0,True,291,1422
2015-10-03-74,2015-10-03,FUV2,18184672,12,85341,0.24495638177805182,17.791199684143066,6.0,True,302,3173
2015-10-03-75,2015-10-03,FUV1,18184672,23,85353,-0.10972735833577177,17.791199684143066,6.0,True,416,1396
2015-10-03-76,2015-10-03,FUV1,18184672,12,85376,-0.09555683995720347,17.791199684143066,6.0,True,424,1872
2015-10-03-77,2015-10-03,FUV1,18184672,16,85388,-0.01662884741263676,17.791199684143066,6.0,False,367,436
2015-10-03-78,2015-10-03,FUV1,18184672,14,85404,-0.10104777261101658,17.791199684143066,6.0,True,456,174
2015-10-03-79,2015-10-03,FUV1,18184672,16,85418,-0.20722079815172542,17.791199684143066,6.0,True,555,1405
2015-10-03-80,2015-10-03,FUV1,18184672,13,85434,0.010773873078592473,17.791199684143066,6.0,True,672,140
2015-10-03-81,2015-10-03,FUV1,18184672,16,85447,-0.1554619252950501,17.791199684143066,6.0,True,763,398
2015-10-03-82,2015-10-03,FUV1,18184672,13,85463,-0.3461386952362788,17.791199684143066,6.0,False,178,879
2015-10-03-83,2015-10-03,FUV2,18184675,15,85476,-0.2679018823959132,17.791199684143066,6.0,True,269,3264
2015-10-03-84,2015-10-03,FUV1,18184675,16,85491,-0.27043237132006115,17.791199684143066,6.0,True,449,1695
2015-10-03-85,2015-10-03,FUV2,18184675,18,85507,-0.19532644974374386,17.791199684143066,6.0,True,625,2936
2015-10-03-86,2015-10-03,FUV1,18184675,16,85525,-0.2785685838407887,17.791199684143066,6.0,True,838,1826
2015-10-03-87,2015-10-03,FUV1,18184675,12,85541,-0.030864364930261023,17.791199684143066,6.0,True,864,395
2015-10-03-88,2015-10-03,FUV1,18184677,13,85553,0.01283208543262388,17.791199684143066,6.0,False,261,455
2015-10-03-89,2015-10-03,FUV2,18184677,14,85566,-0.12898427947836708,17.791199684143066,6.0,True,462,3633
2015-10-03-90,2015-10-03,FUV2,18184677,14,85580,-0.23388976771428338,17.791199684143066,6.0,True,490,3241
2015-10-03-91,2015-10-03,FUV1,18184677,20,85594,-0.0037955193063009007,17.791199684143066,6.0,True,746,1426
2015-10-03-92,2015-10-03,FUV2,18184677,14,85614,-0.2990690634905971,17.791199684143066,6.0,True,868,3211
2015-10-03-93,2015-10-03,FUV2,18184680,12,85628,-0.2073778136793217,17.791199684143066,6.0,True,287,3003
2015-10-03-94,2015-10-03,FUV1,18184680,17,85640,0.012396862360691294,17.791199684143066,6.0,True,295,1857
2015-10-03-95,2015-10-03,FUV1,18184680,17,85657,0.31373739907853726,17.791199684143066,6.0,True,371,1766
2015-10-03-96,2015-10-03,FUV1,18184680,12,85674,-0.32152843270227677,17.791199684143066,6.0,True,373,1904
2015-10-03-97,2015-10-03,FUV1,18184680,17,85686,-0.344170110846355,17.791199684143066,6.0,True,627,1710
2015-10-03-98,2015-10-03,FUV1,18184680,17,85703,-0.1124898217107413,17.791199684143066,6.0,True,637,1634
2015-10-03-99,2015-10-03,FUV2,18184680,18,85720,-0.24690349447223275,17.791199684143066,6.0,True,694,2944
2015-10-03-100,2015-10-03,FUV2,18184680,12,85738,-0.02333400727658269,17.791199684143066,6.0,True,731,3201
2015-10-03-101,2015-10-03,FUV1,18184680,18,85750,-0.16182955115844166,17.791199684143066,6.0,True,825,1292
2015-10-03-102,2015-10-03,FUV2,18184683,13,85768,-0.1386694008452529,17.791199684143066,6.0,True,205,3923
2015-10-03-103,2015-10-03,FUV2,18184683,14,85781,-0.15218137468999723,17.791199684143066,6.0,True,443,3009
2015-10-03-104,2015-10-03,FUV1,18184683,14,85795,-0.21896476561993475,17.791199684143066,6.0,True,481,389
2015-10-03-105,2015-10-03,FUV2,18184683,13,85809,-0.08719698819149928,17.791199684143066,6.0,True,528,2941
2015-10-03-106,2015-10-03,FUV2,18184683,15,85822,-0.2943113546710025,17.791199684143066,6.0,True,532,3623
2015-10-03-107,2015-10-03,FUV1,18184683,13,85837,-0.06931983654395805,17.791199684143066,6.0,True,567,138
2015-10-03-108,2015-10-03,FUV1,18184683,13,85850,-0.11961563114816585,17.791199684143066,6.0,True,607,1836
2015-10-03-109,2015-10-03,FUV2,18184683,13,85863,-0.2119946329897423,17.791199684143066,6.0,True,646,3218
2015-10-03-110,2015-10-03,FUV1,18184683,16,85876,-0.17912045788698142,17.791199684143066,6.0,True,719,1462
2015-10-03-111,2015-10-03,FUV1,18184683,13,85892,0.05715367585512079,17.791199684143066,6.0,True,787,254
2015-10-03-112,2015-10-03,FUV1,18184683,16,85905,-0.0030180424094844436,17.791199684143066,6.0,True,887,362
2015-10-03-113,2015-10-03,FUV2,18184686,66,85921,0.04417927169970643,17.791199684143066,6.0,True,188,3910
2015-10-03-114,2015-10-03,FUV2,18184686,16,85987,-0.08540964077861121,17.791199684143066,6.0,True,311,3180
2015-10-03-115,2015-10-03,FUV1,18184686,19,86003,-0.324162399480992,17.791199684143066,6.0,True,347,1757
2015-10-03-116,2015-10-03,FUV1,18184686,28,86022,-0.12736924872176117,17.791199684143066,6.0,True,486,432
2015-10-03-117,2015-10-03,FUV1,18184686,26,86050,0.04427872021474689,17.791199684143066,6.0,True,537,1258
2015-10-03-118,2015-10-03,FUV1,18184686,22,86076,-0.1387648325795525,17.791199684143066,6.0,True,571,394
2015-10-03-119,2015-10-03,FUV1,18184686,16,86098,-0.026109760032537326,17.791199684143066,6.0,True,581,369
2015-10-03-120,2015-10-03,FUV1,18184686,13,86114,-0.24425768642750423,17.791199684143066,6.0,True,584,1726
2015-10-03-121,2015-10-03,FUV1,18184686,13,86127,0.009994999496495299,17.791199684143066,6.0,True,630,1456
2015-10-03-122,2015-10-03,FUV1,18184686,24,86140,-0.025625329232743122,17.791199684143066,6.0,True,789,1656
2015-10-03-123,2015-10-03,FUV2,18184688,16,86164,0.002918434347019281,17.791199684143066,6.0,True,254,3171
2015-10-03-124,2015-10-03,FUV1,18184688,15,86180,-0.2642058095099429,17.791199684143066,6.0,True,324,1360
2015-10-03-125,2015-10-03,FUV1,18184688,16,86195,-0.12563277145867896,17.791199684143066,6.0,True,395,1663
2015-10-03-126,2015-10-03,FUV2,18184688,16,86211,-0.24265262945828545,17.791199684143066,6.0,True,416,3507
2015-10-03-127,2015-10-03,FUV1,18184688,30,86227,-0.12035445419118705,17.791199684143066,6.0,True,654,173
2015-10-03-128,2015-10-03,FUV1,18184688,19,86257,-0.14047031234480645,17.791199684143066,6.0,True,784,1616
2015-10-03-129,2015-10-03,FUV2,18184691,15,86276,-0.25466441681687707,17.791199684143066,6.0,True,188,3622
2015-10-03-130,2015-10-03,FUV1,18184691,13,86291,-0.2829581689381588,17.791199684143066,6.0,True,347,1329
2015-10-03-131,2015-10-03,FUV1,18184691,23,86304,-0.19076723523044475,17.791199684143066,6.0,True,360,164
2015-10-03-132,2015-10-03,FUV2,18184691,16,86327,0.08981845641476416,17.791199684143066,6.0,True,368,2904
2015-10-03-133,2015-10-03,FUV2,18184691,13,86343,-0.23403351510337503,17.791199684143066,6.0,True,370,3224
2015-10-03-134,2015-10-03,FUV1,18184691,15,86356,-0.2964505820149619,17.791199684143066,6.0,True,592,1820
2015-10-03-135,2015-10-03,FUV1,18184691,13,86371,-0.19008184115719778,17.791199684143066,6.0,True,694,1289
2015-10-03-136,2015-10-03,FUV1,18184691,15,86384,-0.3469120726307179,17.791199684143066,6.0,True,707,262
2015-10-03-137,2015-10-03,FUV1,18184691,15,86399,0.0129454901924238,17.791199684143066,6.0,True,893,359
2015-10-03-138,2015-10-03,FUV1,18184694,15,86414,-0.09900567083025086,17.791199684143066,6.0,True,188,163
2015-10-03-139,2015-10-03,FUV1,18184694,13,86429,-0.1549668401530045,17.791199684143066,6.0,True,225,1745
2015-10-03-140,2015-10-03,FUV2,18184694,17,86442,0.02705880528897291,17.791199684143066,6.0,True,295,3014
2015-10-03-141,2015-10-03,FUV2,18184694,20,86459,-0.09709636037393436,17.791199684143066,6.0,True,384,2934
2015-10-03-142,2015-10-03,FUV1,18184694,15,86479,-0.11038963079423601,17.791199684143066,6.0,True,387,1335
2015-10-03-143,2015-10-03,FUV1,18184694,16,86494,0.028989635917000503,17.791199684143066,6.0,True,441,1402
2015-10-03-144,2015-10-03,FUV2,18184694,12,86510,-0.096590643942025,17.791199684143066,6.0,True,447,3928
2015-10-03-145,2015-10-03,FUV1,18184694,17,86522,0.0794770021320139,17.791199684143066,6.0,True,516,1879
2015-10-03-146,2015-10-03,FUV1,18184694,14,86539,-0.29505592476166453,17.791199684143066,6.0,True,551,393
2015-10-03-147,2015-10-03,FUV2,18184694,25,86553,-0.19821861396635465,17.791199684143066,6.0,True,574,3619
2015-10-03-148,2015-10-03,FUV1,18184694,12,86578,-0.10599222364150392,17.791199684143066,6.0,True,651,1760
2015-10-03-149,2015-10-03,FUV2,18184694,13,86590,-0.004524199293441658,17.791199684143066,6.0,True,751,2956
2015-10-03-150,2015-10-03,FUV2,18184694,16,86603,-0.17505118049005816,17.791199684143066,6.0,True,784,3003
2015-10-03-151,2015-10-03,FUV1,18184694,17,86619,-0.1506608999790966,17.791199684143066,6.0,True,815,1773
2015-10-03-152,2015-10-03,FUV2,18184694,15,86636,-0.17642553287360677,17.791199684143066,6.0,True,827,3232
2015-10-03-153,2015-10-03,FUV1,18184694,13,86651,-0.1402379489412569,17.791199684143066,6.0,True,879,416
2015-10-03-154,2015-10-03,FUV1,18184694,14,86664,0.03634768028645359,17.791199684143066,6.0,True,890,1752
2015-10-03-155,2015-10-03,FUV2,18184697,12,86678,0.019744509239687166,17.791199684143066,6.0,True,188,3013
2015-10-03-156,2015-10-03,FUV1,18184697,16,86690,-0.3363895722757935,17.791199684143066,6.0,True,252,1651
2015-10-03-157,2015-10-03,FUV1,18184697,13,86706,-0.12146239621112646,17.791199684143066,6.0,True,276,1655
2015-10-03-158,2015-10-03,FUV2,18184697,18,86719,-0.19389412682513585,17.791199684143066,6.0,True,278,3930
2015-10-03-159,2015-10-03,FUV1,18184697,12,86737,0.041663867081211475,17.791199684143066,6.0,True,314,392
2015-10-03-160,2015-10-03,FUV2,18184697,15,86749,-0.07927817636031494,17.791199684143066,6.0,True,322,3538
2015-10-03-161,2015-10-03,FUV2,18184697,12,86764,-0.09114598421348481,17.791199684143066,6.0,True,458,3193
2015-10-03-162,2015-10-03,FUV1,18184697,13,86776,-0.1266208385110421,17.791199684143066,6.0,True,471,406
2015-10-03-163,2015-10-03,FUV1,18184697,12,86789,-0.233810564451383,17.791199684143066,6.0,True,494,1866
2015-10-03-164,2015-10-03,FUV2,18184697,15,86801,-0.11088503808221278,17.791199684143066,6.0,True,654,3004
2015-10-03-165,2015-10-03,FUV1,18184697,13,86816,-0.03066633705859373,17.791199684143066,6.0,True,655,1754
2015-10-03-166,2015-10-03,FUV2,18184697,22,86829,-0.10235114369907794,17.791199684143066,6.0,True,761,3009
2015-10-03-167,2015-10-03,FUV2,18184697,19,86851,0.1739244446810001,17.791199684143066,6.0,True,854,3240
2015-10-03-168,2015-10-03,FUV1,18184697,37,86870,0.0068179688467990785,17.791199684143066,6.0,True,871,1364
2015-10-03-169,2015-10-03,FUV2,18184697,17,86907,0.003150110168981753,17.791199684143066,6.0,True,878,3547
2015-10-03-170,2015-10-03,FUV2,18184697,15,86924,0.15864437443042295,17.791199684143066,6.0,True,891,3227
2015-10-03-171,2015-10-03,FUV2,18184699,12,86939,-0.017394473434854202,17.791199684143066,6.0,True,188,3176
2015-10-03-172,2015-10-03,FUV2,18184699,22,86951,-0.09928866215684881,17.791199684143066,6.0,True,238,2918
2015-10-03-173,2015-10-03,FUV2,18184699,15,86973,-0.10290078700239066,17.791199684143066,6.0,True,345,3516
2015-10-03-174,2015-10-03,FUV1,18184699,23,86988,-0.12553189721017277,17.791199684143066,6.0,True,375,397
2015-10-03-175,2015-10-03,FUV1,18184699,16,87011,0.09934913266055796,17.791199684143066,6.0,False,394,455
2015-10-03-176,2015-10-03,FUV1,18184699,33,87027,-0.031173456232857305,17.791199684143066,6.0,True,498,1410
2015-10-03-177,2015-10-03,FUV1,18184699,13,87060,-0.22070246325768456,17.791199684143066,6.0,True,713,1759
2015-10-03-178,2015-10-03,FUV1,18184699,13,87073,0.06600405714166103,17.791199684143066,6.0,True,789,1717
2015-10-03-179,2015-10-03,FUV2,18184699,13,87086,0.023524312462863562,17.791199684143066,6.0,True,806,3265
2015-10-03-180,2015-10-03,FUV2,18184699,16,87099,-0.1659643220632507,17.791199684143066,6.0,True,817,3243
2015-10-03-181,2015-10-03,FUV2,18184699,16,87115,-0.08485322539624991,17.791199684143066,6.0,True,825,3725
2015-10-03-182,2015-10-03,FUV1,18184702,16,87131,-0.12955280584783335,17.791199684143066,6.0,True,238,1608
2015-10-03-183,2015-10-03,FUV1,18184702,17,87147,-0.09350830390273804,17.791199684143066,6.0,True,256,1821
2015-10-03-184,2015-10-03,FUV1,18184702,13,87164,-0.08981839383282701,17.791199684143066,6.0,True,274,1366
2015-10-03-185,2015-10-03,FUV2,18184702,12,87177,0.1944943203914527,17.791199684143066,6.0,True,357,3638
2015-10-03-186,2015-10-03,FUV1,18184702,16,87189,0.11684414501568939,17.791199684143066,6.0,True,369,1658
2015-10-03-187,2015-10-03,FUV1,18184702,17,87205,-0.1244441243636623,17.791199684143066,6.0,True,388,121
2015-10-03-188,2015-10-03,FUV2,18184702,12,87222,-0.2243309539290249,17.791199684143066,6.0,True,691,2959
2015-10-03-189,2015-10-03,FUV2,18184702,12,87234,0.10180850054205488,17.791199684143066,6.0,True,692,2990
2015-10-03-190,2015-10-03,FUV1,18184702,17,87246,-0.15961800707192123,17.791199684143066,6.0,True,837,435
2015-10-03-191,2015-10-03,FUV2,18184702,23,87263,-0.11296113626151547,17.791199684143066,6.0,True,854,3930
2015-10-03-192,2015-10-03,FUV2,18184702,21,87286,-0.3109783806835597,17.791199684143066,6.0,True,866,2906
2015-10-03-193,2015-10-03,FUV2,18184702,17,87307,0.12255088413334267,17.791199684143066,6.0,True,883,3510
2015-10-03-194,2015-10-03,FUV1,18184705,15,87324,-0.04599017815331988,17.791199684143066,6.0,True,311,1382
2015-10-03-195,2015-10-03,FUV2,18184705,12,87339,-0.10056764622040934,17.791199684143066,6.0,True,335,3239
2015-10-03-196,2015-10-03,FUV2,18184705,13,87351,-0.04838910188082201,17.791199684143066,6.0,True,350,3247
2015-10-03-197,2015-10-03,FUV1,18184705,13,87364,-0.15311686426086488,17.791199684143066,6.0,True,370,1336
2015-10-03-198,2015-10-03,FUV1,18184705,18,87377,-0.16197751496014853,17.791199684143066,6.0,True,383,1744
2015-10-03-199,2015-10-03,FUV2,18184705,13,87395,0.09950271519500731,17.791199684143066,6.0,True,407,3933
2015-10-03-200,2015-10-03,FUV1,18184705,12,87408,0.009978064487626344,17.791199684143066,6.0,True,512,1782
2015-10-03-201,2015-10-03,FUV1,18184705,13,87420,-0.16939162593196846,17.791199684143066,6.0,True,521,1740
2015-10-03-202,2015-10-03,FUV1,18184705,12,87433,-0.05621730957652175,17.791199684143066,6.0,True,531,1706
2015-10-03-203,2015-10-03,FUV1,18184705,21,87445,-0.014860270576029682,17.791199684143066,6.0,True,569,379
2015-10-03-204,2015-10-03,FUV1,18184705,44,87466,0.017842773588807183,17.791199684143066,6.0,True,649,1397
2015-10-03-205,2015-10-03,FUV2,18184705,26,87510,-0.05496344720723514,17.791199684143066,6.0,True,769,2943
2015-10-03-206,2015-10-03,FUV1,18184705,20,87536,-0.09782462180502281,17.791199684143066,6.0,True,794,1605
2015-10-03-207,2015-10-03,FUV2,18184705,12,87556,-0.027596945330631638,17.791199684143066,6.0,True,822,3012
2015-10-03-208,2015-10-03,FUV1,18184708,28,87568,-0.1823585127715288,17.791199684143066,6.0,True,206,1444
2015-10-03-209,2015-10-03,FUV1,18184708,13,87596,-0.2023967178497097,17.791199684143066,6.0,True,221,1350
2015-10-03-210,2015-10-03,FUV2,18184708,15,87609,0.04281146470268145,17.791199684143066,6.0,True,223,3000
2015-10-03-211,2015-10-03,FUV1,18184708,40,87624,0.029314129220975167,17.791199684143066,6.0,True,316,1728
2015-10-03-212,2015-10-03,FUV1,18184708,37,87664,0.03800755348117834,17.791199684143066,6.0,True,387,1634
2015-10-03-213,2015-10-03,FUV1,18184708,12,87701,-0.0067862257670997595,17.791199684143066,6.0,True,397,124
2015-10-03-214,2015-10-03,FUV1,18184708,29,87713,-0.07448682227971411,17.791199684143066,6.0,True,409,1396
2015-10-03-215,2015-10-03,FUV1,18184708,13,87742,-0.11498401058999937,17.791199684143066,6.0,True,422,1664
2015-10-03-216,2015-10-03,FUV1,18184708,13,87755,-0.19427164991710777,17.791199684143066,6.0,True,435,1753
2015-10-03-217,2015-10-03,FUV2,18184708,12,87768,-0.04219163097309075,17.791199684143066,6.0,True,448,3237
2015-10-03-218,2015-10-03,FUV2,18184708,22,87780,0.09176615472778436,17.791199684143066,6.0,True,465,3637
2015-10-03-219,2015-10-03,FUV2,18184708,27,87802,0.03553301250686067,17.791199684143066,6.0,True,660,3527
2015-10-03-220,2015-10-03,FUV2,18184708,14,87829,-0.15416490290072554,17.791199684143066,6.0,True,702,2904
2015-10-03-221,2015-10-03,FUV1,18184708,20,87843,-0.055441644834055975,17.791199684143066,6.0,True,775,419
2015-10-03-222,2015-10-03,FUV1,18184708,20,87863,-0.045984532821927535,17.791199684143066,6.0,True,785,1770
2015-10-03-223,2015-10-03,FUV1,18184708,15,87883,-0.007580150630636077,17.791199684143066,6.0,True,820,1828
2015-10-03-224,2015-10-03,FUV1,18184708,27,87898,-0.06974210759654995,17.791199684143066,6.0,True,857,121
2015-10-03-225,2015-10-03,FUV1,18184708,13,87925,-0.1019199495718417,17.791199684143066,6.0,True,877,434
2015-10-03-226,2015-10-03,FUV1,18184708,17,87938,-0.3386463777425641,17.791199684143066,6.0,True,891,1739
2015-10-03-227,2015-10-03,FUV1,18184711,12,87955,-0.009135020736238897,17.791199684143066,6.0,True,188,1257
2015-10-03-228,2015-10-03,FUV1,18184711,17,87967,-0.1762504972920308,17.791199684143066,6.0,True,188,1752
2015-10-03-229,2015-10-03,FUV1,18184711,22,87984,-0.18906641056399326,17.791199684143066,6.0,True,371,187
2015-10-03-230,2015-10-03,FUV2,18184711,12,88006,0.07191092824677454,17.791199684143066,6.0,True,402,2939
2015-10-03-231,2015-10-03,FUV1,18184711,15,88018,0.13625616901464502,17.791199684143066,6.0,True,437,1725
2015-10-03-232,2015-10-03,FUV2,18184711,13,88033,0.10480624005726707,17.791199684143066,6.0,True,482,2915
2015-10-03-233,2015-10-03,FUV1,18184711,13,88046,0.016766639938616143,17.791199684143066,6.0,True,497,1747
2015-10-03-234,2015-10-03,FUV1,18184711,12,88059,-0.015384906756611973,17.791199684143066,6.0,True,742,1279
2015-10-03-235,2015-10-03,FUV1,18184711,18,88071,-0.08378341222831308,17.791199684143066,6.0,True,848,1819
2015-10-03-236,2015-10-03,FUV1,18184711,16,88089,0.11351395078784077,17.791199684143066,6.0,True,884,1603
2015-10-03-237,2015-10-03,FUV2,18184714,12,88105,-0.026645210569970837,17.791199684143066,6.0,True,188,3636
2015-10-03-238,2015-10-03,FUV1,18184714,27,88117,-0.1180176737260587,17.791199684143066,6.0,True,295,1253
2015-10-03-239,2015-10-03,FUV2,18184714,14,88144,-0.23484359445506384,17.791199684143066,6.0,True,318,3930
2015-10-03-240,2015-10-03,FUV1,18184714,19,88158,-0.09506370831970719,17.791199684143066,6.0,True,356,1804
2015-10-03-241,2015-10-03,FUV2,18184714,20,88177,0.02227805858510966,17.791199684143066,6.0,True,404,3510
2015-10-03-242,2015-10-03,FUV2,18184714,16,88197,0.2563573507306839,17.791199684143066,6.0,False,3518,437
2015-10-03-243,2015-10-03,FUV1,18184714,14,88213,0.008859230076869489,17.791199684143066,6.0,True,458,1738
2015-10-03-244,2015-10-03,FUV1,18184714,22,88227,-0.2653545569238303,17.791199684143066,6.0,True,550,1715
2015-10-03-245,2015-10-03,FUV1,18184714,20,88249,0.0385506307765883,17.791199684143066,6.0,True,655,1914
2015-10-03-246,2015-10-03,FUV1,18184714,12,88269,-0.19772288494532497,17.791199684143066,6.0,True,721,1396
2015-10-03-247,2015-10-03,FUV1,18184714,29,88281,-0.18287945835068045,17.791199684143066,6.0,True,722,365
2015-10-03-248,2015-10-03,FUV1,18184714,16,88310,-0.08827601569239922,17.791199684143066,6.0,True,741,373
2015-10-03-249,2015-10-03,FUV2,18184714,47,88326,-0.04311966027874154,17.791199684143066,6.0,True,781,2937
2015-10-03-250,2015-10-03,FUV2,18184714,18,88373,0.050929361806807995,17.791199684143066,6.0,True,802,3231
2015-10-03-251,2015-10-03,FUV2,18184714,13,88391,0.02137063992200949,17.791199684143066,6.0,True,873,3249
2015-10-03-252,2015-10-03,FUV1,18184714,16,88404,-0.13286084636853582,17.791199684143066,6.0,True,890,1737
2015-10-03-253,2015-10-03,FUV2,18184717,16,88420,0.008425115079705657,17.791199684143066,6.0,True,201,3275
2015-10-03-254,2015-10-03,FUV2,18184717,14,88436,0.03852087436389598,17.791199684143066,6.0,True,221,3532
2015-10-03-255,2015-10-03,FUV2,18184717,13,88450,-0.006836280842407164,17.791199684143066,6.0,True,277,3641
2015-10-03-256,2015-10-03,FUV2,18184717,14,88463,-0.2233937452922465,17.791199684143066,6.0,True,356,2937
2015-10-03-257,2015-10-03,FUV1,18184717,19,88477,-0.23729499770857432,17.791199684143066,6.0,True,357,1604
2015-10-03-258,2015-10-03,FUV2,18184717,17,88496,-0.07922414773894296,17.791199684143066,6.0,True,367,3232
2015-10-03-259,2015-10-03,FUV1,18184717,17,88513,-0.07357726518810168,17.791199684143066,6.0,True,372,1313
2015-10-03-260,2015-10-03,FUV1,18184717,12,88530,-0.10162684424122916,17.791199684143066,6.0,True,468,270
2015-10-03-261,2015-10-03,FUV2,18184717,16,88542,-0.26599488870416516,17.791199684143066,6.0,False,3185,574
2015-10-03-262,2015-10-03,FUV1,18184717,16,88558,0.11762858633914731,17.791199684143066,6.0,True,621,371
2015-10-03-263,2015-10-03,FUV2,18184717,13,88574,0.1560860073970708,17.791199684143066,6.0,True,646,3269
2015-10-03-264,2015-10-03,FUV2,18184717,20,88587,-0.08630648134916868,17.791199684143066,6.0,True,661,3533
2015-10-03-265,2015-10-03,FUV2,18184717,30,88607,0.03775278151578393,17.791199684143066,6.0,True,750,3546
2015-10-03-266,2015-10-03,FUV2,18184717,23,88637,0.0162368582588779,17.791199684143066,6.0,True,801,3898
2015-10-03-267,2015-10-03,FUV1,18184717,15,88660,-0.14637082651980438,17.791199684143066,6.0,True,867,1319
2015-10-03-268,2015-10-03,FUV1,18184720,25,88675,-0.11854920155807548,17.791199684143066,6.0,True,190,1641
2015-10-03-269,2015-10-03,FUV1,18184720,16,88700,0.1985495369755356,17.791199684143066,6.0,True,254,1297
2015-10-03-270,2015-10-03,FUV1,18184720,12,88716,-0.10426711354964623,17.791199684143066,6.0,True,305,1335
2015-10-03-271,2015-10-03,FUV1,18184720,13,88728,-3.5699990500147764e-14,17.791199684143066,6.0,True,319,1752
2015-10-03-272,2015-10-03,FUV1,18184720,13,88741,0.04463858587271338,17.791199684143066,6.0,True,476,1764
2015-10-03-273,2015-10-03,FUV1,18184720,17,88754,-0.062641423551288,17.791199684143066,6.0,True,548,361
2015-10-03-274,2015-10-03,FUV1,18184720,24,88771,-0.04547328621954044,17.791199684143066,6.0,True,564,1619
2015-10-03-275,2015-10-03,FUV2,18184720,21,88795,-0.056583852505859955,17.791199684143066,6.0,True,578,3201
2015-10-03-276,2015-10-03,FUV1,18184720,15,88816,-0.1562058529521086,17.791199684143066,6.0,True,632,1456
2015-10-03-277,2015-10-03,FUV2,18184720,14,88831,-0.024167611005804928,17.791199684143066,6.0,True,703,3019
2015-10-03-278,2015-10-03,FUV1,18184720,30,88845,0.07540053741930727,17.791199684143066,6.0,True,878,1895
2015-10-03-279,2015-10-03,FUV1,18184720,17,88875,0.03648965446254038,17.791199684143066,6.0,True,891,1288
2015-10-03-280,2015-10-03,FUV2,18184722,32,88892,0.13120008814480896,17.791199684143066,6.0,True,193,3507
2015-10-03-281,2015-10-03,FUV1,18184722,13,88924,0.01921533511003801,17.791199684143066,6.0,True,195,409
2015-10-03-282,2015-10-03,FUV2,18184722,14,88937,-0.02492102610207705,17.791199684143066,6.0,True,203,3187
2015-10-03-283,2015-10-03,FUV1,18184722,14,88951,0.1048686471844839,17.791199684143066,6.0,True,211,410
2015-10-03-284,2015-10-03,FUV1,18184722,12,88965,0.06609225050090309,17.791199684143066,6.0,True,235,1332
2015-10-03-285,2015-10-03,FUV1,18184722,42,88977,0.13408774048594715,17.791199684143066,6.0,True,298,1361
2015-10-03-286,2015-10-03,FUV2,18184722,15,89019,0.2227647704654628,17.791199684143066,6.0,True,300,3196
2015-10-03-287,2015-10-03,FUV1,18184722,12,89034,0.0921347827572448,17.791199684143066,6.0,True,303,1676
2015-10-03-288,2015-10-03,FUV2,18184722,16,89046,0.07197527902584157,17.791199684143066,6.0,True,331,3225
2015-10-03-289,2015-10-03,FUV1,18184722,12,89062,-0.006496524016786875,17.791199684143066,6.0,False,367,418
2015-10-03-290,2015-10-03,FUV1,18184722,39,89074,0.061959801066526245,17.791199684143066,6.0,True,533,1687
2015-10-03-291,2015-10-03,FUV2,18184722,15,89113,-0.012383638468539038,17.791199684143066,6.0,True,543,3272
2015-10-03-292,2015-10-03,FUV2,18184722,13,89128,0.10476315972622981,17.791199684143066,6.0,True,709,3631
2015-10-03-293,2015-10-03,FUV1,18184722,23,89141,0.049192749385809614,17.791199684143066,6.0,True,748,1387
2015-10-03-294,2015-10-03,FUV1,18184722,22,89164,-0.10285006339870371,17.791199684143066,6.0,True,786,1616
2015-10-03-295,2015-10-03,FUV2,18184722,25,89186,0.08930353399334512,17.791199684143066,6.0,True,880,2996
2015-10-03-296,2015-10-03,FUV2,18184725,17,89211,-0.10378233617172333,17.791199684143066,6.0,True,259,3539
2015-10-03-297,2015-10-03,FUV2,18184725,19,89228,0.07905368203240798,17.791199684143066,6.0,True,318,2994
2015-10-03-298,2015-10-03,FUV2,18184725,14,89247,-0.17112962116950117,17.791199684143066,6.0,True,361,3626
2015-10-03-299,2015-10-03,FUV2,18184725,16,89261,0.26345770705218746,17.791199684143066,6.0,True,432,3509
2015-10-03-300,2015-10-03,FUV1,18184725,15,89277,0.07618274938830058,17.791199684143066,6.0,True,438,1307
2015-10-03-301,2015-10-03,FUV1,18184725,20,89292,0.22750352728482862,17.791199684143066,6.0,True,448,384
2015-10-03-302,2015-10-03,FUV1,18184725,16,89312,-0.23642903934582946,17.791199684143066,6.0,True,553,1397
2015-10-03-303,2015-10-03,FUV2,18184725,13,89328,-0.09283449080072802,17.791199684143066,6.0,True,787,3252
2015-10-03-304,2015-10-03,FUV2,18184725,12,89341,0.11028873519806984,17.791199684143066,6.0,True,812,2956
2015-10-03-305,2015-10-03,FUV2,18184725,13,89353,-0.19101093864377708,17.791199684143066,6.0,True,826,2900
2015-10-03-306,2015-10-03,FUV1,18184725,13,89366,0.00010817691381420862,17.791199684143066,6.0,True,868,1676
2015-10-03-307,2015-10-03,FUV2,18184725,12,89379,0.16127078677219048,17.791199684143066,6.0,True,883,2958
2015-10-03-308,2015-10-03,FUV1,18184728,16,89391,0.06472580109260777,17.791199684143066,6.0,True,378,1417
2015-10-03-309,2015-10-03,FUV1,18184728,12,89407,0.29264679141535144,17.791199684143066,6.0,True,380,265
2015-10-03-310,2015-10-03,FUV1,18184728,25,89419,-0.2565510142009349,17.791199684143066,6.0,True,394,1424
2015-10-03-311,2015-10-03,FUV2,18184728,21,89444,-0.05884879425968605,17.791199684143066,6.0,True,419,3534
2015-10-03-312,2015-10-03,FUV2,18184728,29,89465,-0.0009490920392080573,17.791199684143066,6.0,True,499,3191
2015-10-03-313,2015-10-03,FUV2,18184728,22,89494,0.012141784950620453,17.791199684143066,6.0,True,503,3261
2015-10-03-314,2015-10-03,FUV1,18184728,12,89516,0.11588785195836479,17.791199684143066,6.0,True,527,1889
2015-10-03-315,2015-10-03,FUV1,18184728,14,89528,0.005107430790931015,17.791199684143066,6.0,True,765,1729
2015-10-03-316,2015-10-03,FUV1,18184728,21,89542,0.21499809512995233,17.791199684143066,6.0,True,774,423
2015-10-03-317,2015-10-03,FUV1,18184731,13,89563,0.14546268907632984,17.791199684143066,6.0,True,223,1701
2015-10-03-318,2015-10-03,FUV1,18184731,12,89576,0.21122639187881204,17.791199684143066,6.0,True,338,1395
2015-10-03-319,2015-10-03,FUV2,18184731,15,89588,0.2523379784445229,17.791199684143066,6.0,True,349,3635
2015-10-03-320,2015-10-03,FUV1,18184731,25,89603,0.007394049835459227,17.791199684143066,6.0,True,350,1756
2015-10-03-321,2015-10-03,FUV2,18184731,17,89628,-0.0833608486173882,17.791199684143066,6.0,True,402,3203
2015-10-03-322,2015-10-03,FUV1,18184731,33,89645,0.1724829623474881,17.791199684143066,6.0,True,413,1825
2015-10-03-323,2015-10-03,FUV2,18184731,14,89678,0.10011013423701894,17.791199684143066,6.0,True,554,3929
2015-10-03-324,2015-10-03,FUV1,18184731,21,89692,0.19410110114611995,17.791199684143066,6.0,True,569,1430
2015-10-03-325,2015-10-03,FUV1,18184731,12,89713,0.014557112434986958,17.791199684143066,6.0,True,571,1380
2015-10-03-326,2015-10-03,FUV1,18184731,16,89725,0.11091009642408206,17.791199684143066,6.0,True,659,1819
2015-10-03-327,2015-10-03,FUV1,18184731,16,89741,-0.1003338377618495,17.791199684143066,6.0,True,680,1757
2015-10-03-328,2015-10-03,FUV1,18184731,15,89757,0.32714393791575913,17.791199684143066,6.0,True,694,1833
2015-10-03-329,2015-10-03,FUV1,18184731,13,89772,-0.10272406294726387,17.791199684143066,6.0,True,706,1797
2015-10-03-330,2015-10-03,FUV2,18184731,12,89785,0.07512582141896768,17.791199684143066,6.0,True,759,2936
2015-10-03-331,2015-10-03,FUV1,18184731,12,89797,0.21792708941337216,17.791199684143066,6.0,True,798,1604
2015-10-03-332,2015-10-03,FUV2,18184733,13,89809,0.003115864057581556,17.791199684143066,6.0,True,197,3643
2015-10-03-333,2015-10-03,FUV1,18184733,13,89822,0.28709828627729467,17.791199684143066,6.0,True,250,1442
2015-10-03-334,2015-10-03,FUV2,18184733,15,89835,0.31740035116148424,17.791199684143066,6.0,True,275,2965
2015-10-03-335,2015-10-03,FUV1,18184733,19,89850,0.014676881261778761,17.791199684143066,6.0,True,312,1273
2015-10-03-336,2015-10-03,FUV2,18184733,16,89869,0.2744643434887775,17.791199684143066,6.0,True,510,3179
2015-10-03-337,2015-10-03,FUV1,18184733,20,89885,0.08202477685448854,17.791199684143066,6.0,True,611,381
2015-10-03-338,2015-10-03,FUV2,18184733,22,89905,-0.09344712349565361,17.791199684143066,6.0,False,3626,634
2015-10-03-339,2015-10-03,FUV1,18184733,14,89927,0.19683593031545205,17.791199684143066,6.0,True,649,356
2015-10-03-340,2015-10-03,FUV1,18184733,13,89941,0.11930414312422266,17.791199684143066,6.0,True,668,1751
2015-10-03-341,2015-10-03,FUV2,18184733,13,89954,0.2764814576367301,17.791199684143066,6.0,True,693,3629
2015-10-03-342,2015-10-03,FUV1,18184736,18,89967,-0.10841670513353754,17.791199684143066,6.0,True,295,1897
2015-10-03-343,2015-10-03,FUV1,18184736,26,89985,0.06965395948633361,17.791199684143066,6.0,True,560,1611
2015-10-03-344,2015-10-03,FUV1,18184736,12,90011,0.09633792019934069,17.791199684143066,6.0,True,626,428
2015-10-03-345,2015-10-03,FUV1,18184736,13,90023,0.12438053072304932,17.791199684143066,6.0,False,407,764
2015-10-03-346,2015-10-03,FUV2,18184739,14,90036,0.18849847837785955,17.791199684143066,6.0,True,216,3185
2015-10-03-347,2015-10-03,FUV2,18184739,12,90050,0.26721785954866756,17.791199684143066,6.0,True,263,3254
2015-10-03-348,2015-10-03,FUV2,18184739,16,90062,0.22952526219967634,17.791199684143066,6.0,True,761,3220
2015-10-03-349,2015-10-03,FUV2,18184739,22,90078,0.21197169798770063,17.791199684143066,6.0,True,775,3261
2015-10-03-350,2015-10-03,FUV1,18184742,37,90100,0.18217223212506264,17.791199684143066,6.0,True,323,1640
2015-10-03-351,2015-10-03,FUV1,18184742,26,90137,0.18839490634632455,17.791199684143066,6.0,True,358,1778
2015-10-03-352,2015-10-03,FUV2,18184742,13,90163,0.06465839159147302,17.791199684143066,6.0,True,377,3190
2015-10-03-353,2015-10-03,FUV2,18184742,12,90176,0.0851349369569118,17.791199684143066,6.0,True,433,3921
2015-10-03-354,2015-10-03,FUV2,18184742,13,90188,0.16111651064979549,17.791199684143066,6.0,True,554,3204
2015-10-03-355,2015-10-03,FUV1,18184742,12,90201,0.1916347249035704,17.791199684143066,6.0,True,567,1817
2015-10-03-356,2015-10-03,FUV2,18184742,13,90213,0.2887486427899478,17.791199684143066,6.0,True,582,3246
2015-10-03-357,2015-10-03,FUV2,18184742,15,90226,0.25534941706040304,17.791199684143066,6.0,True,623,3528
2015-10-03-358,2015-10-03,FUV2,18184742,14,90241,0.05766403542660771,17.791199684143066,6.0,True,651,3614
2015-10-03-359,2015-10-03,FUV1,18184742,16,90255,0.03563037582991872,17.791199684143066,6.0,True,732,1863
2015-10-03-360,2015-10-03,FUV2,18184742,20,90271,0.07200452098884783,17.791199684143066,6.0,True,867,3259
2015-10-03-361,2015-10-03,FUV2,18184744,13,90291,-0.022937863455590884,17.791199684143066,6.0,True,211,3194
2015-10-03-362,2015-10-03,FUV1,18184744,17,90304,-0.03548306920533181,17.791199684143066,6.0,True,660,1726
2015-10-03-363,2015-10-03,FUV2,18184744,23,90321,0.14293607636742484,17.791199684143066,6.0,True,675,3200
2015-10-03-364,2015-10-03,FUV1,18184744,13,90344,-0.10182907841855665,17.791199684143066,6.0,True,844,117
2015-10-03-365,2015-10-03,FUV1,18184747,13,90357,0.3355951941150729,17.791199684143066,6.0,True,227,1893
2015-10-03-366,2015-10-03,FUV2,18184747,18,90370,0.13329497242557733,17.791199684143066,6.0,True,439,3008
2015-10-03-367,2015-10-03,FUV1,18184747,12,90388,0.19630044384615847,17.791199684143066,6.0,True,452,1712
2015-10-03-368,2015-10-03,FUV2,18184747,13,90400,0.20411125312037903,17.791199684143066,6.0,True,503,3272
2015-10-03-369,2015-10-03,FUV2,18184747,14,90413,0.320978805271986,17.791199684143066,6.0,True,588,2908
2015-10-03-370,2015-10-03,FUV1,18184747,18,90427,0.26748095681636297,17.791199684143066,6.0,True,685,1371
2015-10-03-371,2015-10-03,FUV1,18184747,14,90445,0.25182242616671874,17.791199684143066,6.0,True,804,1265
2015-10-03-372,2015-10-03,FUV2,18184747,15,90459,0.20114586693603012,17.791199684143066,6.0,True,855,3916
2015-10-03-373,2015-10-03,FUV2,18184747,12,90474,0.2883988125367182,17.791199684143066,6.0,True,860,3628
2015-10-03-374,2015-10-03,FUV1,18184750,20,90486,0.051352623281351484,17.791199684143066,6.0,True,196,1314
2015-10-03-375,2015-10-03,FUV2,18184750,17,90506,0.21813332102348718,17.791199684143066,6.0,True,289,3518
2015-10-03-376,2015-10-03,FUV1,18184750,13,90523,0.14556877089598816,17.791199684143066,6.0,True,501,1342
2015-10-03-377,2015-10-03,FUV1,18184750,19,90536,0.16909246075156525,17.791199684143066,6.0,True,599,1900
2015-10-03-378,2015-10-03,FUV1,18184753,19,90555,0.30144528223178096,17.791199684143066,6.0,True,555,355
2015-10-03-379,2015-10-03,FUV1,18184753,12,90574,-0.12609643341970175,17.791199684143066,6.0,True,721,1710
2015-10-03-380,2015-10-03,FUV1,18184755,21,90586,0.2753417931743671,17.791199684143066,6.0,True,343,1383
2015-10-03-381,2015-10-03,FUV1,18184755,14,90607,-0.02477355594974751,17.791199684143066,6.0,False,367,456
2015-10-03-382,2015-10-03,FUV1,18184755,12,90621,0.14156606287673543,17.791199684143066,6.0,True,660,1658
2015-10-03-383,2015-10-03,FUV2,18184758,12,90633,0.3069666687339896,17.791199684143066,6.0,True,830,2949
2015-10-03-384,2015-10-03,FUV1,18184761,12,90645,-0.016821283401079266,17.791199684143066,6.0,False,367,439
2015-10-03-385,2015-10-03,FUV2,18184761,14,90657,0.31948089138361785,17.791199684143066,6.0,True,462,2925
2015-10-03-386,2015-10-03,FUV1,18184769,12,90671,0.12012832123520942,17.791199684143066,6.0,True,562,1450
2015-10-03-387,2015-10-03,FUV1,18184781,15,90683,0.016019337603987112,17.791199684143066,6.0,False,1395,227
2015-10-03-388,2015-10-03,FUV1,18184784,19,90698,-0.039158241260942785,17.791199684143066,6.0,False,367,448
2015-10-03-389,2015-10-03,FUV1,18184787,13,90717,0.17369585092828718,17.791199684143066,6.0,True,887,1388
2015-10-03-390,2015-10-03,FUV1,18184789,18,90730,-0.02401394421308721,17.791199684143066,6.0,False,367,448
2015-10-03-391,2015-10-03,FUV2,18184792,13,90748,0.19600837155990758,17.791199684143066,6.0,True,786,3253
2015-10-03-392,2015-10-03,FUV1,18184795,13,90761,-0.24183175282544236,17.791199684143066,6.0,True,430,122
2015-10-03-393,2015-10-03,FUV1,18184795,21,90774,-0.01637833652314133,17.791199684143066,6.0,False,367,447
2015-10-03-394,2015-10-03,FUV1,18184822,15,90795,-0.003267947006821415,17.791199684143066,6.0,False,367,440
2015-10-03-395,2015-10-03,FUV1,18184828,19,90810,0.2274778861390013,17.791199684143066,6.0,False,1875,494
2015-10-03-396,2015-10-03,FUV1,18184833,12,90829,0.025637911324206127,17.791199684143066,6.0,False,367,438
2015-10-03-397,2015-10-03,FUV1,18184833,16,90841,-0.004827868561072322,17.791199684143066,6.0,False,1876,439
2015-10-03-398,2015-10-03,FUV1,18184839,13,90857,-0.020594887774945385,17.791199684143066,6.0,False,367,438
2015-10-03-399,2015-10-03,FUV1,18184839,13,90870,-0.020333725326363263,17.791199684143066,6.0,False,1877,440
2015-10-03-400,2015-10-03,FUV1,18186307,28,90883,-0.0014126771694126879,17.791199684143066,6.0,False,367,452
2015-10-03-401,2015-10-03,FUV1,18186313,19,90911,0.02549559824230481,17.791199684143066,6.0,False,367,453
2015-10-03-402,2015-10-03,FUV1,18186316,15,90930,-0.01709486614863278,17.791199684143066,6.0,False,347,550
2015-10-03-403,2015-10-03,FUV1,18186322,37,90945,-0.11263731815240037,17.791199684143066,6.0,True,436,179
2015-10-03-404,2015-10-03,FUV1,18186322,18,90982,-0.002456849306509169,17.791199684143066,6.0,True,558,190
2015-10-03-405,2015-10-03,FUV1,18186333,16,91000,0.024811934313395158,17.791199684143066,6.0,True,550,190
2015-10-03-406,2015-10-03,FUV1,18186333,15,91016,-0.16750128610045117,17.791199684143066,6.0,False,1901,870
2015-10-03-407,2015-10-03,FUV1,18186336,12,91031,-0.054705804520259214,17.791199684143066,6.0,True,865,1761
2015-10-03-408,2015-10-03,FUV2,18186336,22,91043,-0.22455776823007426,17.791199684143066,6.0,True,886,3618
2015-10-03-409,2015-10-03,FUV1,18186344,13,91065,-0.21035350206338832,17.791199684143066,6.0,True,289,141
2015-10-03-410,2015-10-03,FUV1,18186347,13,91078,-0.057380002277513276,17.791199684143066,6.0,True,195,178
2015-10-03-411,2015-10-03,FUV1,18186347,15,91091,-0.28871072840849604,17.791199684143066,6.0,True,238,1382
2015-10-03-412,2015-10-03,FUV2,18186347,13,91106,-0.2332480808542919,17.791199684143066,6.0,True,390,3923
2015-10-03-413,2015-10-03,FUV1,18186347,12,91119,-0.334501921620235,17.791199684143066,6.0,True,412,187
2015-10-03-414,2015-10-03,FUV2,18186350,12,91131,0.14018492595096396,17.791199684143066,6.0,True,230,3624
2015-10-03-415,2015-10-03,FUV2,18186350,18,91143,-0.1299807181241537,17.791199684143066,6.0,True,277,2931
2015-10-03-416,2015-10-03,FUV1,18186350,33,91161,0.0009965970106562891,17.791199684143066,6.0,True,416,1756
2015-10-03-417,2015-10-03,FUV1,18186350,21,91194,-0.19952123173552874,17.791199684143066,6.0,True,547,1741
2015-10-03-418,2015-10-03,FUV2,18186350,18,91215,0.3297487130934591,17.791199684143066,6.0,True,707,3256
2015-10-03-419,2015-10-03,FUV1,18186352,14,91233,-0.11974439801962942,17.791199684143066,6.0,True,418,1825
2015-10-03-420,2015-10-03,FUV1,18186352,13,91247,-0.16412283168087816,17.791199684143066,6.0,True,769,401
2015-10-03-421,2015-10-03,FUV1,18186352,20,91260,-0.3214505097517931,17.791199684143066,6.0,True,811,1457
2015-10-03-422,2015-10-03,FUV2,18186355,18,91280,-0.3338914771686561,17.791199684143066,6.0,True,332,3625
2015-10-03-423,2015-10-03,FUV1,18186355,13,91298,-0.3393847586823502,17.791199684143066,6.0,True,381,1301
2015-10-03-424,2015-10-03,FUV1,18186355,38,91311,0.07474435949758017,17.791199684143066,6.0,True,426,391
2015-10-03-425,2015-10-03,FUV1,18186355,15,91349,-0.3287614916573662,17.791199684143066,6.0,True,815,1888
2015-10-03-426,2015-10-03,FUV1,18186358,16,91364,0.0029818023578969074,17.791199684143066,6.0,True,336,1892
2015-10-03-427,2015-10-03,FUV1,18186358,14,91380,-0.24002087336339403,17.791199684143066,6.0,True,862,401
2015-10-03-428,2015-10-03,FUV1,18186361,14,91394,-0.2006617362903536,17.791199684143066,6.0,True,351,1750
2015-10-03-429,2015-10-03,FUV1,18186361,13,91408,-0.22992460494555067,17.791199684143066,6.0,True,438,1911
2015-10-03-430,2015-10-03,FUV1,18186361,12,91421,-0.29638408919268033,17.791199684143066,6.0,True,500,1753
2015-10-03-431,2015-10-03,FUV1,18186361,18,91433,-0.11790661784274599,17.791199684143066,6.0,True,542,1799
2015-10-03-432,2015-10-03,FUV2,18186361,13,91451,-0.06960515230918025,17.791199684143066,6.0,True,639,2938
2015-10-03-433,2015-10-03,FUV1,18186361,12,91464,-0.2943676881104889,17.791199684143066,6.0,True,766,1284
2015-10-03-434,2015-10-03,FUV1,18186361,23,91476,0.11880185210897384,17.791199684143066,6.0,False,1727,868
2015-10-03-435,2015-10-03,FUV1,18186363,20,91499,0.15239862827859968,17.791199684143066,6.0,True,198,1812
2015-10-03-436,2015-10-03,FUV1,18186363,21,91519,-0.030366074996744163,17.791199684143066,6.0,True,249,1890
2015-10-03-437,2015-10-03,FUV1,18186363,12,91540,-0.08705777759887029,17.791199684143066,6.0,True,296,1318
2015-10-03-438,2015-10-03,FUV2,18186363,17,91552,-0.09927089364670771,17.791199684143066,6.0,True,392,3227
2015-10-03-439,2015-10-03,FUV1,18186363,13,91569,-0.06475672223477559,17.791199684143066,6.0,True,443,1810
2015-10-03-440,2015-10-03,FUV1,18186363,14,91582,-0.24840827854889103,17.791199684143066,6.0,True,684,405
2015-10-03-441,2015-10-03,FUV1,18186366,19,91596,-0.1080364213228224,17.791199684143066,6.0,True,194,103
2015-10-03-442,2015-10-03,FUV1,18186366,12,91615,-0.12855352763094247,17.791199684143066,6.0,True,328,1738
2015-10-03-443,2015-10-03,FUV1,18186366,15,91627,-0.23680548891937162,17.791199684143066,6.0,True,391,1699
2015-10-03-444,2015-10-03,FUV1,18186366,21,91642,-0.05168884143629917,17.791199684143066,6.0,True,431,114
2015-10-03-445,2015-10-03,FUV1,18186366,12,91663,-0.19181309560001064,17.791199684143066,6.0,True,496,384
2015-10-03-446,2015-10-03,FUV1,18186366,14,91675,0.007103024955790234,17.791199684143066,6.0,True,545,134
2015-10-03-447,2015-10-03,FUV1,18186366,19,91689,-0.02521277823076163,17.791199684143066,6.0,False,347,555
2015-10-03-448,2015-10-03,FUV1,18186366,19,91708,0.16494126939877826,17.791199684143066,6.0,True,587,277
2015-10-03-449,2015-10-03,FUV1,18186366,16,91727,-0.03336404594858574,17.791199684143066,6.0,True,596,1427
2015-10-03-450,2015-10-03,FUV1,18186366,47,91743,0.007358236589849992,17.791199684143066,6.0,True,642,1795
2015-10-03-451,2015-10-03,FUV1,18186366,24,91790,-0.12940419926301638,17.791199684143066,6.0,True,668,1872
2015-10-03-452,2015-10-03,FUV1,18186366,13,91814,0.1621460233914801,17.791199684143066,6.0,False,1743,815
2015-10-03-453,2015-10-03,FUV1,18186369,35,91827,0.04936171559463286,17.791199684143066,6.0,True,206,1739
2015-10-03-454,2015-10-03,FUV1,18186369,14,91862,0.03400296394768319,17.791199684143066,6.0,True,306,139
2015-10-03-455,2015-10-03,FUV1,18186369,12,91876,-0.21884216722495117,17.791199684143066,6.0,True,309,1897
2015-10-03-456,2015-10-03,FUV2,18186369,12,91888,-0.01880586561667979,17.791199684143066,6.0,True,496,3539
2015-10-03-457,2015-10-03,FUV1,18186369,16,91900,-0.18503467926062436,17.791199684143066,6.0,True,599,1872
2015-10-03-458,2015-10-03,FUV2,18186369,14,91916,-0.13621934498310434,17.791199684143066,6.0,False,3010,635
2015-10-03-459,2015-10-03,FUV1,18186372,16,91930,-0.2906130739800844,17.791199684143066,6.0,True,260,1610
2015-10-03-460,2015-10-03,FUV2,18186372,14,91946,-0.03731768367978024,17.791199684143066,6.0,True,265,2999
2015-10-03-461,2015-10-03,FUV1,18186372,16,91960,-0.25711431692828185,17.791199684143066,6.0,True,308,1644
2015-10-03-462,2015-10-03,FUV2,18186372,18,91976,-0.16510912626578048,17.791199684143066,6.0,True,320,3521
2015-10-03-463,2015-10-03,FUV1,18186372,20,91994,-0.03712507153095879,17.791199684143066,6.0,True,325,1754
2015-10-03-464,2015-10-03,FUV1,18186372,19,92014,-0.114377962691964,17.791199684143066,6.0,True,369,1446
2015-10-03-465,2015-10-03,FUV1,18186372,13,92033,0.10611480602267213,17.791199684143066,6.0,True,427,372
2015-10-03-466,2015-10-03,FUV2,18186372,15,92046,-0.20475662723817442,17.791199684143066,6.0,True,431,3194
2015-10-03-467,2015-10-03,FUV1,18186372,12,92061,-0.12604238370483467,17.791199684143066,6.0,True,548,274
2015-10-03-468,2015-10-03,FUV2,18186372,23,92073,-0.04012074528098576,17.791199684143066,6.0,True,625,2967
2015-10-03-469,2015-10-03,FUV1,18186372,17,92096,-0.002463682347872468,17.791199684143066,6.0,True,671,127
2015-10-03-470,2015-10-03,FUV1,18186372,17,92113,0.010310708485965192,17.791199684143066,6.0,True,674,1729
2015-10-03-471,2015-10-03,FUV1,18186372,15,92130,-0.262041380698093,17.791199684143066,6.0,True,817,412
2015-10-03-472,2015-10-03,FUV2,18186372,15,92145,-0.13070649235617762,17.791199684143066,6.0,True,858,2908
2015-10-03-473,2015-10-03,FUV2,18186372,16,92160,-0.3320062926889966,17.791199684143066,6.0,True,873,3214
2015-10-03-474,2015-10-03,FUV1,18186374,33,92176,-0.09661785538925975,17.791199684143066,6.0,True,188,1419
2015-10-03-475,2015-10-03,FUV2,18186374,13,92209,0.3051520959633407,17.791199684143066,6.0,True,207,2962
2015-10-03-476,2015-10-03,FUV2,18186374,12,92222,-0.29205541282390723,17.791199684143066,6.0,True,214,3233
2015-10-03-477,2015-10-03,FUV1,18186374,14,92234,-0.2582145804246267,17.791199684143066,6.0,True,291,255
2015-10-03-478,2015-10-03,FUV1,18186374,12,92248,-0.22073686515215804,17.791199684143066,6.0,True,355,1326
2015-10-03-479,2015-10-03,FUV1,18186374,14,92260,0.13342496205225762,17.791199684143066,6.0,True,419,1781
2015-10-03-480,2015-10-03,FUV1,18186374,19,92274,0.11047773571984784,17.791199684143066,6.0,True,498,1324
2015-10-03-481,2015-10-03,FUV1,18186374,18,92293,-0.2647226664401537,17.791199684143066,6.0,True,503,1605
2015-10-03-482,2015-10-03,FUV1,18186374,12,92311,-0.23816434149992688,17.791199684143066,6.0,True,558,1910
2015-10-03-483,2015-10-03,FUV1,18186374,27,92323,-0.011823395665689934,17.791199684143066,6.0,True,605,1910
2015-10-03-484,2015-10-03,FUV1,18186374,21,92350,-0.21996468694434654,17.791199684143066,6.0,True,718,1682
2015-10-03-485,2015-10-03,FUV1,18186374,12,92371,-0.08842830392239605,17.791199684143066,6.0,True,737,1836
2015-10-03-486,2015-10-03,FUV1,18186374,20,92383,0.026320913946753226,17.791199684143066,6.0,True,752,1757
2015-10-03-487,2015-10-03,FUV2,18186374,16,92403,-0.19914627833676962,17.791199684143066,6.0,True,756,3927
2015-10-03-488,2015-10-03,FUV1,18186374,13,92419,-0.25627626734330605,17.791199684143066,6.0,True,776,1890
2015-10-03-489,2015-10-03,FUV1,18186374,13,92432,-0.12090959456450695,17.791199684143066,6.0,True,841,1664
2015-10-03-490,2015-10-03,FUV1,18186377,15,92445,-0.2460485303674443,17.791199684143066,6.0,True,391,1692
2015-10-03-491,2015-10-03,FUV2,18186377,17,92460,-0.1612208473907326,17.791199684143066,6.0,True,399,2899
2015-10-03-492,2015-10-03,FUV1,18186377,12,92477,0.05453449450383594,17.791199684143066,6.0,True,408,1913
2015-10-03-493,2015-10-03,FUV1,18186377,16,92489,-0.15822552917136629,17.791199684143066,6.0,True,413,1435
2015-10-03-494,2015-10-03,FUV1,18186377,12,92505,-0.1514326782012222,17.791199684143066,6.0,True,452,439
2015-10-03-495,2015-10-03,FUV1,18186377,14,92517,-0.22554813161271958,17.791199684143066,6.0,True,455,169
2015-10-03-496,2015-10-03,FUV2,18186377,21,92531,-0.15412100825546252,17.791199684143066,6.0,True,473,3542
2015-10-03-497,2015-10-03,FUV1,18186377,14,92552,0.00402028513889759,17.791199684143066,6.0,True,479,1881
2015-10-03-498,2015-10-03,FUV2,18186377,14,92566,0.07841480896479917,17.791199684143066,6.0,True,516,3000
2015-10-03-499,2015-10-03,FUV1,18186377,24,92580,-0.11257210103445478,17.791199684143066,6.0,True,539,1628
2015-10-03-500,2015-10-03,FUV2,18186377,14,92604,-0.05383148159411623,17.791199684143066,6.0,True,540,3201
2015-10-03-501,2015-10-03,FUV1,18186377,15,92618,-0.11541973316026996,17.791199684143066,6.0,True,580,1728
2015-10-03-502,2015-10-03,FUV1,18186377,17,92633,-0.34085604657072893,17.791199684143066,6.0,True,595,183
2015-10-03-503,2015-10-03,FUV1,18186377,12,92650,-0.14044636410850508,17.791199684143066,6.0,True,737,1908
2015-10-03-504,2015-10-03,FUV1,18186377,17,92662,-0.0356391901282316,17.791199684143066,6.0,True,738,1775
2015-10-03-505,2015-10-03,FUV1,18186377,14,92679,-0.02409773816575252,17.791199684143066,6.0,True,741,123
2015-10-03-506,2015-10-03,FUV1,18186377,17,92693,0.24400478395310846,17.791199684143066,6.0,True,830,1742
2015-10-03-507,2015-10-03,FUV1,18186377,15,92710,-1.840496470565659e-14,17.791199684143066,6.0,True,854,1763
2015-10-03-508,2015-10-03,FUV1,18186380,12,92725,0.0341935025172806,17.791199684143066,6.0,True,188,1307
2015-10-03-509,2015-10-03,FUV2,18186380,13,92737,0.22472454442655523,17.791199684143066,6.0,True,262,3271
2015-10-03-510,2015-10-03,FUV1,18186380,13,92750,-0.10977585407969409,17.791199684143066,6.0,True,275,1292
2015-10-03-511,2015-10-03,FUV1,18186380,13,92763,-0.20613496953444752,17.791199684143066,6.0,True,300,1758
2015-10-03-512,2015-10-03,FUV2,18186380,16,92776,0.000733397835898806,17.791199684143066,6.0,True,328,3508
2015-10-03-513,2015-10-03,FUV1,18186380,28,92792,-0.1404348885875725,17.791199684143066,6.0,True,334,1644
2015-10-03-514,2015-10-03,FUV2,18186380,13,92820,-0.19042435015408604,17.791199684143066,6.0,True,362,3267
2015-10-03-515,2015-10-03,FUV2,18186380,21,92833,0.206599506097094,17.791199684143066,6.0,True,448,2925
2015-10-03-516,2015-10-03,FUV1,18186380,12,92854,-0.09321427435958743,17.791199684143066,6.0,True,624,1799
2015-10-03-517,2015-10-03,FUV1,18186380,19,92866,0.1330681480034384,17.791199684143066,6.0,True,631,1811
2015-10-03-518,2015-10-03,FUV1,18186380,17,92885,-0.035500600528259735,17.791199684143066,6.0,True,662,1864
2015-10-03-519,2015-10-03,FUV1,18186380,17,92902,0.05022244405111514,17.791199684143066,6.0,True,720,1280
2015-10-03-520,2015-10-03,FUV1,18186380,20,92919,0.07088931969672414,17.791199684143066,6.0,True,798,111
2015-10-03-521,2015-10-03,FUV2,18186380,13,92939,-0.08422837313390208,17.791199684143066,6.0,True,805,2902
2015-10-03-522,2015-10-03,FUV1,18186380,27,92952,-0.1152044611878506,17.791199684143066,6.0,True,840,1745
2015-10-03-523,2015-10-03,FUV1,18186380,15,92979,-0.021637469701298533,17.791199684143066,6.0,True,847,1914
2015-10-03-524,2015-10-03,FUV1,18186383,16,92994,0.20689924118524422,17.791199684143066,6.0,True,319,1798
2015-10-03-525,2015-10-03,FUV2,18186383,13,93010,0.1727866477494975,17.791199684143066,6.0,True,335,2989
2015-10-03-526,2015-10-03,FUV1,18186383,14,93023,-0.2919375993966775,17.791199684143066,6.0,True,396,1905
2015-10-03-527,2015-10-03,FUV2,18186383,13,93037,0.0635190350015937,17.791199684143066,6.0,True,457,2930
2015-10-03-528,2015-10-03,FUV1,18186383,13,93050,-0.23198089227075158,17.791199684143066,6.0,True,458,434
2015-10-03-529,2015-10-03,FUV1,18186383,17,93063,-0.18756333215338875,17.791199684143066,6.0,True,539,110
2015-10-03-530,2015-10-03,FUV1,18186383,16,93080,-0.021064934050781314,17.791199684143066,6.0,True,571,1272
2015-10-03-531,2015-10-03,FUV1,18186383,12,93096,-0.3173067171649393,17.791199684143066,6.0,True,574,166
2015-10-03-532,2015-10-03,FUV1,18186383,43,93108,0.10034965182895209,17.791199684143066,6.0,True,653,386
2015-10-03-533,2015-10-03,FUV1,18186383,18,93151,-0.19509612983815242,17.791199684143066,6.0,True,662,1356
2015-10-03-534,2015-10-03,FUV1,18186383,12,93169,-0.2633877165467756,17.791199684143066,6.0,True,666,1631
2015-10-03-535,2015-10-03,FUV2,18186383,12,93181,-0.06719697144005975,17.791199684143066,6.0,True,724,3221
2015-10-03-536,2015-10-03,FUV1,18186383,14,93193,-0.04215860778067151,17.791199684143066,6.0,True,726,266
2015-10-03-537,2015-10-03,FUV1,18186383,14,93207,-0.21059601668190472,17.791199684143066,6.0,True,739,1399
2015-10-03-538,2015-10-03,FUV1,18186386,12,93221,0.1650321009721134,17.791199684143066,6.0,True,240,1815
2015-10-03-539,2015-10-03,FUV1,18186386,16,93233,-0.018373968173159054,17.791199684143066,6.0,True,242,1609
2015-10-03-540,2015-10-03,FUV1,18186386,15,93249,-0.2679174185143493,17.791199684143066,6.0,True,284,406
2015-10-03-541,2015-10-03,FUV1,18186386,14,93264,-0.1642429747797875,17.791199684143066,6.0,True,345,1909
2015-10-03-542,2015-10-03,FUV1,18186386,13,93278,-0.057650477638205494,17.791199684143066,6.0,True,346,1725
2015-10-03-543,2015-10-03,FUV1,18186386,20,93291,-0.05299495587463291,17.791199684143066,6.0,True,371,1739
2015-10-03-544,2015-10-03,FUV2,18186386,13,93311,-0.12121220714701207,17.791199684143066,6.0,True,377,3540
2015-10-03-545,2015-10-03,FUV2,18186386,13,93324,-0.06363467474997453,17.791199684143066,6.0,True,415,3933
2015-10-03-546,2015-10-03,FUV2,18186386,12,93337,-0.1978312692808992,17.791199684143066,6.0,True,443,3511
2015-10-03-547,2015-10-03,FUV2,18186386,35,93349,0.14882776869591174,17.791199684143066,6.0,True,452,3535
2015-10-03-548,2015-10-03,FUV1,18186386,17,93384,-0.06575044172189912,17.791199684143066,6.0,True,548,119
2015-10-03-549,2015-10-03,FUV1,18186386,13,93401,0.010989092030079242,17.791199684143066,6.0,True,554,142
2015-10-03-550,2015-10-03,FUV2,18186386,48,93414,-0.013187832920757486,17.791199684143066,6.0,True,623,3636
2015-10-03-551,2015-10-03,FUV1,18186386,33,93462,-0.14482523572744208,17.791199684143066,6.0,True,642,1806
2015-10-03-552,2015-10-03,FUV1,18186386,14,93495,-0.12040022796889427,17.791199684143066,6.0,True,650,1406
2015-10-03-553,2015-10-03,FUV1,18186386,23,93509,-0.0932046076570466,17.791199684143066,6.0,True,662,1686
2015-10-03-554,2015-10-03,FUV2,18186386,16,93532,-0.12332357512034803,17.791199684143066,6.0,True,679,2994
2015-10-03-555,2015-10-03,FUV1,18186386,12,93548,-0.06441559752174045,17.791199684143066,6.0,True,752,1318
2015-10-03-556,2015-10-03,FUV1,18186386,14,93560,-0.15553053902749506,17.791199684143066,6.0,True,794,401
2015-10-03-557,2015-10-03,FUV1,18186386,17,93574,0.009774505954110115,17.791199684143066,6.0,True,808,1371
2015-10-03-558,2015-10-03,FUV1,18186386,26,93591,0.006376164898631223,17.791199684143066,6.0,True,861,1403
2015-10-03-559,2015-10-03,FUV1,18186389,14,93617,0.0019214260835419953,17.791199684143066,6.0,True,223,1320
2015-10-03-560,2015-10-03,FUV1,18186389,16,93631,-0.20243177156013725,17.791199684143066,6.0,True,257,1299
2015-10-03-561,2015-10-03,FUV1,18186389,16,93647,-0.029825678360318582,17.791199684143066,6.0,True,281,1339
2015-10-03-562,2015-10-03,FUV1,18186389,32,93663,0.08737706215095964,17.791199684143066,6.0,True,354,1430
2015-10-03-563,2015-10-03,FUV2,18186389,14,93695,-0.09450855137828916,17.791199684143066,6.0,True,369,3008
2015-10-03-564,2015-10-03,FUV2,18186389,15,93709,0.025194914542367112,17.791199684143066,6.0,True,407,3169
2015-10-03-565,2015-10-03,FUV2,18186389,13,93724,-0.038758796542708744,17.791199684143066,6.0,True,488,3226
2015-10-03-566,2015-10-03,FUV1,18186389,13,93737,-0.10578767091364089,17.791199684143066,6.0,True,497,1357
2015-10-03-567,2015-10-03,FUV2,18186389,12,93750,-0.19242126536742687,17.791199684143066,6.0,True,525,3243
2015-10-03-568,2015-10-03,FUV1,18186389,12,93762,-0.019189093957077033,17.791199684143066,6.0,True,567,148
2015-10-03-569,2015-10-03,FUV1,18186389,16,93774,-0.06846607785681055,17.791199684143066,6.0,True,676,1749
2015-10-03-570,2015-10-03,FUV1,18186389,28,93790,0.01991312331975178,17.791199684143066,6.0,True,705,1721
2015-10-03-571,2015-10-03,FUV2,18186389,14,93818,-0.002458899750551257,17.791199684143066,6.0,True,736,3926
2015-10-03-572,2015-10-03,FUV2,18186389,15,93832,-0.04307263846818714,17.791199684143066,6.0,True,792,3915
2015-10-03-573,2015-10-03,FUV2,18186389,14,93847,0.20936408236917292,17.791199684143066,6.0,True,793,3628
2015-10-03-574,2015-10-03,FUV1,18186389,24,93861,-0.03983474292919329,17.791199684143066,6.0,True,800,1905
2015-10-03-575,2015-10-03,FUV1,18186389,24,93885,0.01240969622670098,17.791199684143066,6.0,True,848,1746
2015-10-03-576,2015-10-03,FUV1,18186389,15,93909,-0.1868971142695324,17.791199684143066,6.0,True,873,1608
2015-10-03-577,2015-10-03,FUV2,18186389,13,93924,0.3210897009184571,17.791199684143066,6.0,True,880,3192
2015-10-03-578,2015-10-03,FUV2,18186392,22,93937,-0.09178715652620573,17.791199684143066,6.0,True,200,2933
2015-10-03-579,2015-10-03,FUV1,18186392,12,93959,0.0019096180273120574,17.791199684143066,6.0,True,208,161
2015-10-03-580,2015-10-03,FUV1,18186392,15,93971,-0.15388761764107733,17.791199684143066,6.0,True,262,1319
2015-10-03-581,2015-10-03,FUV2,18186392,16,93986,-0.041227674266091925,17.791199684143066,6.0,True,316,3918
2015-10-03-582,2015-10-03,FUV1,18186392,13,94002,0.13613723067434302,17.791199684143066,6.0,True,353,171
2015-10-03-583,2015-10-03,FUV1,18186392,12,94015,0.04488394854292468,17.791199684143066,6.0,True,384,1285
2015-10-03-584,2015-10-03,FUV2,18186392,13,94027,0.1185593334183718,17.791199684143066,6.0,True,427,3529
2015-10-03-585,2015-10-03,FUV2,18186392,13,94040,-0.12608058514099435,17.791199684143066,6.0,True,442,3002
2015-10-03-586,2015-10-03,FUV1,18186392,20,94053,0.13588999676943345,17.791199684143066,6.0,True,468,1425
2015-10-03-587,2015-10-03,FUV2,18186392,13,94073,-0.2436646416203476,17.791199684143066,6.0,True,481,3516
2015-10-03-588,2015-10-03,FUV1,18186392,14,94086,-0.09850560344939084,17.791199684143066,6.0,True,518,1407
2015-10-03-589,2015-10-03,FUV1,18186392,21,94100,0.004690949757349762,17.791199684143066,6.0,True,553,1777
2015-10-03-590,2015-10-03,FUV1,18186392,21,94121,0.02781125508526818,17.791199684143066,6.0,True,597,1721
2015-10-03-591,2015-10-03,FUV2,18186392,14,94142,0.02768233479756836,17.791199684143066,6.0,True,616,3617
2015-10-03-592,2015-10-03,FUV1,18186392,32,94156,0.19580403112590533,17.791199684143066,6.0,True,624,1619
2015-10-03-593,2015-10-03,FUV1,18186392,15,94188,0.06041477432574284,17.791199684143066,6.0,True,675,1409
2015-10-03-594,2015-10-03,FUV2,18186392,13,94203,0.05586140982357751,17.791199684143066,6.0,True,683,2937
2015-10-03-595,2015-10-03,FUV2,18186392,12,94216,-0.23383965623368005,17.791199684143066,6.0,True,694,3013
2015-10-03-596,2015-10-03,FUV2,18186392,12,94228,0.08574636825060747,17.791199684143066,6.0,True,799,3267
2015-10-03-597,2015-10-03,FUV1,18186392,15,94240,-0.23854984137618546,17.791199684143066,6.0,True,886,170
2015-10-03-598,2015-10-03,FUV2,18186395,23,94255,0.06975049952416308,17.791199684143066,6.0,True,289,3520
2015-10-03-599,2015-10-03,FUV1,18186395,15,94278,-0.06362090070901959,17.791199684143066,6.0,True,326,1395
2015-10-03-600,2015-10-03,FUV2,18186395,13,94293,-0.1372575113946487,17.791199684143066,6.0,True,392,3233
2015-10-03-601,2015-10-03,FUV2,18186395,25,94306,-0.02183125380338782,17.791199684143066,6.0,True,441,3171
2015-10-03-602,2015-10-03,FUV2,18186395,19,94331,-0.06261282223177886,17.791199684143066,6.0,True,496,3912
2015-10-03-603,2015-10-03,FUV1,18186395,14,94350,0.006437230622368201,17.791199684143066,6.0,True,501,1744
2015-10-03-604,2015-10-03,FUV2,18186395,15,94364,0.07522516618358321,17.791199684143066,6.0,True,551,2938
2015-10-03-605,2015-10-03,FUV2,18186395,13,94379,-0.2172457460853289,17.791199684143066,6.0,True,670,3201
2015-10-03-606,2015-10-03,FUV2,18186395,21,94392,0.14717729092837709,17.791199684143066,6.0,True,676,3213
2015-10-03-607,2015-10-03,FUV1,18186395,13,94413,-0.16761197058374835,17.791199684143066,6.0,True,687,1663
2015-10-03-608,2015-10-03,FUV2,18186395,17,94426,0.037961738595006914,17.791199684143066,6.0,True,713,3733
2015-10-03-609,2015-10-03,FUV1,18186395,15,94443,0.17606838231301997,17.791199684143066,6.0,True,839,1606
2015-10-03-610,2015-10-03,FUV2,18186395,19,94458,-0.14454688167704552,17.791199684143066,6.0,True,889,2911
2015-10-03-611,2015-10-03,FUV2,18186397,14,94477,0.006415288766749132,17.791199684143066,6.0,True,230,3233
2015-10-03-612,2015-10-03,FUV1,18186397,12,94491,-0.13108354101161956,17.791199684143066,6.0,True,233,1900
2015-10-03-613,2015-10-03,FUV2,18186397,15,94503,0.09229041844179653,17.791199684143066,6.0,True,283,2993
2015-10-03-614,2015-10-03,FUV1,18186397,36,94518,0.052729617054528326,17.791199684143066,6.0,True,359,1332
2015-10-03-615,2015-10-03,FUV1,18186397,27,94554,0.0755470722863434,17.791199684143066,6.0,True,439,1714
2015-10-03-616,2015-10-03,FUV1,18186397,15,94581,-0.04613290790606563,17.791199684143066,6.0,True,455,1766
2015-10-03-617,2015-10-03,FUV1,18186397,16,94596,0.11794617833584682,17.791199684143066,6.0,True,466,1887
2015-10-03-618,2015-10-03,FUV2,18186397,12,94612,-0.21644879331792297,17.791199684143066,6.0,True,498,3915
2015-10-03-619,2015-10-03,FUV2,18186397,13,94624,-0.02207157043633195,17.791199684143066,6.0,True,607,3244
2015-10-03-620,2015-10-03,FUV2,18186397,18,94637,-0.20628134608533144,17.791199684143066,6.0,True,685,3528
2015-10-03-621,2015-10-03,FUV1,18186397,17,94655,-0.09274750839895206,17.791199684143066,6.0,True,738,1889
2015-10-03-622,2015-10-03,FUV1,18186397,16,94672,-0.18036178490377355,17.791199684143066,6.0,True,747,1628
2015-10-03-623,2015-10-03,FUV1,18186397,17,94688,0.03385152460244353,17.791199684143066,6.0,True,768,1823
2015-10-03-624,2015-10-03,FUV1,18186397,15,94705,-0.10669911658591329,17.791199684143066,6.0,True,783,147
2015-10-03-625,2015-10-03,FUV1,18186397,14,94720,-0.03488547600526621,17.791199684143066,6.0,True,894,122
2015-10-03-626,2015-10-03,FUV1,18186400,17,94734,-0.31003819264782867,17.791199684143066,6.0,True,221,1739
2015-10-03-627,2015-10-03,FUV2,18186400,14,94751,-0.2589008457297985,17.791199684143066,6.0,True,261,3261
2015-10-03-628,2015-10-03,FUV2,18186400,23,94765,0.04401951589668025,17.791199684143066,6.0,True,278,3230
2015-10-03-629,2015-10-03,FUV1,18186400,22,94788,0.019221413713346208,17.791199684143066,6.0,True,321,1362
2015-10-03-630,2015-10-03,FUV2,18186400,18,94810,0.027674298986506033,17.791199684143066,6.0,True,337,2910
2015-10-03-631,2015-10-03,FUV2,18186400,14,94828,0.12474230506416928,17.791199684143066,6.0,True,341,3228
2015-10-03-632,2015-10-03,FUV2,18186400,15,94842,0.013461607273518722,17.791199684143066,6.0,True,387,2900
2015-10-03-633,2015-10-03,FUV2,18186400,12,94857,0.33794377852198354,17.791199684143066,6.0,True,458,3013
2015-10-03-634,2015-10-03,FUV1,18186400,22,94869,0.13645976673488136,17.791199684143066,6.0,True,517,1714
2015-10-03-635,2015-10-03,FUV2,18186400,14,94891,0.07050111729993094,17.791199684143066,6.0,True,566,2992
2015-10-03-636,2015-10-03,FUV2,18186400,15,94905,-0.31613672793894143,17.791199684143066,6.0,True,569,3259
2015-10-03-637,2015-10-03,FUV2,18186400,17,94920,-0.08184993093337838,17.791199684143066,6.0,True,641,2994
2015-10-03-638,2015-10-03,FUV2,18186400,13,94937,0.08359708482176471,17.791199684143066,6.0,False,3901,650
2015-10-03-639,2015-10-03,FUV2,18186400,16,94950,0.13176019568576866,17.791199684143066,6.0,True,670,2998
2015-10-03-640,2015-10-03,FUV1,18186400,14,94966,0.04554786687179999,17.791199684143066,6.0,True,694,264
2015-10-03-641,2015-10-03,FUV1,18186400,22,94980,-0.11595627270304709,17.791199684143066,6.0,True,740,1688
2015-10-03-642,2015-10-03,FUV1,18186400,14,95002,0.2389993194539744,17.791199684143066,6.0,True,792,1409
2015-10-03-643,2015-10-03,FUV2,18186400,14,95016,-0.039218466571654974,17.791199684143066,6.0,True,807,3258
2015-10-03-644,2015-10-03,FUV2,18186400,18,95030,0.16061407938885902,17.791199684143066,6.0,False,2953,821
2015-10-03-645,2015-10-03,FUV1,18186400,16,95048,-0.11145087078788157,17.791199684143066,6.0,True,873,184
2015-10-03-646,2015-10-03,FUV1,18186400,20,95064,0.10044835910472946,17.791199684143066,6.0,True,888,1657
2015-10-03-647,2015-10-03,FUV1,18186403,12,95084,0.08101448676479173,17.791199684143066,6.0,True,201,1439
2015-10-03-648,2015-10-03,FUV1,18186403,12,95096,-0.0025848646803185897,17.791199684143066,6.0,True,262,1856
2015-10-03-649,2015-10-03,FUV1,18186403,13,95108,-0.21684950084207077,17.791199684143066,6.0,True,362,1435
2015-10-03-650,2015-10-03,FUV2,18186403,19,95121,0.20788445831769967,17.791199684143066,6.0,True,579,3524
2015-10-03-651,2015-10-03,FUV1,18186403,13,95140,-0.23691773344479516,17.791199684143066,6.0,True,612,1269
2015-10-03-652,2015-10-03,FUV2,18186403,15,95153,0.22644198385959527,17.791199684143066,6.0,True,618,3925
2015-10-03-653,2015-10-03,FUV2,18186403,13,95168,-0.20008325568804175,17.791199684143066,6.0,True,635,3541
2015-10-03-654,2015-10-03,FUV1,18186403,17,95181,0.03417787833722519,17.791199684143066,6.0,True,701,414
2015-10-03-655,2015-10-03,FUV1,18186403,15,95198,0.21662392368317063,17.791199684143066,6.0,True,716,398
2015-10-03-656,2015-10-03,FUV2,18186403,14,95213,0.13478681498385084,17.791199684143066,6.0,True,726,3642
2015-10-03-657,2015-10-03,FUV1,18186403,17,95227,0.057680615352128047,17.791199684143066,6.0,True,728,1381
2015-10-03-658,2015-10-03,FUV1,18186403,13,95244,0.10578736086649768,17.791199684143066,6.0,True,876,1612
2015-10-03-659,2015-10-03,FUV1,18186406,15,95257,0.06873556843822694,17.791199684143066,6.0,True,194,1427
2015-10-03-660,2015-10-03,FUV1,18186406,17,95272,0.2640120711030976,17.791199684143066,6.0,True,253,1349
2015-10-03-661,2015-10-03,FUV1,18186406,12,95289,0.08706346483912501,17.791199684143066,6.0,True,349,1682
2015-10-03-662,2015-10-03,FUV1,18186406,13,95301,-0.046018705747296045,17.791199684143066,6.0,True,481,1807
2015-10-03-663,2015-10-03,FUV2,18186406,12,95314,-0.08658755374204143,17.791199684143066,6.0,True,532,2991
2015-10-03-664,2015-10-03,FUV2,18186406,15,95326,-0.23708794398897265,17.791199684143066,6.0,True,540,3195
2015-10-03-665,2015-10-03,FUV1,18186406,13,95341,0.12213988453903696,17.791199684143066,6.0,True,626,371
2015-10-03-666,2015-10-03,FUV2,18186406,21,95354,-0.007194860232766741,17.791199684143066,6.0,True,638,3249
2015-10-03-667,2015-10-03,FUV1,18186406,13,95375,0.19556364932058262,17.791199684143066,6.0,True,651,1761
2015-10-03-668,2015-10-03,FUV2,18186406,20,95388,-0.12565195082600691,17.791199684143066,6.0,True,651,3187
2015-10-03-669,2015-10-03,FUV1,18186406,15,95408,0.2531815314623682,17.791199684143066,6.0,True,696,1389
2015-10-03-670,2015-10-03,FUV1,18186406,12,95423,0.08970881850403281,17.791199684143066,6.0,True,720,1431
2015-10-03-671,2015-10-03,FUV1,18186406,15,95435,0.23469021603400328,17.791199684143066,6.0,True,738,1413
2015-10-03-672,2015-10-03,FUV1,18186406,26,95450,-0.011411975755731194,17.791199684143066,6.0,True,782,1884
2015-10-03-673,2015-10-03,FUV1,18186406,23,95476,0.047049896363127765,17.791199684143066,6.0,True,852,128
2015-10-03-674,2015-10-03,FUV2,18186406,13,95499,0.09833353241376543,17.791199684143066,6.0,True,886,3636
2015-10-03-675,2015-10-03,FUV1,18186408,13,95512,-0.048838267611588757,17.791199684143066,6.0,True,200,386
2015-10-03-676,2015-10-03,FUV2,18186408,18,95525,0.21672386154054643,17.791199684143066,6.0,True,311,3916
2015-10-03-677,2015-10-03,FUV1,18186408,15,95543,0.10464598785934624,17.791199684143066,6.0,True,414,1368
2015-10-03-678,2015-10-03,FUV1,18186408,13,95558,0.1749790625541282,17.791199684143066,6.0,True,415,1680
2015-10-03-679,2015-10-03,FUV2,18186408,13,95571,-0.1556464222247357,17.791199684143066,6.0,True,486,2900
2015-10-03-680,2015-10-03,FUV1,18186408,15,95584,-0.028739474593018705,17.791199684143066,6.0,True,514,1741
2015-10-03-681,2015-10-03,FUV1,18186408,12,95599,0.14939042039602793,17.791199684143066,6.0,False,1697,515
2015-10-03-682,2015-10-03,FUV2,18186408,15,95611,0.0655538120280881,17.791199684143066,6.0,True,616,3005
2015-10-03-683,2015-10-03,FUV1,18186408,22,95626,-0.1519905795362415,17.791199684143066,6.0,True,636,128
2015-10-03-684,2015-10-03,FUV2,18186408,12,95648,-0.029995048283133558,17.791199684143066,6.0,True,743,3238
2015-10-03-685,2015-10-03,FUV2,18186408,23,95660,0.0632668042557428,17.791199684143066,6.0,True,803,3927
2015-10-03-686,2015-10-03,FUV2,18186408,18,95683,0.21392998127895033,17.791199684143066,6.0,True,856,3520
2015-10-03-687,2015-10-03,FUV2,18186408,17,95701,0.0637164975427522,17.791199684143066,6.0,True,878,2952
2015-10-03-688,2015-10-03,FUV2,18186411,23,95718,-0.08389044945690646,17.791199684143066,6.0,True,252,3512
2015-10-03-689,2015-10-03,FUV2,18186411,18,95741,-0.21307904928704335,17.791199684143066,6.0,True,270,2990
2015-10-03-690,2015-10-03,FUV1,18186411,15,95759,0.13578750720545024,17.791199684143066,6.0,True,277,1399
2015-10-03-691,2015-10-03,FUV1,18186411,21,95774,0.2525102029922421,17.791199684143066,6.0,True,301,376
2015-10-03-692,2015-10-03,FUV2,18186411,25,95795,0.06957401461208221,17.791199684143066,6.0,True,334,2914
2015-10-03-693,2015-10-03,FUV2,18186411,27,95820,-0.10261573050015146,17.791199684143066,6.0,True,374,2928
2015-10-03-694,2015-10-03,FUV1,18186411,17,95847,0.024653020480068927,17.791199684143066,6.0,True,408,159
2015-10-03-695,2015-10-03,FUV1,18186411,16,95864,0.009584272740592646,17.791199684143066,6.0,True,420,369
2015-10-03-696,2015-10-03,FUV2,18186411,17,95880,0.21826040397468754,17.791199684143066,6.0,True,420,3523
2015-10-03-697,2015-10-03,FUV1,18186411,17,95897,0.14111755798219905,17.791199684143066,6.0,True,443,371
2015-10-03-698,2015-10-03,FUV1,18186411,13,95914,0.08793427398967958,17.791199684143066,6.0,True,479,1446
2015-10-03-699,2015-10-03,FUV1,18186411,13,95927,-0.1054280860744911,17.791199684143066,6.0,True,479,1874
2015-10-03-700,2015-10-03,FUV2,18186411,12,95940,-0.024493954274673522,17.791199684143066,6.0,True,512,3256
2015-10-03-701,2015-10-03,FUV2,18186411,12,95952,-0.19831395325414364,17.791199684143066,6.0,True,655,3921
2015-10-03-702,2015-10-03,FUV1,18186411,18,95964,0.034570736955425244,17.791199684143066,6.0,True,724,1689
2015-10-03-703,2015-10-03,FUV1,18186411,13,95982,0.07550832368435721,17.791199684143066,6.0,True,731,185
2015-10-03-704,2015-10-03,FUV2,18186411,22,95995,-0.09476594510803969,17.791199684143066,6.0,True,756,3200
2015-10-03-705,2015-10-03,FUV1,18186411,18,96017,-0.15164103968786288,17.791199684143066,6.0,True,761,1419
2015-10-03-706,2015-10-03,FUV1,18186411,15,96035,-0.05263831856301442,17.791199684143066,6.0,True,885,1716
2015-10-03-707,2015-10-03,FUV2,18186414,17,96050,-0.1492620119955637,17.791199684143066,6.0,True,208,3528
2015-10-03-708,2015-10-03,FUV1,18186414,17,96067,-0.30673659063056286,17.791199684143066,6.0,True,269,1265
2015-10-03-709,2015-10-03,FUV1,18186414,14,96084,0.1189678540351838,17.791199684143066,6.0,True,290,1808
2015-10-03-710,2015-10-03,FUV2,18186414,14,96098,0.19337626880558517,17.791199684143066,6.0,True,321,3933
2015-10-03-711,2015-10-03,FUV1,18186414,14,96112,0.30453516038076733,17.791199684143066,6.0,True,357,1429
2015-10-03-712,2015-10-03,FUV2,18186414,17,96126,0.1716653593255373,17.791199684143066,6.0,True,437,2921
2015-10-03-713,2015-10-03,FUV1,18186414,17,96143,-0.09684058212024703,17.791199684143066,6.0,True,553,1858
2015-10-03-714,2015-10-03,FUV1,18186414,12,96160,-0.07512930397244723,17.791199684143066,6.0,False,1654,688
2015-10-03-715,2015-10-03,FUV1,18186414,14,96172,-0.10855270420238167,17.791199684143066,6.0,True,710,1316
2015-10-03-716,2015-10-03,FUV1,18186414,18,96186,0.1641077910118906,17.791199684143066,6.0,True,786,1378
2015-10-03-717,2015-10-03,FUV2,18186414,15,96204,-0.094155880580883,17.791199684143066,6.0,True,850,3538
2015-10-03-718,2015-10-03,FUV2,18186414,17,96219,0.17460329115759105,17.791199684143066,6.0,True,891,2911
2015-10-03-719,2015-10-03,FUV1,18186417,12,96236,-0.1350268195714582,17.791199684143066,6.0,True,210,1911
2015-10-03-720,2015-10-03,FUV1,18186417,12,96248,0.21490379867538453,17.791199684143066,6.0,True,282,1703
2015-10-03-721,2015-10-03,FUV1,18186417,20,96260,0.01689256046754721,17.791199684143066,6.0,True,301,1349
2015-10-03-722,2015-10-03,FUV2,18186417,16,96280,0.246078917137745,17.791199684143066,6.0,True,334,3006
2015-10-03-723,2015-10-03,FUV2,18186417,15,96296,0.021793532521751726,17.791199684143066,6.0,False,3185,352
2015-10-03-724,2015-10-03,FUV2,18186417,15,96311,0.2017337803390909,17.791199684143066,6.0,True,535,3235
2015-10-03-725,2015-10-03,FUV2,18186417,13,96326,0.14390883746117716,17.791199684143066,6.0,True,556,2993
2015-10-03-726,2015-10-03,FUV1,18186417,18,96339,0.1718959323577783,17.791199684143066,6.0,True,563,1360
2015-10-03-727,2015-10-03,FUV2,18186417,12,96357,0.15264861225386836,17.791199684143066,6.0,True,576,2954
2015-10-03-728,2015-10-03,FUV2,18186417,13,96369,0.3385007592273191,17.791199684143066,6.0,True,615,2996
2015-10-03-729,2015-10-03,FUV2,18186417,14,96382,-0.07749233990839398,17.791199684143066,6.0,True,659,3630
2015-10-03-730,2015-10-03,FUV1,18186417,12,96396,0.20074488871776774,17.791199684143066,6.0,True,688,1872
2015-10-03-731,2015-10-03,FUV1,18186417,18,96408,0.3057219700971481,17.791199684143066,6.0,True,745,1740
2015-10-03-732,2015-10-03,FUV2,18186417,13,96426,-0.3440225459417163,17.791199684143066,6.0,False,2901,752
2015-10-03-733,2015-10-03,FUV1,18186417,15,96439,0.27678360577536937,17.791199684143066,6.0,True,760,1461
2015-10-03-734,2015-10-03,FUV2,18186417,17,96454,0.2664205385132719,17.791199684143066,6.0,True,818,3008
2015-10-03-735,2015-10-03,FUV1,18186417,26,96471,0.09433929577550361,17.791199684143066,6.0,True,838,1817
2015-10-03-736,2015-10-03,FUV1,18186417,13,96497,-0.16606813024375075,17.791199684143066,6.0,True,880,1757
2015-10-03-737,2015-10-03,FUV1,18186419,13,96510,0.25008791924082635,17.791199684143066,6.0,True,301,1421
2015-10-03-738,2015-10-03,FUV2,18186419,15,96523,0.27322909107254767,17.791199684143066,6.0,True,358,3000
2015-10-03-739,2015-10-03,FUV1,18186419,13,96538,0.018700291833413988,17.791199684143066,6.0,True,371,1677
2015-10-03-740,2015-10-03,FUV1,18186419,14,96551,-0.029219974695622247,17.791199684143066,6.0,True,497,120
2015-10-03-741,2015-10-03,FUV1,18186419,19,96565,0.1515181125999462,17.791199684143066,6.0,True,525,439
2015-10-03-742,2015-10-03,FUV2,18186419,13,96584,0.028642038680064447,17.791199684143066,6.0,True,527,3615
2015-10-03-743,2015-10-03,FUV1,18186419,13,96597,0.08164412932501013,17.791199684143066,6.0,True,610,434
2015-10-03-744,2015-10-03,FUV2,18186419,12,96610,0.24956422353627,17.791199684143066,6.0,True,614,3638
2015-10-03-745,2015-10-03,FUV2,18186419,15,96622,-0.1329036102540354,17.791199684143066,6.0,True,683,2936
2015-10-03-746,2015-10-03,FUV1,18186419,14,96637,0.002477154888040425,17.791199684143066,6.0,True,697,1462
2015-10-03-747,2015-10-03,FUV1,18186419,12,96651,-0.0468730496428995,17.791199684143066,6.0,True,719,1772
2015-10-03-748,2015-10-03,FUV1,18186419,12,96663,0.3398597430081158,17.791199684143066,6.0,True,739,1603
2015-10-03-749,2015-10-03,FUV1,18186419,15,96675,-0.18819415281105395,17.791199684143066,6.0,True,809,1802
2015-10-03-750,2015-10-03,FUV1,18186419,13,96690,0.1937217306792934,17.791199684143066,6.0,True,862,146
2015-10-03-751,2015-10-03,FUV1,18186419,19,96703,0.2628053205075697,17.791199684143066,6.0,True,862,1623
2015-10-03-752,2015-10-03,FUV2,18186422,15,96722,0.11744684360435503,17.791199684143066,6.0,True,239,3529
2015-10-03-753,2015-10-03,FUV1,18186422,17,96737,0.2513667556627365,17.791199684143066,6.0,True,286,1912
2015-10-03-754,2015-10-03,FUV1,18186422,17,96754,0.09099782899403837,17.791199684143066,6.0,True,617,137
2015-10-03-755,2015-10-03,FUV2,18186422,12,96771,0.18942441077723493,17.791199684143066,6.0,True,640,2996
2015-10-03-756,2015-10-03,FUV1,18186422,12,96783,0.32990543640494624,17.791199684143066,6.0,True,697,1717
2015-10-03-757,2015-10-03,FUV2,18186422,16,96795,0.28910479495918856,17.791199684143066,6.0,True,774,3003
2015-10-03-758,2015-10-03,FUV2,18186422,15,96811,0.1748527694914831,17.791199684143066,6.0,True,830,3627
2015-10-03-759,2015-10-03,FUV2,18186425,14,96826,0.21993709450668203,17.791199684143066,6.0,True,188,3620
2015-10-03-760,2015-10-03,FUV1,18186425,13,96840,0.17538343160811679,17.791199684143066,6.0,True,278,392
2015-10-03-761,2015-10-03,FUV1,18186425,12,96853,0.13212992199979048,17.791199684143066,6.0,True,282,173
2015-10-03-762,2015-10-03,FUV2,18186425,22,96865,0.09105238619718152,17.791199684143066,6.0,True,306,3635
2015-10-03-763,2015-10-03,FUV1,18186425,14,96887,0.2831261215287415,17.791199684143066,6.0,True,327,1763
2015-10-03-764,2015-10-03,FUV2,18186425,13,96901,0.18174490402928187,17.791199684143066,6.0,True,436,2941
2015-10-03-765,2015-10-03,FUV2,18186425,12,96914,0.1395754646951112,17.791199684143066,6.0,True,449,2910
2015-10-03-766,2015-10-03,FUV2,18186425,18,96926,0.08157531167864548,17.791199684143066,6.0,True,483,3540
2015-10-03-767,2015-10-03,FUV2,18186425,14,96944,0.22496104527970825,17.791199684143066,6.0,True,537,3208
2015-10-03-768,2015-10-03,FUV1,18186425,12,96958,0.0970558904654774,17.791199684143066,6.0,True,542,386
2015-10-03-769,2015-10-03,FUV2,18186425,12,96970,0.11819433243373935,17.791199684143066,6.0,True,680,2946
2015-10-03-770,2015-10-03,FUV2,18186425,13,96982,0.2575876740434968,17.791199684143066,6.0,True,827,3620
2015-10-03-771,2015-10-03,FUV1,18186425,19,96995,0.32725267239937417,17.791199684143066,6.0,True,868,1683
2015-10-03-772,2015-10-03,FUV1,18186428,13,97014,0.10765843877147283,17.791199684143066,6.0,True,218,1647
2015-10-03-773,2015-10-03,FUV2,18186428,12,97027,0.3155494391683235,17.791199684143066,6.0,True,272,2900
2015-10-03-774,2015-10-03,FUV1,18186428,16,97039,0.06020718856149842,17.791199684143066,6.0,True,380,1430
2015-10-03-775,2015-10-03,FUV1,18186428,15,97055,0.14219418870208644,17.791199684143066,6.0,True,464,1719
2015-10-03-776,2015-10-03,FUV1,18186428,18,97070,-0.1217569254554841,17.791199684143066,6.0,True,547,1632
2015-10-03-777,2015-10-03,FUV1,18186428,14,97088,-0.0541946142898176,17.791199684143066,6.0,True,719,1631
2015-10-03-778,2015-10-03,FUV2,18186428,15,97102,-0.03869804001595431,17.791199684143066,6.0,True,784,3933
2015-10-03-779,2015-10-03,FUV1,18186430,13,97117,0.20420775088813303,17.791199684143066,6.0,True,231,411
2015-10-03-780,2015-10-03,FUV1,18186430,14,97130,0.17194299724015943,17.791199684143066,6.0,True,249,1270
2015-10-03-781,2015-10-03,FUV1,18186430,13,97144,0.23577813034205428,17.791199684143066,6.0,True,259,1743
2015-10-03-782,2015-10-03,FUV2,18186430,16,97157,0.14715277799676604,17.791199684143066,6.0,True,314,3233
2015-10-03-783,2015-10-03,FUV1,18186430,15,97173,0.1787917152876243,17.791199684143066,6.0,True,382,1698
2015-10-03-784,2015-10-03,FUV1,18186430,16,97188,0.08558899313852114,17.791199684143066,6.0,True,804,1872
2015-10-03-785,2015-10-03,FUV1,18186430,13,97204,0.24130376602040235,17.791199684143066,6.0,True,863,1856
2015-10-03-786,2015-10-03,FUV1,18186433,13,97217,0.34591844798903526,17.791199684143066,6.0,True,283,1757
2015-10-03-787,2015-10-03,FUV2,18186433,13,97230,0.08876291756786517,17.791199684143066,6.0,True,296,3203
2015-10-03-788,2015-10-03,FUV2,18186433,14,97243,0.22696893656575357,17.791199684143066,6.0,True,473,2913
2015-10-03-789,2015-10-03,FUV2,18186433,12,97257,0.06952130368558493,17.791199684143066,6.0,True,573,3924
2015-10-03-790,2015-10-03,FUV1,18186433,20,97269,-0.2366384243400293,17.791199684143066,6.0,True,614,276
2015-10-03-791,2015-10-03,FUV2,18186433,15,97289,-0.012613829306575139,17.791199684143066,6.0,True,624,3187
2015-10-03-792,2015-10-03,FUV1,18186433,14,97304,-0.11566328660676724,17.791199684143066,6.0,True,660,1879
2015-10-03-793,2015-10-03,FUV1,18186433,12,97318,0.17889149620049405,17.791199684143066,6.0,True,702,183
2015-10-03-794,2015-10-03,FUV1,18186433,16,97330,0.1837661187672663,17.791199684143066,6.0,True,732,1363
2015-10-03-795,2015-10-03,FUV1,18186433,14,97346,0.20924873340394726,17.791199684143066,6.0,True,745,413
2015-10-03-796,2015-10-03,FUV1,18186436,19,97360,-0.08777643836345288,17.791199684143066,6.0,True,296,1673
2015-10-03-797,2015-10-03,FUV1,18186436,13,97379,0.292625614301676,17.791199684143066,6.0,True,430,1665
2015-10-03-798,2015-10-03,FUV2,18186436,13,97392,-0.13032345760142686,17.791199684143066,6.0,True,444,2964
2015-10-03-799,2015-10-03,FUV2,18186436,13,97405,0.3140270716761884,17.791199684143066,6.0,True,766,3263
2015-10-03-800,2015-10-03,FUV1,18186436,23,97418,0.15259896484890684,17.791199684143066,6.0,True,768,380
2015-10-03-801,2015-10-03,FUV2,18186436,13,97441,-0.002363833118419923,17.791199684143066,6.0,True,802,3519
2015-10-03-802,2015-10-03,FUV1,18186436,17,97454,0.2567718428121912,17.791199684143066,6.0,True,891,1661
2015-10-03-803,2015-10-03,FUV1,18186439,22,97471,-0.1976779892140493,17.791199684143066,6.0,False,258,192
2015-10-03-804,2015-10-03,FUV1,18186439,12,97493,0.3233324857576586,17.791199684143066,6.0,True,371,1289
2015-10-03-805,2015-10-03,FUV2,18186439,14,97505,0.2402151285037307,17.791199684143066,6.0,True,379,3202
2015-10-03-806,2015-10-03,FUV1,18186439,16,97519,0.02869745348791977,17.791199684143066,6.0,True,485,1866
2015-10-03-807,2015-10-03,FUV2,18186439,22,97535,0.2435565802283661,17.791199684143066,6.0,True,487,3230
2015-10-03-808,2015-10-03,FUV1,18186439,13,97557,0.32940477008713503,17.791199684143066,6.0,True,577,182
2015-10-03-809,2015-10-03,FUV1,18186439,14,97570,0.13866436313253255,17.791199684143066,6.0,True,587,1294
2015-10-03-810,2015-10-03,FUV1,18186439,15,97584,0.2774403965451372,17.791199684143066,6.0,True,603,1311
2015-10-03-811,2015-10-03,FUV1,18186439,12,97599,-0.015047353878973454,17.791199684143066,6.0,True,763,275
2015-10-03-812,2015-10-03,FUV1,18186439,14,97611,0.34445489331899953,17.791199684143066,6.0,True,781,363
2015-10-03-813,2015-10-03,FUV1,18186439,13,97625,0.28897088002983184,17.791199684143066,6.0,True,885,1276
2015-10-03-814,2015-10-03,FUV2,18186441,13,97638,0.3435926857225735,17.791199684143066,6.0,True,397,3194
2015-10-03-815,2015-10-03,FUV1,18186441,12,97651,0.2353040551299338,17.791199684143066,6.0,True,431,1702
2015-10-03-816,2015-10-03,FUV1,18186441,13,97663,0.2517905756189389,17.791199684143066,6.0,True,446,1377
2015-10-03-817,2015-10-03,FUV1,18186441,18,97676,0.2880947017465591,17.791199684143066,6.0,True,791,188
2015-10-03-818,2015-10-03,FUV2,18186444,14,97694,0.24740826669282917,17.791199684143066,6.0,True,366,3904
2015-10-03-819,2015-10-03,FUV1,18186444,13,97708,0.243242977602945,17.791199684143066,6.0,True,480,1321
2015-10-03-820,2015-10-03,FUV1,18186444,27,97721,0.20930852943215617,17.791199684143066,6.0,True,506,1901
2015-10-03-821,2015-10-03,FUV2,18186444,18,97748,0.20424355946965062,17.791199684143066,6.0,True,577,2995
2015-10-03-822,2015-10-03,FUV2,18186444,14,97766,-0.033802072409496585,17.791199684143066,6.0,True,695,3215
2015-10-03-823,2015-10-03,FUV1,18186444,15,97780,0.2610498534712827,17.791199684143066,6.0,True,708,1823
2015-10-03-824,2015-10-03,FUV2,18186444,17,97795,0.20325911632522609,17.791199684143066,6.0,True,733,2965
2015-10-03-825,2015-10-03,FUV1,18186444,13,97812,-0.14558261695795713,17.791199684143066,6.0,False,1363,838
2015-10-03-826,2015-10-03,FUV1,18186447,13,97825,0.308666856748892,17.791199684143066,6.0,True,592,1877
2015-10-03-827,2015-10-03,FUV1,18186447,12,97838,-0.044528637567753444,17.791199684143066,6.0,True,679,1450
2015-10-03-828,2015-10-03,FUV2,18186447,13,97850,0.3300082535224768,17.791199684143066,6.0,True,821,3192
2015-10-03-829,2015-10-03,FUV2,18186450,12,97863,0.13758310170172033,17.791199684143066,6.0,True,663,2909
2015-10-03-830,2015-10-03,FUV2,18186450,12,97875,0.266092006527326,17.791199684143066,6.0,True,882,3192
2015-10-03-831,2015-10-03,FUV1,18186453,12,97887,-0.08285059526047256,17.791199684143066,6.0,True,388,104
2015-10-03-832,2015-10-03,FUV2,18186453,15,97899,-0.04884681509723246,17.791199684143066,6.0,False,3004,547
2015-10-03-833,2015-10-03,FUV1,18186453,18,97914,-0.10260911012407602,17.791199684143066,6.0,True,826,1732
2015-10-03-834,2015-10-03,FUV1,18186456,12,97932,0.3426157117256334,17.791199684143066,6.0,True,229,374
2015-10-03-835,2015-10-03,FUV2,18186456,15,97944,0.3244478076053968,17.791199684143066,6.0,True,270,3264
2015-10-03-836,2015-10-03,FUV2,18186456,15,97959,0.031077409008840335,17.791199684143066,6.0,True,505,2900
2015-10-03-837,2015-10-03,FUV2,18186459,21,97974,0.23338648519882166,17.791199684143066,6.0,True,191,2900
2015-10-03-838,2015-10-03,FUV1,18186459,13,97995,-0.051629986557781095,17.791199684143066,6.0,True,354,1349
2015-10-03-839,2015-10-03,FUV1,18186462,14,98008,-0.24530784195810298,17.791199684143066,6.0,True,510,118
2015-10-03-840,2015-10-03,FUV1,18186464,22,98022,-0.19957137616762088,17.791199684143066,6.0,False,1879,325
2015-10-03-841,2015-10-03,FUV2,18186464,14,98044,0.2707987078873611,17.791199684143066,6.0,True,630,3630
2015-10-03-842,2015-10-03,FUV1,18186467,16,98058,0.23182111264933805,17.791199684143066,6.0,True,411,378
2015-10-03-843,2015-10-03,FUV1,18186478,16,98074,0.17954712386782992,17.791199684143066,6.0,True,696,1416
2015-10-03-844,2015-10-03,FUV1,18186486,13,98090,0.0792919317019784,17.791199684143066,6.0,True,236,1723
2015-10-03-845,2015-10-03,FUV1,18186497,15,98103,0.1341297527115584,17.791199684143066,6.0,True,510,1857
2015-10-03-846,2015-10-03,FUV1,18186497,13,98118,0.32107874229409417,17.791199684143066,6.0,False,1605,721
2015-10-03-847,2015-10-03,FUV1,18186511,18,98131,0.2185697038780522,17.791199684143066,6.0,False,1746,472
2015-10-03-848,2015-10-03,FUV1,18186511,17,98149,0.03169654919180655,17.791199684143066,6.0,False,347,557
2015-10-03-849,2015-10-03,SJI,18184606,15,98166,-0.12974637828919944,26.6867995262146,18.0,True,564,767
2015-10-03-850,2015-10-03,SJI,18184617,16,98181,-0.17187909135438936,26.6867995262146,18.0,True,574,763
2015-10-03-851,2015-10-03,SJI,18184628,13,98197,-0.31782268192376145,26.6867995262146,18.0,True,252,633
2015-10-03-852,2015-10-03,SJI,18184628,14,98210,-0.1867233459583401,26.6867995262146,18.0,True,574,765
2015-10-03-853,2015-10-03,SJI,18184639,19,98224,-0.19917045237971143,26.6867995262146,18.0,True,570,765
2015-10-03-854,2015-10-03,SJI,18184651,12,98243,0.004016887246163706,26.6867995262146,18.0,False,677,215
2015-10-03-855,2015-10-03,SJI,18184651,17,98255,-0.17127717601611164,26.6867995262146,18.0,True,576,763
2015-10-03-856,2015-10-03,SJI,18184684,12,98272,-0.2589676719938286,26.6867995262146,18.0,True,840,760
2015-10-03-857,2015-10-03,SJI,18184706,17,98284,-0.2583651092018498,26.6867995262146,18.0,True,269,660
2015-10-03-858,2015-10-03,SJI,18184729,30,98301,0.2701002778239253,26.6867995262146,18.0,True,532,667
2015-10-03-859,2015-10-03,SJI,18184762,20,98331,-0.2138851555059041,26.6867995262146,18.0,True,266,698
2015-10-03-860,2015-10-03,SJI,18186292,28,98351,-0.01785832316027531,26.6867995262146,18.0,False,760,780
2015-10-03-861,2015-10-03,SJI,18186348,12,98379,-0.12982362824283633,26.6867995262146,18.0,True,548,357
2015-10-03-862,2015-10-03,SJI,18186359,12,98391,-0.21058132273653954,26.6867995262146,18.0,True,587,653
2015-10-03-863,2015-10-03,SJI,18186370,21,98403,-0.3320645076034079,26.6867995262146,18.0,True,319,856
2015-10-03-864,2015-10-03,SJI,18186370,13,98424,-0.06895219238458719,26.6867995262146,18.0,True,427,684
2015-10-03-865,2015-10-03,SJI,18186381,14,98437,0.24308022559877324,26.6867995262146,18.0,True,237,652
2015-10-03-866,2015-10-03,SJI,18186381,14,98451,-0.07546605628974792,26.6867995262146,18.0,True,511,688
2015-10-03-867,2015-10-03,SJI,18186393,12,98465,0.11368838353662022,26.6867995262146,18.0,True,246,665
2015-10-03-868,2015-10-03,SJI,18186393,13,98477,0.04431448590706234,26.6867995262146,18.0,True,260,681
2015-10-03-869,2015-10-03,SJI,18186393,12,98490,0.09422967606920847,26.6867995262146,18.0,True,304,709
2015-10-03-870,2015-10-03,SJI,18186404,13,98502,-0.0830151272712896,26.6867995262146,18.0,True,648,631
2015-10-03-871,2015-10-03,SJI,18186415,17,98515,0.004993400431593877,26.6867995262146,18.0,True,349,719
2015-10-03-872,2015-10-03,SJI,18186415,12,98532,0.1765840615040231,26.6867995262146,18.0,True,602,675
2015-10-03-873,2015-10-03,SJI,18186426,13,98544,0.12158473865664966,26.6867995262146,18.0,True,333,741
2015-10-03-874,2015-10-03,SJI,18186426,12,98557,0.2619807910730129,26.6867995262146,18.0,True,868,757
2015-10-03-875,2015-10-03,SJI,18186437,20,98569,0.22707828932262267,26.6867995262146,18.0,True,231,665
2015-10-03-876,2015-10-03,SJI,18186448,12,98589,-0.030869115203042783,26.6867995262146,18.0,True,463,655
2015-10-03-877,2015-10-03,SJI,18186482,13,98601,-0.053399707310964085,26.6867995262146,18.0,False,664,395
2015-10-03-878,2015-10-03,SJI,18186482,14,98614,-0.012267709721206416,26.6867995262146,18.0,False,751,810
2015-10-03-879,2015-10-03,SJI,18186527,18,98628,-0.10262406916053467,26.6867995262146,18.0,False,751,808
2015-10-03-880,2015-10-03,SJI,18186538,15,98646,0.006087061005801957,26.6867995262146,18.0,True,550,344
2015-10-03-881,2015-10-03,SJI,18184600,13,98661,0.09536467105696032,26.6867995262146,18.0,True,492,676
2015-10-03-882,2015-10-03,SJI,18184611,12,98674,-0.08915526656999927,26.6867995262146,18.0,False,787,478
2015-10-03-883,2015-10-03,SJI,18184645,16,98686,-0.035704401626606236,26.6867995262146,18.0,True,685,630
2015-10-03-884,2015-10-03,SJI,18184656,12,98702,0.173974568046889,26.6867995262146,18.0,True,511,757
2015-10-03-885,2015-10-03,SJI,18184656,12,98714,-0.12195500694893535,26.6867995262146,18.0,True,573,737
2015-10-03-886,2015-10-03,SJI,18184667,14,98726,0.29757772352800105,26.6867995262146,18.0,True,853,737
2015-10-03-887,2015-10-03,SJI,18184700,14,98740,0.004632452249165164,26.6867995262146,18.0,True,229,650
2015-10-03-888,2015-10-03,SJI,18184700,19,98754,-0.047800693521162334,26.6867995262146,18.0,True,523,754
2015-10-03-889,2015-10-03,SJI,18184700,13,98773,0.02212516776277608,26.6867995262146,18.0,True,651,706
2015-10-03-890,2015-10-03,SJI,18184723,12,98786,-0.04676958595899058,26.6867995262146,18.0,True,242,789
2015-10-03-891,2015-10-03,SJI,18184723,20,98798,-0.030168038035837296,26.6867995262146,18.0,True,524,753
2015-10-03-892,2015-10-03,SJI,18184745,12,98818,-0.02910892186992553,26.6867995262146,18.0,True,529,753
2015-10-03-893,2015-10-03,SJI,18184767,21,98830,0.05865886083191181,26.6867995262146,18.0,True,533,632
2015-10-03-894,2015-10-03,SJI,18184779,13,98851,0.0047301090424949985,26.6867995262146,18.0,False,678,374
2015-10-03-895,2015-10-03,SJI,18186353,15,98864,0.006340468609257114,26.6867995262146,18.0,True,232,467
2015-10-03-896,2015-10-03,SJI,18186375,20,98879,0.00876428432519067,26.6867995262146,18.0,True,288,663
2015-10-03-897,2015-10-03,SJI,18186375,12,98899,0.20795763236850223,26.6867995262146,18.0,True,829,737
2015-10-03-898,2015-10-03,SJI,18186387,12,98911,0.18967094113328115,26.6867995262146,18.0,True,336,563
2015-10-03-899,2015-10-03,SJI,18186387,12,98923,-0.005411812384903509,26.6867995262146,18.0,True,438,661
2015-10-03-900,2015-10-03,SJI,18186387,16,98935,0.16279714692847982,26.6867995262146,18.0,True,606,729
2015-10-03-901,2015-10-03,SJI,18186398,13,98951,0.006526750780849287,26.6867995262146,18.0,True,384,773
2015-10-03-902,2015-10-03,SJI,18186420,18,98964,-0.10010944618652658,26.6867995262146,18.0,True,654,631
2015-10-03-903,2015-10-03,SJI,18186431,13,98982,0.04713163443194911,26.6867995262146,18.0,False,639,528
2015-10-03-904,2015-10-03,SJI,18186442,36,98995,-0.010588483688749177,26.6867995262146,18.0,True,422,794
2015-10-03-905,2015-10-03,SJI,18186442,12,99031,-0.2718347393000629,26.6867995262146,18.0,True,823,749
2016-01-02-1,2016-01-02,FUV1,20041674,26,99043,0.058392144221832996,17.791199684143066,6.0,True,253,1627
2016-01-02-2,2016-01-02,FUV2,20041686,23,99069,-0.32126472388407157,17.791199684143066,6.0,True,553,3067
2016-01-02-3,2016-01-02,FUV2,20041701,25,99092,-0.09133231643333257,17.791199684143066,6.0,True,203,4054
2016-01-02-4,2016-01-02,FUV1,20041701,22,99117,0.2363314888671269,17.791199684143066,6.0,True,238,1639
2016-01-02-5,2016-01-02,FUV2,20041701,30,99139,0.11219289948677581,17.791199684143066,6.0,True,496,4014
2016-01-02-6,2016-01-02,FUV2,20041701,23,99169,0.14819483073411,17.791199684143066,6.0,True,705,3594
2016-01-02-7,2016-01-02,FUV2,20041701,18,99192,-0.14097493859824037,17.791199684143066,6.0,True,769,3076
2016-01-02-8,2016-01-02,FUV2,20041704,12,99210,0.10929837249403042,17.791199684143066,6.0,True,244,3654
2016-01-02-9,2016-01-02,FUV1,20041704,18,99222,-0.08297698205204633,17.791199684143066,6.0,True,392,1255
2016-01-02-10,2016-01-02,FUV1,20041704,18,99240,0.0665492629326602,17.791199684143066,6.0,True,542,1324
2016-01-02-11,2016-01-02,FUV2,20041704,12,99258,-0.3024610090101203,17.791199684143066,6.0,True,596,3218
2016-01-02-12,2016-01-02,FUV1,20041704,12,99270,0.10255331031743345,17.791199684143066,6.0,True,884,403
2016-01-02-13,2016-01-02,FUV2,20041707,13,99282,-0.2692928419512486,17.791199684143066,6.0,True,240,3253
2016-01-02-14,2016-01-02,FUV1,20041707,12,99295,0.1798150959986886,17.791199684143066,6.0,True,399,1450
2016-01-02-15,2016-01-02,FUV1,20041707,15,99307,-0.10055284087345015,17.791199684143066,6.0,True,452,346
2016-01-02-16,2016-01-02,FUV2,20041710,16,99322,-0.15716581587727713,17.791199684143066,6.0,True,488,2914
2016-01-02-17,2016-01-02,FUV2,20041713,20,99338,0.2668712494152785,17.791199684143066,6.0,True,798,3167
2016-01-02-18,2016-01-02,FUV2,20041716,14,99358,-0.001474924919017639,17.791199684143066,6.0,True,277,2998
2016-01-02-19,2016-01-02,FUV1,20041716,14,99372,-0.08834253577323765,17.791199684143066,6.0,True,500,1387
2016-01-02-20,2016-01-02,FUV1,20041716,19,99386,-0.22476780668577148,17.791199684143066,6.0,True,507,1666
2016-01-02-21,2016-01-02,FUV1,20041719,17,99405,-0.08568174071131908,17.791199684143066,6.0,True,363,1796
2016-01-02-22,2016-01-02,FUV2,20041722,24,99422,-0.2057192534282422,17.791199684143066,6.0,True,235,3926
2016-01-02-23,2016-01-02,FUV2,20041722,13,99446,-0.018700133852164225,17.791199684143066,6.0,True,330,3622
2016-01-02-24,2016-01-02,FUV1,20041722,15,99459,-0.04208631919994657,17.791199684143066,6.0,True,571,1344
2016-01-02-25,2016-01-02,FUV1,20041722,34,99474,0.09289072154146069,17.791199684143066,6.0,True,584,1691
2016-01-02-26,2016-01-02,FUV2,20041722,20,99508,0.021268875569036335,17.791199684143066,6.0,True,665,3775
2016-01-02-27,2016-01-02,FUV2,20041722,13,99528,0.12960605386004456,17.791199684143066,6.0,True,869,3745
2016-01-02-28,2016-01-02,FUV1,20041725,25,99541,0.06363067310464025,17.791199684143066,6.0,True,246,372
2016-01-02-29,2016-01-02,FUV2,20041725,12,99566,0.09847848535223472,17.791199684143066,6.0,True,434,3712
2016-01-02-30,2016-01-02,FUV1,20041725,17,99578,0.028009018074612008,17.791199684143066,6.0,True,493,1393
2016-01-02-31,2016-01-02,FUV2,20041725,14,99595,0.04137901687051988,17.791199684143066,6.0,True,506,3181
2016-01-02-32,2016-01-02,FUV2,20041725,15,99609,0.2068957250064924,17.791199684143066,6.0,True,745,3789
2016-01-02-33,2016-01-02,FUV2,20041728,12,99624,0.32323115959718346,17.791199684143066,6.0,True,551,2940
2016-01-02-34,2016-01-02,FUV2,20041731,12,99636,0.22186247900983955,17.791199684143066,6.0,True,680,3681
2016-01-02-35,2016-01-02,FUV2,20041731,16,99648,-0.029691611392322542,17.791199684143066,6.0,True,697,3036
2016-01-02-36,2016-01-02,FUV2,20041734,17,99664,0.23482645270397953,17.791199684143066,6.0,True,763,4011
2016-01-02-37,2016-01-02,FUV1,20041734,14,99681,0.10711611551898803,17.791199684143066,6.0,True,828,271
2016-01-02-38,2016-01-02,FUV1,20041737,18,99695,0.16429069629030443,17.791199684143066,6.0,True,679,1909
2016-01-02-39,2016-01-02,FUV1,20041740,33,99713,0.13652625020478326,17.791199684143066,6.0,True,513,380
2016-01-02-40,2016-01-02,FUV2,20041743,16,99746,0.2850552170883058,17.791199684143066,6.0,True,573,3740
2016-01-02-41,2016-01-02,FUV2,20041746,17,99762,0.06316967028156029,17.791199684143066,6.0,True,578,3173
2016-01-02-42,2016-01-02,FUV2,20041746,15,99779,0.13966238346219292,17.791199684143066,6.0,True,812,3780
2016-01-02-43,2016-01-02,FUV2,20041746,23,99794,0.24933712252625115,17.791199684143066,6.0,True,863,3899
2016-01-02-44,2016-01-02,FUV2,20041755,21,99817,0.27628326574444406,17.791199684143066,6.0,True,882,3522
2016-01-02-45,2016-01-02,FUV2,20042575,14,99838,-0.007180883091723128,17.791199684143066,6.0,False,3781,619
2016-01-02-46,2016-01-02,FUV2,20042596,39,99852,0.007744409246298022,17.791199684143066,6.0,False,3045,626
2016-01-02-47,2016-01-02,FUV2,20042617,21,99891,0.04162015242923202,17.791199684143066,6.0,True,618,3670
2016-01-02-48,2016-01-02,FUV1,20042623,13,99912,0.281250449774274,17.791199684143066,6.0,True,417,1892
2016-01-02-49,2016-01-02,FUV1,20042623,40,99925,0.1266212221063333,17.791199684143066,6.0,True,449,1452
2016-01-02-50,2016-01-02,FUV1,20042623,57,99965,0.08145789277277851,17.791199684143066,6.0,True,678,398
2016-01-02-51,2016-01-02,FUV2,20042626,22,100022,0.05922702419269392,17.791199684143066,6.0,True,320,3671
2016-01-02-52,2016-01-02,FUV1,20042626,12,100044,-0.1809515987086171,17.791199684143066,6.0,True,802,203
2016-01-02-53,2016-01-02,FUV1,20042629,12,100056,0.13584620011665174,17.791199684143066,6.0,True,281,1726
2016-01-02-54,2016-01-02,FUV2,20042629,13,100068,0.22613893417912387,17.791199684143066,6.0,True,866,3183
2016-01-02-55,2016-01-02,FUV2,20042632,19,100081,-0.15505095586186815,17.791199684143066,6.0,True,217,3889
2016-01-02-56,2016-01-02,FUV2,20042632,13,100100,-0.035365642492877374,17.791199684143066,6.0,True,373,3617
2016-01-02-57,2016-01-02,FUV2,20042632,19,100113,-0.13684248667732105,17.791199684143066,6.0,True,856,3557
2016-01-02-58,2016-01-02,FUV1,20042635,13,100132,-0.09069204591549385,17.791199684143066,6.0,True,188,1391
2016-01-02-59,2016-01-02,FUV1,20042638,28,100145,0.17241406491447217,17.791199684143066,6.0,True,440,423
2016-01-02-60,2016-01-02,FUV2,20042638,14,100173,-0.2254051476630701,17.791199684143066,6.0,True,477,3508
2016-01-02-61,2016-01-02,FUV1,20042638,26,100187,-0.24814682616636397,17.791199684143066,6.0,True,840,394
2016-01-02-62,2016-01-02,FUV1,20042641,14,100213,0.12652092289059427,17.791199684143066,6.0,True,195,162
2016-01-02-63,2016-01-02,FUV2,20042641,13,100227,0.2704753942732281,17.791199684143066,6.0,True,262,3641
2016-01-02-64,2016-01-02,FUV2,20042641,12,100240,-0.1871504545998154,17.791199684143066,6.0,True,342,3008
2016-01-02-65,2016-01-02,FUV2,20042641,21,100252,-0.07955458688205314,17.791199684143066,6.0,True,471,3619
2016-01-02-66,2016-01-02,FUV1,20042644,29,100273,0.21431901939361223,17.791199684143066,6.0,True,239,181
2016-01-02-67,2016-01-02,FUV1,20042644,19,100302,0.052045372881647664,17.791199684143066,6.0,True,291,187
2016-01-02-68,2016-01-02,FUV2,20042644,13,100321,-0.20791129158662364,17.791199684143066,6.0,True,663,2924
2016-01-02-69,2016-01-02,FUV1,20042647,13,100334,0.1631217939250322,17.791199684143066,6.0,True,189,1674
2016-01-02-70,2016-01-02,FUV1,20042647,16,100347,0.24863690048733883,17.791199684143066,6.0,True,192,1308
2016-01-02-71,2016-01-02,FUV2,20042647,18,100363,-0.06826051183047938,17.791199684143066,6.0,True,449,3518
2016-01-02-72,2016-01-02,FUV1,20042647,17,100381,0.05066746631921134,17.791199684143066,6.0,True,564,1267
2016-01-02-73,2016-01-02,FUV2,20042647,15,100398,0.151117332279758,17.791199684143066,6.0,True,664,3873
2016-01-02-74,2016-01-02,FUV1,20042647,13,100413,-0.0015248096473840448,17.791199684143066,6.0,True,705,261
2016-01-02-75,2016-01-02,FUV2,20042647,14,100426,0.1805949050536312,17.791199684143066,6.0,True,756,3767
2016-01-02-76,2016-01-02,FUV1,20042647,12,100440,-0.0030782465328277274,17.791199684143066,6.0,True,860,389
2016-01-02-77,2016-01-02,FUV1,20042650,13,100452,0.08981067498178334,17.791199684143066,6.0,True,281,1787
2016-01-02-78,2016-01-02,FUV2,20042650,14,100465,0.02035992573528163,17.791199684143066,6.0,True,348,4074
2016-01-02-79,2016-01-02,FUV2,20042650,12,100479,0.14852938081366526,17.791199684143066,6.0,True,351,3211
2016-01-02-80,2016-01-02,FUV2,20042650,15,100491,-0.03918817000977143,17.791199684143066,6.0,True,525,3977
2016-01-02-81,2016-01-02,FUV1,20042650,14,100506,-0.25100133099072086,17.791199684143066,6.0,True,627,1831
2016-01-02-82,2016-01-02,FUV2,20042650,20,100520,-0.17235555220215198,17.791199684143066,6.0,True,888,3570
2016-01-02-83,2016-01-02,FUV2,20042653,24,100540,-0.20644982371765055,17.791199684143066,6.0,True,287,2983
2016-01-02-84,2016-01-02,FUV1,20042653,19,100564,0.12248635457382541,17.791199684143066,6.0,True,348,177
2016-01-02-85,2016-01-02,FUV2,20042653,12,100583,-0.17302661954842205,17.791199684143066,6.0,True,420,3249
2016-01-02-86,2016-01-02,FUV2,20042653,21,100595,-0.047537800094795024,17.791199684143066,6.0,True,443,3611
2016-01-02-87,2016-01-02,FUV1,20042653,24,100616,-0.003927512397137601,17.791199684143066,6.0,True,461,1410
2016-01-02-88,2016-01-02,FUV2,20042653,12,100640,0.0338566595024595,17.791199684143066,6.0,True,724,3711
2016-01-02-89,2016-01-02,FUV2,20042653,19,100652,-0.18474770013447023,17.791199684143066,6.0,True,861,3009
2016-01-02-90,2016-01-02,FUV2,20042656,18,100671,0.17149260287832646,17.791199684143066,6.0,True,203,3240
2016-01-02-91,2016-01-02,FUV2,20042656,14,100689,-0.28144293988480074,17.791199684143066,6.0,True,295,3648
2016-01-02-92,2016-01-02,FUV1,20042656,15,100703,-0.06317506018766246,17.791199684143066,6.0,True,321,1882
2016-01-02-93,2016-01-02,FUV2,20042656,14,100718,0.10387798148886972,17.791199684143066,6.0,True,436,3619
2016-01-02-94,2016-01-02,FUV2,20042656,12,100732,0.1979931609940501,17.791199684143066,6.0,True,553,3270
2016-01-02-95,2016-01-02,FUV1,20042656,13,100744,-0.004353037739870849,17.791199684143066,6.0,True,691,262
2016-01-02-96,2016-01-02,FUV2,20042656,31,100757,0.14465837707964072,17.791199684143066,6.0,True,746,3053
2016-01-02-97,2016-01-02,FUV2,20042656,14,100788,-0.021445978102407424,17.791199684143066,6.0,True,821,3538
2016-01-02-98,2016-01-02,FUV1,20042656,14,100802,0.18551083835955226,17.791199684143066,6.0,True,867,1891
2016-01-02-99,2016-01-02,FUV2,20042659,13,100816,-0.02013695580092652,17.791199684143066,6.0,True,202,3756
2016-01-02-100,2016-01-02,FUV1,20042659,12,100829,0.2068055030176009,17.791199684143066,6.0,True,215,1740
2016-01-02-101,2016-01-02,FUV2,20042659,16,100841,0.12542139331232857,17.791199684143066,6.0,True,280,3717
2016-01-02-102,2016-01-02,FUV2,20042659,14,100857,-0.23233670150364688,17.791199684143066,6.0,True,310,3574
2016-01-02-103,2016-01-02,FUV2,20042659,20,100871,0.08523289646114984,17.791199684143066,6.0,True,347,3535
2016-01-02-104,2016-01-02,FUV1,20042659,13,100891,0.20277453737828896,17.791199684143066,6.0,True,365,1271
2016-01-02-105,2016-01-02,FUV2,20042659,15,100904,0.2574721832058741,17.791199684143066,6.0,False,3250,505
2016-01-02-106,2016-01-02,FUV1,20042659,25,100919,0.05812159947593622,17.791199684143066,6.0,True,537,101
2016-01-02-107,2016-01-02,FUV2,20042659,22,100944,0.1326490202244911,17.791199684143066,6.0,True,595,3991
2016-01-02-108,2016-01-02,FUV2,20042659,12,100966,-0.2003990911015374,17.791199684143066,6.0,True,664,3207
2016-01-02-109,2016-01-02,FUV1,20042659,15,100978,-0.04655438498709861,17.791199684143066,6.0,True,768,1612
2016-01-02-110,2016-01-02,FUV1,20042662,13,100993,0.21114586244704603,17.791199684143066,6.0,True,349,1889
2016-01-02-111,2016-01-02,FUV1,20042662,13,101006,0.1911911987698568,17.791199684143066,6.0,True,366,167
2016-01-02-112,2016-01-02,FUV1,20042662,12,101019,-0.2635859398000188,17.791199684143066,6.0,True,407,1822
2016-01-02-113,2016-01-02,FUV1,20042662,13,101031,-0.009134613140967982,17.791199684143066,6.0,True,634,269
2016-01-02-114,2016-01-02,FUV2,20042662,12,101044,-0.1977438111558189,17.791199684143066,6.0,True,650,4047
2016-01-02-115,2016-01-02,FUV1,20042662,35,101056,0.04079330745004612,17.791199684143066,6.0,True,843,1711
2016-01-02-116,2016-01-02,FUV1,20042662,16,101091,-0.25935440210404914,17.791199684143066,6.0,True,845,287
2016-01-02-117,2016-01-02,FUV2,20042665,22,101107,0.1920408485128492,17.791199684143066,6.0,True,188,3736
2016-01-02-118,2016-01-02,FUV1,20042665,16,101129,0.10108915363958752,17.791199684143066,6.0,True,199,1632
2016-01-02-119,2016-01-02,FUV2,20042665,16,101145,0.31933168075553825,17.791199684143066,6.0,True,245,3151
2016-01-02-120,2016-01-02,FUV2,20042665,17,101161,-0.09565784091174218,17.791199684143066,6.0,True,252,3921
2016-01-02-121,2016-01-02,FUV2,20042665,13,101178,0.06577571850528653,17.791199684143066,6.0,True,267,3540
2016-01-02-122,2016-01-02,FUV2,20042665,31,101191,-0.046349574834509084,17.791199684143066,6.0,True,374,3057
2016-01-02-123,2016-01-02,FUV1,20042665,12,101222,0.19321089114987383,17.791199684143066,6.0,True,377,100
2016-01-02-124,2016-01-02,FUV2,20042665,15,101234,-0.19428153293132763,17.791199684143066,6.0,True,484,3054
2016-01-02-125,2016-01-02,FUV2,20042665,13,101249,-0.20114891666737122,17.791199684143066,6.0,True,801,3519
2016-01-02-126,2016-01-02,FUV2,20042665,41,101262,-0.15576001174088497,17.791199684143066,6.0,True,813,3051
2016-01-02-127,2016-01-02,FUV2,20042665,27,101303,0.09069489075500554,17.791199684143066,6.0,True,832,3003
2016-01-02-128,2016-01-02,FUV2,20042665,13,101330,0.1351261384655177,17.791199684143066,6.0,True,894,3195
2016-01-02-129,2016-01-02,FUV1,20042668,12,101343,-0.024298087315710138,17.791199684143066,6.0,True,254,1751
2016-01-02-130,2016-01-02,FUV1,20042668,13,101355,-0.10851609467681232,17.791199684143066,6.0,True,307,113
2016-01-02-131,2016-01-02,FUV1,20042668,15,101368,-0.13266106534296318,17.791199684143066,6.0,True,432,1806
2016-01-02-132,2016-01-02,FUV1,20042668,13,101383,-0.1593084695082835,17.791199684143066,6.0,True,507,1700
2016-01-02-133,2016-01-02,FUV2,20042668,13,101396,0.006921447893709216,17.791199684143066,6.0,True,513,3615
2016-01-02-134,2016-01-02,FUV2,20042668,19,101409,-0.29563936199688967,17.791199684143066,6.0,True,557,3981
2016-01-02-135,2016-01-02,FUV1,20042668,13,101428,0.025498964107881432,17.791199684143066,6.0,True,598,1380
2016-01-02-136,2016-01-02,FUV2,20042668,21,101441,-0.061962150048650654,17.791199684143066,6.0,True,610,2929
2016-01-02-137,2016-01-02,FUV2,20042668,14,101462,0.14307764814484822,17.791199684143066,6.0,True,649,3604
2016-01-02-138,2016-01-02,FUV2,20042668,14,101476,0.21945706092909337,17.791199684143066,6.0,True,775,3600
2016-01-02-139,2016-01-02,FUV1,20042668,12,101490,0.09272405605138666,17.791199684143066,6.0,True,805,1889
2016-01-02-140,2016-01-02,FUV2,20042668,37,101502,-0.10910029771926738,17.791199684143066,6.0,True,856,3598
2016-01-02-141,2016-01-02,FUV1,20042668,17,101539,0.16808145054256776,17.791199684143066,6.0,True,865,1760
2016-01-02-142,2016-01-02,FUV1,20042668,21,101556,-0.008077328074045903,17.791199684143066,6.0,True,887,1775
2016-01-02-143,2016-01-02,FUV2,20042671,17,101577,-0.06307077807964315,17.791199684143066,6.0,True,213,3043
2016-01-02-144,2016-01-02,FUV2,20042671,13,101594,-0.06806748035853645,17.791199684143066,6.0,True,283,3794
2016-01-02-145,2016-01-02,FUV1,20042671,21,101607,-0.1478852777230395,17.791199684143066,6.0,True,315,1372
2016-01-02-146,2016-01-02,FUV1,20042671,18,101628,0.27786917474661205,17.791199684143066,6.0,True,343,1713
2016-01-02-147,2016-01-02,FUV2,20042671,16,101646,0.34873759387814646,17.791199684143066,6.0,True,431,3069
2016-01-02-148,2016-01-02,FUV2,20042671,18,101662,0.011240088687939742,17.791199684143066,6.0,True,431,3992
2016-01-02-149,2016-01-02,FUV1,20042671,13,101680,-0.14171245584797865,17.791199684143066,6.0,True,465,163
2016-01-02-150,2016-01-02,FUV1,20042671,14,101693,-0.26600132007246075,17.791199684143066,6.0,True,483,1395
2016-01-02-151,2016-01-02,FUV1,20042671,15,101707,-0.06985487578002388,17.791199684143066,6.0,True,543,127
2016-01-02-152,2016-01-02,FUV1,20042671,13,101722,0.0008032006678501485,17.791199684143066,6.0,True,585,289
2016-01-02-153,2016-01-02,FUV1,20042671,14,101735,0.314871939156549,17.791199684143066,6.0,True,586,1365
2016-01-02-154,2016-01-02,FUV1,20042671,17,101749,-0.01233246768725874,17.791199684143066,6.0,True,652,1904
2016-01-02-155,2016-01-02,FUV2,20042671,37,101766,0.017341837326366193,17.791199684143066,6.0,True,709,2904
2016-01-02-156,2016-01-02,FUV1,20042671,12,101803,0.09457109549788892,17.791199684143066,6.0,True,783,1683
2016-01-02-157,2016-01-02,FUV2,20042674,33,101815,0.10257635283828584,17.791199684143066,6.0,True,190,3635
2016-01-02-158,2016-01-02,FUV2,20042674,20,101848,0.12926484707173364,17.791199684143066,6.0,True,204,3544
2016-01-02-159,2016-01-02,FUV1,20042674,16,101868,-0.18179841049396508,17.791199684143066,6.0,True,235,1666
2016-01-02-160,2016-01-02,FUV2,20042674,34,101884,0.14409854153164187,17.791199684143066,6.0,True,256,3023
2016-01-02-161,2016-01-02,FUV1,20042674,15,101918,0.21231716007148177,17.791199684143066,6.0,True,293,1882
2016-01-02-162,2016-01-02,FUV1,20042674,12,101933,-0.32603343854047795,17.791199684143066,6.0,True,313,1453
2016-01-02-163,2016-01-02,FUV1,20042674,14,101945,-0.047789752760653434,17.791199684143066,6.0,True,319,1746
2016-01-02-164,2016-01-02,FUV2,20042674,16,101959,-0.20966217734631817,17.791199684143066,6.0,True,401,3984
2016-01-02-165,2016-01-02,FUV2,20042674,14,101975,0.31372650160392507,17.791199684143066,6.0,True,448,3788
2016-01-02-166,2016-01-02,FUV2,20042674,16,101989,0.07815292211889009,17.791199684143066,6.0,True,521,3972
2016-01-02-167,2016-01-02,FUV1,20042674,13,102005,0.06289898426043729,17.791199684143066,6.0,True,564,1738
2016-01-02-168,2016-01-02,FUV2,20042674,16,102018,0.061008431920599945,17.791199684143066,6.0,True,577,3786
2016-01-02-169,2016-01-02,FUV1,20042674,17,102034,0.2874631159544237,17.791199684143066,6.0,True,593,1433
2016-01-02-170,2016-01-02,FUV1,20042674,21,102051,0.13710121367164657,17.791199684143066,6.0,False,1873,632
2016-01-02-171,2016-01-02,FUV1,20042674,25,102072,0.17945713764132207,17.791199684143066,6.0,True,710,1357
2016-01-02-172,2016-01-02,FUV1,20042674,13,102097,-0.008204128228526847,17.791199684143066,6.0,True,712,1704
2016-01-02-173,2016-01-02,FUV2,20042674,23,102110,-0.0862245105505857,17.791199684143066,6.0,True,731,3264
2016-01-02-174,2016-01-02,FUV2,20042674,12,102133,0.18981185562777467,17.791199684143066,6.0,True,759,3178
2016-01-02-175,2016-01-02,FUV1,20042674,13,102145,0.11285118156696931,17.791199684143066,6.0,True,851,1618
2016-01-02-176,2016-01-02,FUV1,20042674,15,102158,0.050737874007700766,17.791199684143066,6.0,True,858,132
2016-01-02-177,2016-01-02,FUV1,20042677,15,102173,-0.004213503096411204,17.791199684143066,6.0,True,188,1862
2016-01-02-178,2016-01-02,FUV2,20042677,15,102188,0.19422311283954746,17.791199684143066,6.0,True,249,3902
2016-01-02-179,2016-01-02,FUV1,20042677,17,102203,0.12187326615322874,17.791199684143066,6.0,True,280,1414
2016-01-02-180,2016-01-02,FUV2,20042677,19,102220,-0.18296800439610786,17.791199684143066,6.0,True,348,3029
2016-01-02-181,2016-01-02,FUV1,20042677,12,102239,0.07083061926394411,17.791199684143066,6.0,True,350,248
2016-01-02-182,2016-01-02,FUV2,20042677,12,102251,0.004193974499660629,17.791199684143066,6.0,True,455,3919
2016-01-02-183,2016-01-02,FUV1,20042677,16,102263,-0.15541456336488446,17.791199684143066,6.0,True,488,1732
2016-01-02-184,2016-01-02,FUV1,20042677,19,102279,0.1314055979325455,17.791199684143066,6.0,True,490,1414
2016-01-02-185,2016-01-02,FUV2,20042677,22,102298,-0.013782422516547684,17.791199684143066,6.0,True,554,3014
2016-01-02-186,2016-01-02,FUV1,20042677,13,102320,0.02117864546999113,17.791199684143066,6.0,True,555,1905
2016-01-02-187,2016-01-02,FUV2,20042677,14,102333,0.29701834796818094,17.791199684143066,6.0,True,559,3240
2016-01-02-188,2016-01-02,FUV2,20042677,14,102347,0.1574267617030502,17.791199684143066,6.0,True,577,3563
2016-01-02-189,2016-01-02,FUV2,20042677,16,102361,0.26856390552188625,17.791199684143066,6.0,True,678,3519
2016-01-02-190,2016-01-02,FUV2,20042677,14,102377,-0.01549085692132376,17.791199684143066,6.0,True,697,3550
2016-01-02-191,2016-01-02,FUV2,20042677,17,102391,-0.09644970481838298,17.791199684143066,6.0,True,714,3034
2016-01-02-192,2016-01-02,FUV2,20042677,15,102408,0.09884965854062433,17.791199684143066,6.0,True,716,3584
2016-01-02-193,2016-01-02,FUV2,20042677,14,102423,0.11623949371321655,17.791199684143066,6.0,True,751,3930
2016-01-02-194,2016-01-02,FUV2,20042677,13,102437,0.1768492549972537,17.791199684143066,6.0,True,772,4032
2016-01-02-195,2016-01-02,FUV1,20042677,14,102450,-0.29077924845428404,17.791199684143066,6.0,True,790,1366
2016-01-02-196,2016-01-02,FUV2,20042677,22,102464,0.13994108497395163,17.791199684143066,6.0,True,886,3922
2016-01-02-197,2016-01-02,FUV1,20042680,13,102486,0.08425233629062208,17.791199684143066,6.0,True,190,1863
2016-01-02-198,2016-01-02,FUV2,20042680,12,102499,0.11656269038451796,17.791199684143066,6.0,True,197,3507
2016-01-02-199,2016-01-02,FUV2,20042680,14,102511,-0.005724343122104966,17.791199684143066,6.0,True,208,3874
2016-01-02-200,2016-01-02,FUV1,20042680,19,102525,-0.03228353573400562,17.791199684143066,6.0,True,250,1872
2016-01-02-201,2016-01-02,FUV2,20042680,13,102544,-0.05478281592270739,17.791199684143066,6.0,True,294,3885
2016-01-02-202,2016-01-02,FUV2,20042680,18,102557,0.006681661092092115,17.791199684143066,6.0,True,331,3751
2016-01-02-203,2016-01-02,FUV2,20042680,12,102575,0.002186903879866321,17.791199684143066,6.0,True,334,3164
2016-01-02-204,2016-01-02,FUV2,20042680,12,102587,-0.009527069592919725,17.791199684143066,6.0,True,334,3196
2016-01-02-205,2016-01-02,FUV1,20042680,29,102599,-0.09756422771811465,17.791199684143066,6.0,True,380,1625
2016-01-02-206,2016-01-02,FUV1,20042680,13,102628,0.07116488727317653,17.791199684143066,6.0,True,389,362
2016-01-02-207,2016-01-02,FUV2,20042680,26,102641,-0.05004200501533868,17.791199684143066,6.0,True,446,3953
2016-01-02-208,2016-01-02,FUV1,20042680,14,102667,-0.1800313834478576,17.791199684143066,6.0,True,500,148
2016-01-02-209,2016-01-02,FUV2,20042680,16,102681,0.2852411438071805,17.791199684143066,6.0,True,549,4031
2016-01-02-210,2016-01-02,FUV1,20042680,22,102697,-0.06646513732812187,17.791199684143066,6.0,True,614,401
2016-01-02-211,2016-01-02,FUV2,20042680,17,102719,0.11782893838993239,17.791199684143066,6.0,True,669,3042
2016-01-02-212,2016-01-02,FUV1,20042680,14,102736,0.11312245812828242,17.791199684143066,6.0,True,671,1883
2016-01-02-213,2016-01-02,FUV2,20042680,13,102750,0.21120518196834803,17.791199684143066,6.0,True,709,3933
2016-01-02-214,2016-01-02,FUV2,20042680,15,102763,0.24401616737867665,17.791199684143066,6.0,True,740,3633
2016-01-02-215,2016-01-02,FUV2,20042680,17,102778,-0.08096223521786244,17.791199684143066,6.0,True,764,3675
2016-01-02-216,2016-01-02,FUV1,20042680,14,102795,0.027987647756115366,17.791199684143066,6.0,True,801,1306
2016-01-02-217,2016-01-02,FUV2,20042680,12,102809,0.010738953235995434,17.791199684143066,6.0,True,830,3513
2016-01-02-218,2016-01-02,FUV1,20042680,12,102821,-0.27446119795709123,17.791199684143066,6.0,True,850,1676
2016-01-02-219,2016-01-02,FUV2,20042683,14,102833,0.045566291762618574,17.791199684143066,6.0,True,271,3937
2016-01-02-220,2016-01-02,FUV1,20042683,18,102847,-0.1300277769781386,17.791199684143066,6.0,True,356,386
2016-01-02-221,2016-01-02,FUV1,20042683,12,102865,-0.2191753367922255,17.791199684143066,6.0,True,436,1780
2016-01-02-222,2016-01-02,FUV1,20042683,20,102877,-0.18260810585577436,17.791199684143066,6.0,True,447,1892
2016-01-02-223,2016-01-02,FUV2,20042683,12,102897,0.054629926022536815,17.791199684143066,6.0,True,457,2896
2016-01-02-224,2016-01-02,FUV2,20042683,16,102909,0.13192165678624537,17.791199684143066,6.0,True,478,4006
2016-01-02-225,2016-01-02,FUV1,20042683,14,102925,0.1244490098988778,17.791199684143066,6.0,True,487,1382
2016-01-02-226,2016-01-02,FUV1,20042683,13,102939,0.12800979782229224,17.791199684143066,6.0,True,595,1349
2016-01-02-227,2016-01-02,FUV2,20042683,13,102952,0.24178221770982122,17.791199684143066,6.0,True,637,3768
2016-01-02-228,2016-01-02,FUV2,20042683,14,102965,0.023548662748981743,17.791199684143066,6.0,True,667,3079
2016-01-02-229,2016-01-02,FUV2,20042683,14,102979,0.31036613762229504,17.791199684143066,6.0,True,737,2946
2016-01-02-230,2016-01-02,FUV2,20042683,13,102993,-0.04105696039799428,17.791199684143066,6.0,True,827,4016
2016-01-02-231,2016-01-02,FUV2,20042683,14,103006,0.19213665526696277,17.791199684143066,6.0,True,836,3026
2016-01-02-232,2016-01-02,FUV1,20042683,16,103020,0.10597501510476155,17.791199684143066,6.0,True,856,259
2016-01-02-233,2016-01-02,FUV1,20042686,14,103036,-0.2148301331980594,17.791199684143066,6.0,True,221,416
2016-01-02-234,2016-01-02,FUV1,20042686,19,103050,0.021077460032001602,17.791199684143066,6.0,True,260,1643
2016-01-02-235,2016-01-02,FUV1,20042686,31,103069,0.030460351436194907,17.791199684143066,6.0,True,278,1424
2016-01-02-236,2016-01-02,FUV2,20042686,20,103100,0.17132676942263356,17.791199684143066,6.0,True,293,3206
2016-01-02-237,2016-01-02,FUV1,20042686,13,103120,0.041069675787848564,17.791199684143066,6.0,True,380,1373
2016-01-02-238,2016-01-02,FUV1,20042686,20,103133,0.15198217930964952,17.791199684143066,6.0,True,387,249
2016-01-02-239,2016-01-02,FUV2,20042686,14,103153,-0.13864264421442316,17.791199684143066,6.0,True,459,3202
2016-01-02-240,2016-01-02,FUV1,20042686,20,103167,0.20027679054205194,17.791199684143066,6.0,True,502,1432
2016-01-02-241,2016-01-02,FUV2,20042686,18,103187,0.28779134934495,17.791199684143066,6.0,True,561,3713
2016-01-02-242,2016-01-02,FUV2,20042686,18,103205,-0.05932512556767818,17.791199684143066,6.0,True,598,3521
2016-01-02-243,2016-01-02,FUV2,20042686,24,103223,0.07474619274107726,17.791199684143066,6.0,True,616,3942
2016-01-02-244,2016-01-02,FUV1,20042686,14,103247,-0.002437404593274236,17.791199684143066,6.0,True,713,1461
2016-01-02-245,2016-01-02,FUV1,20042686,14,103261,0.2569100311646537,17.791199684143066,6.0,True,718,386
2016-01-02-246,2016-01-02,FUV2,20042686,12,103275,0.20256240398774308,17.791199684143066,6.0,True,725,3030
2016-01-02-247,2016-01-02,FUV2,20042686,17,103287,-0.026498817159573963,17.791199684143066,6.0,True,752,3635
2016-01-02-248,2016-01-02,FUV2,20042686,15,103304,0.03944286440636936,17.791199684143066,6.0,True,863,3235
2016-01-02-249,2016-01-02,FUV2,20042689,13,103319,-0.01961394807332706,17.791199684143066,6.0,True,236,3931
2016-01-02-250,2016-01-02,FUV2,20042689,26,103332,0.036513698217193996,17.791199684143066,6.0,True,250,3518
2016-01-02-251,2016-01-02,FUV2,20042689,14,103358,-0.2217546731184184,17.791199684143066,6.0,True,305,3158
2016-01-02-252,2016-01-02,FUV2,20042689,19,103372,0.0029786804733593786,17.791199684143066,6.0,True,306,3582
2016-01-02-253,2016-01-02,FUV2,20042689,16,103391,0.15279941667160374,17.791199684143066,6.0,True,362,3756
2016-01-02-254,2016-01-02,FUV2,20042689,14,103407,-0.06772993277553155,17.791199684143066,6.0,True,409,2914
2016-01-02-255,2016-01-02,FUV2,20042689,14,103421,0.3310697612667574,17.791199684143066,6.0,True,426,2978
2016-01-02-256,2016-01-02,FUV2,20042689,28,103435,0.02277667652807819,17.791199684143066,6.0,True,458,3764
2016-01-02-257,2016-01-02,FUV2,20042689,16,103463,0.12510406311104227,17.791199684143066,6.0,True,480,3733
2016-01-02-258,2016-01-02,FUV2,20042689,19,103479,-0.10440506880770115,17.791199684143066,6.0,True,495,3239
2016-01-02-259,2016-01-02,FUV1,20042689,20,103498,0.19715722563782964,17.791199684143066,6.0,True,529,1309
2016-01-02-260,2016-01-02,FUV2,20042689,35,103518,0.046634235458375646,17.791199684143066,6.0,True,628,4022
2016-01-02-261,2016-01-02,FUV1,20042689,16,103553,0.1727837882751969,17.791199684143066,6.0,True,676,1729
2016-01-02-262,2016-01-02,FUV1,20042689,12,103569,0.08643424388565137,17.791199684143066,6.0,True,706,1655
2016-01-02-263,2016-01-02,FUV2,20042689,15,103581,0.258995124582199,17.791199684143066,6.0,True,733,2943
2016-01-02-264,2016-01-02,FUV1,20042689,13,103596,0.003598854725145629,17.791199684143066,6.0,True,739,263
2016-01-02-265,2016-01-02,FUV1,20042689,12,103609,-0.04595992907957875,17.791199684143066,6.0,True,791,265
2016-01-02-266,2016-01-02,FUV1,20042689,18,103621,-0.028834088136346584,17.791199684143066,6.0,True,796,1729
2016-01-02-267,2016-01-02,FUV2,20042689,15,103639,0.11228251799542728,17.791199684143066,6.0,True,810,4028
2016-01-02-268,2016-01-02,FUV2,20042689,19,103654,0.107272936416281,17.791199684143066,6.0,True,832,3880
2016-01-02-269,2016-01-02,FUV1,20042689,17,103673,-0.060427590530636524,17.791199684143066,6.0,True,856,1663
2016-01-02-270,2016-01-02,FUV2,20042692,14,103690,0.09656316622209932,17.791199684143066,6.0,True,189,3734
2016-01-02-271,2016-01-02,FUV2,20042692,12,103704,0.30350540549462707,17.791199684143066,6.0,True,205,3638
2016-01-02-272,2016-01-02,FUV1,20042692,15,103716,-0.08784327155296492,17.791199684143066,6.0,True,210,1667
2016-01-02-273,2016-01-02,FUV1,20042692,13,103731,0.18706111709892467,17.791199684143066,6.0,True,230,1889
2016-01-02-274,2016-01-02,FUV2,20042692,14,103744,0.0006859708660194231,17.791199684143066,6.0,True,270,4048
2016-01-02-275,2016-01-02,FUV2,20042692,12,103758,0.26956253767457816,17.791199684143066,6.0,True,285,3659
2016-01-02-276,2016-01-02,FUV1,20042692,12,103770,0.10625120520839682,17.791199684143066,6.0,True,342,1895
2016-01-02-277,2016-01-02,FUV1,20042692,12,103782,-0.0943527966740955,17.791199684143066,6.0,True,366,143
2016-01-02-278,2016-01-02,FUV1,20042692,18,103794,0.02438533402816956,17.791199684143066,6.0,True,419,1325
2016-01-02-279,2016-01-02,FUV1,20042692,18,103812,-0.004590407510710659,17.791199684143066,6.0,True,453,265
2016-01-02-280,2016-01-02,FUV1,20042692,27,103830,-0.015733253948669867,17.791199684143066,6.0,True,502,1885
2016-01-02-281,2016-01-02,FUV2,20042692,12,103857,-0.02543291377522304,17.791199684143066,6.0,True,503,3749
2016-01-02-282,2016-01-02,FUV1,20042692,17,103869,-0.023824091678953226,17.791199684143066,6.0,True,512,1411
2016-01-02-283,2016-01-02,FUV1,20042692,14,103886,0.2886265970299033,17.791199684143066,6.0,True,513,195
2016-01-02-284,2016-01-02,FUV2,20042692,14,103900,-0.0361477248874568,17.791199684143066,6.0,True,580,3729
2016-01-02-285,2016-01-02,FUV2,20042692,13,103914,0.213862046406122,17.791199684143066,6.0,True,583,3583
2016-01-02-286,2016-01-02,FUV2,20042692,15,103927,0.3411525323166884,17.791199684143066,6.0,True,598,3969
2016-01-02-287,2016-01-02,FUV2,20042692,13,103942,0.026570096575685497,17.791199684143066,6.0,True,609,3192
2016-01-02-288,2016-01-02,FUV1,20042692,15,103955,0.11059323404576582,17.791199684143066,6.0,True,633,1607
2016-01-02-289,2016-01-02,FUV1,20042692,13,103970,-0.05792033426518481,17.791199684143066,6.0,True,647,1625
2016-01-02-290,2016-01-02,FUV2,20042692,16,103983,0.24169186629910547,17.791199684143066,6.0,True,668,3860
2016-01-02-291,2016-01-02,FUV2,20042692,13,103999,0.3328265615409336,17.791199684143066,6.0,True,680,3718
2016-01-02-292,2016-01-02,FUV2,20042692,33,104012,-0.05087749191268577,17.791199684143066,6.0,True,687,3033
2016-01-02-293,2016-01-02,FUV2,20042692,14,104045,0.21139554481485306,17.791199684143066,6.0,True,704,2976
2016-01-02-294,2016-01-02,FUV1,20042692,23,104059,0.057442252534453245,17.791199684143066,6.0,True,748,379
2016-01-02-295,2016-01-02,FUV2,20042692,20,104082,0.038527796040201436,17.791199684143066,6.0,True,761,2913
2016-01-02-296,2016-01-02,FUV2,20042692,21,104102,-0.08040973197251383,17.791199684143066,6.0,True,763,3580
2016-01-02-297,2016-01-02,FUV1,20042692,12,104123,0.06011624429220813,17.791199684143066,6.0,True,794,1827
2016-01-02-298,2016-01-02,FUV2,20042692,15,104135,-0.007330179545601082,17.791199684143066,6.0,True,820,2949
2016-01-02-299,2016-01-02,FUV1,20042692,14,104150,0.12530470006818412,17.791199684143066,6.0,True,822,1805
2016-01-02-300,2016-01-02,FUV2,20042692,15,104164,-0.011129676161163745,17.791199684143066,6.0,True,831,3054
2016-01-02-301,2016-01-02,FUV1,20042692,13,104179,0.00029498032277298973,17.791199684143066,6.0,True,842,1768
2016-01-02-302,2016-01-02,FUV1,20042692,15,104192,0.10269323302319314,17.791199684143066,6.0,True,848,260
2016-01-02-303,2016-01-02,FUV2,20042692,13,104207,0.09305294392258578,17.791199684143066,6.0,True,851,4025
2016-01-02-304,2016-01-02,FUV1,20042695,21,104220,-0.19739395552629113,17.791199684143066,6.0,True,276,1321
2016-01-02-305,2016-01-02,FUV1,20042695,12,104241,-0.017092177449493536,17.791199684143066,6.0,True,276,1625
2016-01-02-306,2016-01-02,FUV1,20042695,13,104253,0.10422920536773114,17.791199684143066,6.0,True,285,155
2016-01-02-307,2016-01-02,FUV2,20042695,18,104266,0.23051140336805373,17.791199684143066,6.0,True,368,4042
2016-01-02-308,2016-01-02,FUV1,20042695,15,104284,0.2859488685189942,17.791199684143066,6.0,True,432,252
2016-01-02-309,2016-01-02,FUV2,20042695,12,104299,0.3169855524555775,17.791199684143066,6.0,True,470,3248
2016-01-02-310,2016-01-02,FUV2,20042695,12,104311,0.3298248909940323,17.791199684143066,6.0,True,530,3171
2016-01-02-311,2016-01-02,FUV2,20042695,17,104323,0.14077673406104102,17.791199684143066,6.0,True,546,2996
2016-01-02-312,2016-01-02,FUV2,20042695,25,104340,-0.05411705949260346,17.791199684143066,6.0,True,553,3986
2016-01-02-313,2016-01-02,FUV2,20042695,14,104365,0.1660430095812512,17.791199684143066,6.0,True,584,4018
2016-01-02-314,2016-01-02,FUV2,20042695,25,104379,0.13767757778299913,17.791199684143066,6.0,True,596,3556
2016-01-02-315,2016-01-02,FUV2,20042695,13,104404,0.2820840794055118,17.791199684143066,6.0,True,696,3678
2016-01-02-316,2016-01-02,FUV2,20042695,14,104417,0.20346527348294416,17.791199684143066,6.0,True,704,3871
2016-01-02-317,2016-01-02,FUV2,20042695,16,104431,-0.02112665423755413,17.791199684143066,6.0,True,826,3214
2016-01-02-318,2016-01-02,FUV2,20042695,13,104447,0.09730413040186493,17.791199684143066,6.0,True,833,3914
2016-01-02-319,2016-01-02,FUV1,20042695,15,104460,0.20949526106201022,17.791199684143066,6.0,True,835,338
2016-01-02-320,2016-01-02,FUV1,20042695,26,104475,0.2121029274382291,17.791199684143066,6.0,True,838,1331
2016-01-02-321,2016-01-02,FUV1,20042695,18,104501,0.1451513740678372,17.791199684143066,6.0,True,851,1777
2016-01-02-322,2016-01-02,FUV1,20042698,13,104519,0.055130471923210266,17.791199684143066,6.0,True,215,1863
2016-01-02-323,2016-01-02,FUV1,20042698,25,104532,-0.07757045489776394,17.791199684143066,6.0,True,278,1769
2016-01-02-324,2016-01-02,FUV1,20042698,26,104557,0.04652551516530807,17.791199684143066,6.0,True,302,1834
2016-01-02-325,2016-01-02,FUV2,20042698,19,104583,-0.06365370927958772,17.791199684143066,6.0,True,304,3650
2016-01-02-326,2016-01-02,FUV2,20042698,16,104602,0.0812631952638842,17.791199684143066,6.0,True,311,3204
2016-01-02-327,2016-01-02,FUV2,20042698,12,104618,-0.08414734026125043,17.791199684143066,6.0,True,405,2998
2016-01-02-328,2016-01-02,FUV1,20042698,15,104630,-0.07881095249371903,17.791199684143066,6.0,True,488,1695
2016-01-02-329,2016-01-02,FUV2,20042698,13,104645,-0.07790456493486565,17.791199684143066,6.0,True,526,3719
2016-01-02-330,2016-01-02,FUV2,20042698,14,104658,0.177789178119287,17.791199684143066,6.0,True,561,3774
2016-01-02-331,2016-01-02,FUV1,20042698,22,104672,0.1719730403399431,17.791199684143066,6.0,True,576,1742
2016-01-02-332,2016-01-02,FUV1,20042698,14,104694,-0.29525908098382747,17.791199684143066,6.0,True,590,1709
2016-01-02-333,2016-01-02,FUV2,20042698,12,104708,0.30347147577844,17.791199684143066,6.0,True,707,3778
2016-01-02-334,2016-01-02,FUV1,20042698,21,104720,0.3303223437852455,17.791199684143066,6.0,True,725,165
2016-01-02-335,2016-01-02,FUV2,20042698,24,104741,0.03296698581313618,17.791199684143066,6.0,True,752,3618
2016-01-02-336,2016-01-02,FUV2,20042698,15,104765,0.2737753913019904,17.791199684143066,6.0,True,832,3852
2016-01-02-337,2016-01-02,FUV2,20042698,13,104780,0.2865952521422954,17.791199684143066,6.0,False,3037,837
2016-01-02-338,2016-01-02,FUV2,20042701,12,104793,0.27863434245916907,17.791199684143066,6.0,True,267,3940
2016-01-02-339,2016-01-02,FUV2,20042701,12,104805,0.27751947302095076,17.791199684143066,6.0,True,291,3557
2016-01-02-340,2016-01-02,FUV2,20042701,25,104817,-0.010715534733268193,17.791199684143066,6.0,True,292,3674
2016-01-02-341,2016-01-02,FUV1,20042701,12,104842,-0.12311555696921714,17.791199684143066,6.0,True,340,1880
2016-01-02-342,2016-01-02,FUV1,20042701,12,104854,0.17705575231913256,17.791199684143066,6.0,True,361,407
2016-01-02-343,2016-01-02,FUV2,20042701,12,104866,0.08712822740521343,17.791199684143066,6.0,True,399,2940
2016-01-02-344,2016-01-02,FUV1,20042701,13,104878,0.039413054528247025,17.791199684143066,6.0,True,402,1825
2016-01-02-345,2016-01-02,FUV2,20042701,19,104891,-0.2630236247705007,17.791199684143066,6.0,True,455,3239
2016-01-02-346,2016-01-02,FUV1,20042701,18,104910,0.15725808694582324,17.791199684143066,6.0,True,777,1391
2016-01-02-347,2016-01-02,FUV2,20042701,15,104928,0.2941488334973119,17.791199684143066,6.0,True,837,3024
2016-01-02-348,2016-01-02,FUV1,20042701,12,104943,0.2784145497991467,17.791199684143066,6.0,True,846,1745
2016-01-02-349,2016-01-02,FUV1,20042701,14,104955,-0.12788898900872755,17.791199684143066,6.0,True,887,1436
2016-01-02-350,2016-01-02,FUV1,20042704,14,104969,0.20510601036201764,17.791199684143066,6.0,True,221,1799
2016-01-02-351,2016-01-02,FUV2,20042704,12,104983,0.11153482407992202,17.791199684143066,6.0,True,249,3795
2016-01-02-352,2016-01-02,FUV1,20042704,17,104995,0.19919595308383395,17.791199684143066,6.0,True,268,1667
2016-01-02-353,2016-01-02,FUV1,20042704,14,105012,0.2637498599174817,17.791199684143066,6.0,True,295,109
2016-01-02-354,2016-01-02,FUV2,20042704,14,105026,0.1910082916941625,17.791199684143066,6.0,True,297,4042
2016-01-02-355,2016-01-02,FUV2,20042704,13,105040,0.2605629949256637,17.791199684143066,6.0,True,323,3907
2016-01-02-356,2016-01-02,FUV1,20042704,13,105053,0.2148456362311843,17.791199684143066,6.0,True,350,137
2016-01-02-357,2016-01-02,FUV2,20042704,14,105066,0.03113926227183271,17.791199684143066,6.0,True,397,3994
2016-01-02-358,2016-01-02,FUV2,20042704,16,105080,-0.07830395658878239,17.791199684143066,6.0,True,423,3580
2016-01-02-359,2016-01-02,FUV2,20042704,16,105096,0.10221412227369092,17.791199684143066,6.0,False,3909,438
2016-01-02-360,2016-01-02,FUV1,20042704,14,105112,0.11424387872265995,17.791199684143066,6.0,True,439,1378
2016-01-02-361,2016-01-02,FUV2,20042704,19,105126,0.13669810212145306,17.791199684143066,6.0,True,444,2968
2016-01-02-362,2016-01-02,FUV1,20042704,14,105145,-0.05320438445248506,17.791199684143066,6.0,True,453,1896
2016-01-02-363,2016-01-02,FUV1,20042704,12,105159,0.22324331171772707,17.791199684143066,6.0,True,460,1687
2016-01-02-364,2016-01-02,FUV1,20042704,14,105171,0.24493556188017696,17.791199684143066,6.0,True,600,1399
2016-01-02-365,2016-01-02,FUV1,20042704,20,105185,-0.1533004007413291,17.791199684143066,6.0,True,633,1448
2016-01-02-366,2016-01-02,FUV2,20042704,14,105205,0.2491978348525385,17.791199684143066,6.0,True,673,3598
2016-01-02-367,2016-01-02,FUV2,20042704,19,105219,-0.08349672909118325,17.791199684143066,6.0,True,679,3714
2016-01-02-368,2016-01-02,FUV1,20042704,15,105238,0.15060017027519226,17.791199684143066,6.0,True,705,133
2016-01-02-369,2016-01-02,FUV2,20042704,15,105253,0.16664221891220318,17.791199684143066,6.0,True,733,3648
2016-01-02-370,2016-01-02,FUV1,20042704,26,105268,0.16614081348980853,17.791199684143066,6.0,True,772,1907
2016-01-02-371,2016-01-02,FUV2,20042704,12,105294,0.294780657002479,17.791199684143066,6.0,True,779,3921
2016-01-02-372,2016-01-02,FUV1,20042704,16,105306,0.23540083222157196,17.791199684143066,6.0,True,829,1332
2016-01-02-373,2016-01-02,FUV2,20042707,15,105322,0.11295211326378396,17.791199684143066,6.0,True,213,3652
2016-01-02-374,2016-01-02,FUV2,20042707,13,105337,0.12208902521194163,17.791199684143066,6.0,True,335,3228
2016-01-02-375,2016-01-02,FUV2,20042707,14,105350,0.2168999964466192,17.791199684143066,6.0,True,504,3750
2016-01-02-376,2016-01-02,FUV1,20042707,13,105364,0.08513812115191602,17.791199684143066,6.0,False,1620,528
2016-01-02-377,2016-01-02,FUV2,20042707,12,105377,0.2075275231340575,17.791199684143066,6.0,True,566,3888
2016-01-02-378,2016-01-02,FUV2,20042707,13,105389,0.09046628404155795,17.791199684143066,6.0,True,580,4009
2016-01-02-379,2016-01-02,FUV2,20042707,26,105402,0.0742437773091667,17.791199684143066,6.0,True,586,3196
2016-01-02-380,2016-01-02,FUV2,20042707,15,105428,0.002369629899466935,17.791199684143066,6.0,True,624,3787
2016-01-02-381,2016-01-02,FUV2,20042707,12,105443,-0.3197383865331979,17.791199684143066,6.0,True,725,3719
2016-01-02-382,2016-01-02,FUV1,20042707,16,105455,0.001898689656807258,17.791199684143066,6.0,True,761,1799
2016-01-02-383,2016-01-02,FUV1,20042707,15,105471,0.10096117896815392,17.791199684143066,6.0,True,769,1374
2016-01-02-384,2016-01-02,FUV1,20042707,12,105486,0.33339528205382774,17.791199684143066,6.0,True,794,1378
2016-01-02-385,2016-01-02,FUV2,20042707,12,105498,0.3076349223357886,17.791199684143066,6.0,True,797,3013
2016-01-02-386,2016-01-02,FUV1,20042707,13,105510,-0.022870842632258533,17.791199684143066,6.0,False,1616,803
2016-01-02-387,2016-01-02,FUV2,20042707,46,105523,0.11966641125846013,17.791199684143066,6.0,True,807,4060
2016-01-02-388,2016-01-02,FUV2,20042707,15,105569,0.23170767518103802,17.791199684143066,6.0,True,871,2948
2016-01-02-389,2016-01-02,FUV1,20042710,13,105584,-0.040574886802857625,17.791199684143066,6.0,True,188,1646
2016-01-02-390,2016-01-02,FUV2,20042710,17,105597,-0.1274300933933891,17.791199684143066,6.0,True,188,3159
2016-01-02-391,2016-01-02,FUV1,20042710,15,105614,0.3018879016278353,17.791199684143066,6.0,True,193,1822
2016-01-02-392,2016-01-02,FUV1,20042710,14,105629,-0.030816619407988417,17.791199684143066,6.0,True,231,1862
2016-01-02-393,2016-01-02,FUV2,20042710,15,105643,0.3374040653535953,17.791199684143066,6.0,True,244,3909
2016-01-02-394,2016-01-02,FUV1,20042710,12,105658,-0.08398261371192764,17.791199684143066,6.0,True,246,1440
2016-01-02-395,2016-01-02,FUV2,20042710,18,105670,0.25638175805473884,17.791199684143066,6.0,True,289,3254
2016-01-02-396,2016-01-02,FUV2,20042710,20,105688,-0.0367191459516343,17.791199684143066,6.0,True,358,3588
2016-01-02-397,2016-01-02,FUV2,20042710,12,105708,0.2861640131959802,17.791199684143066,6.0,True,393,3669
2016-01-02-398,2016-01-02,FUV2,20042710,18,105720,0.1985582590016625,17.791199684143066,6.0,True,413,3903
2016-01-02-399,2016-01-02,FUV1,20042710,21,105738,0.0331074783672453,17.791199684143066,6.0,True,445,1731
2016-01-02-400,2016-01-02,FUV1,20042710,12,105759,0.0014249278477243487,17.791199684143066,6.0,True,519,175
2016-01-02-401,2016-01-02,FUV2,20042710,15,105771,0.14856329549872144,17.791199684143066,6.0,True,547,3200
2016-01-02-402,2016-01-02,FUV2,20042710,20,105786,-0.20386817745202096,17.791199684143066,6.0,False,3920,606
2016-01-02-403,2016-01-02,FUV1,20042710,12,105806,0.29265249210841243,17.791199684143066,6.0,True,709,355
2016-01-02-404,2016-01-02,FUV1,20042710,21,105818,0.25825191243494144,17.791199684143066,6.0,True,854,371
2016-01-02-405,2016-01-02,FUV1,20042710,13,105839,0.00019587250502922638,17.791199684143066,6.0,True,881,390
2016-01-02-406,2016-01-02,FUV2,20042710,13,105852,0.03344125101938246,17.791199684143066,6.0,True,888,3923
2016-01-02-407,2016-01-02,FUV2,20042710,15,105865,-0.01765821909882024,17.791199684143066,6.0,True,893,3215
2016-01-02-408,2016-01-02,FUV2,20042713,12,105880,-0.04922943733538812,17.791199684143066,6.0,True,204,2934
2016-01-02-409,2016-01-02,FUV1,20042713,12,105892,-0.3099430074991394,17.791199684143066,6.0,False,1327,271
2016-01-02-410,2016-01-02,FUV2,20042713,15,105904,0.29593435591818107,17.791199684143066,6.0,True,318,3225
2016-01-02-411,2016-01-02,FUV1,20042713,16,105919,0.1582140090645483,17.791199684143066,6.0,True,362,1836
2016-01-02-412,2016-01-02,FUV2,20042713,13,105935,-0.04122713412612914,17.791199684143066,6.0,True,395,4006
2016-01-02-413,2016-01-02,FUV1,20042713,13,105948,0.3445146809768863,17.791199684143066,6.0,True,403,1627
2016-01-02-414,2016-01-02,FUV1,20042713,17,105961,0.22680110540686946,17.791199684143066,6.0,True,408,1894
2016-01-02-415,2016-01-02,FUV2,20042713,12,105978,0.03872642157657922,17.791199684143066,6.0,True,417,3204
2016-01-02-416,2016-01-02,FUV2,20042713,14,105990,0.32516604994756265,17.791199684143066,6.0,True,501,3203
2016-01-02-417,2016-01-02,FUV1,20042713,17,106004,0.21530693913453275,17.791199684143066,6.0,True,559,339
2016-01-02-418,2016-01-02,FUV2,20042713,15,106021,0.1947285950181615,17.791199684143066,6.0,True,671,3750
2016-01-02-419,2016-01-02,FUV1,20042713,14,106036,0.2439802648190266,17.791199684143066,6.0,True,740,189
2016-01-02-420,2016-01-02,FUV2,20042713,12,106050,0.19171793543693844,17.791199684143066,6.0,True,759,3775
2016-01-02-421,2016-01-02,FUV2,20042713,15,106062,0.20518492187063525,17.791199684143066,6.0,True,814,4049
2016-01-02-422,2016-01-02,FUV1,20042713,20,106077,0.14187910406577367,17.791199684143066,6.0,True,887,1889
2016-01-02-423,2016-01-02,FUV1,20042716,12,106097,0.17379033651967335,17.791199684143066,6.0,True,332,1323
2016-01-02-424,2016-01-02,FUV1,20042716,13,106109,0.26836563071125025,17.791199684143066,6.0,True,347,202
2016-01-02-425,2016-01-02,FUV2,20042716,14,106122,0.26427994135680116,17.791199684143066,6.0,True,420,3185
2016-01-02-426,2016-01-02,FUV1,20042716,15,106136,-0.12995473518901876,17.791199684143066,6.0,True,454,1774
2016-01-02-427,2016-01-02,FUV2,20042716,14,106151,0.2854701042635813,17.791199684143066,6.0,True,488,3925
2016-01-02-428,2016-01-02,FUV2,20042716,17,106165,-0.19366720733176718,17.791199684143066,6.0,True,502,3906
2016-01-02-429,2016-01-02,FUV1,20042716,13,106182,0.2056133183729043,17.791199684143066,6.0,True,533,1660
2016-01-02-430,2016-01-02,FUV2,20042716,17,106195,0.3148611657718194,17.791199684143066,6.0,True,639,3948
2016-01-02-431,2016-01-02,FUV1,20042716,13,106212,0.1502322629659037,17.791199684143066,6.0,True,655,1389
2016-01-02-432,2016-01-02,FUV2,20042716,14,106225,0.30958423504423654,17.791199684143066,6.0,True,701,3739
2016-01-02-433,2016-01-02,FUV2,20042716,12,106239,0.1459815945390249,17.791199684143066,6.0,True,706,3733
2016-01-02-434,2016-01-02,FUV2,20042716,15,106251,0.18482177885073287,17.791199684143066,6.0,True,717,4071
2016-01-02-435,2016-01-02,FUV1,20042716,13,106266,0.32689818887084243,17.791199684143066,6.0,True,749,433
2016-01-02-436,2016-01-02,FUV1,20042716,17,106279,0.08614934389312487,17.791199684143066,6.0,True,755,1311
2016-01-02-437,2016-01-02,FUV1,20042716,16,106296,-0.03563714572690137,17.791199684143066,6.0,True,826,1463
2016-01-02-438,2016-01-02,FUV2,20042719,14,106312,0.1671991650925973,17.791199684143066,6.0,True,233,2904
2016-01-02-439,2016-01-02,FUV1,20042719,18,106326,0.18912034336842956,17.791199684143066,6.0,True,245,1878
2016-01-02-440,2016-01-02,FUV1,20042719,16,106344,0.23062790485215426,17.791199684143066,6.0,False,1894,261
2016-01-02-441,2016-01-02,FUV1,20042719,14,106360,0.0485904648054709,17.791199684143066,6.0,True,268,1887
2016-01-02-442,2016-01-02,FUV2,20042719,12,106374,0.06188474784891724,17.791199684143066,6.0,True,312,4073
2016-01-02-443,2016-01-02,FUV2,20042719,22,106386,-0.07924910591332412,17.791199684143066,6.0,True,361,3224
2016-01-02-444,2016-01-02,FUV1,20042719,12,106408,0.13190154252802247,17.791199684143066,6.0,True,512,1397
2016-01-02-445,2016-01-02,FUV2,20042719,17,106420,0.09933056432245731,17.791199684143066,6.0,True,638,3013
2016-01-02-446,2016-01-02,FUV1,20042719,12,106437,0.3013401917617608,17.791199684143066,6.0,True,641,366
2016-01-02-447,2016-01-02,FUV2,20042719,35,106449,0.10628184462474664,17.791199684143066,6.0,True,689,3552
2016-01-02-448,2016-01-02,FUV2,20042719,12,106484,0.3390221057330364,17.791199684143066,6.0,True,873,3862
2016-01-02-449,2016-01-02,FUV1,20042722,12,106496,0.15928461572065558,17.791199684143066,6.0,True,253,1860
2016-01-02-450,2016-01-02,FUV2,20042722,21,106508,-0.10875672491791792,17.791199684143066,6.0,True,292,3886
2016-01-02-451,2016-01-02,FUV2,20042722,21,106529,0.04561575149603156,17.791199684143066,6.0,True,400,3076
2016-01-02-452,2016-01-02,FUV2,20042722,12,106550,0.15574408447786334,17.791199684143066,6.0,True,446,3952
2016-01-02-453,2016-01-02,FUV2,20042722,12,106562,-0.12352891939679211,17.791199684143066,6.0,True,457,3597
2016-01-02-454,2016-01-02,FUV2,20042722,26,106574,0.2015826605580484,17.791199684143066,6.0,True,487,2998
2016-01-02-455,2016-01-02,FUV2,20042722,20,106600,0.1467483487806882,17.791199684143066,6.0,True,548,3890
2016-01-02-456,2016-01-02,FUV2,20042722,13,106620,0.017118716148899742,17.791199684143066,6.0,True,551,3984
2016-01-02-457,2016-01-02,FUV1,20042722,13,106633,-0.07499840261446034,17.791199684143066,6.0,True,564,112
2016-01-02-458,2016-01-02,FUV1,20042722,20,106646,0.29442458256585274,17.791199684143066,6.0,True,604,1649
2016-01-02-459,2016-01-02,FUV1,20042722,14,106666,0.3390383694764889,17.791199684143066,6.0,True,636,1711
2016-01-02-460,2016-01-02,FUV2,20042722,12,106680,0.24423353172222484,17.791199684143066,6.0,True,683,3752
2016-01-02-461,2016-01-02,FUV2,20042722,13,106692,0.2795533480614127,17.791199684143066,6.0,True,863,4051
2016-01-02-462,2016-01-02,FUV2,20042725,13,106705,-0.13173859877624144,17.791199684143066,6.0,True,284,3892
2016-01-02-463,2016-01-02,FUV1,20042725,17,106718,0.21003987550474493,17.791199684143066,6.0,True,335,1753
2016-01-02-464,2016-01-02,FUV1,20042725,13,106735,0.10726145079853366,17.791199684143066,6.0,True,452,1315
2016-01-02-465,2016-01-02,FUV2,20042725,12,106748,-0.19116915665477968,17.791199684143066,6.0,False,3052,527
2016-01-02-466,2016-01-02,FUV2,20042725,13,106760,0.1713135201099804,17.791199684143066,6.0,True,615,4022
2016-01-02-467,2016-01-02,FUV1,20042725,24,106773,0.25224951726642625,17.791199684143066,6.0,True,657,345
2016-01-02-468,2016-01-02,FUV2,20042725,12,106797,0.18993296834241258,17.791199684143066,6.0,True,787,3218
2016-01-02-469,2016-01-02,FUV1,20042725,14,106809,0.308253569915198,17.791199684143066,6.0,False,1742,801
2016-01-02-470,2016-01-02,FUV2,20042725,12,106823,0.25719123247784703,17.791199684143066,6.0,True,835,3042
2016-01-02-471,2016-01-02,FUV1,20042728,13,106835,0.20122350689495658,17.791199684143066,6.0,True,272,1300
2016-01-02-472,2016-01-02,FUV2,20042728,14,106848,0.31912978514879375,17.791199684143066,6.0,True,449,2930
2016-01-02-473,2016-01-02,FUV2,20042728,13,106862,0.14935040855868856,17.791199684143066,6.0,True,469,3675
2016-01-02-474,2016-01-02,FUV1,20042728,21,106875,0.31210921298023625,17.791199684143066,6.0,True,559,115
2016-01-02-475,2016-01-02,FUV1,20042728,13,106896,0.3337293708703595,17.791199684143066,6.0,True,594,361
2016-01-02-476,2016-01-02,FUV2,20042728,24,106909,0.31017676281691015,17.791199684143066,6.0,True,599,3007
2016-01-02-477,2016-01-02,FUV2,20042728,12,106933,0.1756678758097401,17.791199684143066,6.0,True,605,3622
2016-01-02-478,2016-01-02,FUV1,20042728,29,106945,0.0972803103927635,17.791199684143066,6.0,True,623,134
2016-01-02-479,2016-01-02,FUV2,20042728,13,106974,0.3165283829122154,17.791199684143066,6.0,True,699,3561
2016-01-02-480,2016-01-02,FUV2,20042728,13,106987,0.1980111708415301,17.791199684143066,6.0,False,3587,723
2016-01-02-481,2016-01-02,FUV1,20042728,12,107000,0.11281431824536449,17.791199684143066,6.0,True,737,257
2016-01-02-482,2016-01-02,FUV2,20042728,16,107012,0.13069251670686066,17.791199684143066,6.0,True,759,3888
2016-01-02-483,2016-01-02,FUV2,20042728,32,107028,0.01117263823812737,17.791199684143066,6.0,True,771,3139
2016-01-02-484,2016-01-02,FUV2,20042728,16,107060,0.04760876356942615,17.791199684143066,6.0,True,792,3773
2016-01-02-485,2016-01-02,FUV2,20042731,14,107076,0.3051757211645669,17.791199684143066,6.0,True,218,3063
2016-01-02-486,2016-01-02,FUV1,20042731,13,107090,-0.12882727060218097,17.791199684143066,6.0,False,1709,253
2016-01-02-487,2016-01-02,FUV2,20042731,17,107103,0.319105566110487,17.791199684143066,6.0,True,765,3579
2016-01-02-488,2016-01-02,FUV2,20042731,16,107120,0.16289189300350668,17.791199684143066,6.0,True,879,2950
2016-01-02-489,2016-01-02,FUV2,20042731,12,107136,0.3492392286550828,17.791199684143066,6.0,True,883,3903
2016-01-02-490,2016-01-02,FUV1,20042734,16,107148,0.20837059791593923,17.791199684143066,6.0,True,197,144
2016-01-02-491,2016-01-02,FUV2,20042734,24,107164,0.21055592207820645,17.791199684143066,6.0,True,248,2910
2016-01-02-492,2016-01-02,FUV1,20042734,16,107188,-0.26722215116267456,17.791199684143066,6.0,False,411,294
2016-01-02-493,2016-01-02,FUV1,20042734,14,107204,0.22863199180252833,17.791199684143066,6.0,True,407,1622
2016-01-02-494,2016-01-02,FUV1,20042734,14,107218,0.32240575089384693,17.791199684143066,6.0,True,537,1314
2016-01-02-495,2016-01-02,FUV2,20042734,13,107232,0.19963021901873895,17.791199684143066,6.0,True,718,3756
2016-01-02-496,2016-01-02,FUV2,20042734,26,107245,0.28533430040446883,17.791199684143066,6.0,True,851,2941
2016-01-02-497,2016-01-02,FUV2,20042737,14,107271,-0.34720645662237376,17.791199684143066,6.0,True,212,3158
2016-01-02-498,2016-01-02,FUV1,20042737,12,107285,0.21056064300241803,17.791199684143066,6.0,True,277,1900
2016-01-02-499,2016-01-02,FUV2,20042737,12,107297,0.16036217442454334,17.791199684143066,6.0,True,421,3526
2016-01-02-500,2016-01-02,FUV2,20042737,14,107309,0.2679496898349355,17.791199684143066,6.0,True,495,3141
2016-01-02-501,2016-01-02,FUV2,20042737,15,107323,0.3285613529564445,17.791199684143066,6.0,True,606,3903
2016-01-02-502,2016-01-02,FUV2,20042737,13,107338,0.17632244674191278,17.791199684143066,6.0,True,675,3573
2016-01-02-503,2016-01-02,FUV1,20042737,14,107351,0.1552340724234614,17.791199684143066,6.0,True,720,432
2016-01-02-504,2016-01-02,FUV1,20042740,14,107365,0.3267580611725334,17.791199684143066,6.0,True,245,1656
2016-01-02-505,2016-01-02,FUV1,20042740,18,107379,0.3465577165764284,17.791199684143066,6.0,True,295,1896
2016-01-02-506,2016-01-02,FUV1,20042740,16,107397,-0.07727319690139396,17.791199684143066,6.0,True,615,197
2016-01-02-507,2016-01-02,FUV1,20042740,15,107413,0.23975935862341763,17.791199684143066,6.0,True,683,413
2016-01-02-508,2016-01-02,FUV1,20042740,13,107428,0.2880357458794467,17.791199684143066,6.0,True,754,395
2016-01-02-509,2016-01-02,FUV1,20042743,14,107441,0.29646076103237734,17.791199684143066,6.0,True,317,1286
2016-01-02-510,2016-01-02,FUV1,20042743,14,107455,-0.14798595806884943,17.791199684143066,6.0,True,656,133
2016-01-02-511,2016-01-02,FUV2,20042743,18,107469,0.21880038125773865,17.791199684143066,6.0,True,852,3879
2016-01-02-512,2016-01-02,FUV1,20042749,13,107487,0.128030633888109,17.791199684143066,6.0,True,325,1443
2016-01-02-513,2016-01-02,FUV1,20042749,18,107500,0.21379360898597174,17.791199684143066,6.0,False,1653,551
2016-01-02-514,2016-01-02,FUV2,20042749,18,107518,-0.14125543543475186,17.791199684143066,6.0,False,2945,605
2016-01-02-515,2016-01-02,FUV1,20042752,13,107536,0.32419453300784007,17.791199684143066,6.0,True,516,1765
2016-01-02-516,2016-01-02,FUV1,20042752,31,107549,0.17795741130214393,17.791199684143066,6.0,True,532,1616
2016-01-02-517,2016-01-02,FUV2,20042752,14,107580,0.26185240898883666,17.791199684143066,6.0,True,724,3744
2016-01-02-518,2016-01-02,FUV2,20042752,17,107594,-0.022389752808705664,17.791199684143066,6.0,True,812,3644
2016-01-02-519,2016-01-02,FUV2,20042755,25,107611,-0.05515110975331967,17.791199684143066,6.0,False,3857,263
2016-01-02-520,2016-01-02,FUV1,20042755,16,107636,-0.018479952554135315,17.791199684143066,6.0,True,450,1288
2016-01-02-521,2016-01-02,FUV2,20042761,14,107652,0.14535932292924617,17.791199684143066,6.0,True,382,3007
2016-01-02-522,2016-01-02,FUV1,20042770,21,107666,-0.1759239904702768,17.791199684143066,6.0,True,470,1345
2016-01-02-523,2016-01-02,FUV2,20042779,16,107687,-0.17615826091549178,17.791199684143066,6.0,False,3594,302
2016-01-02-524,2016-01-02,FUV1,20042779,14,107703,-0.2274321838295122,17.791199684143066,6.0,True,894,1716
2016-01-02-525,2016-01-02,FUV2,20042788,13,107717,0.0364907836448417,17.791199684143066,6.0,False,3516,447
2016-01-02-526,2016-01-02,FUV2,20042794,14,107730,0.02359984180013022,17.791199684143066,6.0,False,3755,636
2016-01-02-527,2016-01-02,FUV2,20042800,13,107744,0.04069992371971552,17.791199684143066,6.0,False,3596,355
2016-01-02-528,2016-01-02,FUV2,20042800,38,107757,0.03051586972619828,17.791199684143066,6.0,True,602,3933
2016-01-02-529,2016-01-02,FUV2,20042803,14,107795,-0.27061430113860424,17.791199684143066,6.0,True,426,4008
2016-01-02-530,2016-01-02,FUV1,20042806,12,107809,-0.030647188964488883,17.791199684143066,6.0,True,388,1857
2016-01-02-531,2016-01-02,FUV2,20042806,12,107821,0.0004168711384685908,17.791199684143066,6.0,True,667,2924
2016-01-02-532,2016-01-02,FUV2,20042818,12,107833,0.2059257764094117,17.791199684143066,6.0,False,2896,599
2016-01-02-533,2016-01-02,FUV1,20042821,15,107845,0.013330601440382494,17.791199684143066,6.0,True,414,1857
2016-01-02-534,2016-01-02,FUV2,20042821,32,107860,0.003165277197849395,17.791199684143066,6.0,False,3039,711
2016-01-02-535,2016-01-02,FUV2,20042824,20,107892,-0.0018308015576937564,17.791199684143066,6.0,False,3051,710
2016-01-02-536,2016-01-02,FUV2,20042827,25,107912,-0.01640181712158698,17.791199684143066,6.0,False,3045,722
2016-01-02-537,2016-01-02,FUV2,20042830,22,107937,-0.0030551183311712765,17.791199684143066,6.0,False,3009,722
2016-01-02-538,2016-01-02,FUV2,20042830,38,107959,0.0040979319464191635,17.791199684143066,6.0,False,3032,722
2016-01-02-539,2016-01-02,FUV1,20042833,15,107997,-0.027231645800479067,17.791199684143066,6.0,True,431,1856
2016-01-02-540,2016-01-02,FUV1,20042833,16,108012,0.09616256464605222,17.791199684143066,6.0,True,725,358
2016-01-02-541,2016-01-02,FUV1,20042851,13,108028,-0.029104943264194306,17.791199684143066,6.0,True,483,1855
2016-01-02-542,2016-01-02,FUV1,20042857,17,108041,-0.03446348254226724,17.791199684143066,6.0,True,484,1855
2016-01-02-543,2016-01-02,FUV2,20043494,14,108058,0.2859080744256089,17.791199684143066,6.0,True,474,3996
2016-01-02-544,2016-01-02,FUV1,20043518,19,108072,-0.13854362418959507,17.791199684143066,6.0,True,570,1863
2016-01-02-545,2016-01-02,FUV2,20043521,13,108091,0.24945471636541366,17.791199684143066,6.0,False,3917,469
2016-01-02-546,2016-01-02,FUV2,20043530,20,108104,-0.15275841499888757,17.791199684143066,6.0,True,852,3053
2016-01-02-547,2016-01-02,FUV1,20043533,18,108124,0.17824435335066374,17.791199684143066,6.0,True,413,1397
2016-01-02-548,2016-01-02,FUV1,20043533,13,108142,0.08861682864140331,17.791199684143066,6.0,True,565,1654
2016-01-02-549,2016-01-02,FUV2,20043533,12,108155,0.1051300780489425,17.791199684143066,6.0,True,590,3918
2016-01-02-550,2016-01-02,FUV1,20043536,15,108167,0.04639429517336212,17.791199684143066,6.0,True,710,262
2016-01-02-551,2016-01-02,FUV2,20043539,14,108182,0.2976175601173001,17.791199684143066,6.0,True,236,3770
2016-01-02-552,2016-01-02,FUV2,20043542,19,108196,0.03595587296066495,17.791199684143066,6.0,True,854,2918
2016-01-02-553,2016-01-02,FUV2,20043545,13,108215,-0.04544335895628672,17.791199684143066,6.0,True,393,3056
2016-01-02-554,2016-01-02,FUV1,20043545,23,108228,-0.09632374591648722,17.791199684143066,6.0,True,427,434
2016-01-02-555,2016-01-02,FUV2,20043545,12,108251,-0.02615104931053149,17.791199684143066,6.0,True,620,4056
2016-01-02-556,2016-01-02,FUV2,20043545,12,108263,0.31056206998395697,17.791199684143066,6.0,True,843,2990
2016-01-02-557,2016-01-02,FUV1,20043548,24,108275,-0.2831809181241762,17.791199684143066,6.0,True,433,1812
2016-01-02-558,2016-01-02,FUV2,20043548,12,108299,0.11922016943879261,17.791199684143066,6.0,True,487,3225
2016-01-02-559,2016-01-02,FUV2,20043548,13,108311,-0.12866367302073325,17.791199684143066,6.0,True,837,3272
2016-01-02-560,2016-01-02,FUV2,20043551,12,108324,0.16784843622292486,17.791199684143066,6.0,True,188,3250
2016-01-02-561,2016-01-02,FUV2,20043551,16,108336,-0.2388977810053284,17.791199684143066,6.0,True,197,3076
2016-01-02-562,2016-01-02,FUV2,20043551,17,108352,0.16058970734361405,17.791199684143066,6.0,True,233,3921
2016-01-02-563,2016-01-02,FUV2,20043551,18,108369,0.23995633798167934,17.791199684143066,6.0,True,277,3783
2016-01-02-564,2016-01-02,FUV2,20043551,17,108387,0.14339613877185503,17.791199684143066,6.0,True,492,3722
2016-01-02-565,2016-01-02,FUV1,20043551,19,108404,-0.20376540013203528,17.791199684143066,6.0,True,815,1876
2016-01-02-566,2016-01-02,FUV1,20043554,13,108423,-0.17086894680270728,17.791199684143066,6.0,True,257,1428
2016-01-02-567,2016-01-02,FUV1,20043554,22,108436,0.018033446167293694,17.791199684143066,6.0,True,472,1366
2016-01-02-568,2016-01-02,FUV1,20043554,21,108458,0.2399596211182983,17.791199684143066,6.0,True,495,1781
2016-01-02-569,2016-01-02,FUV1,20043554,16,108479,0.015297725026015892,17.791199684143066,6.0,True,545,1309
2016-01-02-570,2016-01-02,FUV2,20043554,13,108495,-0.2209640292831302,17.791199684143066,6.0,True,646,3767
2016-01-02-571,2016-01-02,FUV2,20043554,15,108508,-0.1343800722816043,17.791199684143066,6.0,True,667,3655
2016-01-02-572,2016-01-02,FUV2,20043554,39,108523,0.08206840987632034,17.791199684143066,6.0,True,755,3953
2016-01-02-573,2016-01-02,FUV2,20043554,42,108562,-0.135818924886613,17.791199684143066,6.0,True,862,3547
2016-01-02-574,2016-01-02,FUV2,20043554,16,108604,-0.05737406774960881,17.791199684143066,6.0,True,892,3215
2016-01-02-575,2016-01-02,FUV1,20043557,16,108620,-0.23333633792640338,17.791199684143066,6.0,True,278,1862
2016-01-02-576,2016-01-02,FUV2,20043557,18,108636,-0.2731764276185793,17.791199684143066,6.0,True,296,2984
2016-01-02-577,2016-01-02,FUV2,20043557,23,108654,-0.09692934361385473,17.791199684143066,6.0,True,522,3735
2016-01-02-578,2016-01-02,FUV2,20043557,12,108677,0.2502809789646004,17.791199684143066,6.0,True,661,3980
2016-01-02-579,2016-01-02,FUV2,20043557,16,108689,0.028608541086137314,17.791199684143066,6.0,True,667,3259
2016-01-02-580,2016-01-02,FUV1,20043560,17,108705,-0.1448714037143486,17.791199684143066,6.0,True,373,1397
2016-01-02-581,2016-01-02,FUV1,20043560,12,108722,-0.07853584215585517,17.791199684143066,6.0,True,639,1628
2016-01-02-582,2016-01-02,FUV2,20043560,15,108734,0.1902453741599441,17.791199684143066,6.0,True,662,4018
2016-01-02-583,2016-01-02,FUV1,20043560,14,108749,0.07518767813295828,17.791199684143066,6.0,True,885,382
2016-01-02-584,2016-01-02,FUV2,20043563,16,108763,-0.15226847807065924,17.791199684143066,6.0,True,361,2967
2016-01-02-585,2016-01-02,FUV2,20043563,18,108779,-0.09258596153184831,17.791199684143066,6.0,True,418,2904
2016-01-02-586,2016-01-02,FUV1,20043563,20,108797,-0.029271956951577978,17.791199684143066,6.0,True,424,1777
2016-01-02-587,2016-01-02,FUV1,20043563,27,108817,-0.06684728952161531,17.791199684143066,6.0,True,519,1301
2016-01-02-588,2016-01-02,FUV1,20043563,18,108844,-0.06249616224679305,17.791199684143066,6.0,True,555,1321
2016-01-02-589,2016-01-02,FUV2,20043563,13,108862,0.06233394063930607,17.791199684143066,6.0,True,653,2961
2016-01-02-590,2016-01-02,FUV2,20043563,24,108875,0.10010349472705249,17.791199684143066,6.0,True,686,2970
2016-01-02-591,2016-01-02,FUV2,20043563,21,108899,0.192493413866605,17.791199684143066,6.0,True,789,2976
2016-01-02-592,2016-01-02,FUV2,20043563,15,108920,0.1863286313653018,17.791199684143066,6.0,True,795,3219
2016-01-02-593,2016-01-02,FUV1,20043563,16,108935,-0.14782421531616302,17.791199684143066,6.0,True,868,408
2016-01-02-594,2016-01-02,FUV1,20043566,12,108951,0.05632349745580521,17.791199684143066,6.0,True,240,410
2016-01-02-595,2016-01-02,FUV1,20043566,16,108963,0.0719740159164319,17.791199684143066,6.0,True,353,186
2016-01-02-596,2016-01-02,FUV1,20043566,14,108979,0.3460913706640645,17.791199684143066,6.0,True,361,155
2016-01-02-597,2016-01-02,FUV2,20043566,14,108993,0.21494131367049216,17.791199684143066,6.0,True,409,3895
2016-01-02-598,2016-01-02,FUV2,20043566,12,109007,0.2395371263344064,17.791199684143066,6.0,True,427,2950
2016-01-02-599,2016-01-02,FUV1,20043566,13,109019,-0.11756343805746841,17.791199684143066,6.0,True,461,126
2016-01-02-600,2016-01-02,FUV2,20043566,17,109032,0.12590591828376152,17.791199684143066,6.0,True,536,3766
2016-01-02-601,2016-01-02,FUV2,20043566,32,109049,-0.02155269551922381,17.791199684143066,6.0,True,628,3596
2016-01-02-602,2016-01-02,FUV2,20043566,25,109081,-0.07713150291328703,17.791199684143066,6.0,True,654,3741
2016-01-02-603,2016-01-02,FUV2,20043566,15,109106,0.19679610175039156,17.791199684143066,6.0,True,673,3943
2016-01-02-604,2016-01-02,FUV1,20043566,34,109121,-0.19329517184356937,17.791199684143066,6.0,True,675,1775
2016-01-02-605,2016-01-02,FUV1,20043566,33,109155,-0.04146304409208396,17.791199684143066,6.0,True,828,1858
2016-01-02-606,2016-01-02,FUV1,20043566,24,109188,0.21169502723903774,17.791199684143066,6.0,True,854,274
2016-01-02-607,2016-01-02,FUV2,20043569,12,109212,-0.07294256079379928,17.791199684143066,6.0,True,203,3190
2016-01-02-608,2016-01-02,FUV1,20043569,29,109224,0.17721533742121615,17.791199684143066,6.0,True,220,170
2016-01-02-609,2016-01-02,FUV2,20043569,12,109253,-0.12201924154295166,17.791199684143066,6.0,True,271,2958
2016-01-02-610,2016-01-02,FUV1,20043569,16,109265,0.08332007944085272,17.791199684143066,6.0,True,280,1631
2016-01-02-611,2016-01-02,FUV2,20043569,12,109281,-0.07723569443144462,17.791199684143066,6.0,True,288,3075
2016-01-02-612,2016-01-02,FUV1,20043569,22,109293,0.043799637793267815,17.791199684143066,6.0,True,427,1287
2016-01-02-613,2016-01-02,FUV2,20043569,18,109315,0.17094582158202853,17.791199684143066,6.0,True,442,2928
2016-01-02-614,2016-01-02,FUV1,20043569,19,109333,0.019069844443363262,17.791199684143066,6.0,True,497,171
2016-01-02-615,2016-01-02,FUV2,20043569,15,109352,-0.035054992796743005,17.791199684143066,6.0,True,558,3028
2016-01-02-616,2016-01-02,FUV2,20043569,16,109367,-0.017227409483736113,17.791199684143066,6.0,True,596,2943
2016-01-02-617,2016-01-02,FUV2,20043569,15,109383,0.2323007725075592,17.791199684143066,6.0,True,696,3660
2016-01-02-618,2016-01-02,FUV1,20043569,13,109398,-0.08077387388902935,17.791199684143066,6.0,True,749,1339
2016-01-02-619,2016-01-02,FUV1,20043569,15,109411,0.059136499535280114,17.791199684143066,6.0,True,804,1902
2016-01-02-620,2016-01-02,FUV2,20043569,18,109426,-0.1753037878687032,17.791199684143066,6.0,True,851,3273
2016-01-02-621,2016-01-02,FUV1,20043572,14,109444,-0.12546637357948306,17.791199684143066,6.0,True,190,1816
2016-01-02-622,2016-01-02,FUV2,20043572,19,109458,0.08419474423533792,17.791199684143066,6.0,True,225,3882
2016-01-02-623,2016-01-02,FUV1,20043572,12,109477,-0.19947727047052455,17.791199684143066,6.0,True,358,1434
2016-01-02-624,2016-01-02,FUV2,20043572,12,109489,-0.16629785538257993,17.791199684143066,6.0,True,359,3568
2016-01-02-625,2016-01-02,FUV2,20043572,25,109501,-0.05284119895254448,17.791199684143066,6.0,True,413,2906
2016-01-02-626,2016-01-02,FUV2,20043572,20,109526,0.2258859903977688,17.791199684143066,6.0,True,433,3583
2016-01-02-627,2016-01-02,FUV2,20043572,15,109546,0.128850329719277,17.791199684143066,6.0,True,452,2963
2016-01-02-628,2016-01-02,FUV1,20043572,16,109561,0.06809109090499123,17.791199684143066,6.0,True,685,1679
2016-01-02-629,2016-01-02,FUV2,20043572,13,109577,0.24565677072365433,17.791199684143066,6.0,True,729,3932
2016-01-02-630,2016-01-02,FUV2,20043572,14,109590,0.010758701779273672,17.791199684143066,6.0,True,731,2914
2016-01-02-631,2016-01-02,FUV2,20043572,21,109604,0.271959488873413,17.791199684143066,6.0,True,769,4051
2016-01-02-632,2016-01-02,FUV2,20043572,14,109625,-0.040344500515044235,17.791199684143066,6.0,True,828,3758
2016-01-02-633,2016-01-02,FUV1,20043572,12,109639,-0.21079440780032102,17.791199684143066,6.0,True,879,1661
2016-01-02-634,2016-01-02,FUV1,20043575,16,109651,0.0738152013459747,17.791199684143066,6.0,True,223,1825
2016-01-02-635,2016-01-02,FUV2,20043575,13,109667,0.0019022060248427637,17.791199684143066,6.0,True,250,3148
2016-01-02-636,2016-01-02,FUV2,20043575,15,109680,0.0468197189596152,17.791199684143066,6.0,True,264,3641
2016-01-02-637,2016-01-02,FUV1,20043575,14,109695,0.10789720430473451,17.791199684143066,6.0,True,270,1698
2016-01-02-638,2016-01-02,FUV2,20043575,14,109709,0.3387237603572131,17.791199684143066,6.0,True,275,3966
2016-01-02-639,2016-01-02,FUV2,20043575,22,109723,0.24505439863740608,17.791199684143066,6.0,True,292,3609
2016-01-02-640,2016-01-02,FUV2,20043575,13,109745,0.2140533761966464,17.791199684143066,6.0,True,302,3151
2016-01-02-641,2016-01-02,FUV1,20043575,16,109758,0.19978096991727884,17.791199684143066,6.0,True,304,118
2016-01-02-642,2016-01-02,FUV2,20043575,27,109774,0.0854381857084741,17.791199684143066,6.0,True,367,3949
2016-01-02-643,2016-01-02,FUV2,20043575,16,109801,-0.04156101722576519,17.791199684143066,6.0,True,772,3560
2016-01-02-644,2016-01-02,FUV1,20043575,16,109817,0.18119036489405524,17.791199684143066,6.0,True,795,1807
2016-01-02-645,2016-01-02,FUV2,20043575,14,109833,0.27083354869140885,17.791199684143066,6.0,True,795,4008
2016-01-02-646,2016-01-02,FUV2,20043575,16,109847,0.09657465960523795,17.791199684143066,6.0,True,801,3248
2016-01-02-647,2016-01-02,FUV1,20043575,17,109863,0.2347824767208821,17.791199684143066,6.0,True,847,1824
2016-01-02-648,2016-01-02,FUV2,20043575,12,109880,-0.014701289733129072,17.791199684143066,6.0,True,872,3517
2016-01-02-649,2016-01-02,FUV1,20043575,12,109892,0.22335879686099816,17.791199684143066,6.0,True,882,1752
2016-01-02-650,2016-01-02,FUV1,20043578,23,109904,-0.024688004711721806,17.791199684143066,6.0,True,188,1376
2016-01-02-651,2016-01-02,FUV2,20043578,16,109927,0.10327736388463063,17.791199684143066,6.0,True,263,2931
2016-01-02-652,2016-01-02,FUV2,20043578,14,109943,0.221413968050468,17.791199684143066,6.0,True,266,3583
2016-01-02-653,2016-01-02,FUV2,20043578,20,109957,0.1807017533982782,17.791199684143066,6.0,True,282,3247
2016-01-02-654,2016-01-02,FUV2,20043578,15,109977,0.061268064095394585,17.791199684143066,6.0,True,302,3054
2016-01-02-655,2016-01-02,FUV1,20043578,14,109992,-0.18207121776609098,17.791199684143066,6.0,True,326,1723
2016-01-02-656,2016-01-02,FUV2,20043578,14,110006,0.2769715078225924,17.791199684143066,6.0,True,327,3771
2016-01-02-657,2016-01-02,FUV2,20043578,13,110020,0.010407518579220123,17.791199684143066,6.0,True,363,3671
2016-01-02-658,2016-01-02,FUV1,20043578,13,110033,-0.06517272124457936,17.791199684143066,6.0,True,469,1350
2016-01-02-659,2016-01-02,FUV2,20043578,21,110046,0.15712557696006793,17.791199684143066,6.0,True,550,3890
2016-01-02-660,2016-01-02,FUV2,20043578,14,110067,-0.07577016521521664,17.791199684143066,6.0,True,597,3765
2016-01-02-661,2016-01-02,FUV1,20043578,16,110081,-0.2030899972259657,17.791199684143066,6.0,True,706,1398
2016-01-02-662,2016-01-02,FUV2,20043578,21,110097,-0.2005300801573431,17.791199684143066,6.0,True,716,3051
2016-01-02-663,2016-01-02,FUV2,20043578,19,110118,0.06300575936867876,17.791199684143066,6.0,True,741,3204
2016-01-02-664,2016-01-02,FUV1,20043578,15,110137,0.22857395083964777,17.791199684143066,6.0,True,785,1340
2016-01-02-665,2016-01-02,FUV2,20043578,18,110152,0.10194891839704927,17.791199684143066,6.0,True,829,3675
2016-01-02-666,2016-01-02,FUV2,20043578,19,110170,0.08420671059607847,17.791199684143066,6.0,True,846,3743
2016-01-02-667,2016-01-02,FUV2,20043581,12,110189,0.09067535223851597,17.791199684143066,6.0,True,188,3002
2016-01-02-668,2016-01-02,FUV1,20043581,15,110201,0.299983109732311,17.791199684143066,6.0,True,225,1274
2016-01-02-669,2016-01-02,FUV1,20043581,17,110216,0.23096976095471367,17.791199684143066,6.0,True,244,1887
2016-01-02-670,2016-01-02,FUV2,20043581,26,110233,-0.13642798976520312,17.791199684143066,6.0,True,245,3544
2016-01-02-671,2016-01-02,FUV1,20043581,15,110259,0.2844485068478027,17.791199684143066,6.0,True,256,109
2016-01-02-672,2016-01-02,FUV2,20043581,12,110274,0.12732042676170016,17.791199684143066,6.0,True,262,3261
2016-01-02-673,2016-01-02,FUV1,20043581,15,110286,-0.06455687561256868,17.791199684143066,6.0,True,296,1613
2016-01-02-674,2016-01-02,FUV1,20043581,19,110301,-0.09691808007528004,17.791199684143066,6.0,True,361,1330
2016-01-02-675,2016-01-02,FUV1,20043581,12,110320,-0.09811951222224372,17.791199684143066,6.0,True,404,165
2016-01-02-676,2016-01-02,FUV2,20043581,12,110332,0.10218177495917556,17.791199684143066,6.0,True,418,4072
2016-01-02-677,2016-01-02,FUV2,20043581,13,110344,0.04545755691422445,17.791199684143066,6.0,True,427,2972
2016-01-02-678,2016-01-02,FUV1,20043581,13,110357,0.34396090650457223,17.791199684143066,6.0,True,480,1735
2016-01-02-679,2016-01-02,FUV2,20043581,15,110370,0.18690602839622586,17.791199684143066,6.0,True,501,3761
2016-01-02-680,2016-01-02,FUV1,20043581,30,110385,-0.04889679991323296,17.791199684143066,6.0,True,521,1766
2016-01-02-681,2016-01-02,FUV2,20043581,27,110415,0.25178446479733596,17.791199684143066,6.0,True,550,3551
2016-01-02-682,2016-01-02,FUV1,20043581,14,110442,-0.001908772448452222,17.791199684143066,6.0,True,592,1401
2016-01-02-683,2016-01-02,FUV2,20043581,21,110456,0.2540957390040635,17.791199684143066,6.0,True,608,3244
2016-01-02-684,2016-01-02,FUV2,20043581,13,110477,0.2771604879436977,17.791199684143066,6.0,True,736,3653
2016-01-02-685,2016-01-02,FUV2,20043581,15,110490,-0.017865138001859,17.791199684143066,6.0,True,743,3858
2016-01-02-686,2016-01-02,FUV2,20043581,24,110505,0.21741604413998233,17.791199684143066,6.0,True,751,3675
2016-01-02-687,2016-01-02,FUV2,20043581,12,110529,0.12117357570189154,17.791199684143066,6.0,True,878,3653
2016-01-02-688,2016-01-02,FUV2,20043581,18,110541,-0.057891272388469264,17.791199684143066,6.0,True,890,3756
2016-01-02-689,2016-01-02,FUV2,20043584,16,110559,0.265732817318049,17.791199684143066,6.0,True,263,3577
2016-01-02-690,2016-01-02,FUV2,20043584,16,110575,0.17494581185553087,17.791199684143066,6.0,True,268,3637
2016-01-02-691,2016-01-02,FUV1,20043584,15,110591,0.08100528655231999,17.791199684143066,6.0,True,280,155
2016-01-02-692,2016-01-02,FUV2,20043584,13,110606,0.28795322082703223,17.791199684143066,6.0,True,292,3010
2016-01-02-693,2016-01-02,FUV1,20043584,15,110619,0.11665709638680286,17.791199684143066,6.0,True,317,276
2016-01-02-694,2016-01-02,FUV1,20043584,13,110634,-0.24970537662039594,17.791199684143066,6.0,True,320,1405
2016-01-02-695,2016-01-02,FUV2,20043584,15,110647,0.03541985015025531,17.791199684143066,6.0,True,328,3648
2016-01-02-696,2016-01-02,FUV2,20043584,12,110662,0.320766491151596,17.791199684143066,6.0,True,342,4013
2016-01-02-697,2016-01-02,FUV1,20043584,15,110674,0.032741454350035726,17.791199684143066,6.0,True,423,1819
2016-01-02-698,2016-01-02,FUV2,20043584,14,110689,0.20819171915098394,17.791199684143066,6.0,True,435,3039
2016-01-02-699,2016-01-02,FUV1,20043584,17,110703,-0.08934440785728132,17.791199684143066,6.0,True,465,277
2016-01-02-700,2016-01-02,FUV1,20043584,67,110720,-0.05586437135612466,17.791199684143066,6.0,True,480,432
2016-01-02-701,2016-01-02,FUV2,20043584,25,110787,0.13052470911807884,17.791199684143066,6.0,True,484,3575
2016-01-02-702,2016-01-02,FUV1,20043584,12,110812,0.11279961956958098,17.791199684143066,6.0,True,524,1717
2016-01-02-703,2016-01-02,FUV2,20043584,19,110824,-0.1949054911704727,17.791199684143066,6.0,True,534,3747
2016-01-02-704,2016-01-02,FUV1,20043584,15,110843,0.04986542530195662,17.791199684143066,6.0,True,537,403
2016-01-02-705,2016-01-02,FUV1,20043584,12,110858,0.24241753618886713,17.791199684143066,6.0,True,594,1663
2016-01-02-706,2016-01-02,FUV1,20043584,40,110870,0.11352601307060055,17.791199684143066,6.0,True,645,1264
2016-01-02-707,2016-01-02,FUV2,20043584,12,110910,0.0814434535213929,17.791199684143066,6.0,True,681,3017
2016-01-02-708,2016-01-02,FUV1,20043584,21,110922,0.10110485650209795,17.791199684143066,6.0,True,721,1725
2016-01-02-709,2016-01-02,FUV2,20043584,14,110943,0.3103432573302776,17.791199684143066,6.0,True,743,2993
2016-01-02-710,2016-01-02,FUV2,20043584,17,110957,0.048038631847592245,17.791199684143066,6.0,True,756,3236
2016-01-02-711,2016-01-02,FUV1,20043584,12,110974,-0.11102716509871824,17.791199684143066,6.0,True,780,1407
2016-01-02-712,2016-01-02,FUV1,20043584,13,110986,-0.03919533826556497,17.791199684143066,6.0,True,792,149
2016-01-02-713,2016-01-02,FUV1,20043584,22,110999,0.13149633486654128,17.791199684143066,6.0,True,872,260
2016-01-02-714,2016-01-02,FUV2,20043584,12,111021,-0.10394899334642374,17.791199684143066,6.0,True,895,3082
2016-01-02-715,2016-01-02,FUV1,20043587,14,111033,-0.16203810302014085,17.791199684143066,6.0,True,192,107
2016-01-02-716,2016-01-02,FUV1,20043587,13,111047,0.17863649747560015,17.791199684143066,6.0,True,196,391
2016-01-02-717,2016-01-02,FUV1,20043587,17,111060,-0.03723818037435494,17.791199684143066,6.0,True,202,1462
2016-01-02-718,2016-01-02,FUV2,20043587,12,111077,0.0402409915088792,17.791199684143066,6.0,True,238,3591
2016-01-02-719,2016-01-02,FUV1,20043587,19,111089,0.33963479521407125,17.791199684143066,6.0,True,263,1677
2016-01-02-720,2016-01-02,FUV1,20043587,12,111108,-0.12820322391818306,17.791199684143066,6.0,True,501,1325
2016-01-02-721,2016-01-02,FUV2,20043587,14,111120,-0.1415203993986482,17.791199684143066,6.0,True,508,2960
2016-01-02-722,2016-01-02,FUV2,20043587,16,111134,-0.0546726139060934,17.791199684143066,6.0,True,596,3961
2016-01-02-723,2016-01-02,FUV1,20043587,15,111150,0.1293665453058257,17.791199684143066,6.0,True,629,1642
2016-01-02-724,2016-01-02,FUV2,20043587,13,111165,-0.10271723384086057,17.791199684143066,6.0,True,629,3562
2016-01-02-725,2016-01-02,FUV1,20043587,24,111178,-0.11432287167769435,17.791199684143066,6.0,True,693,1829
2016-01-02-726,2016-01-02,FUV1,20043587,13,111202,0.05855422210317465,17.791199684143066,6.0,True,735,1413
2016-01-02-727,2016-01-02,FUV1,20043587,14,111215,-0.04450698753036873,17.791199684143066,6.0,True,746,417
2016-01-02-728,2016-01-02,FUV1,20043587,12,111229,0.07684883434074316,17.791199684143066,6.0,True,755,1336
2016-01-02-729,2016-01-02,FUV2,20043587,12,111241,-0.1553236355286804,17.791199684143066,6.0,True,787,3855
2016-01-02-730,2016-01-02,FUV2,20043587,12,111253,-0.023844380701578988,17.791199684143066,6.0,False,3213,791
2016-01-02-731,2016-01-02,FUV2,20043587,14,111265,-0.33222136882546294,17.791199684143066,6.0,True,814,2969
2016-01-02-732,2016-01-02,FUV1,20043587,16,111279,0.07014404194502202,17.791199684143066,6.0,True,855,1287
2016-01-02-733,2016-01-02,FUV1,20043587,25,111295,0.07996301421475208,17.791199684143066,6.0,True,882,1752
2016-01-02-734,2016-01-02,FUV1,20043590,22,111320,0.24413181788546698,17.791199684143066,6.0,True,195,271
2016-01-02-735,2016-01-02,FUV2,20043590,13,111342,-0.16700566370730063,17.791199684143066,6.0,True,213,3643
2016-01-02-736,2016-01-02,FUV1,20043590,14,111355,0.21755058056390064,17.791199684143066,6.0,True,265,1872
2016-01-02-737,2016-01-02,FUV2,20043590,12,111369,0.16673212031435514,17.791199684143066,6.0,True,304,3238
2016-01-02-738,2016-01-02,FUV1,20043590,30,111381,0.1659916099841304,17.791199684143066,6.0,True,312,1630
2016-01-02-739,2016-01-02,FUV1,20043590,13,111411,0.3350202348961108,17.791199684143066,6.0,True,376,285
2016-01-02-740,2016-01-02,FUV2,20043590,12,111424,-0.2038840764880156,17.791199684143066,6.0,False,3922,378
2016-01-02-741,2016-01-02,FUV1,20043590,14,111436,0.06116904461881325,17.791199684143066,6.0,True,500,1697
2016-01-02-742,2016-01-02,FUV2,20043590,20,111450,0.00296451385615906,17.791199684143066,6.0,True,533,3082
2016-01-02-743,2016-01-02,FUV1,20043590,17,111470,-0.04547126343203865,17.791199684143066,6.0,True,542,1416
2016-01-02-744,2016-01-02,FUV1,20043590,23,111487,0.23144456980327552,17.791199684143066,6.0,True,633,408
2016-01-02-745,2016-01-02,FUV2,20043590,13,111510,0.18745659264947626,17.791199684143066,6.0,True,654,3547
2016-01-02-746,2016-01-02,FUV1,20043590,13,111523,0.1115178565442189,17.791199684143066,6.0,True,677,1659
2016-01-02-747,2016-01-02,FUV2,20043590,23,111536,0.1350354953507793,17.791199684143066,6.0,True,734,2932
2016-01-02-748,2016-01-02,FUV2,20043590,15,111559,0.13590919824993447,17.791199684143066,6.0,True,739,3161
2016-01-02-749,2016-01-02,FUV2,20043590,25,111574,-0.013840114204640338,17.791199684143066,6.0,True,769,3954
2016-01-02-750,2016-01-02,FUV2,20043590,13,111599,0.1359312082597053,17.791199684143066,6.0,True,833,2951
2016-01-02-751,2016-01-02,FUV1,20043593,19,111612,-0.26414730438533285,17.791199684143066,6.0,True,215,1314
2016-01-02-752,2016-01-02,FUV1,20043593,12,111631,0.24445663846885574,17.791199684143066,6.0,True,222,1352
2016-01-02-753,2016-01-02,FUV1,20043593,29,111643,0.07328263821926431,17.791199684143066,6.0,True,225,1755
2016-01-02-754,2016-01-02,FUV2,20043593,14,111672,0.02703199666769965,17.791199684143066,6.0,True,235,3972
2016-01-02-755,2016-01-02,FUV2,20043593,13,111686,0.3396247913035344,17.791199684143066,6.0,True,247,3148
2016-01-02-756,2016-01-02,FUV2,20043593,15,111699,-0.13660047425981983,17.791199684143066,6.0,True,248,3020
2016-01-02-757,2016-01-02,FUV1,20043593,13,111714,0.28566287481146363,17.791199684143066,6.0,True,253,250
2016-01-02-758,2016-01-02,FUV1,20043593,15,111727,0.1713283384064061,17.791199684143066,6.0,True,265,158
2016-01-02-759,2016-01-02,FUV1,20043593,15,111742,0.2296782217218807,17.791199684143066,6.0,True,279,1803
2016-01-02-760,2016-01-02,FUV2,20043593,20,111757,0.20867067794645242,17.791199684143066,6.0,True,286,3767
2016-01-02-761,2016-01-02,FUV1,20043593,12,111777,0.2100928361308052,17.791199684143066,6.0,True,313,346
2016-01-02-762,2016-01-02,FUV2,20043593,17,111789,0.10940911163227765,17.791199684143066,6.0,True,357,3203
2016-01-02-763,2016-01-02,FUV1,20043593,12,111806,0.20982742482531003,17.791199684143066,6.0,True,380,1641
2016-01-02-764,2016-01-02,FUV2,20043593,12,111818,-0.038787318085546446,17.791199684143066,6.0,True,448,4060
2016-01-02-765,2016-01-02,FUV1,20043593,12,111830,-0.2907875480796397,17.791199684143066,6.0,True,460,1416
2016-01-02-766,2016-01-02,FUV1,20043593,31,111842,0.0710204186817812,17.791199684143066,6.0,True,493,341
2016-01-02-767,2016-01-02,FUV2,20043593,13,111873,0.3454051152645421,17.791199684143066,6.0,True,517,3936
2016-01-02-768,2016-01-02,FUV1,20043593,27,111886,0.11490734269579334,17.791199684143066,6.0,True,520,399
2016-01-02-769,2016-01-02,FUV1,20043593,13,111913,0.22550675328074843,17.791199684143066,6.0,True,532,1912
2016-01-02-770,2016-01-02,FUV2,20043593,12,111926,0.060281334264749256,17.791199684143066,6.0,True,545,3773
2016-01-02-771,2016-01-02,FUV2,20043593,18,111938,0.2095898763711751,17.791199684143066,6.0,True,569,3782
2016-01-02-772,2016-01-02,FUV2,20043593,18,111956,-0.03936455747809003,17.791199684143066,6.0,True,648,3249
2016-01-02-773,2016-01-02,FUV2,20043593,12,111974,0.29945923537191865,17.791199684143066,6.0,True,665,3940
2016-01-02-774,2016-01-02,FUV2,20043593,14,111986,0.12379950669115763,17.791199684143066,6.0,True,728,3881
2016-01-02-775,2016-01-02,FUV1,20043593,15,112000,0.03470084109606611,17.791199684143066,6.0,True,745,407
2016-01-02-776,2016-01-02,FUV1,20043593,12,112015,-0.2519213466989224,17.791199684143066,6.0,True,749,1905
2016-01-02-777,2016-01-02,FUV2,20043593,14,112027,0.16424747245012603,17.791199684143066,6.0,True,800,2931
2016-01-02-778,2016-01-02,FUV1,20043593,17,112041,0.08284728530945953,17.791199684143066,6.0,True,836,1723
2016-01-02-779,2016-01-02,FUV2,20043593,14,112058,0.13437893940143975,17.791199684143066,6.0,True,859,3535
2016-01-02-780,2016-01-02,FUV1,20043593,12,112072,0.033470832997088966,17.791199684143066,6.0,True,882,1301
2016-01-02-781,2016-01-02,FUV1,20043593,19,112084,-0.03359382627945796,17.791199684143066,6.0,True,889,1804
2016-01-02-782,2016-01-02,FUV1,20043596,14,112103,0.07171817090899403,17.791199684143066,6.0,True,206,1289
2016-01-02-783,2016-01-02,FUV2,20043596,13,112117,0.26242306014763256,17.791199684143066,6.0,True,219,4047
2016-01-02-784,2016-01-02,FUV1,20043596,15,112130,0.11830398485698913,17.791199684143066,6.0,True,319,1627
2016-01-02-785,2016-01-02,FUV2,20043596,20,112145,0.07811260928819841,17.791199684143066,6.0,True,384,2915
2016-01-02-786,2016-01-02,FUV2,20043596,13,112165,0.017270361965837543,17.791199684143066,6.0,True,393,3056
2016-01-02-787,2016-01-02,FUV2,20043596,20,112178,0.08417273305495146,17.791199684143066,6.0,True,431,3572
2016-01-02-788,2016-01-02,FUV2,20043596,18,112198,0.34387591770360426,17.791199684143066,6.0,True,447,4030
2016-01-02-789,2016-01-02,FUV1,20043596,12,112216,0.019757711213930468,17.791199684143066,6.0,True,467,1819
2016-01-02-790,2016-01-02,FUV1,20043596,12,112228,-0.21219759972375604,17.791199684143066,6.0,True,476,1686
2016-01-02-791,2016-01-02,FUV2,20043596,15,112240,0.19134582743615883,17.791199684143066,6.0,True,486,3679
2016-01-02-792,2016-01-02,FUV1,20043596,17,112255,-0.1400242704878152,17.791199684143066,6.0,True,515,1621
2016-01-02-793,2016-01-02,FUV2,20043596,17,112272,-0.02019677532348463,17.791199684143066,6.0,True,526,3873
2016-01-02-794,2016-01-02,FUV1,20043596,13,112289,0.30936799535721077,17.791199684143066,6.0,True,638,198
2016-01-02-795,2016-01-02,FUV2,20043596,15,112302,-0.019394082395801683,17.791199684143066,6.0,True,680,3215
2016-01-02-796,2016-01-02,FUV1,20043596,18,112317,0.05338537696207468,17.791199684143066,6.0,True,689,1658
2016-01-02-797,2016-01-02,FUV2,20043596,20,112335,0.1253094494272391,17.791199684143066,6.0,True,693,3932
2016-01-02-798,2016-01-02,FUV2,20043596,15,112355,0.0659145040320751,17.791199684143066,6.0,True,729,3653
2016-01-02-799,2016-01-02,FUV1,20043596,16,112370,0.18045861861929247,17.791199684143066,6.0,True,745,253
2016-01-02-800,2016-01-02,FUV1,20043596,13,112386,-0.010507171465212909,17.791199684143066,6.0,True,747,170
2016-01-02-801,2016-01-02,FUV2,20043596,18,112399,0.24129037945900048,17.791199684143066,6.0,True,786,3871
2016-01-02-802,2016-01-02,FUV2,20043596,12,112417,0.12253298520566211,17.791199684143066,6.0,True,803,3062
2016-01-02-803,2016-01-02,FUV2,20043596,33,112429,-0.03681734851046876,17.791199684143066,6.0,True,820,3208
2016-01-02-804,2016-01-02,FUV1,20043596,17,112462,0.25219201172552047,17.791199684143066,6.0,True,832,172
2016-01-02-805,2016-01-02,FUV1,20043596,12,112479,-0.1783278967145123,17.791199684143066,6.0,True,837,1438
2016-01-02-806,2016-01-02,FUV2,20043596,13,112491,-0.18108137485202822,17.791199684143066,6.0,True,851,3784
2016-01-02-807,2016-01-02,FUV2,20043599,17,112504,0.12785993273316312,17.791199684143066,6.0,True,209,3860
2016-01-02-808,2016-01-02,FUV2,20043599,16,112521,-0.02024309902733503,17.791199684143066,6.0,True,217,3947
2016-01-02-809,2016-01-02,FUV1,20043599,12,112537,-0.08393479100671922,17.791199684143066,6.0,True,263,1263
2016-01-02-810,2016-01-02,FUV1,20043599,13,112549,0.10087213173627407,17.791199684143066,6.0,True,289,1898
2016-01-02-811,2016-01-02,FUV2,20043599,14,112562,0.03262777311296042,17.791199684143066,6.0,True,315,2898
2016-01-02-812,2016-01-02,FUV1,20043599,19,112576,0.09879171678115439,17.791199684143066,6.0,True,406,163
2016-01-02-813,2016-01-02,FUV2,20043599,15,112595,0.1047106371364565,17.791199684143066,6.0,True,506,4008
2016-01-02-814,2016-01-02,FUV1,20043599,18,112610,0.22937143350903735,17.791199684143066,6.0,True,527,1788
2016-01-02-815,2016-01-02,FUV2,20043599,16,112628,0.10705585682269976,17.791199684143066,6.0,True,575,3264
2016-01-02-816,2016-01-02,FUV2,20043599,12,112644,0.15845487646333858,17.791199684143066,6.0,True,582,3949
2016-01-02-817,2016-01-02,FUV1,20043599,12,112656,-0.15307599408754277,17.791199684143066,6.0,True,602,1888
2016-01-02-818,2016-01-02,FUV2,20043599,16,112668,0.29148080393465303,17.791199684143066,6.0,True,631,3591
2016-01-02-819,2016-01-02,FUV2,20043599,12,112684,0.04380855098055078,17.791199684143066,6.0,True,661,3848
2016-01-02-820,2016-01-02,FUV2,20043599,13,112696,0.12936040252393335,17.791199684143066,6.0,True,675,3516
2016-01-02-821,2016-01-02,FUV1,20043599,15,112709,-0.11779372983425458,17.791199684143066,6.0,True,706,398
2016-01-02-822,2016-01-02,FUV1,20043599,14,112724,-0.15519496209225792,17.791199684143066,6.0,True,707,1641
2016-01-02-823,2016-01-02,FUV1,20043599,13,112738,-0.2936974188989769,17.791199684143066,6.0,True,746,1814
2016-01-02-824,2016-01-02,FUV2,20043599,29,112751,0.16602911887665764,17.791199684143066,6.0,True,807,3534
2016-01-02-825,2016-01-02,FUV2,20043599,16,112780,-0.18751638632124107,17.791199684143066,6.0,True,811,3724
2016-01-02-826,2016-01-02,FUV2,20043599,12,112796,0.2995905683077321,17.791199684143066,6.0,True,826,3772
2016-01-02-827,2016-01-02,FUV1,20043599,13,112808,0.3108602328553786,17.791199684143066,6.0,True,845,172
2016-01-02-828,2016-01-02,FUV1,20043599,14,112821,0.0748302777588677,17.791199684143066,6.0,True,894,1406
2016-01-02-829,2016-01-02,FUV1,20043602,13,112835,0.1751044232049799,17.791199684143066,6.0,True,230,1914
2016-01-02-830,2016-01-02,FUV2,20043602,14,112848,-0.0478417245278865,17.791199684143066,6.0,True,257,3059
2016-01-02-831,2016-01-02,FUV2,20043602,15,112862,0.2551132779908275,17.791199684143066,6.0,True,275,3547
2016-01-02-832,2016-01-02,FUV2,20043602,12,112877,-0.23712672023656076,17.791199684143066,6.0,True,299,3181
2016-01-02-833,2016-01-02,FUV2,20043602,16,112889,0.04856997688252847,17.791199684143066,6.0,True,309,3903
2016-01-02-834,2016-01-02,FUV2,20043602,15,112905,0.07581732404339357,17.791199684143066,6.0,True,324,3546
2016-01-02-835,2016-01-02,FUV2,20043602,12,112920,-0.02424008470918047,17.791199684143066,6.0,True,325,4026
2016-01-02-836,2016-01-02,FUV2,20043602,17,112932,0.233796866589186,17.791199684143066,6.0,True,329,4034
2016-01-02-837,2016-01-02,FUV2,20043602,12,112949,0.2735449553237321,17.791199684143066,6.0,True,330,3053
2016-01-02-838,2016-01-02,FUV1,20043602,16,112961,0.29160302045394465,17.791199684143066,6.0,True,333,105
2016-01-02-839,2016-01-02,FUV2,20043602,15,112977,0.11945834649705189,17.791199684143066,6.0,True,350,3232
2016-01-02-840,2016-01-02,FUV2,20043602,13,112992,0.24256184730855154,17.791199684143066,6.0,True,382,3176
2016-01-02-841,2016-01-02,FUV2,20043602,12,113005,-0.28173374406891244,17.791199684143066,6.0,True,407,3153
2016-01-02-842,2016-01-02,FUV1,20043602,13,113017,0.22822262483206754,17.791199684143066,6.0,True,430,1604
2016-01-02-843,2016-01-02,FUV1,20043602,13,113030,0.043570889899287576,17.791199684143066,6.0,True,511,1874
2016-01-02-844,2016-01-02,FUV2,20043602,15,113043,0.2147527239109837,17.791199684143066,6.0,True,557,3755
2016-01-02-845,2016-01-02,FUV2,20043602,19,113058,0.15434200727010933,17.791199684143066,6.0,True,583,3977
2016-01-02-846,2016-01-02,FUV2,20043602,14,113077,0.10974448667075806,17.791199684143066,6.0,True,603,3538
2016-01-02-847,2016-01-02,FUV2,20043602,15,113091,0.23384539835203322,17.791199684143066,6.0,True,604,3676
2016-01-02-848,2016-01-02,FUV2,20043602,23,113106,0.05460724663774344,17.791199684143066,6.0,True,618,3618
2016-01-02-849,2016-01-02,FUV1,20043602,25,113129,-0.05610896036851761,17.791199684143066,6.0,True,782,1861
2016-01-02-850,2016-01-02,FUV1,20043602,15,113154,0.08402337641919799,17.791199684143066,6.0,True,789,1691
2016-01-02-851,2016-01-02,FUV2,20043602,15,113169,0.09101880097489061,17.791199684143066,6.0,True,798,3796
2016-01-02-852,2016-01-02,FUV2,20043602,14,113184,-0.04911861120628625,17.791199684143066,6.0,True,799,3037
2016-01-02-853,2016-01-02,FUV2,20043602,18,113198,0.01961708068127933,17.791199684143066,6.0,True,814,3082
2016-01-02-854,2016-01-02,FUV1,20043602,17,113216,0.043909914827996444,17.791199684143066,6.0,True,826,1673
2016-01-02-855,2016-01-02,FUV2,20043605,20,113233,0.17517835326138342,17.791199684143066,6.0,True,188,3155
2016-01-02-856,2016-01-02,FUV2,20043605,22,113253,0.19308629570910318,17.791199684143066,6.0,True,197,2957
2016-01-02-857,2016-01-02,FUV1,20043605,14,113275,0.02875369943894458,17.791199684143066,6.0,True,204,156
2016-01-02-858,2016-01-02,FUV2,20043605,22,113289,-0.10597829499745197,17.791199684143066,6.0,True,206,3941
2016-01-02-859,2016-01-02,FUV1,20043605,12,113311,0.21031311634860012,17.791199684143066,6.0,True,207,1901
2016-01-02-860,2016-01-02,FUV2,20043605,15,113323,-0.0407408743522678,17.791199684143066,6.0,True,242,4012
2016-01-02-861,2016-01-02,FUV1,20043605,12,113338,-0.02193710590824893,17.791199684143066,6.0,True,285,1799
2016-01-02-862,2016-01-02,FUV1,20043605,17,113350,0.12092866856405386,17.791199684143066,6.0,True,303,1875
2016-01-02-863,2016-01-02,FUV1,20043605,12,113367,0.3317519510152539,17.791199684143066,6.0,True,323,1428
2016-01-02-864,2016-01-02,FUV1,20043605,23,113379,0.25204860053985645,17.791199684143066,6.0,True,325,1625
2016-01-02-865,2016-01-02,FUV2,20043605,12,113402,0.09181588745507767,17.791199684143066,6.0,True,358,3863
2016-01-02-866,2016-01-02,FUV1,20043605,22,113414,0.1576297172826163,17.791199684143066,6.0,True,422,360
2016-01-02-867,2016-01-02,FUV2,20043605,28,113436,0.17678084145587553,17.791199684143066,6.0,True,440,2921
2016-01-02-868,2016-01-02,FUV2,20043605,13,113464,0.16658998056041155,17.791199684143066,6.0,True,447,3549
2016-01-02-869,2016-01-02,FUV1,20043605,13,113477,0.014303139168353952,17.791199684143066,6.0,True,469,388
2016-01-02-870,2016-01-02,FUV2,20043605,12,113490,-0.11439849988746789,17.791199684143066,6.0,True,559,3044
2016-01-02-871,2016-01-02,FUV2,20043605,15,113502,0.2361632036671139,17.791199684143066,6.0,True,630,2925
2016-01-02-872,2016-01-02,FUV2,20043605,12,113517,-0.16967801713563163,17.791199684143066,6.0,True,658,3166
2016-01-02-873,2016-01-02,FUV2,20043605,16,113529,0.12832123102735662,17.791199684143066,6.0,True,672,3668
2016-01-02-874,2016-01-02,FUV1,20043605,21,113545,0.018943370632238117,17.791199684143066,6.0,True,744,1647
2016-01-02-875,2016-01-02,FUV2,20043605,12,113566,0.33107298991074285,17.791199684143066,6.0,True,758,3645
2016-01-02-876,2016-01-02,FUV1,20043605,22,113578,0.1949391022810456,17.791199684143066,6.0,True,780,113
2016-01-02-877,2016-01-02,FUV1,20043605,13,113600,-0.027891514452179345,17.791199684143066,6.0,True,793,1879
2016-01-02-878,2016-01-02,FUV2,20043605,17,113613,-0.16879041288221186,17.791199684143066,6.0,True,797,3595
2016-01-02-879,2016-01-02,FUV2,20043605,13,113630,0.30162891980397927,17.791199684143066,6.0,True,810,3552
2016-01-02-880,2016-01-02,FUV1,20043605,15,113643,0.08298764310473676,17.791199684143066,6.0,True,869,264
2016-01-02-881,2016-01-02,FUV1,20043605,12,113658,0.11882189834264943,17.791199684143066,6.0,True,895,1903
2016-01-02-882,2016-01-02,FUV2,20043608,13,113670,0.23198738005893768,17.791199684143066,6.0,True,193,2910
2016-01-02-883,2016-01-02,FUV1,20043608,12,113683,-0.010200292753098012,17.791199684143066,6.0,True,197,1348
2016-01-02-884,2016-01-02,FUV2,20043608,18,113695,0.20526142264776998,17.791199684143066,6.0,True,198,3575
2016-01-02-885,2016-01-02,FUV2,20043608,12,113713,-0.15085360947158488,17.791199684143066,6.0,True,214,3729
2016-01-02-886,2016-01-02,FUV1,20043608,12,113725,0.1900300842309344,17.791199684143066,6.0,True,242,1767
2016-01-02-887,2016-01-02,FUV2,20043608,37,113737,0.012585678836567478,17.791199684143066,6.0,True,248,3002
2016-01-02-888,2016-01-02,FUV2,20043608,13,113774,0.29813697821176394,17.791199684143066,6.0,True,289,4008
2016-01-02-889,2016-01-02,FUV2,20043608,13,113787,0.10413572508442448,17.791199684143066,6.0,True,317,2968
2016-01-02-890,2016-01-02,FUV1,20043608,12,113800,0.12331009978262664,17.791199684143066,6.0,True,323,194
2016-01-02-891,2016-01-02,FUV1,20043608,17,113812,0.28068794725926194,17.791199684143066,6.0,True,333,115
2016-01-02-892,2016-01-02,FUV2,20043608,17,113829,0.11557737092169763,17.791199684143066,6.0,True,365,4024
2016-01-02-893,2016-01-02,FUV1,20043608,16,113846,-0.18761722134007136,17.791199684143066,6.0,True,388,1822
2016-01-02-894,2016-01-02,FUV2,20043608,19,113862,0.18485128526284617,17.791199684143066,6.0,True,443,3222
2016-01-02-895,2016-01-02,FUV2,20043608,18,113881,0.20007451020404365,17.791199684143066,6.0,True,446,3175
2016-01-02-896,2016-01-02,FUV1,20043608,23,113899,0.11783577798557181,17.791199684143066,6.0,True,456,1267
2016-01-02-897,2016-01-02,FUV1,20043608,16,113922,-0.1813082204906542,17.791199684143066,6.0,True,485,1452
2016-01-02-898,2016-01-02,FUV1,20043608,13,113938,-0.10873202090381051,17.791199684143066,6.0,True,494,1362
2016-01-02-899,2016-01-02,FUV1,20043608,25,113951,0.19629465831920945,17.791199684143066,6.0,True,585,1814
2016-01-02-900,2016-01-02,FUV2,20043608,12,113976,0.33564705338703316,17.791199684143066,6.0,True,599,3579
2016-01-02-901,2016-01-02,FUV1,20043608,15,113988,-0.027080786301611096,17.791199684143066,6.0,True,636,1386
2016-01-02-902,2016-01-02,FUV2,20043608,25,114003,-0.17112179499381755,17.791199684143066,6.0,True,680,3595
2016-01-02-903,2016-01-02,FUV1,20043608,13,114028,0.32988371420611445,17.791199684143066,6.0,True,686,1334
2016-01-02-904,2016-01-02,FUV2,20043608,14,114041,0.25769806094659964,17.791199684143066,6.0,True,686,3072
2016-01-02-905,2016-01-02,FUV1,20043608,12,114055,0.29658927414307357,17.791199684143066,6.0,True,774,286
2016-01-02-906,2016-01-02,FUV2,20043608,14,114067,-0.02875546909476131,17.791199684143066,6.0,True,775,3873
2016-01-02-907,2016-01-02,FUV1,20043608,15,114081,0.13790256491706387,17.791199684143066,6.0,True,805,275
2016-01-02-908,2016-01-02,FUV1,20043608,14,114096,0.18731788665389226,17.791199684143066,6.0,True,813,1880
2016-01-02-909,2016-01-02,FUV2,20043608,14,114110,-0.2757858334214219,17.791199684143066,6.0,True,861,3792
2016-01-02-910,2016-01-02,FUV2,20043608,15,114124,0.10944385913833596,17.791199684143066,6.0,True,891,4026
2016-01-02-911,2016-01-02,FUV1,20043611,21,114139,0.2510954546507307,17.791199684143066,6.0,True,195,263
2016-01-02-912,2016-01-02,FUV1,20043611,14,114160,0.29399809992219533,17.791199684143066,6.0,True,216,439
2016-01-02-913,2016-01-02,FUV2,20043611,15,114174,0.28431552675101224,17.791199684143066,6.0,True,252,3235
2016-01-02-914,2016-01-02,FUV2,20043611,16,114189,0.3241806366771042,17.791199684143066,6.0,True,325,3790
2016-01-02-915,2016-01-02,FUV2,20043611,14,114205,0.27477414473840633,17.791199684143066,6.0,True,354,4065
2016-01-02-916,2016-01-02,FUV1,20043611,13,114219,0.055036401319181076,17.791199684143066,6.0,True,379,1348
2016-01-02-917,2016-01-02,FUV1,20043611,15,114232,-0.11606177673714634,17.791199684143066,6.0,True,385,1863
2016-01-02-918,2016-01-02,FUV2,20043611,15,114247,0.01634634945054996,17.791199684143066,6.0,True,385,3046
2016-01-02-919,2016-01-02,FUV2,20043611,12,114262,0.28564891011926563,17.791199684143066,6.0,True,409,3205
2016-01-02-920,2016-01-02,FUV1,20043611,14,114274,0.1226801749648965,17.791199684143066,6.0,True,420,247
2016-01-02-921,2016-01-02,FUV1,20043611,12,114288,0.3007837309846079,17.791199684143066,6.0,True,450,415
2016-01-02-922,2016-01-02,FUV2,20043611,20,114300,0.09457293455922869,17.791199684143066,6.0,True,464,3212
2016-01-02-923,2016-01-02,FUV1,20043611,20,114320,0.15283272309474374,17.791199684143066,6.0,True,494,1399
2016-01-02-924,2016-01-02,FUV2,20043611,16,114340,0.15769375660474882,17.791199684143066,6.0,True,509,4003
2016-01-02-925,2016-01-02,FUV1,20043611,13,114356,0.2823102465779192,17.791199684143066,6.0,True,556,1710
2016-01-02-926,2016-01-02,FUV2,20043611,13,114369,-0.05752141876668273,17.791199684143066,6.0,True,590,4008
2016-01-02-927,2016-01-02,FUV2,20043611,14,114382,0.28265836265465516,17.791199684143066,6.0,True,601,3027
2016-01-02-928,2016-01-02,FUV1,20043611,13,114396,0.20941401856066288,17.791199684143066,6.0,True,651,1614
2016-01-02-929,2016-01-02,FUV2,20043611,12,114409,-0.24603949948398343,17.791199684143066,6.0,True,684,3663
2016-01-02-930,2016-01-02,FUV2,20043611,16,114421,0.29159497567533216,17.791199684143066,6.0,True,717,3047
2016-01-02-931,2016-01-02,FUV1,20043611,14,114437,0.05370685968805353,17.791199684143066,6.0,True,784,1731
2016-01-02-932,2016-01-02,FUV2,20043611,13,114451,-0.10452168566112321,17.791199684143066,6.0,True,785,3896
2016-01-02-933,2016-01-02,FUV1,20043611,13,114464,0.2225858498919411,17.791199684143066,6.0,True,823,113
2016-01-02-934,2016-01-02,FUV1,20043611,13,114477,0.31884848304068014,17.791199684143066,6.0,True,848,136
2016-01-02-935,2016-01-02,FUV2,20043611,12,114490,0.13348278431216887,17.791199684143066,6.0,True,857,2991
2016-01-02-936,2016-01-02,FUV2,20043611,15,114502,0.2111914009815162,17.791199684143066,6.0,True,881,2987
2016-01-02-937,2016-01-02,FUV2,20043614,14,114517,0.1898741078972135,17.791199684143066,6.0,True,189,4023
2016-01-02-938,2016-01-02,FUV1,20043614,12,114531,0.298856067253754,17.791199684143066,6.0,True,191,370
2016-01-02-939,2016-01-02,FUV1,20043614,14,114543,0.1216021921863369,17.791199684143066,6.0,True,212,1377
2016-01-02-940,2016-01-02,FUV1,20043614,12,114557,-0.015535738474480818,17.791199684143066,6.0,True,213,385
2016-01-02-941,2016-01-02,FUV1,20043614,15,114569,0.06706424973174362,17.791199684143066,6.0,True,213,1354
2016-01-02-942,2016-01-02,FUV1,20043614,14,114584,0.3436698441760656,17.791199684143066,6.0,True,242,1815
2016-01-02-943,2016-01-02,FUV1,20043614,12,114598,0.23833066843397566,17.791199684143066,6.0,True,250,1312
2016-01-02-944,2016-01-02,FUV1,20043614,13,114610,0.2439936943186252,17.791199684143066,6.0,False,1323,269
2016-01-02-945,2016-01-02,FUV2,20043614,13,114623,0.2559638039581648,17.791199684143066,6.0,True,273,3673
2016-01-02-946,2016-01-02,FUV2,20043614,12,114636,0.11995997901465111,17.791199684143066,6.0,True,285,3580
2016-01-02-947,2016-01-02,FUV1,20043614,12,114648,0.2917748135726985,17.791199684143066,6.0,True,302,1409
2016-01-02-948,2016-01-02,FUV2,20043614,19,114660,0.3267256172683524,17.791199684143066,6.0,True,322,3871
2016-01-02-949,2016-01-02,FUV2,20043614,13,114679,0.21940167963857515,17.791199684143066,6.0,True,373,3739
2016-01-02-950,2016-01-02,FUV1,20043614,14,114692,0.27273172415046804,17.791199684143066,6.0,True,388,1259
2016-01-02-951,2016-01-02,FUV2,20043614,13,114706,0.15421336811714637,17.791199684143066,6.0,True,399,3863
2016-01-02-952,2016-01-02,FUV2,20043614,12,114719,-0.0376077393688053,17.791199684143066,6.0,True,419,3169
2016-01-02-953,2016-01-02,FUV1,20043614,12,114731,0.29020242287507886,17.791199684143066,6.0,True,420,1423
2016-01-02-954,2016-01-02,FUV2,20043614,17,114743,0.2647830022807726,17.791199684143066,6.0,True,472,3225
2016-01-02-955,2016-01-02,FUV2,20043614,23,114760,0.11004401646773575,17.791199684143066,6.0,True,538,3038
2016-01-02-956,2016-01-02,FUV1,20043614,15,114783,0.25164565521741905,17.791199684143066,6.0,True,551,1689
2016-01-02-957,2016-01-02,FUV2,20043614,16,114798,0.1599863877337695,17.791199684143066,6.0,True,551,3619
2016-01-02-958,2016-01-02,FUV1,20043614,18,114814,0.055789999931897795,17.791199684143066,6.0,True,624,1259
2016-01-02-959,2016-01-02,FUV1,20043614,18,114832,0.11137805579257506,17.791199684143066,6.0,True,660,402
2016-01-02-960,2016-01-02,FUV2,20043614,13,114850,-0.12282266661403143,17.791199684143066,6.0,True,728,3756
2016-01-02-961,2016-01-02,FUV1,20043614,14,114863,0.23973812826166963,17.791199684143066,6.0,True,778,379
2016-01-02-962,2016-01-02,FUV1,20043614,21,114877,0.11816403804622472,17.791199684143066,6.0,True,786,1429
2016-01-02-963,2016-01-02,FUV1,20043614,13,114898,0.16381973697103047,17.791199684143066,6.0,True,831,183
2016-01-02-964,2016-01-02,FUV2,20043614,15,114911,0.12730587761586418,17.791199684143066,6.0,True,867,3776
2016-01-02-965,2016-01-02,FUV2,20043614,12,114926,-0.055484642731754207,17.791199684143066,6.0,True,885,4019
2016-01-02-966,2016-01-02,FUV2,20043617,13,114938,0.06574523313172813,17.791199684143066,6.0,True,194,2916
2016-01-02-967,2016-01-02,FUV2,20043617,13,114951,-0.05605979494757224,17.791199684143066,6.0,True,226,3727
2016-01-02-968,2016-01-02,FUV2,20043617,12,114964,0.03222697908841629,17.791199684143066,6.0,True,280,3165
2016-01-02-969,2016-01-02,FUV1,20043617,19,114976,-0.0653242916112765,17.791199684143066,6.0,False,388,302
2016-01-02-970,2016-01-02,FUV2,20043617,22,114995,0.13918310300397432,17.791199684143066,6.0,True,309,3751
2016-01-02-971,2016-01-02,FUV1,20043617,12,115017,-0.1000105763901432,17.791199684143066,6.0,True,314,1755
2016-01-02-972,2016-01-02,FUV1,20043617,22,115029,0.11632915083996431,17.791199684143066,6.0,True,315,1649
2016-01-02-973,2016-01-02,FUV1,20043617,18,115051,-0.08106577122513083,17.791199684143066,6.0,True,354,1676
2016-01-02-974,2016-01-02,FUV1,20043617,12,115069,0.2499473663374163,17.791199684143066,6.0,True,396,1302
2016-01-02-975,2016-01-02,FUV2,20043617,14,115081,0.09341376581772041,17.791199684143066,6.0,True,401,3710
2016-01-02-976,2016-01-02,FUV1,20043617,13,115095,0.26835475659008273,17.791199684143066,6.0,True,427,1390
2016-01-02-977,2016-01-02,FUV1,20043617,15,115108,0.24133221075821626,17.791199684143066,6.0,True,457,1820
2016-01-02-978,2016-01-02,FUV2,20043617,18,115123,-0.0057451074920194765,17.791199684143066,6.0,True,486,3060
2016-01-02-979,2016-01-02,FUV2,20043617,13,115141,0.1463818333951353,17.791199684143066,6.0,True,563,3259
2016-01-02-980,2016-01-02,FUV1,20043617,16,115154,-0.021830361418489166,17.791199684143066,6.0,True,598,344
2016-01-02-981,2016-01-02,FUV2,20043617,15,115170,0.2052044626305971,17.791199684143066,6.0,True,636,3571
2016-01-02-982,2016-01-02,FUV2,20043617,15,115185,0.18653847859764727,17.791199684143066,6.0,True,658,3866
2016-01-02-983,2016-01-02,FUV2,20043617,14,115200,-0.06243624694676795,17.791199684143066,6.0,False,3973,659
2016-01-02-984,2016-01-02,FUV2,20043617,29,115214,0.022382468641732007,17.791199684143066,6.0,True,698,2927
2016-01-02-985,2016-01-02,FUV2,20043617,15,115243,0.2083520185022351,17.791199684143066,6.0,True,747,3612
2016-01-02-986,2016-01-02,FUV1,20043617,12,115258,0.22850178616730832,17.791199684143066,6.0,True,777,1315
2016-01-02-987,2016-01-02,FUV2,20043617,13,115270,0.33236219916590315,17.791199684143066,6.0,False,3003,815
2016-01-02-988,2016-01-02,FUV2,20043617,13,115283,-0.024637979561320862,17.791199684143066,6.0,False,3934,861
2016-01-02-989,2016-01-02,FUV2,20043617,16,115296,-0.22088640114697883,17.791199684143066,6.0,True,874,3637
2016-01-02-990,2016-01-02,FUV1,20043617,16,115312,0.15585070467632017,17.791199684143066,6.0,True,876,1600
2016-01-02-991,2016-01-02,FUV2,20043617,18,115328,0.3356224634948808,17.791199684143066,6.0,True,890,3633
2016-01-02-992,2016-01-02,FUV1,20043620,21,115346,0.032847120495345314,17.791199684143066,6.0,True,211,127
2016-01-02-993,2016-01-02,FUV2,20043620,15,115367,-0.0997329827012101,17.791199684143066,6.0,True,248,3864
2016-01-02-994,2016-01-02,FUV2,20043620,13,115382,0.12956461053839324,17.791199684143066,6.0,True,250,2912
2016-01-02-995,2016-01-02,FUV2,20043620,12,115395,-0.11101274212091689,17.791199684143066,6.0,False,4014,281
2016-01-02-996,2016-01-02,FUV1,20043620,12,115407,0.25176255414837845,17.791199684143066,6.0,True,306,1784
2016-01-02-997,2016-01-02,FUV2,20043620,24,115419,-0.06037272082228952,17.791199684143066,6.0,True,307,3203
2016-01-02-998,2016-01-02,FUV1,20043620,13,115443,0.24505023256423178,17.791199684143066,6.0,True,338,1380
2016-01-02-999,2016-01-02,FUV2,20043620,13,115456,0.1944698316982387,17.791199684143066,6.0,True,386,3716
2016-01-02-1000,2016-01-02,FUV2,20043620,15,115469,-0.04562472291443498,17.791199684143066,6.0,True,389,4051
2016-01-02-1001,2016-01-02,FUV1,20043620,13,115484,0.044822589082070416,17.791199684143066,6.0,True,392,1445
2016-01-02-1002,2016-01-02,FUV1,20043620,12,115497,0.02600900932196386,17.791199684143066,6.0,True,435,1330
2016-01-02-1003,2016-01-02,FUV1,20043620,17,115509,0.1340385605144361,17.791199684143066,6.0,True,468,1679
2016-01-02-1004,2016-01-02,FUV1,20043620,12,115526,0.11373771855330919,17.791199684143066,6.0,True,486,1819
2016-01-02-1005,2016-01-02,FUV1,20043620,14,115538,0.2182469074503574,17.791199684143066,6.0,True,514,1905
2016-01-02-1006,2016-01-02,FUV2,20043620,12,115552,0.3210171933424354,17.791199684143066,6.0,True,515,3677
2016-01-02-1007,2016-01-02,FUV1,20043620,19,115564,0.19794736165467075,17.791199684143066,6.0,True,527,1380
2016-01-02-1008,2016-01-02,FUV2,20043620,19,115583,0.3487733911443554,17.791199684143066,6.0,True,530,3609
2016-01-02-1009,2016-01-02,FUV1,20043620,12,115602,0.1949365667046653,17.791199684143066,6.0,True,578,1321
2016-01-02-1010,2016-01-02,FUV2,20043620,15,115614,0.2786681929205801,17.791199684143066,6.0,True,600,2950
2016-01-02-1011,2016-01-02,FUV1,20043620,12,115629,0.28308090916815887,17.791199684143066,6.0,True,609,405
2016-01-02-1012,2016-01-02,FUV1,20043620,12,115641,0.2228264330531595,17.791199684143066,6.0,True,671,1456
2016-01-02-1013,2016-01-02,FUV2,20043620,12,115653,-0.06595886967748874,17.791199684143066,6.0,True,725,3000
2016-01-02-1014,2016-01-02,FUV2,20043620,13,115665,0.20345668981766224,17.791199684143066,6.0,True,776,3045
2016-01-02-1015,2016-01-02,FUV2,20043620,12,115678,0.1507745341866756,17.791199684143066,6.0,True,808,3563
2016-01-02-1016,2016-01-02,FUV2,20043620,17,115690,0.12363794492289011,17.791199684143066,6.0,True,832,3921
2016-01-02-1017,2016-01-02,FUV2,20043620,25,115707,0.05011358277549314,17.791199684143066,6.0,True,868,3955
2016-01-02-1018,2016-01-02,FUV2,20043623,14,115732,0.24037111395061014,17.791199684143066,6.0,True,226,2910
2016-01-02-1019,2016-01-02,FUV1,20043623,13,115746,0.06779378586497606,17.791199684143066,6.0,True,295,277
2016-01-02-1020,2016-01-02,FUV1,20043623,17,115759,0.06347034053482807,17.791199684143066,6.0,True,306,1860
2016-01-02-1021,2016-01-02,FUV2,20043623,15,115776,0.2997435720764912,17.791199684143066,6.0,True,338,3209
2016-01-02-1022,2016-01-02,FUV1,20043623,13,115791,0.10698654138394212,17.791199684143066,6.0,True,356,1378
2016-01-02-1023,2016-01-02,FUV2,20043623,12,115804,0.340492272334089,17.791199684143066,6.0,True,359,3771
2016-01-02-1024,2016-01-02,FUV2,20043623,16,115816,0.08513957594708842,17.791199684143066,6.0,True,376,3768
2016-01-02-1025,2016-01-02,FUV2,20043623,12,115832,0.012760974151964205,17.791199684143066,6.0,True,378,3597
2016-01-02-1026,2016-01-02,FUV2,20043623,13,115844,0.19543636498352734,17.791199684143066,6.0,True,394,3232
2016-01-02-1027,2016-01-02,FUV1,20043623,13,115857,0.23027712655555987,17.791199684143066,6.0,True,461,1783
2016-01-02-1028,2016-01-02,FUV2,20043623,12,115870,0.1676306672358688,17.791199684143066,6.0,True,471,2948
2016-01-02-1029,2016-01-02,FUV2,20043623,31,115882,-0.04551500276725521,17.791199684143066,6.0,True,577,2943
2016-01-02-1030,2016-01-02,FUV1,20043623,13,115913,-0.14391986183475064,17.791199684143066,6.0,True,601,1277
2016-01-02-1031,2016-01-02,FUV1,20043623,13,115926,0.0944080101130476,17.791199684143066,6.0,True,611,1658
2016-01-02-1032,2016-01-02,FUV1,20043623,14,115939,0.19877215980811752,17.791199684143066,6.0,True,637,1415
2016-01-02-1033,2016-01-02,FUV2,20043623,14,115953,0.06705599596267767,17.791199684143066,6.0,True,697,3528
2016-01-02-1034,2016-01-02,FUV1,20043623,28,115967,0.14724590108557953,17.791199684143066,6.0,True,701,1698
2016-01-02-1035,2016-01-02,FUV1,20043623,24,115995,0.2436225182687223,17.791199684143066,6.0,True,718,1773
2016-01-02-1036,2016-01-02,FUV1,20043623,16,116019,-0.2524684780456354,17.791199684143066,6.0,False,1760,751
2016-01-02-1037,2016-01-02,FUV2,20043623,13,116035,0.20622247463291912,17.791199684143066,6.0,True,818,4016
2016-01-02-1038,2016-01-02,FUV2,20043623,16,116048,0.291641072416045,17.791199684143066,6.0,True,843,3739
2016-01-02-1039,2016-01-02,FUV2,20043623,12,116064,-0.15061609557443575,17.791199684143066,6.0,True,848,3516
2016-01-02-1040,2016-01-02,FUV1,20043626,13,116076,-0.04630052329828296,17.791199684143066,6.0,False,1801,239
2016-01-02-1041,2016-01-02,FUV1,20043626,12,116089,0.14761196803643345,17.791199684143066,6.0,True,254,1762
2016-01-02-1042,2016-01-02,FUV1,20043626,12,116101,0.10451186710520735,17.791199684143066,6.0,True,279,1374
2016-01-02-1043,2016-01-02,FUV2,20043626,12,116113,0.2995993986196565,17.791199684143066,6.0,True,301,3665
2016-01-02-1044,2016-01-02,FUV2,20043626,18,116125,0.08665420114850107,17.791199684143066,6.0,True,318,3588
2016-01-02-1045,2016-01-02,FUV1,20043626,12,116143,0.2642564621376979,17.791199684143066,6.0,True,357,1737
2016-01-02-1046,2016-01-02,FUV2,20043626,14,116155,-0.20108839593778663,17.791199684143066,6.0,True,364,4023
2016-01-02-1047,2016-01-02,FUV2,20043626,12,116169,0.07308264304879081,17.791199684143066,6.0,True,384,3029
2016-01-02-1048,2016-01-02,FUV1,20043626,13,116181,0.2030243050320177,17.791199684143066,6.0,True,453,367
2016-01-02-1049,2016-01-02,FUV2,20043626,13,116194,0.1338926005852056,17.791199684143066,6.0,True,471,3671
2016-01-02-1050,2016-01-02,FUV2,20043626,16,116207,0.2095186897096953,17.791199684143066,6.0,True,483,3760
2016-01-02-1051,2016-01-02,FUV2,20043626,24,116223,0.11099634838961837,17.791199684143066,6.0,True,514,3208
2016-01-02-1052,2016-01-02,FUV1,20043626,12,116247,0.2661021604691359,17.791199684143066,6.0,True,572,1756
2016-01-02-1053,2016-01-02,FUV2,20043626,13,116259,0.14689800608369918,17.791199684143066,6.0,True,574,3875
2016-01-02-1054,2016-01-02,FUV1,20043626,14,116272,0.26233309657549797,17.791199684143066,6.0,True,592,1454
2016-01-02-1055,2016-01-02,FUV1,20043626,14,116286,0.13566336970886755,17.791199684143066,6.0,True,603,115
2016-01-02-1056,2016-01-02,FUV1,20043626,13,116300,0.10929023432187772,17.791199684143066,6.0,False,373,651
2016-01-02-1057,2016-01-02,FUV2,20043626,12,116313,-0.24198490316146418,17.791199684143066,6.0,True,703,3164
2016-01-02-1058,2016-01-02,FUV2,20043626,17,116325,0.20536856705978937,17.791199684143066,6.0,True,745,2964
2016-01-02-1059,2016-01-02,FUV2,20043626,13,116342,-0.20214789498611752,17.791199684143066,6.0,True,761,4056
2016-01-02-1060,2016-01-02,FUV2,20043626,12,116355,0.14956954077593923,17.791199684143066,6.0,True,763,2985
2016-01-02-1061,2016-01-02,FUV1,20043626,27,116367,0.09284860454118718,17.791199684143066,6.0,True,770,1403
2016-01-02-1062,2016-01-02,FUV2,20043626,13,116394,0.06653528750526484,17.791199684143066,6.0,True,805,3247
2016-01-02-1063,2016-01-02,FUV1,20043626,28,116407,0.17567656574858348,17.791199684143066,6.0,True,818,130
2016-01-02-1064,2016-01-02,FUV2,20043626,14,116435,0.15701630915913758,17.791199684143066,6.0,True,838,4060
2016-01-02-1065,2016-01-02,FUV1,20043626,14,116449,-0.03732097413937145,17.791199684143066,6.0,True,856,136
2016-01-02-1066,2016-01-02,FUV2,20043626,13,116463,0.14513395119412612,17.791199684143066,6.0,True,872,2972
2016-01-02-1067,2016-01-02,FUV2,20043626,13,116476,0.2024532892561055,17.791199684143066,6.0,True,873,3886
2016-01-02-1068,2016-01-02,FUV1,20043626,12,116489,0.26807525648566705,17.791199684143066,6.0,True,879,1260
2016-01-02-1069,2016-01-02,FUV1,20043629,14,116501,0.08594220206081163,17.791199684143066,6.0,True,207,1667
2016-01-02-1070,2016-01-02,FUV2,20043629,15,116515,0.3281214527259247,17.791199684143066,6.0,True,217,3208
2016-01-02-1071,2016-01-02,FUV2,20043629,15,116530,0.15811175998617627,17.791199684143066,6.0,True,264,3041
2016-01-02-1072,2016-01-02,FUV2,20043629,15,116545,0.19341300620770024,17.791199684143066,6.0,True,304,3927
2016-01-02-1073,2016-01-02,FUV2,20043629,13,116560,0.08589453389528155,17.791199684143066,6.0,True,308,3671
2016-01-02-1074,2016-01-02,FUV2,20043629,13,116573,0.23000242185450345,17.791199684143066,6.0,True,326,2971
2016-01-02-1075,2016-01-02,FUV1,20043629,21,116586,0.2221712108481645,17.791199684143066,6.0,True,436,388
2016-01-02-1076,2016-01-02,FUV1,20043629,13,116607,0.03153093688588541,17.791199684143066,6.0,True,486,1676
2016-01-02-1077,2016-01-02,FUV2,20043629,12,116620,0.16369576887673473,17.791199684143066,6.0,True,494,3027
2016-01-02-1078,2016-01-02,FUV1,20043629,12,116632,0.27677849972673607,17.791199684143066,6.0,True,501,290
2016-01-02-1079,2016-01-02,FUV2,20043629,12,116644,0.2365209496769759,17.791199684143066,6.0,True,503,3650
2016-01-02-1080,2016-01-02,FUV2,20043629,15,116656,0.2860020783164846,17.791199684143066,6.0,True,514,2916
2016-01-02-1081,2016-01-02,FUV2,20043629,12,116671,-0.11052546107536688,17.791199684143066,6.0,True,595,3964
2016-01-02-1082,2016-01-02,FUV1,20043629,12,116683,-0.11317157854782238,17.791199684143066,6.0,True,604,1827
2016-01-02-1083,2016-01-02,FUV1,20043629,12,116695,0.3227148208913735,17.791199684143066,6.0,True,654,1817
2016-01-02-1084,2016-01-02,FUV1,20043629,13,116707,0.24540171186592485,17.791199684143066,6.0,True,660,1603
2016-01-02-1085,2016-01-02,FUV1,20043629,16,116720,0.05752141828123928,17.791199684143066,6.0,True,672,1858
2016-01-02-1086,2016-01-02,FUV2,20043629,12,116736,-0.037206046546003325,17.791199684143066,6.0,True,694,3029
2016-01-02-1087,2016-01-02,FUV2,20043629,16,116748,0.33107075133982194,17.791199684143066,6.0,True,709,3951
2016-01-02-1088,2016-01-02,FUV2,20043629,17,116764,0.2606380744665178,17.791199684143066,6.0,True,770,3667
2016-01-02-1089,2016-01-02,FUV2,20043629,17,116781,0.10675983670441762,17.791199684143066,6.0,True,785,3040
2016-01-02-1090,2016-01-02,FUV2,20043629,15,116798,0.018167909499132582,17.791199684143066,6.0,True,802,2930
2016-01-02-1091,2016-01-02,FUV2,20043629,15,116813,0.17955301103539653,17.791199684143066,6.0,True,802,3673
2016-01-02-1092,2016-01-02,FUV2,20043629,20,116828,0.16886352465384455,17.791199684143066,6.0,True,862,3170
2016-01-02-1093,2016-01-02,FUV2,20043629,13,116848,0.04010380553186854,17.791199684143066,6.0,True,893,3222
2016-01-02-1094,2016-01-02,FUV1,20043632,14,116861,0.2762232980293763,17.791199684143066,6.0,True,216,1373
2016-01-02-1095,2016-01-02,FUV1,20043632,15,116875,0.13625772795982632,17.791199684143066,6.0,True,217,1325
2016-01-02-1096,2016-01-02,FUV1,20043632,14,116890,0.19373336502738836,17.791199684143066,6.0,True,236,1361
2016-01-02-1097,2016-01-02,FUV2,20043632,15,116904,0.30790012915522075,17.791199684143066,6.0,True,270,3176
2016-01-02-1098,2016-01-02,FUV1,20043632,15,116919,-0.11880863762328676,17.791199684143066,6.0,True,335,1642
2016-01-02-1099,2016-01-02,FUV2,20043632,16,116934,0.04647446694593042,17.791199684143066,6.0,True,369,3212
2016-01-02-1100,2016-01-02,FUV1,20043632,13,116950,0.2452503827463059,17.791199684143066,6.0,False,1797,418
2016-01-02-1101,2016-01-02,FUV2,20043632,13,116963,0.3097199047723968,17.791199684143066,6.0,True,428,3576
2016-01-02-1102,2016-01-02,FUV1,20043632,13,116976,0.3443274388156743,17.791199684143066,6.0,True,468,1862
2016-01-02-1103,2016-01-02,FUV2,20043632,15,116989,0.2799718442326231,17.791199684143066,6.0,True,513,3613
2016-01-02-1104,2016-01-02,FUV2,20043632,16,117004,0.21659403581303965,17.791199684143066,6.0,True,537,4046
2016-01-02-1105,2016-01-02,FUV1,20043632,16,117020,0.2482356185365634,17.791199684143066,6.0,True,575,200
2016-01-02-1106,2016-01-02,FUV1,20043632,15,117036,-0.14979570088669747,17.791199684143066,6.0,True,619,1643
2016-01-02-1107,2016-01-02,FUV2,20043632,16,117051,-0.09611604286223503,17.791199684143066,6.0,True,704,3633
2016-01-02-1108,2016-01-02,FUV2,20043632,13,117067,0.29468009529184597,17.791199684143066,6.0,True,731,3863
2016-01-02-1109,2016-01-02,FUV1,20043632,12,117080,0.20771511902902393,17.791199684143066,6.0,True,749,1388
2016-01-02-1110,2016-01-02,FUV2,20043632,12,117092,0.16410141806602682,17.791199684143066,6.0,True,763,3969
2016-01-02-1111,2016-01-02,FUV2,20043632,12,117104,0.24035643411716687,17.791199684143066,6.0,True,769,3018
2016-01-02-1112,2016-01-02,FUV1,20043632,14,117116,0.32230806804050993,17.791199684143066,6.0,True,812,1778
2016-01-02-1113,2016-01-02,FUV1,20043632,13,117130,0.22429626395481397,17.791199684143066,6.0,True,820,1607
2016-01-02-1114,2016-01-02,FUV2,20043632,14,117143,-0.11132693316640808,17.791199684143066,6.0,True,849,3252
2016-01-02-1115,2016-01-02,FUV2,20043632,17,117157,-0.18056661874850183,17.791199684143066,6.0,True,872,3514
2016-01-02-1116,2016-01-02,FUV1,20043632,13,117174,0.12453026481253915,17.791199684143066,6.0,True,876,1434
2016-01-02-1117,2016-01-02,FUV1,20043635,24,117187,0.20620154447696687,17.791199684143066,6.0,True,268,392
2016-01-02-1118,2016-01-02,FUV2,20043635,13,117211,-0.11875605015933345,17.791199684143066,6.0,True,272,3909
2016-01-02-1119,2016-01-02,FUV2,20043635,16,117224,0.1738855141866853,17.791199684143066,6.0,True,274,3970
2016-01-02-1120,2016-01-02,FUV2,20043635,16,117240,-0.12980010743220516,17.791199684143066,6.0,True,318,3178
2016-01-02-1121,2016-01-02,FUV1,20043635,20,117256,0.12572345312687566,17.791199684143066,6.0,True,319,1344
2016-01-02-1122,2016-01-02,FUV2,20043635,19,117276,0.24714108551618358,17.791199684143066,6.0,True,446,3246
2016-01-02-1123,2016-01-02,FUV1,20043635,12,117295,0.10479760724833766,17.791199684143066,6.0,True,485,397
2016-01-02-1124,2016-01-02,FUV1,20043635,18,117307,0.2432949091567774,17.791199684143066,6.0,True,520,147
2016-01-02-1125,2016-01-02,FUV1,20043635,12,117325,0.2818503074556314,17.791199684143066,6.0,True,525,1830
2016-01-02-1126,2016-01-02,FUV2,20043635,14,117337,0.2758273298411449,17.791199684143066,6.0,True,541,3853
2016-01-02-1127,2016-01-02,FUV1,20043635,14,117351,0.29098262971881933,17.791199684143066,6.0,True,592,1359
2016-01-02-1128,2016-01-02,FUV2,20043635,12,117365,-0.03687981055906285,17.791199684143066,6.0,True,607,3759
2016-01-02-1129,2016-01-02,FUV2,20043635,14,117377,0.3101748340032535,17.791199684143066,6.0,True,667,3732
2016-01-02-1130,2016-01-02,FUV2,20043635,14,117391,0.2317950004324328,17.791199684143066,6.0,True,697,3199
2016-01-02-1131,2016-01-02,FUV2,20043635,20,117405,0.320787998949671,17.791199684143066,6.0,True,698,3562
2016-01-02-1132,2016-01-02,FUV2,20043635,12,117425,0.18099038302101406,17.791199684143066,6.0,True,743,3765
2016-01-02-1133,2016-01-02,FUV2,20043635,16,117437,0.20532446753577735,17.791199684143066,6.0,True,761,3050
2016-01-02-1134,2016-01-02,FUV2,20043635,12,117453,0.3085269540150091,17.791199684143066,6.0,True,814,3733
2016-01-02-1135,2016-01-02,FUV2,20043635,13,117465,0.08524630327824627,17.791199684143066,6.0,True,843,3792
2016-01-02-1136,2016-01-02,FUV1,20043635,12,117478,-0.13884544764513407,17.791199684143066,6.0,True,871,1632
2016-01-02-1137,2016-01-02,FUV2,20043635,16,117490,0.06298808667550629,17.791199684143066,6.0,True,873,3779
2016-01-02-1138,2016-01-02,FUV2,20043638,15,117506,0.2225207450320451,17.791199684143066,6.0,True,201,3996
2016-01-02-1139,2016-01-02,FUV2,20043638,16,117521,-0.053714792782055314,17.791199684143066,6.0,False,3144,335
2016-01-02-1140,2016-01-02,FUV1,20043638,14,117537,0.17895302163002166,17.791199684143066,6.0,True,416,1662
2016-01-02-1141,2016-01-02,FUV2,20043638,13,117551,-0.08181632578894418,17.791199684143066,6.0,True,548,2903
2016-01-02-1142,2016-01-02,FUV1,20043638,33,117564,-0.028141554994019432,17.791199684143066,6.0,False,1766,561
2016-01-02-1143,2016-01-02,FUV2,20043638,16,117597,0.26950440103577616,17.791199684143066,6.0,True,566,3667
2016-01-02-1144,2016-01-02,FUV2,20043638,13,117613,0.17488775724350983,17.791199684143066,6.0,True,611,3012
2016-01-02-1145,2016-01-02,FUV1,20043638,12,117626,0.25916172243677366,17.791199684143066,6.0,True,641,1375
2016-01-02-1146,2016-01-02,FUV2,20043638,15,117638,-0.021666718462529884,17.791199684143066,6.0,True,771,3668
2016-01-02-1147,2016-01-02,FUV1,20043638,13,117653,0.29597717601951673,17.791199684143066,6.0,True,800,1253
2016-01-02-1148,2016-01-02,FUV2,20043641,12,117666,0.18229748925629832,17.791199684143066,6.0,True,237,3941
2016-01-02-1149,2016-01-02,FUV1,20043641,18,117678,0.15078009843971604,17.791199684143066,6.0,True,296,1892
2016-01-02-1150,2016-01-02,FUV1,20043641,15,117696,0.20753812557458876,17.791199684143066,6.0,True,305,1294
2016-01-02-1151,2016-01-02,FUV2,20043641,14,117711,0.19300778633393062,17.791199684143066,6.0,True,313,3994
2016-01-02-1152,2016-01-02,FUV1,20043641,15,117725,-0.07486574294111165,17.791199684143066,6.0,False,1283,342
2016-01-02-1153,2016-01-02,FUV2,20043641,14,117740,-0.34964083648760874,17.791199684143066,6.0,False,3164,364
2016-01-02-1154,2016-01-02,FUV2,20043641,15,117754,0.2431091177232807,17.791199684143066,6.0,True,408,4027
2016-01-02-1155,2016-01-02,FUV1,20043641,12,117769,0.020865388745685314,17.791199684143066,6.0,False,257,428
2016-01-02-1156,2016-01-02,FUV2,20043641,16,117781,0.07261552928176437,17.791199684143066,6.0,True,457,3719
2016-01-02-1157,2016-01-02,FUV2,20043641,12,117797,0.2257021090533979,17.791199684143066,6.0,True,529,3859
2016-01-02-1158,2016-01-02,FUV2,20043641,12,117809,0.16767888015813898,17.791199684143066,6.0,True,557,3622
2016-01-02-1159,2016-01-02,FUV2,20043641,20,117821,0.12356483836487217,17.791199684143066,6.0,True,689,3863
2016-01-02-1160,2016-01-02,FUV2,20043641,12,117841,0.17969749183911218,17.791199684143066,6.0,True,716,3561
2016-01-02-1161,2016-01-02,FUV2,20043641,16,117853,0.2657738013835797,17.791199684143066,6.0,True,870,3606
2016-01-02-1162,2016-01-02,FUV1,20043641,12,117869,0.0668814627641123,17.791199684143066,6.0,True,896,1794
2016-01-02-1163,2016-01-02,FUV2,20043644,17,117881,0.1290328163583912,17.791199684143066,6.0,False,3163,199
2016-01-02-1164,2016-01-02,FUV1,20043644,16,117898,0.15316418068886994,17.791199684143066,6.0,False,1789,331
2016-01-02-1165,2016-01-02,FUV2,20043644,18,117914,0.2940311655772619,17.791199684143066,6.0,True,407,2924
2016-01-02-1166,2016-01-02,FUV2,20043644,14,117932,0.3396375865298975,17.791199684143066,6.0,True,447,3235
2016-01-02-1167,2016-01-02,FUV1,20043644,19,117946,0.2376764100008482,17.791199684143066,6.0,True,502,1618
2016-01-02-1168,2016-01-02,FUV2,20043644,13,117965,0.023902484222311424,17.791199684143066,6.0,True,543,3892
2016-01-02-1169,2016-01-02,FUV2,20043644,17,117978,-0.16598832415086553,17.791199684143066,6.0,True,545,3976
2016-01-02-1170,2016-01-02,FUV1,20043644,14,117995,-0.03486203887016489,17.791199684143066,6.0,True,567,1311
2016-01-02-1171,2016-01-02,FUV1,20043644,14,118009,0.34685647693953514,17.791199684143066,6.0,True,568,1619
2016-01-02-1172,2016-01-02,FUV2,20043644,13,118023,0.24387008246202813,17.791199684143066,6.0,True,569,3924
2016-01-02-1173,2016-01-02,FUV1,20043644,14,118036,0.2606602143278666,17.791199684143066,6.0,True,578,1653
2016-01-02-1174,2016-01-02,FUV1,20043644,21,118050,0.13139851829943844,17.791199684143066,6.0,True,601,1836
2016-01-02-1175,2016-01-02,FUV2,20043644,12,118071,0.026431020289604524,17.791199684143066,6.0,False,2988,601
2016-01-02-1176,2016-01-02,FUV2,20043644,13,118083,0.13705716601167647,17.791199684143066,6.0,True,664,4057
2016-01-02-1177,2016-01-02,FUV2,20043644,15,118096,-0.06595243554664793,17.791199684143066,6.0,True,706,2938
2016-01-02-1178,2016-01-02,FUV1,20043644,12,118111,0.19392695699992343,17.791199684143066,6.0,False,1300,791
2016-01-02-1179,2016-01-02,FUV2,20043644,16,118123,0.2356052141974356,17.791199684143066,6.0,True,794,3767
2016-01-02-1180,2016-01-02,FUV2,20043644,12,118139,0.1766588038928086,17.791199684143066,6.0,True,837,3997
2016-01-02-1181,2016-01-02,FUV1,20043647,12,118151,-0.05764070322843927,17.791199684143066,6.0,True,273,1885
2016-01-02-1182,2016-01-02,FUV1,20043647,13,118163,-0.011438047398559881,17.791199684143066,6.0,True,509,361
2016-01-02-1183,2016-01-02,FUV1,20043647,15,118176,-0.15440463683402436,17.791199684143066,6.0,True,572,1333
2016-01-02-1184,2016-01-02,FUV2,20043647,12,118191,0.30472942541000425,17.791199684143066,6.0,True,586,3241
2016-01-02-1185,2016-01-02,FUV1,20043647,12,118203,0.2628941203053288,17.791199684143066,6.0,True,611,1802
2016-01-02-1186,2016-01-02,FUV2,20043647,13,118215,-0.23877898667454936,17.791199684143066,6.0,True,613,3594
2016-01-02-1187,2016-01-02,FUV1,20043647,18,118228,0.017600594148923142,17.791199684143066,6.0,True,636,1669
2016-01-02-1188,2016-01-02,FUV1,20043647,13,118246,0.28291944546769726,17.791199684143066,6.0,True,654,1302
2016-01-02-1189,2016-01-02,FUV2,20043647,14,118259,0.20834851430731674,17.791199684143066,6.0,True,753,3653
2016-01-02-1190,2016-01-02,FUV1,20043647,17,118273,0.16820613243172297,17.791199684143066,6.0,False,1651,768
2016-01-02-1191,2016-01-02,FUV2,20043647,12,118290,0.06912902743473867,17.791199684143066,6.0,False,3604,792
2016-01-02-1192,2016-01-02,FUV1,20043647,14,118302,0.3440004927149913,17.791199684143066,6.0,True,803,1703
2016-01-02-1193,2016-01-02,FUV2,20043647,13,118316,0.2075235960221925,17.791199684143066,6.0,True,820,3002
2016-01-02-1194,2016-01-02,FUV2,20043647,13,118329,0.2528801610879194,17.791199684143066,6.0,True,876,4070
2016-01-02-1195,2016-01-02,FUV1,20043650,16,118342,0.3481603382880223,17.791199684143066,6.0,False,1813,258
2016-01-02-1196,2016-01-02,FUV2,20043650,16,118358,0.19962771919125197,17.791199684143066,6.0,True,331,2924
2016-01-02-1197,2016-01-02,FUV2,20043650,14,118374,0.08972234237689414,17.791199684143066,6.0,True,394,3761
2016-01-02-1198,2016-01-02,FUV2,20043650,13,118388,0.1920611119713246,17.791199684143066,6.0,True,435,3176
2016-01-02-1199,2016-01-02,FUV2,20043650,14,118401,0.1948337916690717,17.791199684143066,6.0,False,3006,491
2016-01-02-1200,2016-01-02,FUV2,20043650,12,118415,-0.12391769362740811,17.791199684143066,6.0,True,560,3751
2016-01-02-1201,2016-01-02,FUV1,20043650,14,118427,0.17991492576956528,17.791199684143066,6.0,True,582,1395
2016-01-02-1202,2016-01-02,FUV2,20043650,12,118441,0.3141189877960383,17.791199684143066,6.0,True,599,2943
2016-01-02-1203,2016-01-02,FUV1,20043650,17,118453,0.2739956595548126,17.791199684143066,6.0,True,637,1293
2016-01-02-1204,2016-01-02,FUV2,20043650,20,118470,0.157218649012448,17.791199684143066,6.0,False,3760,644
2016-01-02-1205,2016-01-02,FUV1,20043650,14,118490,-0.23408628971030032,17.791199684143066,6.0,True,666,1707
2016-01-02-1206,2016-01-02,FUV2,20043650,23,118504,0.15764095566335817,17.791199684143066,6.0,True,688,3069
2016-01-02-1207,2016-01-02,FUV1,20043650,16,118527,0.23810351573604646,17.791199684143066,6.0,True,724,1744
2016-01-02-1208,2016-01-02,FUV2,20043650,16,118543,0.10664221959507923,17.791199684143066,6.0,True,814,4023
2016-01-02-1209,2016-01-02,FUV2,20043650,12,118559,-0.08137808855360856,17.791199684143066,6.0,True,886,3872
2016-01-02-1210,2016-01-02,FUV2,20043653,12,118571,-0.21294019740139877,17.791199684143066,6.0,True,259,3568
2016-01-02-1211,2016-01-02,FUV2,20043653,12,118583,0.07230862101011076,17.791199684143066,6.0,True,314,3184
2016-01-02-1212,2016-01-02,FUV1,20043653,12,118595,0.14548823267335675,17.791199684143066,6.0,True,342,165
2016-01-02-1213,2016-01-02,FUV1,20043653,17,118607,0.27366155337593223,17.791199684143066,6.0,True,389,1433
2016-01-02-1214,2016-01-02,FUV1,20043653,13,118624,0.19549747830871786,17.791199684143066,6.0,True,395,1385
2016-01-02-1215,2016-01-02,FUV2,20043653,13,118637,0.1862862728534352,17.791199684143066,6.0,True,477,2995
2016-01-02-1216,2016-01-02,FUV2,20043653,26,118650,0.1349178615484576,17.791199684143066,6.0,True,482,3713
2016-01-02-1217,2016-01-02,FUV2,20043653,12,118676,0.3391375461394108,17.791199684143066,6.0,True,497,4009
2016-01-02-1218,2016-01-02,FUV2,20043653,14,118688,0.21420900333194318,17.791199684143066,6.0,False,3950,595
2016-01-02-1219,2016-01-02,FUV2,20043653,14,118702,0.22547288825495976,17.791199684143066,6.0,True,633,3608
2016-01-02-1220,2016-01-02,FUV2,20043653,13,118716,0.09747760686756106,17.791199684143066,6.0,True,645,3936
2016-01-02-1221,2016-01-02,FUV2,20043653,14,118729,0.17011011244964092,17.791199684143066,6.0,True,660,3064
2016-01-02-1222,2016-01-02,FUV2,20043653,13,118743,0.34813053839222496,17.791199684143066,6.0,True,686,3557
2016-01-02-1223,2016-01-02,FUV1,20043653,12,118756,0.07405865620879136,17.791199684143066,6.0,False,360,789
2016-01-02-1224,2016-01-02,FUV1,20043653,13,118768,-0.23501340681003322,17.791199684143066,6.0,True,857,339
2016-01-02-1225,2016-01-02,FUV2,20043653,14,118781,-0.1189936317781974,17.791199684143066,6.0,True,860,3717
2016-01-02-1226,2016-01-02,FUV2,20043653,15,118795,-0.2142714359010767,17.791199684143066,6.0,True,880,3143
2016-01-02-1227,2016-01-02,FUV1,20043656,14,118810,0.32051263535424485,17.791199684143066,6.0,True,233,1322
2016-01-02-1228,2016-01-02,FUV2,20043656,12,118824,0.3035585043201418,17.791199684143066,6.0,True,246,3636
2016-01-02-1229,2016-01-02,FUV2,20043656,14,118836,0.2713306398988295,17.791199684143066,6.0,True,304,3548
2016-01-02-1230,2016-01-02,FUV2,20043656,14,118850,0.08812014813917887,17.791199684143066,6.0,True,331,3992
2016-01-02-1231,2016-01-02,FUV2,20043656,15,118864,-0.10783044325616283,17.791199684143066,6.0,True,403,3251
2016-01-02-1232,2016-01-02,FUV1,20043656,14,118879,0.170834992453255,17.791199684143066,6.0,False,1270,479
2016-01-02-1233,2016-01-02,FUV2,20043656,16,118893,0.10599754053541934,17.791199684143066,6.0,True,576,3069
2016-01-02-1234,2016-01-02,FUV2,20043656,12,118909,0.2859444297523587,17.791199684143066,6.0,False,3581,608
2016-01-02-1235,2016-01-02,FUV1,20043656,12,118921,0.25440103578584355,17.791199684143066,6.0,True,767,1638
2016-01-02-1236,2016-01-02,FUV2,20043656,13,118933,0.3154551182849927,17.791199684143066,6.0,True,779,3251
2016-01-02-1237,2016-01-02,FUV1,20043659,14,118946,-0.10004947005694592,17.791199684143066,6.0,True,285,102
2016-01-02-1238,2016-01-02,FUV2,20043659,12,118960,0.2057981750349416,17.791199684143066,6.0,True,633,2901
2016-01-02-1239,2016-01-02,FUV1,20043659,13,118972,0.2714075160526063,17.791199684143066,6.0,True,676,1644
2016-01-02-1240,2016-01-02,FUV2,20043659,16,118985,0.08918489748213028,17.791199684143066,6.0,False,3007,714
2016-01-02-1241,2016-01-02,FUV2,20043659,13,119001,0.2627376222140146,17.791199684143066,6.0,True,890,3728
2016-01-02-1242,2016-01-02,FUV1,20043662,13,119014,0.2660580793886561,17.791199684143066,6.0,False,1907,292
2016-01-02-1243,2016-01-02,FUV2,20043662,12,119027,0.13416239243155428,17.791199684143066,6.0,False,3540,333
2016-01-02-1244,2016-01-02,FUV2,20043662,13,119039,-0.21524175725819805,17.791199684143066,6.0,False,3544,421
2016-01-02-1245,2016-01-02,FUV2,20043662,12,119052,0.3181946896139308,17.791199684143066,6.0,False,3062,555
2016-01-02-1246,2016-01-02,FUV1,20043662,12,119064,0.3428176542262415,17.791199684143066,6.0,True,582,1627
2016-01-02-1247,2016-01-02,FUV1,20043662,15,119076,0.2877868675104954,17.791199684143066,6.0,True,763,1774
2016-01-02-1248,2016-01-02,FUV1,20043662,12,119091,-0.2319193499948892,17.791199684143066,6.0,True,872,1354
2016-01-02-1249,2016-01-02,FUV1,20043665,19,119103,0.16243844400712415,17.791199684143066,6.0,True,296,1659
2016-01-02-1250,2016-01-02,FUV1,20043665,16,119122,0.11519039075463833,17.791199684143066,6.0,False,1364,471
2016-01-02-1251,2016-01-02,FUV1,20043665,13,119138,0.2986139863678693,17.791199684143066,6.0,True,496,1259
2016-01-02-1252,2016-01-02,FUV1,20043665,12,119151,0.12875774768442078,17.791199684143066,6.0,True,720,442
2016-01-02-1253,2016-01-02,FUV1,20043665,12,119163,-0.09499436452505675,17.791199684143066,6.0,True,737,255
2016-01-02-1254,2016-01-02,FUV2,20043665,14,119175,0.31742447068983876,17.791199684143066,6.0,False,4066,738
2016-01-02-1255,2016-01-02,FUV2,20043665,14,119189,0.11006103299888274,17.791199684143066,6.0,False,3619,755
2016-01-02-1256,2016-01-02,FUV2,20043665,13,119203,0.3474098440557657,17.791199684143066,6.0,True,779,3998
2016-01-02-1257,2016-01-02,FUV1,20043665,14,119216,-0.23159275080246114,17.791199684143066,6.0,False,1376,848
2016-01-02-1258,2016-01-02,FUV2,20043668,12,119230,0.34544779366877454,17.791199684143066,6.0,False,3218,213
2016-01-02-1259,2016-01-02,FUV1,20043668,14,119242,0.32307245616861685,17.791199684143066,6.0,True,293,1337
2016-01-02-1260,2016-01-02,FUV2,20043668,14,119256,0.34593441864451663,17.791199684143066,6.0,True,455,3517
2016-01-02-1261,2016-01-02,FUV2,20043668,14,119270,-0.03748397747001417,17.791199684143066,6.0,False,4033,630
2016-01-02-1262,2016-01-02,FUV1,20043668,12,119284,-0.3328531384726053,17.791199684143066,6.0,True,696,1429
2016-01-02-1263,2016-01-02,FUV2,20043668,13,119296,0.06972235407401678,17.791199684143066,6.0,True,718,3865
2016-01-02-1264,2016-01-02,FUV1,20043668,12,119309,0.034710927099040216,17.791199684143066,6.0,True,721,1395
2016-01-02-1265,2016-01-02,FUV2,20043671,23,119321,-0.28112491439942927,17.791199684143066,6.0,False,3649,636
2016-01-02-1266,2016-01-02,FUV1,20043671,15,119344,0.16980986723786834,17.791199684143066,6.0,False,1860,648
2016-01-02-1267,2016-01-02,FUV1,20043671,12,119359,-0.10090545909239752,17.791199684143066,6.0,True,869,1357
2016-01-02-1268,2016-01-02,FUV1,20043671,13,119371,0.3484535927208975,17.791199684143066,6.0,True,873,372
2016-01-02-1269,2016-01-02,FUV1,20043674,12,119384,0.3483293338792415,17.791199684143066,6.0,False,1908,234
2016-01-02-1270,2016-01-02,FUV1,20043674,16,119396,0.09037302964714646,17.791199684143066,6.0,True,342,414
2016-01-02-1271,2016-01-02,FUV1,20043674,13,119412,-0.2559577431404258,17.791199684143066,6.0,True,388,1748
2016-01-02-1272,2016-01-02,FUV1,20043674,12,119425,0.22207041570008962,17.791199684143066,6.0,True,532,1824
2016-01-02-1273,2016-01-02,FUV2,20043674,14,119437,-0.024691316644576015,17.791199684143066,6.0,True,581,3226
2016-01-02-1274,2016-01-02,FUV2,20043674,16,119451,0.08375045155557785,17.791199684143066,6.0,False,3068,648
2016-01-02-1275,2016-01-02,FUV1,20043674,16,119467,-0.0028341515424333322,17.791199684143066,6.0,True,855,1793
2016-01-02-1276,2016-01-02,FUV2,20043677,26,119483,-0.060798311585499976,17.791199684143066,6.0,True,389,3272
2016-01-02-1277,2016-01-02,FUV1,20043677,15,119509,0.2740692481974473,17.791199684143066,6.0,True,860,351
2016-01-02-1278,2016-01-02,FUV2,20043680,13,119524,0.08135060207023646,17.791199684143066,6.0,True,639,3645
2016-01-02-1279,2016-01-02,FUV2,20043683,14,119537,0.1040986700010313,17.791199684143066,6.0,False,3978,292
2016-01-02-1280,2016-01-02,FUV1,20043683,22,119551,0.04573563183948667,17.791199684143066,6.0,True,450,1457
2016-01-02-1281,2016-01-02,FUV1,20043683,22,119573,-0.18589691378313916,17.791199684143066,6.0,False,1303,477
2016-01-02-1282,2016-01-02,FUV1,20043683,12,119595,0.26296976332855243,17.791199684143066,6.0,False,335,556
2016-01-02-1283,2016-01-02,FUV1,20043683,14,119607,0.3295453436715944,17.791199684143066,6.0,False,186,842
2016-01-02-1284,2016-01-02,FUV1,20043686,13,119621,0.2070496197015699,17.791199684143066,6.0,True,375,1464
2016-01-02-1285,2016-01-02,FUV1,20043686,13,119634,0.012188416492065403,17.791199684143066,6.0,False,1431,552
2016-01-02-1286,2016-01-02,FUV2,20043686,19,119647,0.2866347617463597,17.791199684143066,6.0,False,3252,741
2016-01-02-1287,2016-01-02,FUV2,20043689,12,119666,-0.018977616294576526,17.791199684143066,6.0,False,3255,389
2016-01-02-1288,2016-01-02,FUV1,20043689,12,119678,0.2325257441082236,17.791199684143066,6.0,False,1332,828
2016-01-02-1289,2016-01-02,FUV2,20043689,18,119690,0.16383035387883005,17.791199684143066,6.0,False,4057,891
2016-01-02-1290,2016-01-02,FUV1,20043692,15,119708,0.2666572509012437,17.791199684143066,6.0,False,1867,742
2016-01-02-1291,2016-01-02,FUV1,20043692,14,119723,0.29060913641976793,17.791199684143066,6.0,False,254,841
2016-01-02-1292,2016-01-02,FUV1,20043695,17,119737,0.03282365074086881,17.791199684143066,6.0,False,1266,192
2016-01-02-1293,2016-01-02,FUV1,20043695,12,119754,0.04075468201193842,17.791199684143066,6.0,True,398,1459
2016-01-02-1294,2016-01-02,FUV1,20043695,12,119766,0.28617905581580444,17.791199684143066,6.0,True,460,398
2016-01-02-1295,2016-01-02,FUV1,20043695,15,119778,0.34692264355441155,17.791199684143066,6.0,False,1751,657
2016-01-02-1296,2016-01-02,FUV2,20043698,13,119793,-0.019024685520333092,17.791199684143066,6.0,False,2917,260
2016-01-02-1297,2016-01-02,FUV1,20043698,22,119806,-0.11207420173238536,17.791199684143066,6.0,False,1450,376
2016-01-02-1298,2016-01-02,FUV2,20043698,13,119828,-0.07977829287018569,17.791199684143066,6.0,False,3040,380
2016-01-02-1299,2016-01-02,FUV1,20043698,15,119841,0.33917152246215715,17.791199684143066,6.0,False,1263,835
2016-01-02-1300,2016-01-02,FUV1,20043701,22,119856,-1.3896738494179461e-15,17.791199684143066,6.0,False,96,276
2016-01-02-1301,2016-01-02,FUV1,20043701,19,119878,0.29530795657874864,17.791199684143066,6.0,False,1335,359
2016-01-02-1302,2016-01-02,FUV1,20043701,13,119897,-0.30310683656283227,17.791199684143066,6.0,True,367,1355
2016-01-02-1303,2016-01-02,FUV1,20043701,15,119910,0.14894751797102876,17.791199684143066,6.0,True,389,129
2016-01-02-1304,2016-01-02,FUV1,20043701,13,119925,0.2007231562529739,17.791199684143066,6.0,False,1665,464
2016-01-02-1305,2016-01-02,FUV1,20043701,13,119938,0.184207295356657,17.791199684143066,6.0,False,1900,479
2016-01-02-1306,2016-01-02,FUV2,20043701,17,119951,0.31813610805838,17.791199684143066,6.0,False,2908,762
2016-01-02-1307,2016-01-02,FUV2,20043704,15,119968,0.29260639192956767,17.791199684143066,6.0,False,3943,286
2016-01-02-1308,2016-01-02,FUV2,20043704,14,119983,0.009067925796018523,17.791199684143066,6.0,True,419,3672
2016-01-02-1309,2016-01-02,FUV1,20043704,24,119997,0.057012269099443985,17.791199684143066,6.0,False,1368,902
2016-01-02-1310,2016-01-02,FUV1,20043710,28,120021,0.22183357154766908,17.791199684143066,6.0,False,1405,601
2016-01-02-1311,2016-01-02,FUV1,20043710,14,120049,0.30855282651673854,17.791199684143066,6.0,False,1801,755
2016-01-02-1312,2016-01-02,FUV2,20043710,24,120063,0.09459280961087183,17.791199684143066,6.0,False,3220,755
2016-01-02-1313,2016-01-02,FUV1,20043713,23,120087,0.2618543014812493,17.791199684143066,6.0,False,351,570
2016-01-02-1314,2016-01-02,FUV2,20043713,14,120110,0.1406915443353284,17.791199684143066,6.0,False,3673,877
2016-01-02-1315,2016-01-02,FUV1,20043716,17,120124,0.06420797074828492,17.791199684143066,6.0,False,1877,470
2016-01-02-1316,2016-01-02,FUV2,20043716,13,120141,-0.05939967617546037,17.791199684143066,6.0,False,3987,514
2016-01-02-1317,2016-01-02,FUV2,20043719,13,120154,0.017017113818415686,17.791199684143066,6.0,False,3065,324
2016-01-02-1318,2016-01-02,FUV2,20043719,18,120167,-0.2056123820281557,17.791199684143066,6.0,False,2911,349
2016-01-02-1319,2016-01-02,FUV2,20043719,28,120185,0.13110382476957425,17.791199684143066,6.0,False,3733,406
2016-01-02-1320,2016-01-02,FUV1,20043719,12,120213,0.1910014928850185,17.791199684143066,6.0,False,1329,762
2016-01-02-1321,2016-01-02,FUV2,20043719,20,120225,0.3394739826101184,17.791199684143066,6.0,False,3224,801
2016-01-02-1322,2016-01-02,FUV2,20043719,13,120245,0.08949624566933875,17.791199684143066,6.0,False,3774,855
2016-01-02-1323,2016-01-02,FUV2,20043722,12,120258,0.26895433920884637,17.791199684143066,6.0,False,4063,388
2016-01-02-1324,2016-01-02,FUV2,20043722,19,120270,0.1481488341068406,17.791199684143066,6.0,False,3907,567
2016-01-02-1325,2016-01-02,FUV1,20043722,39,120289,0.1280007169834272,17.791199684143066,6.0,False,1700,859
2016-01-02-1326,2016-01-02,FUV2,20043725,12,120328,0.3414439794936494,17.791199684143066,6.0,False,3504,226
2016-01-02-1327,2016-01-02,FUV1,20043725,15,120340,0.19541735944165758,17.791199684143066,6.0,False,1457,259
2016-01-02-1328,2016-01-02,FUV2,20043725,12,120355,-0.1217826380691922,17.791199684143066,6.0,False,2936,548
2016-01-02-1329,2016-01-02,FUV2,20043725,18,120367,0.1571718840733848,17.791199684143066,6.0,False,3565,726
2016-01-02-1330,2016-01-02,FUV1,20043728,21,120385,-0.03164508343744399,17.791199684143066,6.0,False,1759,312
2016-01-02-1331,2016-01-02,FUV2,20043728,16,120406,0.03091283831127174,17.791199684143066,6.0,False,3996,341
2016-01-02-1332,2016-01-02,FUV1,20043728,14,120422,0.3017149269133196,17.791199684143066,6.0,False,1895,422
2016-01-02-1333,2016-01-02,FUV2,20043728,14,120436,0.2880758023202511,17.791199684143066,6.0,False,3559,787
2016-01-02-1334,2016-01-02,FUV2,20043728,15,120450,0.14076378103201428,17.791199684143066,6.0,False,3265,835
2016-01-02-1335,2016-01-02,FUV1,20043728,13,120465,0.2848981900658611,17.791199684143066,6.0,False,105,880
2016-01-02-1336,2016-01-02,FUV1,20043731,20,120478,0.13235704721747527,17.791199684143066,6.0,False,250,800
2016-01-02-1337,2016-01-02,FUV2,20043734,13,120498,-0.308240152235863,17.791199684143066,6.0,True,358,2988
2016-01-02-1338,2016-01-02,FUV2,20043734,14,120511,0.08548313814750297,17.791199684143066,6.0,False,3512,378
2016-01-02-1339,2016-01-02,FUV2,20043734,29,120525,0.17387241768145245,17.791199684143066,6.0,False,3877,390
2016-01-02-1340,2016-01-02,FUV1,20043734,25,120554,-0.10358802897339983,17.791199684143066,6.0,False,1649,416
2016-01-02-1341,2016-01-02,FUV2,20043734,13,120579,-0.1420792355948862,17.791199684143066,6.0,False,3922,549
2016-01-02-1342,2016-01-02,FUV2,20043734,14,120592,-0.12992719657472346,17.791199684143066,6.0,False,3991,647
2016-01-02-1343,2016-01-02,FUV1,20043734,41,120606,-0.12582759479136002,17.791199684143066,6.0,False,1723,687
2016-01-02-1344,2016-01-02,FUV2,20043737,15,120647,-0.1646548032493568,17.791199684143066,6.0,True,569,3538
2016-01-02-1345,2016-01-02,FUV1,20043737,12,120662,-0.030993042622361563,17.791199684143066,6.0,False,1690,731
2016-01-02-1346,2016-01-02,FUV1,20043743,24,120674,-0.005195359343392649,17.791199684143066,6.0,False,185,260
2016-01-02-1347,2016-01-02,FUV2,20043743,22,120698,-0.0628948531137008,17.791199684143066,6.0,False,3900,633
2016-01-02-1348,2016-01-02,FUV2,20043743,17,120720,0.02016941282168289,17.791199684143066,6.0,False,4063,751
2016-01-02-1349,2016-01-02,FUV2,20043746,13,120737,-0.12108997877656492,17.791199684143066,6.0,False,3857,586
2016-01-02-1350,2016-01-02,FUV1,20043755,14,120750,-0.166981395001758,17.791199684143066,6.0,False,1609,556
2016-01-02-1351,2016-01-02,FUV2,20044494,27,120764,-0.01567114376642344,17.791199684143066,6.0,False,3872,570
2016-01-02-1352,2016-01-02,FUV2,20044494,22,120791,-0.024825773376710627,17.791199684143066,6.0,False,3849,571
2016-01-02-1353,2016-01-02,FUV1,20044515,12,120813,0.16674453981284248,17.791199684143066,6.0,True,832,154
2016-01-02-1354,2016-01-02,FUV2,20044518,24,120825,0.24432694190256168,17.791199684143066,6.0,True,252,3541
2016-01-02-1355,2016-01-02,FUV2,20044527,19,120849,-0.005427887739834432,17.791199684143066,6.0,True,208,2997
2016-01-02-1356,2016-01-02,FUV1,20044527,16,120868,0.24690748026866438,17.791199684143066,6.0,True,715,1387
2016-01-02-1357,2016-01-02,FUV2,20044530,12,120884,0.0719411969560146,17.791199684143066,6.0,True,208,3924
2016-01-02-1358,2016-01-02,FUV1,20044530,22,120896,0.13688804451089995,17.791199684143066,6.0,True,651,160
2016-01-02-1359,2016-01-02,FUV2,20044530,18,120918,0.22124037283567713,17.791199684143066,6.0,True,875,3015
2016-01-02-1360,2016-01-02,FUV2,20044533,16,120936,-0.34156597068650957,17.791199684143066,6.0,True,297,3746
2016-01-02-1361,2016-01-02,FUV2,20044536,15,120952,0.2295976567068239,17.791199684143066,6.0,True,221,3598
2016-01-02-1362,2016-01-02,FUV2,20044536,13,120967,0.20170712422078776,17.791199684143066,6.0,True,232,2962
2016-01-02-1363,2016-01-02,FUV1,20044536,12,120980,0.17346180006519143,17.791199684143066,6.0,True,338,144
2016-01-02-1364,2016-01-02,FUV2,20044536,12,120992,0.08747524282113242,17.791199684143066,6.0,True,489,3713
2016-01-02-1365,2016-01-02,FUV1,20044536,13,121004,-0.023460634254892924,17.791199684143066,6.0,True,738,291
2016-01-02-1366,2016-01-02,FUV2,20044536,13,121017,0.26854057404540904,17.791199684143066,6.0,True,849,3593
2016-01-02-1367,2016-01-02,FUV2,20044536,15,121030,0.1675539610988779,17.791199684143066,6.0,True,893,3765
2016-01-02-1368,2016-01-02,FUV1,20044539,13,121045,0.28222794999782186,17.791199684143066,6.0,True,219,1380
2016-01-02-1369,2016-01-02,FUV1,20044539,12,121058,0.12889020223325157,17.791199684143066,6.0,True,405,286
2016-01-02-1370,2016-01-02,FUV2,20044539,30,121070,0.0724626552184432,17.791199684143066,6.0,True,796,3754
2016-01-02-1371,2016-01-02,FUV1,20044539,18,121100,0.32382411024002544,17.791199684143066,6.0,True,809,1321
2016-01-02-1372,2016-01-02,FUV1,20044539,12,121118,0.028049510194948255,17.791199684143066,6.0,True,896,1408
2016-01-02-1373,2016-01-02,FUV1,20044542,18,121130,0.28425510081680866,17.791199684143066,6.0,True,239,1777
2016-01-02-1374,2016-01-02,FUV1,20044542,23,121148,0.12135485348454611,17.791199684143066,6.0,True,247,171
2016-01-02-1375,2016-01-02,FUV1,20044545,17,121171,0.20114313451266053,17.791199684143066,6.0,True,394,1795
2016-01-02-1376,2016-01-02,FUV1,20044545,12,121188,0.09314249970819036,17.791199684143066,6.0,True,793,361
2016-01-02-1377,2016-01-02,FUV2,20044545,14,121200,0.15745033362234515,17.791199684143066,6.0,True,817,3859
2016-01-02-1378,2016-01-02,FUV2,20044548,18,121214,-0.19194769815023163,17.791199684143066,6.0,True,480,3584
2016-01-02-1379,2016-01-02,FUV2,20044548,16,121232,0.2068238898507986,17.791199684143066,6.0,True,564,2937
2016-01-02-1380,2016-01-02,FUV2,20044548,15,121248,0.25423235795950017,17.791199684143066,6.0,True,791,3659
2016-01-02-1381,2016-01-02,FUV2,20044548,28,121263,0.23494390129820722,17.791199684143066,6.0,True,857,2915
2016-01-02-1382,2016-01-02,FUV2,20044554,16,121291,0.19642610680053976,17.791199684143066,6.0,True,765,3267
2016-01-02-1383,2016-01-02,FUV2,20044554,14,121307,0.24768390272413485,17.791199684143066,6.0,True,811,3720
2016-01-02-1384,2016-01-02,FUV2,20044557,15,121321,0.1624444814498238,17.791199684143066,6.0,True,494,3965
2016-01-02-1385,2016-01-02,FUV2,20044557,12,121336,0.08925631977216501,17.791199684143066,6.0,False,3902,785
2016-01-02-1386,2016-01-02,FUV1,20044557,20,121348,0.22129612575159488,17.791199684143066,6.0,True,802,1412
2016-01-02-1387,2016-01-02,FUV2,20044557,14,121368,0.24939017751149145,17.791199684143066,6.0,True,836,3182
2016-01-02-1388,2016-01-02,FUV2,20044560,17,121382,0.22011034344169766,17.791199684143066,6.0,True,192,4007
2016-01-02-1389,2016-01-02,FUV2,20044560,17,121399,0.28897733677155335,17.791199684143066,6.0,True,262,3249
2016-01-02-1390,2016-01-02,FUV2,20044560,12,121416,0.3455031406752883,17.791199684143066,6.0,True,320,3216
2016-01-02-1391,2016-01-02,FUV2,20044560,16,121428,-0.13419779606322016,17.791199684143066,6.0,True,387,3855
2016-01-02-1392,2016-01-02,FUV1,20044560,16,121444,0.34386453944867656,17.791199684143066,6.0,True,675,1642
2016-01-02-1393,2016-01-02,FUV2,20044560,12,121460,0.3421234734054873,17.791199684143066,6.0,True,743,2997
2016-01-02-1394,2016-01-02,FUV1,20044563,15,121472,0.32647910422122833,17.791199684143066,6.0,False,1674,312
2016-01-02-1395,2016-01-02,FUV2,20044563,13,121487,0.25340806781343145,17.791199684143066,6.0,True,313,3929
2016-01-02-1396,2016-01-02,FUV1,20044563,16,121500,0.2939450520272237,17.791199684143066,6.0,True,879,1638
2016-01-02-1397,2016-01-02,FUV2,20044566,13,121516,-0.21899819322394318,17.791199684143066,6.0,False,3180,853
2016-01-02-1398,2016-01-02,FUV2,20044569,14,121529,0.283093777670597,17.791199684143066,6.0,True,797,3213
2016-01-02-1399,2016-01-02,FUV1,20044569,14,121543,0.30216484365367285,17.791199684143066,6.0,True,806,281
2016-01-02-1400,2016-01-02,FUV1,20044572,17,121557,0.27873521589294264,17.791199684143066,6.0,True,569,1806
2016-01-02-1401,2016-01-02,FUV2,20044572,18,121574,-0.06592289113851452,17.791199684143066,6.0,False,3847,793
2016-01-02-1402,2016-01-02,FUV1,20044575,15,121592,0.28422292565763446,17.791199684143066,6.0,True,866,1825
2016-01-02-1403,2016-01-02,FUV1,20044581,15,121607,-0.041582425872924204,17.791199684143066,6.0,True,776,1738
2016-01-02-1404,2016-01-02,FUV2,20044584,12,121622,-0.2832224293919834,17.791199684143066,6.0,True,872,3018
2016-01-02-1405,2016-01-02,FUV2,20044587,16,121634,0.34342724828389565,17.791199684143066,6.0,True,819,3991
2016-01-02-1406,2016-01-02,FUV1,20044590,13,121650,0.25844859748138355,17.791199684143066,6.0,True,571,1344
2016-01-02-1407,2016-01-02,FUV1,20044596,15,121663,0.24471210345609062,17.791199684143066,6.0,True,764,1631
2016-01-02-1408,2016-01-02,FUV2,20044599,14,121678,0.08557478014182687,17.791199684143066,6.0,True,243,3162
2016-01-02-1409,2016-01-02,FUV2,20044599,12,121692,0.28593051387068147,17.791199684143066,6.0,True,631,3075
2016-01-02-1410,2016-01-02,FUV2,20044602,16,121704,-0.3154768758486194,17.791199684143066,6.0,True,495,3780
2016-01-02-1411,2016-01-02,FUV1,20044602,15,121720,0.2152268309211756,17.791199684143066,6.0,True,584,1860
2016-01-02-1412,2016-01-02,FUV2,20044614,13,121735,0.24543092520704576,17.791199684143066,6.0,True,448,4021
2016-01-02-1413,2016-01-02,FUV1,20044620,29,121748,-0.0007377275648804883,17.791199684143066,6.0,False,1368,713
2016-01-02-1414,2016-01-02,FUV1,20044626,18,121777,0.06843919471610217,17.791199684143066,6.0,True,558,1818
2016-01-02-1415,2016-01-02,FUV1,20044632,12,121795,-0.013767627728324672,17.791199684143066,6.0,True,436,1856
2016-01-02-1416,2016-01-02,FUV2,20044632,17,121807,-0.20252020717550168,17.791199684143066,6.0,False,4063,461
2016-01-02-1417,2016-01-02,FUV1,20044647,16,121824,0.08251089527340534,17.791199684143066,6.0,False,1264,494
2016-01-02-1418,2016-01-02,FUV1,20044653,14,121840,0.2595986959408501,17.791199684143066,6.0,True,321,1451
2016-01-02-1419,2016-01-02,FUV2,20044653,14,121854,0.19090429583601254,17.791199684143066,6.0,False,2963,568
2016-01-02-1420,2016-01-02,FUV2,20044656,14,121868,0.27861802051130286,17.791199684143066,6.0,False,3039,421
2016-01-02-1421,2016-01-02,FUV1,20044659,25,121882,0.20673664827041802,17.791199684143066,6.0,False,1740,855
2016-01-02-1422,2016-01-02,FUV2,20044662,14,121907,0.09448860799594447,17.791199684143066,6.0,False,3737,571
2016-01-02-1423,2016-01-02,FUV1,20044668,20,121921,0.20307749336816344,17.791199684143066,6.0,False,1403,416
2016-01-02-1424,2016-01-02,FUV1,20044674,19,121941,0.19267626754740172,17.791199684143066,6.0,False,1284,718
2016-01-02-1425,2016-01-02,FUV1,20044674,15,121960,0.2080034885434297,17.791199684143066,6.0,False,1279,750
2016-01-02-1426,2016-01-02,FUV1,20044677,14,121975,0.11389858356351773,17.791199684143066,6.0,False,1360,192
2016-01-02-1427,2016-01-02,FUV2,20044677,16,121989,-0.1396125196833703,17.791199684143066,6.0,True,233,4035
2016-01-02-1428,2016-01-02,FUV2,20044677,22,122005,-0.1276259717343173,17.791199684143066,6.0,False,3569,700
2016-01-02-1429,2016-01-02,FUV2,20044680,28,122027,0.11624507259568871,17.791199684143066,6.0,False,3574,592
2016-01-02-1430,2016-01-02,FUV1,20044680,13,122055,-0.012406207657751779,17.791199684143066,6.0,True,870,203
2016-01-02-1431,2016-01-02,SJI,20043564,17,122068,0.08263111774960467,53.3735990524292,18.0,True,253,806
2016-01-02-1432,2016-01-02,SJI,20043588,14,122085,0.06373987569311855,53.3735990524292,18.0,True,249,810
2016-01-02-1433,2016-01-02,SJI,20043600,14,122099,-0.3366829245899864,53.3735990524292,18.0,True,242,776
2016-10-28-1,2016-10-28,FUV2,27616120,14,122113,-0.07952675165411102,17.791199684143066,6.0,False,3749,900
2016-10-28-2,2016-10-28,FUV1,27616167,12,122127,0.024395947182751142,17.791199684143066,6.0,False,117,250
2016-10-28-3,2016-10-28,FUV2,27616172,14,122139,-0.3200192423549847,17.791199684143066,6.0,True,546,4044
2016-10-28-4,2016-10-28,FUV2,27616172,23,122153,0.004880211144740575,17.791199684143066,6.0,True,626,4017
2016-10-28-5,2016-10-28,FUV1,27616178,12,122176,-0.33839102104590063,17.791199684143066,6.0,True,646,176
2016-10-28-6,2016-10-28,FUV1,27616181,14,122188,-0.016213327443784425,17.791199684143066,6.0,True,539,384
2016-10-28-7,2016-10-28,FUV2,27616183,14,122202,-0.14717282756357483,17.791199684143066,6.0,True,280,3999
2016-10-28-8,2016-10-28,FUV1,27616186,14,122216,-0.23558379673511742,17.791199684143066,6.0,True,198,108
2016-10-28-9,2016-10-28,FUV1,27616186,13,122230,-0.1852089267335924,17.791199684143066,6.0,True,314,172
2016-10-28-10,2016-10-28,FUV2,27616186,14,122243,-0.03490129693113145,17.791199684143066,6.0,True,757,4066
2016-10-28-11,2016-10-28,FUV2,27616189,13,122257,-0.191064082228084,17.791199684143066,6.0,False,4099,578
2016-10-28-12,2016-10-28,FUV1,27616192,21,122270,-0.07321488697259351,17.791199684143066,6.0,True,272,134
2016-10-28-13,2016-10-28,FUV2,27616192,12,122291,-0.0787591194503021,17.791199684143066,6.0,True,896,3836
2016-10-28-14,2016-10-28,FUV1,27616194,12,122303,-0.28231052019719716,17.791199684143066,6.0,True,316,132
2016-10-28-15,2016-10-28,FUV1,27616194,24,122315,-0.03785231508022836,17.791199684143066,6.0,True,375,269
2016-10-28-16,2016-10-28,FUV2,27616194,13,122339,-0.3309571611424068,17.791199684143066,6.0,True,819,3782
2016-10-28-17,2016-10-28,FUV1,27616197,31,122352,-0.10412827868924043,17.791199684143066,6.0,True,188,128
2016-10-28-18,2016-10-28,FUV2,27616197,12,122383,-0.16493090813439756,17.791199684143066,6.0,True,620,3888
2016-10-28-19,2016-10-28,FUV2,27616200,18,122395,-0.2806069799331392,17.791199684143066,6.0,True,239,3989
2016-10-28-20,2016-10-28,FUV1,27616200,15,122413,-0.33691339926031844,17.791199684143066,6.0,True,296,249
2016-10-28-21,2016-10-28,FUV1,27616200,13,122428,-0.10309149116383053,17.791199684143066,6.0,True,503,383
2016-10-28-22,2016-10-28,FUV1,27616200,28,122441,-0.2245387834556619,17.791199684143066,6.0,True,880,364
2016-10-28-23,2016-10-28,FUV2,27616203,16,122469,0.2953398962318992,17.791199684143066,6.0,True,226,3658
2016-10-28-24,2016-10-28,FUV2,27616203,19,122485,-0.11622336649320109,17.791199684143066,6.0,True,230,3637
2016-10-28-25,2016-10-28,FUV2,27616203,14,122504,-0.34333487940012125,17.791199684143066,6.0,True,382,4063
2016-10-28-26,2016-10-28,FUV2,27616203,13,122518,-0.33328814214014024,17.791199684143066,6.0,True,410,3664
2016-10-28-27,2016-10-28,FUV2,27616203,14,122531,-0.2954301457849273,17.791199684143066,6.0,True,446,3842
2016-10-28-28,2016-10-28,FUV2,27616203,18,122545,-0.06384161872091955,17.791199684143066,6.0,True,627,3850
2016-10-28-29,2016-10-28,FUV2,27616203,12,122563,0.07713427188671095,17.791199684143066,6.0,True,659,3992
2016-10-28-30,2016-10-28,FUV1,27616205,20,122575,-0.18568066636272879,17.791199684143066,6.0,True,288,127
2016-10-28-31,2016-10-28,FUV1,27616205,14,122595,-0.1371868992744587,17.791199684143066,6.0,True,406,237
2016-10-28-32,2016-10-28,FUV2,27616205,14,122609,-0.14625425485274315,17.791199684143066,6.0,True,767,3988
2016-10-28-33,2016-10-28,FUV2,27616208,20,122623,-0.11041811068973553,17.791199684143066,6.0,True,260,4025
2016-10-28-34,2016-10-28,FUV2,27616208,14,122643,-0.19481147323724857,17.791199684143066,6.0,True,542,3704
2016-10-28-35,2016-10-28,FUV2,27616208,14,122657,0.1429676501282741,17.791199684143066,6.0,True,616,3919
2016-10-28-36,2016-10-28,FUV1,27616208,19,122671,-0.19584834366882015,17.791199684143066,6.0,True,669,284
2016-10-28-37,2016-10-28,FUV2,27616208,13,122690,-0.01231547820835854,17.791199684143066,6.0,True,770,4073
2016-10-28-38,2016-10-28,FUV2,27616211,23,122703,0.07990744619489912,17.791199684143066,6.0,True,209,3721
2016-10-28-39,2016-10-28,FUV2,27616211,23,122726,-0.15023062566382378,17.791199684143066,6.0,True,438,3891
2016-10-28-40,2016-10-28,FUV1,27616214,13,122749,0.18596753465507054,17.791199684143066,6.0,True,522,381
2016-10-28-41,2016-10-28,FUV2,27616216,17,122762,-0.3208654680775596,17.791199684143066,6.0,True,298,3727
2016-10-28-42,2016-10-28,FUV2,27616216,13,122779,-0.10722092228919715,17.791199684143066,6.0,True,350,3987
2016-10-28-43,2016-10-28,FUV2,27616216,12,122792,0.012415748407488181,17.791199684143066,6.0,True,491,3634
2016-10-28-44,2016-10-28,FUV2,27616216,18,122804,0.26683497720152405,17.791199684143066,6.0,True,810,4037
2016-10-28-45,2016-10-28,FUV1,27616216,15,122822,-0.17790381759100396,17.791199684143066,6.0,True,849,382
2016-10-28-46,2016-10-28,FUV1,27616216,15,122837,0.16396342673381334,17.791199684143066,6.0,True,872,191
2016-10-28-47,2016-10-28,FUV2,27616219,14,122852,-0.2130491519827925,17.791199684143066,6.0,True,222,4064
2016-10-28-48,2016-10-28,FUV1,27616219,12,122866,-0.20290344259618837,17.791199684143066,6.0,True,310,146
2016-10-28-49,2016-10-28,FUV2,27616219,14,122878,-0.060699554976012926,17.791199684143066,6.0,True,354,3855
2016-10-28-50,2016-10-28,FUV1,27616219,12,122892,0.10995528645163204,17.791199684143066,6.0,True,439,174
2016-10-28-51,2016-10-28,FUV2,27616219,12,122904,-0.2143630178330388,17.791199684143066,6.0,True,461,3844
2016-10-28-52,2016-10-28,FUV1,27616219,17,122916,-0.280714844111314,17.791199684143066,6.0,True,521,355
2016-10-28-53,2016-10-28,FUV2,27616219,20,122933,-0.0910345126662823,17.791199684143066,6.0,True,521,3840
2016-10-28-54,2016-10-28,FUV2,27616219,16,122953,-0.27144206127915765,17.791199684143066,6.0,True,632,3865
2016-10-28-55,2016-10-28,FUV2,27616219,14,122969,-0.0942178084088112,17.791199684143066,6.0,True,650,3701
2016-10-28-56,2016-10-28,FUV1,27616219,16,122983,-0.17900513138287882,17.791199684143066,6.0,True,667,373
2016-10-28-57,2016-10-28,FUV2,27616219,12,122999,-0.3458124354443984,17.791199684143066,6.0,True,722,3887
2016-10-28-58,2016-10-28,FUV2,27616219,18,123011,-0.2784567605791626,17.791199684143066,6.0,True,808,3639
2016-10-28-59,2016-10-28,FUV1,27616222,23,123029,-0.08339935197387723,17.791199684143066,6.0,True,283,113
2016-10-28-60,2016-10-28,FUV2,27616222,24,123052,-0.1852852346284876,17.791199684143066,6.0,True,387,3668
2016-10-28-61,2016-10-28,FUV1,27616222,13,123076,0.07158823478178204,17.791199684143066,6.0,True,604,351
2016-10-28-62,2016-10-28,FUV1,27616222,12,123089,-0.19630842154291755,17.791199684143066,6.0,True,624,170
2016-10-28-63,2016-10-28,FUV2,27616222,15,123101,-0.14882915991919843,17.791199684143066,6.0,True,722,3952
2016-10-28-64,2016-10-28,FUV2,27616225,17,123116,-0.12176507819867227,17.791199684143066,6.0,True,377,4031
2016-10-28-65,2016-10-28,FUV1,27616225,12,123133,0.25722692667819524,17.791199684143066,6.0,True,504,158
2016-10-28-66,2016-10-28,FUV2,27616225,12,123145,0.01973997101011277,17.791199684143066,6.0,True,547,3932
2016-10-28-67,2016-10-28,FUV2,27616225,13,123157,-0.1544575148951552,17.791199684143066,6.0,True,598,3838
2016-10-28-68,2016-10-28,FUV2,27616225,18,123170,0.07187769061555888,17.791199684143066,6.0,True,679,4038
2016-10-28-69,2016-10-28,FUV1,27616225,12,123188,0.022835861067158136,17.791199684143066,6.0,True,729,328
2016-10-28-70,2016-10-28,FUV1,27616225,14,123200,-0.24391370369906742,17.791199684143066,6.0,True,755,147
2016-10-28-71,2016-10-28,FUV2,27616225,19,123214,-0.025602376317853476,17.791199684143066,6.0,True,766,3650
2016-10-28-72,2016-10-28,FUV2,27616225,30,123233,-0.05880614001565433,17.791199684143066,6.0,True,775,3752
2016-10-28-73,2016-10-28,FUV2,27616225,25,123263,-0.04626197333247116,17.791199684143066,6.0,True,840,3922
2016-10-28-74,2016-10-28,FUV2,27616225,13,123288,-0.16216755185453924,17.791199684143066,6.0,True,891,4012
2016-10-28-75,2016-10-28,FUV1,27616227,14,123301,-0.02836833252315746,17.791199684143066,6.0,True,283,349
2016-10-28-76,2016-10-28,FUV1,27616227,34,123315,0.13833117683644205,17.791199684143066,6.0,True,373,137
2016-10-28-77,2016-10-28,FUV2,27616227,13,123349,0.12153185309986625,17.791199684143066,6.0,True,447,4096
2016-10-28-78,2016-10-28,FUV2,27616227,14,123362,-0.24325372151104907,17.791199684143066,6.0,False,3834,464
2016-10-28-79,2016-10-28,FUV1,27616227,16,123376,-0.13179108623278554,17.791199684143066,6.0,True,506,236
2016-10-28-80,2016-10-28,FUV2,27616227,13,123392,-0.02485520379891937,17.791199684143066,6.0,True,576,3648
2016-10-28-81,2016-10-28,FUV1,27616227,12,123405,-0.1029271221456397,17.791199684143066,6.0,True,723,239
2016-10-28-82,2016-10-28,FUV2,27616227,13,123417,-0.06383309852409065,17.791199684143066,6.0,True,742,3901
2016-10-28-83,2016-10-28,FUV2,27616227,19,123430,-0.2909957442189087,17.791199684143066,6.0,True,807,3861
2016-10-28-84,2016-10-28,FUV1,27616227,22,123449,0.11464026284876885,17.791199684143066,6.0,True,856,399
2016-10-28-85,2016-10-28,FUV2,27616230,23,123471,0.030876807786494116,17.791199684143066,6.0,True,457,3856
2016-10-28-86,2016-10-28,FUV2,27616230,16,123494,-0.031977022805878004,17.791199684143066,6.0,True,505,3872
2016-10-28-87,2016-10-28,FUV1,27616230,13,123510,0.20374160250950174,17.791199684143066,6.0,True,536,193
2016-10-28-88,2016-10-28,FUV2,27616230,12,123523,0.0007638757533135774,17.791199684143066,6.0,True,580,3733
2016-10-28-89,2016-10-28,FUV2,27616230,12,123535,0.005667969565009095,17.791199684143066,6.0,True,603,3917
2016-10-28-90,2016-10-28,FUV2,27616230,14,123547,-0.13082685126246169,17.791199684143066,6.0,True,627,4044
2016-10-28-91,2016-10-28,FUV2,27616230,14,123561,-0.2194284901651457,17.791199684143066,6.0,True,645,3734
2016-10-28-92,2016-10-28,FUV2,27616233,14,123575,-0.13425168444378385,17.791199684143066,6.0,True,204,3765
2016-10-28-93,2016-10-28,FUV2,27616233,14,123589,0.10601578807641727,17.791199684143066,6.0,True,217,3719
2016-10-28-94,2016-10-28,FUV2,27616233,12,123603,-0.16362710180081153,17.791199684143066,6.0,True,223,3845
2016-10-28-95,2016-10-28,FUV2,27616233,16,123615,-0.025354113314496475,17.791199684143066,6.0,True,253,3708
2016-10-28-96,2016-10-28,FUV2,27616233,12,123631,0.25083490315528334,17.791199684143066,6.0,True,280,3993
2016-10-28-97,2016-10-28,FUV2,27616233,16,123643,-0.0645323748625371,17.791199684143066,6.0,True,400,3727
2016-10-28-98,2016-10-28,FUV1,27616233,12,123659,0.08342944021052993,17.791199684143066,6.0,True,409,398
2016-10-28-99,2016-10-28,FUV2,27616233,12,123671,0.08379698816705321,17.791199684143066,6.0,True,423,3763
2016-10-28-100,2016-10-28,FUV2,27616233,16,123683,-0.1656544430512048,17.791199684143066,6.0,True,473,3847
2016-10-28-101,2016-10-28,FUV2,27616233,14,123699,-0.2893679951109166,17.791199684143066,6.0,True,596,3894
2016-10-28-102,2016-10-28,FUV2,27616233,21,123713,-0.09315067424973868,17.791199684143066,6.0,True,605,4014
2016-10-28-103,2016-10-28,FUV2,27616233,24,123734,-0.1232820286757559,17.791199684143066,6.0,True,649,3703
2016-10-28-104,2016-10-28,FUV2,27616233,27,123758,-0.07094945537534125,17.791199684143066,6.0,True,772,3849
2016-10-28-105,2016-10-28,FUV1,27616233,13,123785,0.21093550004788295,17.791199684143066,6.0,True,847,239
2016-10-28-106,2016-10-28,FUV1,27616233,20,123798,0.004620551732212154,17.791199684143066,6.0,True,870,331
2016-10-28-107,2016-10-28,FUV2,27616233,18,123818,-0.08359086914328476,17.791199684143066,6.0,True,873,4100
2016-10-28-108,2016-10-28,FUV2,27616236,29,123836,-0.06670041375103616,17.791199684143066,6.0,True,241,3893
2016-10-28-109,2016-10-28,FUV2,27616236,19,123865,0.15733805402695364,17.791199684143066,6.0,True,264,3840
2016-10-28-110,2016-10-28,FUV2,27616236,14,123884,-0.2057876964965571,17.791199684143066,6.0,True,367,3711
2016-10-28-111,2016-10-28,FUV2,27616236,13,123898,-0.32676232701282804,17.791199684143066,6.0,True,406,3999
2016-10-28-112,2016-10-28,FUV2,27616236,14,123911,-0.3269946241900082,17.791199684143066,6.0,True,502,3947
2016-10-28-113,2016-10-28,FUV1,27616236,12,123925,-0.07022489322322067,17.791199684143066,6.0,True,638,395
2016-10-28-114,2016-10-28,FUV1,27616236,15,123937,0.07867142235063847,17.791199684143066,6.0,True,653,108
2016-10-28-115,2016-10-28,FUV2,27616236,12,123952,-0.009336114180703695,17.791199684143066,6.0,True,834,3727
2016-10-28-116,2016-10-28,FUV2,27616236,14,123964,0.007807465250776978,17.791199684143066,6.0,True,862,3658
2016-10-28-117,2016-10-28,FUV2,27616236,24,123978,-0.08998805341485294,17.791199684143066,6.0,True,881,3768
2016-10-28-118,2016-10-28,FUV2,27616238,12,124002,0.06934023697116803,17.791199684143066,6.0,True,196,3739
2016-10-28-119,2016-10-28,FUV1,27616238,18,124014,0.1523752840813295,17.791199684143066,6.0,True,297,265
2016-10-28-120,2016-10-28,FUV2,27616238,16,124032,0.06379473568717599,17.791199684143066,6.0,True,317,3878
2016-10-28-121,2016-10-28,FUV2,27616238,17,124048,-0.2510449087560862,17.791199684143066,6.0,True,365,3985
2016-10-28-122,2016-10-28,FUV1,27616238,12,124065,-0.28129590465792775,17.791199684143066,6.0,True,401,175
2016-10-28-123,2016-10-28,FUV2,27616238,12,124077,-0.30876030126300563,17.791199684143066,6.0,True,632,4012
2016-10-28-124,2016-10-28,FUV2,27616238,13,124089,0.06881760429544193,17.791199684143066,6.0,True,638,4097
2016-10-28-125,2016-10-28,FUV1,27616238,18,124102,-0.0857486642381582,17.791199684143066,6.0,True,667,365
2016-10-28-126,2016-10-28,FUV1,27616238,22,124120,0.2951754208022919,17.791199684143066,6.0,True,805,100
2016-10-28-127,2016-10-28,FUV2,27616238,12,124142,-0.17520829740049076,17.791199684143066,6.0,True,814,4084
2016-10-28-128,2016-10-28,FUV1,27616238,16,124154,0.11041715442509759,17.791199684143066,6.0,True,888,385
2016-10-28-129,2016-10-28,FUV1,27616238,13,124170,0.20000432792172165,17.791199684143066,6.0,True,890,124
2016-10-28-130,2016-10-28,FUV1,27616241,14,124183,-0.1274136596295151,17.791199684143066,6.0,True,402,392
2016-10-28-131,2016-10-28,FUV2,27616241,16,124197,0.10225388863385372,17.791199684143066,6.0,True,404,3901
2016-10-28-132,2016-10-28,FUV2,27616241,13,124213,-0.03414058659900566,17.791199684143066,6.0,True,457,4011
2016-10-28-133,2016-10-28,FUV2,27616241,17,124226,0.21026484866698902,17.791199684143066,6.0,True,465,3719
2016-10-28-134,2016-10-28,FUV1,27616241,13,124243,0.15001969529496587,17.791199684143066,6.0,True,597,134
2016-10-28-135,2016-10-28,FUV1,27616241,14,124256,0.17316594941266872,17.791199684143066,6.0,True,655,104
2016-10-28-136,2016-10-28,FUV2,27616241,14,124270,-0.06627012094686659,17.791199684143066,6.0,True,818,3872
2016-10-28-137,2016-10-28,FUV2,27616241,15,124284,-0.2108946515391217,17.791199684143066,6.0,True,832,3854
2016-10-28-138,2016-10-28,FUV2,27616241,12,124299,0.04978504664001857,17.791199684143066,6.0,True,875,4034
2016-10-28-139,2016-10-28,FUV2,27616244,13,124311,0.18213701180506153,17.791199684143066,6.0,True,311,3777
2016-10-28-140,2016-10-28,FUV2,27616244,30,124324,0.07152604997876372,17.791199684143066,6.0,True,329,4026
2016-10-28-141,2016-10-28,FUV1,27616244,13,124354,-0.0905668552289657,17.791199684143066,6.0,True,375,385
2016-10-28-142,2016-10-28,FUV2,27616244,12,124367,0.11292434708485508,17.791199684143066,6.0,True,525,3721
2016-10-28-143,2016-10-28,FUV1,27616244,14,124379,-6.373013861424127e-16,17.791199684143066,6.0,True,560,163
2016-10-28-144,2016-10-28,FUV2,27616244,15,124393,-0.19149079682333847,17.791199684143066,6.0,True,654,4099
2016-10-28-145,2016-10-28,FUV2,27616244,13,124408,-0.05012547022618296,17.791199684143066,6.0,True,662,3742
2016-10-28-146,2016-10-28,FUV2,27616244,12,124421,-0.2063034518628214,17.791199684143066,6.0,False,4012,673
2016-10-28-147,2016-10-28,FUV2,27616244,17,124433,0.0996685573595773,17.791199684143066,6.0,True,852,3885
2016-10-28-148,2016-10-28,FUV2,27616247,12,124450,-0.06646917238589248,17.791199684143066,6.0,True,247,4081
2016-10-28-149,2016-10-28,FUV2,27616247,14,124462,0.05786219570177685,17.791199684143066,6.0,True,283,3714
2016-10-28-150,2016-10-28,FUV1,27616247,15,124476,0.2544903065244909,17.791199684143066,6.0,True,375,380
2016-10-28-151,2016-10-28,FUV1,27616247,14,124491,0.027390658424866734,17.791199684143066,6.0,True,414,238
2016-10-28-152,2016-10-28,FUV1,27616247,13,124505,-0.3397547293179943,17.791199684143066,6.0,True,448,405
2016-10-28-153,2016-10-28,FUV1,27616247,13,124518,0.09126524898413559,17.791199684143066,6.0,True,468,147
2016-10-28-154,2016-10-28,FUV1,27616247,14,124531,-0.09281269762107135,17.791199684143066,6.0,True,649,239
2016-10-28-155,2016-10-28,FUV2,27616247,12,124545,-0.01468685347071866,17.791199684143066,6.0,True,679,3750
2016-10-28-156,2016-10-28,FUV1,27616247,17,124557,-0.19186534927831983,17.791199684143066,6.0,True,683,185
2016-10-28-157,2016-10-28,FUV2,27616247,14,124574,-0.12183711538688438,17.791199684143066,6.0,True,696,3657
2016-10-28-158,2016-10-28,FUV1,27616247,14,124588,0.111601291258803,17.791199684143066,6.0,True,775,407
2016-10-28-159,2016-10-28,FUV2,27616247,14,124602,0.10311900975868883,17.791199684143066,6.0,True,799,3702
2016-10-28-160,2016-10-28,FUV1,27616247,18,124616,0.061603259452891024,17.791199684143066,6.0,True,815,260
2016-10-28-161,2016-10-28,FUV1,27616247,21,124634,0.26526417225226906,17.791199684143066,6.0,True,853,395
2016-10-28-162,2016-10-28,FUV1,27616247,17,124655,-0.02394247653243536,17.791199684143066,6.0,True,866,137
2016-10-28-163,2016-10-28,FUV2,27616249,15,124672,-0.04394829927528808,17.791199684143066,6.0,True,205,3771
2016-10-28-164,2016-10-28,FUV1,27616249,32,124687,0.048593621471888046,17.791199684143066,6.0,True,306,187
2016-10-28-165,2016-10-28,FUV2,27616249,15,124719,-0.04106317841514399,17.791199684143066,6.0,True,600,4054
2016-10-28-166,2016-10-28,FUV2,27616249,15,124734,0.33504110669981285,17.791199684143066,6.0,True,694,3771
2016-10-28-167,2016-10-28,FUV1,27616249,17,124749,0.0779900599422938,17.791199684143066,6.0,True,700,340
2016-10-28-168,2016-10-28,FUV2,27616249,24,124766,0.06535869437050638,17.791199684143066,6.0,True,871,3986
2016-10-28-169,2016-10-28,FUV2,27616249,13,124790,-0.22722749099852466,17.791199684143066,6.0,True,878,3947
2016-10-28-170,2016-10-28,FUV1,27616252,18,124803,-0.059298929993409605,17.791199684143066,6.0,True,260,142
2016-10-28-171,2016-10-28,FUV1,27616252,16,124821,-0.13999813043396314,17.791199684143066,6.0,True,290,156
2016-10-28-172,2016-10-28,FUV2,27616252,21,124837,-0.29020076418835944,17.791199684143066,6.0,False,3646,370
2016-10-28-173,2016-10-28,FUV2,27616252,16,124858,0.04125364238902587,17.791199684143066,6.0,True,403,3948
2016-10-28-174,2016-10-28,FUV2,27616252,16,124874,-0.11837336956014202,17.791199684143066,6.0,True,497,3876
2016-10-28-175,2016-10-28,FUV2,27616252,12,124890,-0.01450772142564089,17.791199684143066,6.0,True,572,3999
2016-10-28-176,2016-10-28,FUV1,27616252,12,124902,-0.06293970051534961,17.791199684143066,6.0,True,822,118
2016-10-28-177,2016-10-28,FUV1,27616255,22,124914,0.03877791361218292,17.791199684143066,6.0,True,236,198
2016-10-28-178,2016-10-28,FUV2,27616255,13,124936,0.33938414816919443,17.791199684143066,6.0,True,258,3946
2016-10-28-179,2016-10-28,FUV1,27616255,21,124949,0.1376421799015156,17.791199684143066,6.0,True,296,386
2016-10-28-180,2016-10-28,FUV1,27616255,15,124970,0.19506119384279685,17.791199684143066,6.0,True,340,108
2016-10-28-181,2016-10-28,FUV2,27616255,12,124985,0.23565091747237016,17.791199684143066,6.0,True,360,4016
2016-10-28-182,2016-10-28,FUV2,27616255,26,124997,0.18916407379230454,17.791199684143066,6.0,True,451,4094
2016-10-28-183,2016-10-28,FUV1,27616255,23,125023,0.09183252605932918,17.791199684143066,6.0,True,604,250
2016-10-28-184,2016-10-28,FUV1,27616255,17,125046,0.23477688865304042,17.791199684143066,6.0,True,612,108
2016-10-28-185,2016-10-28,FUV1,27616255,13,125063,-0.27264786877225056,17.791199684143066,6.0,True,612,398
2016-10-28-186,2016-10-28,FUV1,27616255,12,125076,0.053110493392735464,17.791199684143066,6.0,True,805,388
2016-10-28-187,2016-10-28,FUV2,27616255,17,125088,-0.0009070210140799461,17.791199684143066,6.0,True,822,3766
2016-10-28-188,2016-10-28,FUV1,27616255,13,125105,0.18956272663518234,17.791199684143066,6.0,True,856,158
2016-10-28-189,2016-10-28,FUV2,27616258,12,125118,0.12608640727117224,17.791199684143066,6.0,True,232,3863
2016-10-28-190,2016-10-28,FUV2,27616258,12,125130,-0.2813591818239875,17.791199684143066,6.0,False,3728,277
2016-10-28-191,2016-10-28,FUV1,27616258,16,125142,-0.12752547329215388,17.791199684143066,6.0,True,426,179
2016-10-28-192,2016-10-28,FUV2,27616258,14,125158,0.13703032252508118,17.791199684143066,6.0,True,441,3910
2016-10-28-193,2016-10-28,FUV2,27616258,27,125172,0.008204310366811586,17.791199684143066,6.0,True,570,3853
2016-10-28-194,2016-10-28,FUV2,27616258,15,125199,0.14453363207382686,17.791199684143066,6.0,True,599,3770
2016-10-28-195,2016-10-28,FUV2,27616258,16,125214,0.20615482947600017,17.791199684143066,6.0,True,696,3771
2016-10-28-196,2016-10-28,FUV2,27616258,16,125230,0.10453325041649902,17.791199684143066,6.0,True,790,3668
2016-10-28-197,2016-10-28,FUV1,27616258,13,125246,-0.03996175511106733,17.791199684143066,6.0,True,808,239
2016-10-28-198,2016-10-28,FUV2,27616258,13,125259,0.31485687957527037,17.791199684143066,6.0,True,887,3837
2016-10-28-199,2016-10-28,FUV2,27616260,12,125272,0.2192693433837307,17.791199684143066,6.0,True,188,4092
2016-10-28-200,2016-10-28,FUV2,27616260,13,125284,0.10442725287653945,17.791199684143066,6.0,True,218,3750
2016-10-28-201,2016-10-28,FUV1,27616260,15,125297,-0.21158392292744513,17.791199684143066,6.0,True,314,122
2016-10-28-202,2016-10-28,FUV1,27616260,13,125312,0.030655925742578055,17.791199684143066,6.0,True,454,397
2016-10-28-203,2016-10-28,FUV2,27616260,18,125325,-0.019993496102994945,17.791199684143066,6.0,True,538,4063
2016-10-28-204,2016-10-28,FUV2,27616260,16,125343,0.20211461348675983,17.791199684143066,6.0,True,687,4021
2016-10-28-205,2016-10-28,FUV1,27616260,13,125359,-0.28987122639164187,17.791199684143066,6.0,True,774,268
2016-10-28-206,2016-10-28,FUV2,27616260,12,125372,0.1004231186968823,17.791199684143066,6.0,True,798,3907
2016-10-28-207,2016-10-28,FUV2,27616260,13,125384,-0.18528997334095512,17.791199684143066,6.0,True,821,4071
2016-10-28-208,2016-10-28,FUV2,27616260,17,125397,0.13713308421455322,17.791199684143066,6.0,True,828,3877
2016-10-28-209,2016-10-28,FUV2,27616260,30,125414,0.0949337339487112,17.791199684143066,6.0,True,867,3836
2016-10-28-210,2016-10-28,FUV1,27616263,14,125444,0.1704354705256052,17.791199684143066,6.0,True,230,238
2016-10-28-211,2016-10-28,FUV2,27616263,16,125458,-0.13959947406816647,17.791199684143066,6.0,True,306,3759
2016-10-28-212,2016-10-28,FUV1,27616263,15,125474,-0.15505197231096285,17.791199684143066,6.0,True,563,165
2016-10-28-213,2016-10-28,FUV2,27616263,16,125489,-0.02546511445738561,17.791199684143066,6.0,True,599,3930
2016-10-28-214,2016-10-28,FUV2,27616263,32,125505,0.10197737218277789,17.791199684143066,6.0,True,733,3734
2016-10-28-215,2016-10-28,FUV1,27616263,18,125537,0.22535473305457304,17.791199684143066,6.0,True,774,242
2016-10-28-216,2016-10-28,FUV2,27616263,15,125555,0.11110798267489312,17.791199684143066,6.0,True,816,3891
2016-10-28-217,2016-10-28,FUV2,27616263,15,125570,0.3049711780040172,17.791199684143066,6.0,True,843,3885
2016-10-28-218,2016-10-28,FUV1,27616263,17,125585,0.03621061392697746,17.791199684143066,6.0,True,867,386
2016-10-28-219,2016-10-28,FUV1,27616263,16,125602,-0.18507094207679858,17.791199684143066,6.0,False,145,899
2016-10-28-220,2016-10-28,FUV1,27616266,12,125618,0.09880155300723775,17.791199684143066,6.0,True,216,333
2016-10-28-221,2016-10-28,FUV2,27616266,13,125630,0.19863726853061855,17.791199684143066,6.0,True,310,3988
2016-10-28-222,2016-10-28,FUV2,27616266,18,125643,0.0737944113238834,17.791199684143066,6.0,True,378,3843
2016-10-28-223,2016-10-28,FUV1,27616266,19,125661,0.08204278040110632,17.791199684143066,6.0,True,629,344
2016-10-28-224,2016-10-28,FUV1,27616266,12,125680,0.173064345326053,17.791199684143066,6.0,True,689,265
2016-10-28-225,2016-10-28,FUV2,27616266,12,125692,-0.015183403558191885,17.791199684143066,6.0,True,795,3665
2016-10-28-226,2016-10-28,FUV1,27616266,14,125704,0.024967267522972694,17.791199684143066,6.0,True,846,339
2016-10-28-227,2016-10-28,FUV1,27616269,23,125718,0.18416297624658245,17.791199684143066,6.0,True,198,117
2016-10-28-228,2016-10-28,FUV2,27616269,12,125741,-0.1095308866051373,17.791199684143066,6.0,True,324,4101
2016-10-28-229,2016-10-28,FUV2,27616269,15,125753,-0.32495642337819564,17.791199684143066,6.0,True,332,4045
2016-10-28-230,2016-10-28,FUV2,27616269,15,125768,-0.10989742990709282,17.791199684143066,6.0,True,477,3952
2016-10-28-231,2016-10-28,FUV2,27616269,13,125783,0.27809312448977486,17.791199684143066,6.0,True,824,3780
2016-10-28-232,2016-10-28,FUV2,27616269,19,125796,0.11620869674425323,17.791199684143066,6.0,True,848,3638
2016-10-28-233,2016-10-28,FUV2,27616271,12,125815,0.07667641109247382,17.791199684143066,6.0,True,222,4006
2016-10-28-234,2016-10-28,FUV2,27616271,18,125827,0.17477946831471688,17.791199684143066,6.0,True,274,3739
2016-10-28-235,2016-10-28,FUV2,27616271,13,125845,0.07847844667177825,17.791199684143066,6.0,True,306,3988
2016-10-28-236,2016-10-28,FUV2,27616271,17,125858,0.09249232841546773,17.791199684143066,6.0,True,348,3745
2016-10-28-237,2016-10-28,FUV2,27616271,35,125875,0.1494677884903487,17.791199684143066,6.0,True,537,3912
2016-10-28-238,2016-10-28,FUV2,27616271,12,125910,0.2840362075201952,17.791199684143066,6.0,True,663,3653
2016-10-28-239,2016-10-28,FUV1,27616271,13,125922,0.15949644665560897,17.791199684143066,6.0,True,706,395
2016-10-28-240,2016-10-28,FUV1,27616271,12,125935,0.13847379967107412,17.791199684143066,6.0,True,766,136
2016-10-28-241,2016-10-28,FUV1,27616271,15,125947,0.0828429679906332,17.791199684143066,6.0,True,766,389
2016-10-28-242,2016-10-28,FUV2,27616271,21,125962,0.19908138528764605,17.791199684143066,6.0,True,809,3780
2016-10-28-243,2016-10-28,FUV2,27616274,15,125983,-0.14224530400963,17.791199684143066,6.0,True,274,3855
2016-10-28-244,2016-10-28,FUV2,27616274,16,125998,-0.041090608967485606,17.791199684143066,6.0,True,386,3664
2016-10-28-245,2016-10-28,FUV2,27616274,14,126014,0.0324172667912052,17.791199684143066,6.0,True,472,3958
2016-10-28-246,2016-10-28,FUV2,27616274,12,126028,0.28967536938402555,17.791199684143066,6.0,True,490,3747
2016-10-28-247,2016-10-28,FUV2,27616274,17,126040,-0.059218443033505125,17.791199684143066,6.0,True,517,3841
2016-10-28-248,2016-10-28,FUV2,27616274,23,126057,0.11287322536691152,17.791199684143066,6.0,True,647,4016
2016-10-28-249,2016-10-28,FUV1,27616274,18,126080,-0.11039776002776663,17.791199684143066,6.0,True,648,402
2016-10-28-250,2016-10-28,FUV2,27616274,13,126098,0.12845104167385377,17.791199684143066,6.0,True,718,3719
2016-10-28-251,2016-10-28,FUV1,27616274,19,126111,0.26242694963011365,17.791199684143066,6.0,True,737,130
2016-10-28-252,2016-10-28,FUV2,27616274,26,126130,0.1456006804546963,17.791199684143066,6.0,True,847,3717
2016-10-28-253,2016-10-28,FUV2,27616274,20,126156,0.3414406818306787,17.791199684143066,6.0,True,888,3746
2016-10-28-254,2016-10-28,FUV2,27616277,12,126176,0.16834224423477828,17.791199684143066,6.0,True,473,3666
2016-10-28-255,2016-10-28,FUV1,27616280,12,126188,0.32518644678972797,17.791199684143066,6.0,True,810,398
2016-10-28-256,2016-10-28,FUV2,27616280,14,126200,0.0062345974197625855,17.791199684143066,6.0,True,863,3935
2016-10-28-257,2016-10-28,FUV2,27616282,21,126214,0.12628462148378997,17.791199684143066,6.0,True,235,4087
2016-10-28-258,2016-10-28,FUV2,27616282,13,126235,-0.013749718474775106,17.791199684143066,6.0,True,357,3984
2016-10-28-259,2016-10-28,FUV2,27616282,16,126248,-0.0688780495523398,17.791199684143066,6.0,True,446,4086
2016-10-28-260,2016-10-28,FUV1,27616282,13,126264,0.2009747632888066,17.791199684143066,6.0,True,527,164
2016-10-28-261,2016-10-28,FUV2,27616282,18,126277,0.23169892684057555,17.791199684143066,6.0,True,615,3933
2016-10-28-262,2016-10-28,FUV1,27616285,13,126295,0.2779398957644883,17.791199684143066,6.0,True,432,384
2016-10-28-263,2016-10-28,FUV2,27616285,12,126308,0.050254023866729336,17.791199684143066,6.0,True,629,4066
2016-10-28-264,2016-10-28,FUV2,27616285,18,126320,0.157200622252682,17.791199684143066,6.0,True,856,3763
2016-10-28-265,2016-10-28,FUV2,27616288,12,126338,0.30161108387167174,17.791199684143066,6.0,True,215,4006
2016-10-28-266,2016-10-28,FUV2,27616288,13,126350,0.07804474454167354,17.791199684143066,6.0,True,560,3776
2016-10-28-267,2016-10-28,FUV2,27616291,15,126363,0.13698827213940462,17.791199684143066,6.0,True,572,3916
2016-10-28-268,2016-10-28,FUV2,27616291,15,126378,0.26557361721573464,17.791199684143066,6.0,True,805,3896
2016-10-28-269,2016-10-28,FUV1,27616293,12,126393,0.30203495117187285,17.791199684143066,6.0,True,452,392
2016-10-28-270,2016-10-28,FUV2,27616293,15,126405,0.06193632600062544,17.791199684143066,6.0,True,619,3932
2016-10-28-271,2016-10-28,FUV1,27616296,17,126420,0.2840874845176452,17.791199684143066,6.0,True,260,253
2016-10-28-272,2016-10-28,FUV1,27616310,16,126437,0.2590694860312266,17.791199684143066,6.0,False,136,524
2016-10-28-273,2016-10-28,FUV2,27616310,14,126453,-0.01884410015432286,17.791199684143066,6.0,False,3884,794
2016-10-28-274,2016-10-28,FUV1,27616354,20,126467,0.18270304627321762,17.791199684143066,6.0,True,654,271
2016-12-13-1,2016-12-13,FUV1,28398295,14,126487,0.07507606515328276,17.791199684143066,6.0,True,246,1862
2016-12-13-2,2016-12-13,FUV1,28398319,12,126501,-0.22983071436676658,17.791199684143066,6.0,True,296,144
2016-12-13-3,2016-12-13,FUV2,28399315,24,126513,0.03527325822989696,17.791199684143066,6.0,False,2985,136
2016-12-13-4,2016-12-13,FUV2,28399423,18,126537,-0.23599141213843747,17.791199684143066,6.0,True,360,3900
2016-12-13-5,2016-12-13,FUV2,28399432,16,126555,0.20218729220179077,17.791199684143066,6.0,True,189,3035
2016-12-13-6,2016-12-13,FUV1,28399432,13,126571,-0.30373075688800233,17.791199684143066,6.0,True,352,1309
2016-12-13-7,2016-12-13,FUV2,28399441,12,126584,-0.24342117651690914,17.791199684143066,6.0,True,94,3567
2016-12-13-8,2016-12-13,FUV1,28399444,18,126596,-0.3294465181925265,17.791199684143066,6.0,True,306,432
2016-12-13-9,2016-12-13,FUV2,28399444,13,126614,-0.2866159560904599,17.791199684143066,6.0,True,391,3661
2016-12-13-10,2016-12-13,FUV1,28399456,14,126627,-0.08190794440375257,17.791199684143066,6.0,True,109,1633
2016-12-13-11,2016-12-13,FUV2,28399459,15,126641,-0.2382023666273077,17.791199684143066,6.0,True,285,3047
2016-12-13-12,2016-12-13,FUV1,28399459,32,126656,0.042772780279524206,17.791199684143066,6.0,True,343,1742
2016-12-13-13,2016-12-13,FUV2,28399474,14,126688,-0.19565390091619955,17.791199684143066,6.0,False,3957,198
2016-12-13-14,2016-12-13,FUV2,28399504,16,126702,0.17462802086548643,17.791199684143066,6.0,True,187,3588
2016-12-13-15,2016-12-13,FUV1,28399510,15,126718,0.11633620869738434,17.791199684143066,6.0,True,271,430
2016-12-13-16,2016-12-13,FUV1,28399555,16,126733,0.32025301289575003,17.791199684143066,6.0,True,210,1764
2016-12-13-17,2016-12-13,FUV1,28399579,22,126749,0.15649147834878785,17.791199684143066,6.0,False,177,57
2016-12-13-18,2016-12-13,FUV2,28400461,13,126771,-0.12536703592962872,17.791199684143066,6.0,False,3704,204
2016-12-13-19,2016-12-13,FUV1,28400461,14,126784,-0.052390066862662135,17.791199684143066,6.0,False,1693,290
2016-12-13-20,2016-12-13,FUV1,28400467,13,126798,0.11344212417732262,17.791199684143066,6.0,False,1319,340
2016-12-13-21,2016-12-13,FUV2,28400533,14,126811,0.2730831763039409,17.791199684143066,6.0,True,302,3592
2016-12-13-22,2016-12-13,FUV1,28400536,13,126825,0.3205922641339196,17.791199684143066,6.0,False,1675,68
2016-12-13-23,2016-12-13,FUV2,28400536,14,126838,-0.1780130327617758,17.791199684143066,6.0,False,3177,74
2016-12-13-24,2016-12-13,FUV1,28400542,12,126852,-0.05673354947738515,17.791199684143066,6.0,False,292,67
2016-12-13-25,2016-12-13,FUV1,28400545,16,126864,0.12817492456898785,17.791199684143066,6.0,False,1871,123
2016-12-13-26,2016-12-13,FUV2,28400554,14,126880,-0.315188497737103,17.791199684143066,6.0,False,3183,199
2016-12-13-27,2016-12-13,FUV1,28400560,18,126894,-0.2629043721081357,17.791199684143066,6.0,True,267,180
2016-12-13-28,2016-12-13,FUV2,28400560,17,126912,0.2211913807584718,17.791199684143066,6.0,True,342,2978
2016-12-13-29,2016-12-13,FUV1,28400563,12,126929,-0.3082405938172281,17.791199684143066,6.0,False,1871,186
2016-12-13-30,2016-12-13,FUV2,28400572,13,126941,0.13164081590455387,17.791199684143066,6.0,True,111,3049
2016-12-13-31,2016-12-13,FUV1,28400572,14,126954,0.25308467603398793,17.791199684143066,6.0,False,1274,360
2016-12-13-32,2016-12-13,FUV1,28400575,12,126968,0.009149424243798434,17.791199684143066,6.0,False,1890,257
2016-12-13-33,2016-12-13,FUV2,28400575,14,126980,-0.12697716631627698,17.791199684143066,6.0,True,338,4069
2016-12-13-34,2016-12-13,FUV1,28400581,15,126994,-0.2621268612556519,17.791199684143066,6.0,True,271,1316
2016-12-13-35,2016-12-13,FUV2,28400581,13,127009,-0.34621572277833523,17.791199684143066,6.0,True,327,3231
2016-12-13-36,2016-12-13,FUV1,28400584,16,127022,-0.2322879472456896,17.791199684143066,6.0,True,179,1777
2016-12-13-37,2016-12-13,FUV2,28400584,12,127038,0.1243402263597719,17.791199684143066,6.0,True,242,3586
2016-12-13-38,2016-12-13,FUV1,28400584,14,127050,-0.34897520658998443,17.791199684143066,6.0,False,1780,258
2016-12-13-39,2016-12-13,FUV2,28400584,13,127064,0.04663469603983695,17.791199684143066,6.0,False,3970,362
2016-12-13-40,2016-12-13,FUV1,28400587,13,127077,-0.33440706150695476,17.791199684143066,6.0,True,73,1301
2016-12-13-41,2016-12-13,FUV2,28400587,14,127090,-0.05389504715760413,17.791199684143066,6.0,True,175,3745
2016-12-13-42,2016-12-13,FUV2,28400587,14,127104,-0.10816887992422788,17.791199684143066,6.0,False,3534,202
2016-12-13-43,2016-12-13,FUV1,28400587,15,127118,-0.3436263982010324,17.791199684143066,6.0,True,223,1870
2016-12-13-44,2016-12-13,FUV2,28400590,14,127133,0.22107662015723442,17.791199684143066,6.0,True,153,2909
2016-12-13-45,2016-12-13,FUV2,28400590,13,127147,0.09434839149104748,17.791199684143066,6.0,True,206,3771
2016-12-13-46,2016-12-13,FUV1,28400590,12,127160,-0.2905175909042729,17.791199684143066,6.0,True,280,296
2016-12-13-47,2016-12-13,FUV1,28400590,15,127172,-0.00841583041725142,17.791199684143066,6.0,False,172,322
2016-12-13-48,2016-12-13,FUV2,28400596,14,127187,-0.24910948572857072,17.791199684143066,6.0,True,125,3571
2016-12-13-49,2016-12-13,FUV1,28400596,27,127201,-0.14323149462579293,17.791199684143066,6.0,True,263,1749
2016-12-13-50,2016-12-13,FUV2,28400596,13,127228,-0.07979920732915949,17.791199684143066,6.0,True,329,3272
2016-12-13-51,2016-12-13,FUV1,28400599,12,127241,-0.28802149421920875,17.791199684143066,6.0,False,1396,131
2016-12-13-52,2016-12-13,FUV2,28400599,15,127253,-0.3169892123116287,17.791199684143066,6.0,True,248,3892
2016-12-13-53,2016-12-13,FUV2,28400599,13,127268,-0.2119509011299775,17.791199684143066,6.0,True,319,3016
2016-12-13-54,2016-12-13,FUV2,28400602,12,127281,-0.28587639719965524,17.791199684143066,6.0,True,53,3812
2016-12-13-55,2016-12-13,FUV1,28400602,13,127293,-0.19708490391671232,17.791199684143066,6.0,True,70,279
2016-12-13-56,2016-12-13,FUV1,28400602,14,127306,-0.33902049052223987,17.791199684143066,6.0,True,380,1322
2016-12-13-57,2016-12-13,FUV1,28400605,13,127320,-0.28428480017937163,17.791199684143066,6.0,True,47,1423
2016-12-13-58,2016-12-13,FUV1,28400605,13,127333,-0.28095069292103003,17.791199684143066,6.0,True,115,281
2016-12-13-59,2016-12-13,FUV1,28400608,14,127346,-0.3468285363250574,17.791199684143066,6.0,True,124,1255
2016-12-13-60,2016-12-13,FUV1,28400608,14,127360,-0.22576188179147927,17.791199684143066,6.0,False,1758,235
2016-12-13-61,2016-12-13,FUV1,28400608,15,127374,-0.2779970850514518,17.791199684143066,6.0,True,285,1644
2016-12-13-62,2016-12-13,FUV2,28400611,13,127389,-0.3047743190194138,17.791199684143066,6.0,True,114,3163
2016-12-13-63,2016-12-13,FUV2,28400611,12,127402,-0.23890233052672852,17.791199684143066,6.0,True,118,3172
2016-12-13-64,2016-12-13,FUV2,28400611,14,127414,-0.3494174580876999,17.791199684143066,6.0,True,262,3775
2016-12-13-65,2016-12-13,FUV2,28400611,12,127428,-0.33745039620577666,17.791199684143066,6.0,True,326,3946
2016-12-13-66,2016-12-13,FUV1,28400614,13,127440,-0.33804453456651795,17.791199684143066,6.0,True,106,285
2016-12-13-67,2016-12-13,FUV1,28400617,15,127453,-0.3252411233200631,17.791199684143066,6.0,True,201,1626
2016-12-13-68,2016-12-13,FUV1,28400617,12,127468,-0.19893654066909494,17.791199684143066,6.0,True,253,1681
2016-12-13-69,2016-12-13,FUV1,28400617,21,127480,-0.2151227105389432,17.791199684143066,6.0,True,374,1689
2016-12-13-70,2016-12-13,FUV2,28400623,22,127501,0.04847238571295961,17.791199684143066,6.0,True,84,3791
2016-12-13-71,2016-12-13,FUV1,28400623,16,127523,-0.23270472682405213,17.791199684143066,6.0,True,93,1850
2016-12-13-72,2016-12-13,FUV1,28400623,14,127539,-0.20229741246956176,17.791199684143066,6.0,True,165,1393
2016-12-13-73,2016-12-13,FUV2,28400623,17,127553,-0.2078068932981139,17.791199684143066,6.0,True,281,3713
2016-12-13-74,2016-12-13,FUV2,28400623,14,127570,-0.1627834091130977,17.791199684143066,6.0,True,389,3572
2016-12-13-75,2016-12-13,FUV2,28400623,14,127584,-0.20282506636855024,17.791199684143066,6.0,True,390,3688
2016-12-13-76,2016-12-13,FUV1,28400629,13,127598,-0.12041028071102237,17.791199684143066,6.0,True,219,1787
2016-12-13-77,2016-12-13,FUV1,28400629,14,127611,-0.33455692928966807,17.791199684143066,6.0,True,241,1848
2016-12-13-78,2016-12-13,FUV1,28400629,26,127625,-0.08571355824557132,17.791199684143066,6.0,True,268,424
2016-12-13-79,2016-12-13,FUV2,28400629,15,127651,-0.2325979530570328,17.791199684143066,6.0,False,3009,361
2016-12-13-80,2016-12-13,FUV1,28400635,17,127666,-0.2033042750547006,17.791199684143066,6.0,True,174,1718
2016-12-13-81,2016-12-13,FUV2,28400638,13,127683,-0.3204778996596333,17.791199684143066,6.0,True,69,3184
2016-12-13-82,2016-12-13,FUV2,28400638,17,127696,-0.0631700152796515,17.791199684143066,6.0,True,118,3812
2016-12-13-83,2016-12-13,FUV1,28400638,14,127713,-0.18074590589498932,17.791199684143066,6.0,True,305,1754
2016-12-13-84,2016-12-13,FUV2,28400638,14,127727,-0.32124616989591054,17.791199684143066,6.0,True,309,3172
2016-12-13-85,2016-12-13,FUV1,28400644,13,127741,-0.23634542744868983,17.791199684143066,6.0,True,300,336
2016-12-13-86,2016-12-13,FUV1,28400647,13,127754,-0.04742086589853318,17.791199684143066,6.0,True,122,382
2016-12-13-87,2016-12-13,FUV1,28400653,13,127767,-0.009580552870171106,17.791199684143066,6.0,True,44,1792
2016-12-13-88,2016-12-13,FUV1,28400653,41,127780,-0.12467825254184842,17.791199684143066,6.0,True,103,1286
2016-12-13-89,2016-12-13,FUV1,28400653,14,127821,0.12147231578342442,17.791199684143066,6.0,True,319,1340
2016-12-13-90,2016-12-13,FUV1,28400656,14,127835,-0.19168886733649962,17.791199684143066,6.0,True,217,1779
2016-12-13-91,2016-12-13,FUV1,28400656,13,127849,-0.2719109949973896,17.791199684143066,6.0,True,298,404
2016-12-13-92,2016-12-13,FUV2,28400659,26,127862,0.03255089481675502,17.791199684143066,6.0,True,273,3192
2016-12-13-93,2016-12-13,FUV2,28400659,14,127888,-0.3478934279589625,17.791199684143066,6.0,True,373,3208
2016-12-13-94,2016-12-13,FUV1,28400665,13,127902,-0.0027128976459909865,17.791199684143066,6.0,True,176,1449
2016-12-13-95,2016-12-13,FUV1,28400665,15,127915,-0.16114058708193948,17.791199684143066,6.0,True,359,123
2016-12-13-96,2016-12-13,FUV2,28400668,36,127930,-0.09478647855283169,17.791199684143066,6.0,True,51,3760
2016-12-13-97,2016-12-13,FUV1,28400668,31,127966,-0.07674599702199908,17.791199684143066,6.0,True,360,104
2016-12-13-98,2016-12-13,FUV1,28400674,13,127997,-0.32236855507649237,17.791199684143066,6.0,True,114,1749
2016-12-13-99,2016-12-13,FUV2,28400677,12,128010,-0.10758337066005323,17.791199684143066,6.0,True,266,2985
2016-12-13-100,2016-12-13,FUV2,28400692,13,128022,0.30793957845043557,17.791199684143066,6.0,True,114,3673
2016-12-13-101,2016-12-13,SJI,28398251,12,128035,-0.022128377618821075,26.6867995262146,18.0,False,358,115
2016-12-13-102,2016-12-13,SJI,28398263,12,128047,-0.032269664791237676,26.6867995262146,18.0,False,357,109
2016-12-13-103,2016-12-13,SJI,28400531,12,128059,0.0402371475440977,26.6867995262146,18.0,False,395,295
2016-12-13-104,2016-12-13,SJI,28400543,19,128071,-0.007397848420965399,26.6867995262146,18.0,False,382,151
2016-12-13-105,2016-12-13,SJI,28400630,13,128090,0.127660891462631,26.6867995262146,18.0,True,245,470
2016-12-13-106,2016-12-13,SJI,28400642,12,128103,0.20388321139200524,26.6867995262146,18.0,True,366,468
2016-12-13-107,2016-12-13,SJI,28398257,19,128115,-0.007717696618019845,26.6867995262146,18.0,True,281,528
2016-12-13-108,2016-12-13,SJI,28399457,14,128134,-0.19869560799597072,26.6867995262146,18.0,True,253,427
2016-12-13-109,2016-12-13,SJI,28400621,20,128148,-0.15090080641441822,26.6867995262146,18.0,True,279,457
2016-12-13-110,2016-12-13,SJI,28400645,15,128168,0.10725054721131366,26.6867995262146,18.0,True,165,417
2017-04-15-1,2017-04-15,FUV1,30883821,12,128183,-0.049302519979217474,17.791199684143066,6.0,False,214,268
2017-04-15-2,2017-04-15,FUV2,30883824,12,128195,-0.06026013637949025,17.791199684143066,6.0,False,3847,283
2017-04-15-3,2017-04-15,FUV1,30883830,18,128207,-0.009275735212120228,17.791199684143066,6.0,False,229,762
2017-04-15-4,2017-04-15,FUV1,30883830,24,128225,0.012729953239661432,17.791199684143066,6.0,False,319,762
2017-04-15-5,2017-04-15,FUV1,30883854,15,128249,0.0538307795797225,17.791199684143066,6.0,False,291,296
2017-04-15-6,2017-04-15,FUV2,30883944,19,128264,0.3316999893157487,17.791199684143066,6.0,False,4006,299
2017-04-15-7,2017-04-15,FUV1,30884937,57,128283,-0.07871636125899503,17.791199684143066,6.0,True,404,208
2017-04-15-8,2017-04-15,FUV1,30884943,12,128340,-0.21737007710303716,17.791199684143066,6.0,True,188,377
2017-04-15-9,2017-04-15,FUV2,30884943,17,128352,-0.04110460362047848,17.791199684143066,6.0,True,472,3864
2017-04-15-10,2017-04-15,FUV1,30884946,18,128369,-0.08027220428774219,17.791199684143066,6.0,True,297,268
2017-04-15-11,2017-04-15,FUV1,30884946,12,128387,0.0019027758807179684,17.791199684143066,6.0,True,417,201
2017-04-15-12,2017-04-15,FUV2,30884946,13,128399,0.006415669154518789,17.791199684143066,6.0,True,419,3872
2017-04-15-13,2017-04-15,FUV2,30884946,27,128412,0.1284767339259653,17.791199684143066,6.0,True,771,3901
2017-04-15-14,2017-04-15,FUV1,30884946,25,128439,-0.26235430657584846,17.791199684143066,6.0,True,809,261
2017-04-15-15,2017-04-15,FUV2,30884946,12,128464,-0.15606139102200084,17.791199684143066,6.0,True,862,4012
2017-04-15-16,2017-04-15,FUV1,30884946,12,128476,0.21709783823979417,17.791199684143066,6.0,False,151,881
2017-04-15-17,2017-04-15,FUV1,30884949,12,128488,0.11917766197544356,17.791199684143066,6.0,False,132,270
2017-04-15-18,2017-04-15,FUV1,30884952,14,128500,0.061702159556245896,17.791199684143066,6.0,True,247,321
2017-04-15-19,2017-04-15,FUV2,30884955,17,128514,0.06731767835088039,17.791199684143066,6.0,True,454,4032
2017-04-15-20,2017-04-15,FUV2,30884955,15,128531,0.1388520861835196,17.791199684143066,6.0,True,539,3789
2017-04-15-21,2017-04-15,FUV2,30884955,13,128546,-0.2566169929381316,17.791199684143066,6.0,True,647,3786
2017-04-15-22,2017-04-15,FUV2,30884955,15,128559,0.13042487289258106,17.791199684143066,6.0,True,676,3757
2017-04-15-23,2017-04-15,FUV2,30884955,14,128574,-0.12602918671465535,17.791199684143066,6.0,True,677,3853
2017-04-15-24,2017-04-15,FUV1,30884955,16,128588,-0.034827141655953124,17.791199684143066,6.0,True,739,392
2017-04-15-25,2017-04-15,FUV1,30884955,22,128604,0.16492911569530128,17.791199684143066,6.0,True,756,222
2017-04-15-26,2017-04-15,FUV1,30884955,13,128626,0.05575546478328234,17.791199684143066,6.0,True,799,383
2017-04-15-27,2017-04-15,FUV2,30884955,24,128639,-0.0892406541758112,17.791199684143066,6.0,True,864,3849
2017-04-15-28,2017-04-15,FUV1,30884958,17,128663,0.03600244194533739,17.791199684143066,6.0,True,218,308
2017-04-15-29,2017-04-15,FUV2,30884958,12,128680,0.0025272798402104783,17.791199684143066,6.0,True,225,3951
2017-04-15-30,2017-04-15,FUV1,30884958,13,128692,-0.07146144685408747,17.791199684143066,6.0,True,230,290
2017-04-15-31,2017-04-15,FUV1,30884958,22,128705,0.04595366163536208,17.791199684143066,6.0,True,440,367
2017-04-15-32,2017-04-15,FUV2,30884958,16,128727,0.3008812233906993,17.791199684143066,6.0,True,538,3881
2017-04-15-33,2017-04-15,FUV1,30884958,18,128743,-0.15064693306624785,17.791199684143066,6.0,True,628,187
2017-04-15-34,2017-04-15,FUV2,30884958,23,128761,0.019206608574694833,17.791199684143066,6.0,True,698,3672
2017-04-15-35,2017-04-15,FUV1,30884958,14,128784,0.00649882012841888,17.791199684143066,6.0,True,726,405
2017-04-15-36,2017-04-15,FUV2,30884958,33,128798,0.11587938843790581,17.791199684143066,6.0,True,726,4035
2017-04-15-37,2017-04-15,FUV2,30884961,19,128831,0.03778800762387983,17.791199684143066,6.0,True,323,3942
2017-04-15-38,2017-04-15,FUV2,30884961,15,128850,0.23820329434478202,17.791199684143066,6.0,True,378,3857
2017-04-15-39,2017-04-15,FUV2,30884961,20,128865,-0.01068661339251843,17.791199684143066,6.0,True,643,4054
2017-04-15-40,2017-04-15,FUV2,30884964,14,128885,0.1410059415808121,17.791199684143066,6.0,True,290,3776
2017-04-15-41,2017-04-15,FUV2,30884964,12,128899,-0.19189385432402958,17.791199684143066,6.0,True,387,3658
2017-04-15-42,2017-04-15,FUV1,30884964,14,128911,0.0009060589774733243,17.791199684143066,6.0,True,503,135
2017-04-15-43,2017-04-15,FUV2,30884964,12,128925,0.11324488276629666,17.791199684143066,6.0,True,544,3850
2017-04-15-44,2017-04-15,FUV1,30884964,13,128937,0.042764939524480225,17.791199684143066,6.0,True,634,329
2017-04-15-45,2017-04-15,FUV1,30884964,21,128950,0.15047370115363598,17.791199684143066,6.0,True,776,360
2017-04-15-46,2017-04-15,FUV1,30884967,21,128971,0.12915486363311285,17.791199684143066,6.0,True,336,391
2017-04-15-47,2017-04-15,FUV1,30884967,12,128992,0.134867753918388,17.791199684143066,6.0,True,492,194
2017-04-15-48,2017-04-15,FUV1,30884967,14,129004,0.11935334921765073,17.791199684143066,6.0,True,653,226
2017-04-15-49,2017-04-15,FUV2,30884967,12,129018,0.2790357596542884,17.791199684143066,6.0,True,700,4015
2017-04-15-50,2017-04-15,FUV2,30884970,14,129030,0.20162917728656127,17.791199684143066,6.0,True,309,3663
2017-04-15-51,2017-04-15,FUV1,30884970,21,129044,0.08371862568047996,17.791199684143066,6.0,True,428,264
2017-04-15-52,2017-04-15,FUV1,30884970,13,129065,0.1300116739070451,17.791199684143066,6.0,True,461,243
2017-04-15-53,2017-04-15,FUV2,30884970,13,129078,0.07517441847805015,17.791199684143066,6.0,True,480,3879
2017-04-15-54,2017-04-15,FUV2,30884970,22,129091,0.06753058886564826,17.791199684143066,6.0,True,566,3852
2017-04-15-55,2017-04-15,FUV1,30884970,17,129113,0.2609042274917456,17.791199684143066,6.0,True,617,274
2017-04-15-56,2017-04-15,FUV1,30884970,17,129130,-0.1253710390827047,17.791199684143066,6.0,True,679,258
2017-04-15-57,2017-04-15,FUV1,30884973,30,129147,0.10366174006517777,17.791199684143066,6.0,True,225,282
2017-04-15-58,2017-04-15,FUV1,30884973,12,129177,-0.060752526321018414,17.791199684143066,6.0,True,271,320
2017-04-15-59,2017-04-15,FUV1,30884973,21,129189,0.19620044487516602,17.791199684143066,6.0,True,353,227
2017-04-15-60,2017-04-15,FUV2,30884973,12,129210,0.10997793989614224,17.791199684143066,6.0,True,465,3890
2017-04-15-61,2017-04-15,FUV1,30884973,15,129222,0.21987294507360317,17.791199684143066,6.0,True,481,322
2017-04-15-62,2017-04-15,FUV1,30884973,15,129237,0.22858473813229066,17.791199684143066,6.0,True,608,125
2017-04-15-63,2017-04-15,FUV2,30884973,25,129252,0.1975431385262313,17.791199684143066,6.0,True,768,4079
2017-04-15-64,2017-04-15,FUV1,30884976,19,129277,-0.0003922696047599901,17.791199684143066,6.0,True,311,235
2017-04-15-65,2017-04-15,FUV2,30884976,16,129296,-0.06386275534997607,17.791199684143066,6.0,True,526,3636
2017-04-15-66,2017-04-15,FUV1,30884976,14,129312,0.30320653177982376,17.791199684143066,6.0,True,643,248
2017-04-15-67,2017-04-15,FUV2,30884976,14,129326,0.24282858668569166,17.791199684143066,6.0,True,736,3771
2017-04-15-68,2017-04-15,FUV1,30884976,14,129340,0.17796997566612893,17.791199684143066,6.0,True,745,183
2017-04-15-69,2017-04-15,FUV1,30884979,14,129354,0.26232405876686327,17.791199684143066,6.0,True,589,115
2017-04-15-70,2017-04-15,FUV2,30884979,17,129368,0.33725882068593527,17.791199684143066,6.0,True,675,3665
2017-04-15-71,2017-04-15,FUV1,30884979,19,129385,0.3495789190610974,17.791199684143066,6.0,True,863,252
2017-04-15-72,2017-04-15,FUV1,30884982,28,129404,-0.050498045591652004,17.791199684143066,6.0,True,250,403
2017-04-15-73,2017-04-15,FUV2,30884982,14,129432,0.1283217154200493,17.791199684143066,6.0,True,500,3638
2017-04-15-74,2017-04-15,FUV2,30884985,36,129446,0.125166476507922,17.791199684143066,6.0,True,236,3914
2017-04-15-75,2017-04-15,FUV1,30884985,15,129482,0.2771579427304119,17.791199684143066,6.0,True,239,322
2017-04-15-76,2017-04-15,FUV2,30884985,12,129497,0.11573600003390305,17.791199684143066,6.0,True,290,3879
2017-04-15-77,2017-04-15,FUV2,30884985,15,129509,0.005196503889606232,17.791199684143066,6.0,True,624,4039
2017-04-15-78,2017-04-15,FUV2,30884985,13,129524,-0.07732761565147692,17.791199684143066,6.0,True,673,3919
2017-04-15-79,2017-04-15,FUV1,30884988,22,129537,0.2129910186722458,17.791199684143066,6.0,True,391,274
2017-04-15-80,2017-04-15,FUV2,30884988,12,129559,0.09556441578963416,17.791199684143066,6.0,True,718,3744
2017-04-15-81,2017-04-15,FUV2,30884988,12,129571,0.26267571774196796,17.791199684143066,6.0,True,808,4033
2017-04-15-82,2017-04-15,FUV1,30884994,14,129583,0.2635348682509291,17.791199684143066,6.0,True,189,406
2017-04-15-83,2017-04-15,FUV1,30884994,12,129597,0.04382975429211356,17.791199684143066,6.0,True,193,307
2017-04-15-84,2017-04-15,FUV2,30884994,16,129609,0.2692054050619941,17.791199684143066,6.0,True,506,3654
2017-04-15-85,2017-04-15,FUV1,30884994,16,129625,0.08401893256099513,17.791199684143066,6.0,True,724,131
2017-04-15-86,2017-04-15,FUV1,30884997,14,129641,0.06368060687571521,17.791199684143066,6.0,True,390,305
2017-04-15-87,2017-04-15,FUV1,30885000,12,129655,0.077574308577178,17.791199684143066,6.0,True,549,199
2017-04-15-88,2017-04-15,FUV1,30885006,15,129667,0.3227582891427258,17.791199684143066,6.0,True,752,268
2017-04-15-89,2017-04-15,FUV1,30885009,13,129682,0.30892118963669896,17.791199684143066,6.0,True,189,273
2017-04-15-90,2017-04-15,FUV1,30885039,12,129695,0.302039851031447,17.791199684143066,6.0,False,353,886
2017-04-15-91,2017-04-15,FUV1,30885048,26,129707,0.20201561697377063,17.791199684143066,6.0,True,801,400
2017-04-15-92,2017-04-15,FUV2,30885066,24,129733,0.08740744808915779,17.791199684143066,6.0,True,213,3657
2017-04-15-93,2017-04-15,FUV1,30885981,20,129757,-0.1764730158661002,17.791199684143066,6.0,False,381,745
2017-04-15-94,2017-04-15,FUV1,30885981,19,129777,-0.19366818136947078,17.791199684143066,6.0,False,158,786
2017-04-15-95,2017-04-15,FUV1,30885987,15,129796,0.0025207256071892114,17.791199684143066,6.0,False,201,887
2017-04-15-96,2017-04-15,FUV1,30885999,24,129811,0.24033104276454034,17.791199684143066,6.0,False,96,386
2017-04-15-97,2017-04-15,FUV2,30886002,14,129835,-0.09229428855361953,17.791199684143066,6.0,True,427,3923
2017-04-15-98,2017-04-15,FUV2,30886005,12,129849,0.13241378674933532,17.791199684143066,6.0,True,671,3673
2017-04-15-99,2017-04-15,FUV2,30886008,12,129861,0.23066037997673364,17.791199684143066,6.0,True,313,3760
2017-04-15-100,2017-04-15,FUV1,30886011,13,129873,0.09586435252230487,17.791199684143066,6.0,False,340,358
2017-04-15-101,2017-04-15,FUV1,30886011,14,129886,0.13159746498274946,17.791199684143066,6.0,True,663,340
2017-04-15-102,2017-04-15,FUV1,30886017,13,129900,0.037899769525482074,17.791199684143066,6.0,True,265,365
2017-04-15-103,2017-04-15,FUV2,30886020,12,129913,0.19749597753090808,17.791199684143066,6.0,True,532,3645
2017-04-15-104,2017-04-15,FUV2,30886020,15,129925,-0.17247557333241564,17.791199684143066,6.0,True,878,3956
2017-04-15-105,2017-04-15,FUV2,30886023,12,129940,0.010861456940594899,17.791199684143066,6.0,False,3897,448
2017-04-15-106,2017-04-15,FUV1,30886026,19,129952,-0.07158462696649377,17.791199684143066,6.0,True,365,409
2017-04-15-107,2017-04-15,FUV1,30886026,19,129971,-0.0428488836216843,17.791199684143066,6.0,True,536,248
2017-04-15-108,2017-04-15,FUV2,30886026,18,129990,-0.2275348945409365,17.791199684143066,6.0,True,537,3661
2017-04-15-109,2017-04-15,FUV1,30886026,18,130008,-0.15819974036962225,17.791199684143066,6.0,True,588,275
2017-04-15-110,2017-04-15,FUV2,30886026,14,130026,-0.1484554265152548,17.791199684143066,6.0,True,654,3893
2017-04-15-111,2017-04-15,FUV1,30886026,13,130040,-0.08873293502051849,17.791199684143066,6.0,True,790,251
2017-04-15-112,2017-04-15,FUV2,30886026,17,130053,-0.2076425532073815,17.791199684143066,6.0,True,827,4043
2017-04-15-113,2017-04-15,FUV2,30886029,18,130070,-0.1623089265204043,17.791199684143066,6.0,True,259,3666
2017-04-15-114,2017-04-15,FUV1,30886032,16,130088,-0.30517698022272577,17.791199684143066,6.0,True,247,260
2017-04-15-115,2017-04-15,FUV1,30886032,15,130104,-0.13909006958348621,17.791199684143066,6.0,True,287,209
2017-04-15-116,2017-04-15,FUV2,30886032,13,130119,-0.2955526824926559,17.791199684143066,6.0,True,489,3657
2017-04-15-117,2017-04-15,FUV2,30886032,12,130132,0.09288469014893327,17.791199684143066,6.0,True,703,4087
2017-04-15-118,2017-04-15,FUV2,30886032,12,130144,-0.29325240316449624,17.791199684143066,6.0,True,708,3856
2017-04-15-119,2017-04-15,FUV2,30886032,13,130156,0.2269190268450206,17.791199684143066,6.0,False,3744,820
2017-04-15-120,2017-04-15,FUV1,30886032,15,130169,-0.31150364449725304,17.791199684143066,6.0,True,825,111
2017-04-15-121,2017-04-15,FUV1,30886032,14,130184,-0.292080482605507,17.791199684143066,6.0,True,825,265
2017-04-15-122,2017-04-15,FUV2,30886032,14,130198,-0.29529241597282885,17.791199684143066,6.0,True,843,4005
2017-04-15-123,2017-04-15,FUV2,30886032,17,130212,-0.1692947924980527,17.791199684143066,6.0,True,879,3775
2017-04-15-124,2017-04-15,FUV1,30886035,13,130229,-0.03163106418393299,17.791199684143066,6.0,True,262,400
2017-04-15-125,2017-04-15,FUV1,30886035,29,130242,-0.13899234282623527,17.791199684143066,6.0,True,427,101
2017-04-15-126,2017-04-15,FUV2,30886035,13,130271,-0.0998256289180088,17.791199684143066,6.0,True,506,3874
2017-04-15-127,2017-04-15,FUV1,30886035,15,130284,-0.0012287863154557307,17.791199684143066,6.0,True,513,288
2017-04-15-128,2017-04-15,FUV2,30886035,14,130299,-0.33312480204042555,17.791199684143066,6.0,True,587,4000
2017-04-15-129,2017-04-15,FUV2,30886035,12,130313,-0.21183227243772632,17.791199684143066,6.0,True,663,3707
2017-04-15-130,2017-04-15,FUV1,30886035,16,130325,-0.2933365760787551,17.791199684143066,6.0,True,681,334
2017-04-15-131,2017-04-15,FUV2,30886035,12,130341,-0.2926442446779081,17.791199684143066,6.0,True,774,3740
2017-04-15-132,2017-04-15,FUV2,30886035,16,130353,-0.07370655507336078,17.791199684143066,6.0,True,800,3961
2017-04-15-133,2017-04-15,FUV2,30886035,15,130369,-0.19831621168979763,17.791199684143066,6.0,True,849,3890
2017-04-15-134,2017-04-15,FUV2,30886038,13,130384,-0.054546310396839257,17.791199684143066,6.0,True,212,3733
2017-04-15-135,2017-04-15,FUV2,30886038,14,130397,-0.2996996439385327,17.791199684143066,6.0,True,348,3645
2017-04-15-136,2017-04-15,FUV1,30886038,13,130411,-0.21338204711618156,17.791199684143066,6.0,True,408,379
2017-04-15-137,2017-04-15,FUV2,30886038,12,130424,-0.19194430978349164,17.791199684143066,6.0,True,516,3633
2017-04-15-138,2017-04-15,FUV2,30886038,20,130436,-0.3255254967341506,17.791199684143066,6.0,True,636,4062
2017-04-15-139,2017-04-15,FUV2,30886038,14,130456,0.05605461339069886,17.791199684143066,6.0,True,763,3640
2017-04-15-140,2017-04-15,FUV2,30886038,12,130470,-0.06770282307882791,17.791199684143066,6.0,True,859,3845
2017-04-15-141,2017-04-15,FUV2,30886038,14,130482,-0.06907631670269657,17.791199684143066,6.0,True,894,3769
2017-04-15-142,2017-04-15,FUV1,30886041,14,130496,-0.19981156182566479,17.791199684143066,6.0,True,393,350
2017-04-15-143,2017-04-15,FUV2,30886041,15,130510,-0.1475242521546461,17.791199684143066,6.0,True,424,3757
2017-04-15-144,2017-04-15,FUV1,30886041,15,130525,-0.1325333463446787,17.791199684143066,6.0,True,479,123
2017-04-15-145,2017-04-15,FUV2,30886041,13,130540,-0.03531946598418081,17.791199684143066,6.0,True,550,3673
2017-04-15-146,2017-04-15,FUV2,30886041,13,130553,-0.1339222628002567,17.791199684143066,6.0,True,853,3951
2017-04-15-147,2017-04-15,FUV1,30886041,14,130566,-0.18180997593954404,17.791199684143066,6.0,True,880,395
2017-04-15-148,2017-04-15,FUV1,30886044,15,130580,-0.09861904222931982,17.791199684143066,6.0,True,205,210
2017-04-15-149,2017-04-15,FUV2,30886044,13,130595,0.08739688959551335,17.791199684143066,6.0,True,299,3764
2017-04-15-150,2017-04-15,FUV1,30886044,12,130608,-0.10242791089013653,17.791199684143066,6.0,True,324,261
2017-04-15-151,2017-04-15,FUV2,30886044,16,130620,-0.3456172411898008,17.791199684143066,6.0,True,363,3953
2017-04-15-152,2017-04-15,FUV1,30886044,13,130636,0.07894373781263624,17.791199684143066,6.0,True,418,133
2017-04-15-153,2017-04-15,FUV1,30886044,14,130649,0.04539595796806146,17.791199684143066,6.0,True,425,115
2017-04-15-154,2017-04-15,FUV1,30886044,12,130663,-0.047997306180714426,17.791199684143066,6.0,True,483,384
2017-04-15-155,2017-04-15,FUV1,30886044,14,130675,-0.031195091576122446,17.791199684143066,6.0,True,485,153
2017-04-15-156,2017-04-15,FUV1,30886044,23,130689,0.013730215827211744,17.791199684143066,6.0,True,494,314
2017-04-15-157,2017-04-15,FUV1,30886044,14,130712,-0.32207854619775106,17.791199684143066,6.0,True,514,291
2017-04-15-158,2017-04-15,FUV1,30886044,13,130726,-0.18491961582762798,17.791199684143066,6.0,True,556,394
2017-04-15-159,2017-04-15,FUV1,30886044,16,130739,0.06392745549404355,17.791199684143066,6.0,True,801,356
2017-04-15-160,2017-04-15,FUV2,30886044,13,130755,0.2533547522491796,17.791199684143066,6.0,True,805,4085
2017-04-15-161,2017-04-15,FUV2,30886047,13,130768,0.0870363169323938,17.791199684143066,6.0,True,208,3908
2017-04-15-162,2017-04-15,FUV2,30886047,15,130781,-0.19062848702231525,17.791199684143066,6.0,True,353,3644
2017-04-15-163,2017-04-15,FUV2,30886047,14,130796,-0.2181703600286776,17.791199684143066,6.0,True,400,3948
2017-04-15-164,2017-04-15,FUV1,30886047,13,130810,-0.31042535761788687,17.791199684143066,6.0,False,350,568
2017-04-15-165,2017-04-15,FUV2,30886047,18,130823,-0.044485471553612495,17.791199684143066,6.0,True,688,3872
2017-04-15-166,2017-04-15,FUV1,30886047,13,130841,0.2569754788198642,17.791199684143066,6.0,True,694,352
2017-04-15-167,2017-04-15,FUV1,30886047,21,130854,-0.2742188198652495,17.791199684143066,6.0,True,732,268
2017-04-15-168,2017-04-15,FUV2,30886047,14,130875,-0.16005637977567783,17.791199684143066,6.0,True,767,3931
2017-04-15-169,2017-04-15,FUV1,30886047,13,130889,-0.07591781227572357,17.791199684143066,6.0,True,891,126
2017-04-15-170,2017-04-15,FUV1,30886047,13,130902,-0.2886432903603477,17.791199684143066,6.0,True,892,336
2017-04-15-171,2017-04-15,FUV2,30886050,12,130915,-0.026273323984197055,17.791199684143066,6.0,True,219,3739
2017-04-15-172,2017-04-15,FUV2,30886050,12,130927,-0.0877553524932188,17.791199684143066,6.0,True,244,4017
2017-04-15-173,2017-04-15,FUV2,30886050,14,130939,-0.1560437976785782,17.791199684143066,6.0,True,391,3713
2017-04-15-174,2017-04-15,FUV1,30886050,16,130953,0.24247000318315384,17.791199684143066,6.0,True,431,345
2017-04-15-175,2017-04-15,FUV1,30886050,12,130969,-0.03629362019655072,17.791199684143066,6.0,True,448,309
2017-04-15-176,2017-04-15,FUV2,30886050,13,130981,0.21969897512351869,17.791199684143066,6.0,True,536,3789
2017-04-15-177,2017-04-15,FUV1,30886050,12,130994,-0.2680650981111587,17.791199684143066,6.0,True,577,348
2017-04-15-178,2017-04-15,FUV1,30886050,14,131006,-0.19887340657199334,17.791199684143066,6.0,True,578,303
2017-04-15-179,2017-04-15,FUV1,30886050,13,131020,-0.0336802943610581,17.791199684143066,6.0,True,642,236
2017-04-15-180,2017-04-15,FUV1,30886050,12,131033,-0.004706021139397485,17.791199684143066,6.0,True,680,200
2017-04-15-181,2017-04-15,FUV1,30886050,14,131045,-0.22807177059132885,17.791199684143066,6.0,True,686,166
2017-04-15-182,2017-04-15,FUV1,30886050,13,131059,-0.01579430341482029,17.791199684143066,6.0,True,694,390
2017-04-15-183,2017-04-15,FUV1,30886050,22,131072,0.27196614000229546,17.791199684143066,6.0,True,726,123
2017-04-15-184,2017-04-15,FUV2,30886050,13,131094,0.2174942384186877,17.791199684143066,6.0,False,4034,750
2017-04-15-185,2017-04-15,FUV2,30886050,14,131107,-0.23595467583730065,17.791199684143066,6.0,True,801,3637
2017-04-15-186,2017-04-15,FUV2,30886050,13,131121,0.03730818848773962,17.791199684143066,6.0,True,805,4076
2017-04-15-187,2017-04-15,FUV1,30886053,15,131134,-0.0053232582196974425,17.791199684143066,6.0,True,188,279
2017-04-15-188,2017-04-15,FUV1,30886053,16,131149,0.12548874705235255,17.791199684143066,6.0,True,208,180
2017-04-15-189,2017-04-15,FUV1,30886053,12,131165,-0.18507989025784877,17.791199684143066,6.0,True,221,398
2017-04-15-190,2017-04-15,FUV2,30886053,12,131177,0.1744652012840148,17.791199684143066,6.0,True,249,3897
2017-04-15-191,2017-04-15,FUV2,30886053,16,131189,0.0250556346663648,17.791199684143066,6.0,True,253,4086
2017-04-15-192,2017-04-15,FUV1,30886053,13,131205,-0.3035718241934786,17.791199684143066,6.0,True,304,304
2017-04-15-193,2017-04-15,FUV1,30886053,13,131218,-0.1819870554473887,17.791199684143066,6.0,True,328,108
2017-04-15-194,2017-04-15,FUV1,30886053,13,131231,-0.13523465647995678,17.791199684143066,6.0,True,371,237
2017-04-15-195,2017-04-15,FUV1,30886053,15,131244,0.16364952445665212,17.791199684143066,6.0,False,401,385
2017-04-15-196,2017-04-15,FUV1,30886053,17,131259,0.0336422452380967,17.791199684143066,6.0,True,400,318
2017-04-15-197,2017-04-15,FUV1,30886053,14,131276,-0.005857262433352815,17.791199684143066,6.0,True,465,183
2017-04-15-198,2017-04-15,FUV1,30886053,19,131290,-0.10982083893418074,17.791199684143066,6.0,True,581,108
2017-04-15-199,2017-04-15,FUV2,30886053,13,131309,-0.03154065917739688,17.791199684143066,6.0,True,638,3910
2017-04-15-200,2017-04-15,FUV2,30886053,12,131322,-0.14465148590226526,17.791199684143066,6.0,True,658,3657
2017-04-15-201,2017-04-15,FUV2,30886053,16,131334,-0.15339428083209855,17.791199684143066,6.0,True,678,3720
2017-04-15-202,2017-04-15,FUV2,30886053,13,131350,-0.09475808842152497,17.791199684143066,6.0,True,705,3908
2017-04-15-203,2017-04-15,FUV2,30886053,12,131363,0.05590853432780549,17.791199684143066,6.0,True,711,3787
2017-04-15-204,2017-04-15,FUV1,30886053,13,131375,0.2727087711883822,17.791199684143066,6.0,True,718,145
2017-04-15-205,2017-04-15,FUV2,30886053,17,131388,-0.21835723659797515,17.791199684143066,6.0,True,724,3850
2017-04-15-206,2017-04-15,FUV2,30886053,13,131405,-0.2730592881077608,17.791199684143066,6.0,True,738,3904
2017-04-15-207,2017-04-15,FUV1,30886053,19,131418,-0.1580760454129892,17.791199684143066,6.0,True,799,215
2017-04-15-208,2017-04-15,FUV1,30886053,20,131437,-0.3366583641830501,17.791199684143066,6.0,True,820,140
2017-04-15-209,2017-04-15,FUV1,30886056,17,131457,0.10915391458785884,17.791199684143066,6.0,True,199,263
2017-04-15-210,2017-04-15,FUV2,30886056,13,131474,0.04270079784332107,17.791199684143066,6.0,True,253,4045
2017-04-15-211,2017-04-15,FUV2,30886056,14,131487,0.04477378511203063,17.791199684143066,6.0,False,3777,295
2017-04-15-212,2017-04-15,FUV1,30886056,12,131501,-0.05868912876810749,17.791199684143066,6.0,True,299,135
2017-04-15-213,2017-04-15,FUV1,30886056,12,131513,-0.14292266056080286,17.791199684143066,6.0,True,333,188
2017-04-15-214,2017-04-15,FUV1,30886056,19,131525,0.21850349172086656,17.791199684143066,6.0,True,384,128
2017-04-15-215,2017-04-15,FUV1,30886056,14,131544,-0.11583239192644956,17.791199684143066,6.0,True,410,401
2017-04-15-216,2017-04-15,FUV1,30886056,13,131558,0.17885601904485401,17.791199684143066,6.0,True,447,271
2017-04-15-217,2017-04-15,FUV2,30886056,19,131571,-0.006203692324577724,17.791199684143066,6.0,True,581,4106
2017-04-15-218,2017-04-15,FUV2,30886056,13,131590,-0.08993745370277717,17.791199684143066,6.0,True,612,3944
2017-04-15-219,2017-04-15,FUV1,30886056,17,131603,0.05549134892137139,17.791199684143066,6.0,True,722,290
2017-04-15-220,2017-04-15,FUV2,30886056,17,131620,0.1412916130205915,17.791199684143066,6.0,True,737,4042
2017-04-15-221,2017-04-15,FUV2,30886056,13,131637,-0.02334423089949621,17.791199684143066,6.0,True,769,3743
2017-04-15-222,2017-04-15,FUV2,30886056,13,131650,0.05120951322090563,17.791199684143066,6.0,True,775,4075
2017-04-15-223,2017-04-15,FUV2,30886056,20,131663,0.06463183801622441,17.791199684143066,6.0,True,828,3943
2017-04-15-224,2017-04-15,FUV2,30886056,15,131683,-0.21190611129232628,17.791199684143066,6.0,True,886,3737
2017-04-15-225,2017-04-15,FUV1,30886056,18,131698,-0.16084161361411103,17.791199684143066,6.0,True,888,251
2017-04-15-226,2017-04-15,FUV1,30886059,13,131716,-0.10645923678056891,17.791199684143066,6.0,True,231,326
2017-04-15-227,2017-04-15,FUV2,30886059,13,131729,0.2593727979003457,17.791199684143066,6.0,False,3860,261
2017-04-15-228,2017-04-15,FUV2,30886059,13,131742,0.1033756890766651,17.791199684143066,6.0,True,286,4010
2017-04-15-229,2017-04-15,FUV2,30886059,12,131755,-0.26986418351544017,17.791199684143066,6.0,True,299,3773
2017-04-15-230,2017-04-15,FUV2,30886059,13,131767,-0.017560427394523497,17.791199684143066,6.0,True,321,3656
2017-04-15-231,2017-04-15,FUV1,30886059,13,131780,-0.21011424871983553,17.791199684143066,6.0,True,362,100
2017-04-15-232,2017-04-15,FUV1,30886059,14,131793,-0.08814874821990389,17.791199684143066,6.0,True,417,296
2017-04-15-233,2017-04-15,FUV1,30886059,16,131807,-0.24319204947234255,17.791199684143066,6.0,True,437,279
2017-04-15-234,2017-04-15,FUV2,30886059,13,131823,0.06338158784858494,17.791199684143066,6.0,True,442,3758
2017-04-15-235,2017-04-15,FUV1,30886059,13,131836,0.1597721441042428,17.791199684143066,6.0,True,502,305
2017-04-15-236,2017-04-15,FUV2,30886059,13,131849,0.24884378094000145,17.791199684143066,6.0,True,518,3730
2017-04-15-237,2017-04-15,FUV2,30886059,14,131862,-0.16048137826368344,17.791199684143066,6.0,True,519,3932
2017-04-15-238,2017-04-15,FUV1,30886059,13,131876,-0.3214886019522434,17.791199684143066,6.0,True,585,330
2017-04-15-239,2017-04-15,FUV2,30886059,12,131889,0.16771607743302697,17.791199684143066,6.0,True,607,3865
2017-04-15-240,2017-04-15,FUV2,30886059,13,131901,0.13676706805276242,17.791199684143066,6.0,True,646,3634
2017-04-15-241,2017-04-15,FUV2,30886059,13,131914,-0.07392668655350684,17.791199684143066,6.0,True,683,3844
2017-04-15-242,2017-04-15,FUV2,30886059,13,131927,-0.19217812228324738,17.791199684143066,6.0,True,772,3954
2017-04-15-243,2017-04-15,FUV1,30886059,12,131940,-0.11456296024890016,17.791199684143066,6.0,True,789,228
2017-04-15-244,2017-04-15,FUV2,30886059,20,131952,0.1448650254393691,17.791199684143066,6.0,True,799,3886
2017-04-15-245,2017-04-15,FUV1,30886059,14,131972,-0.28579133533726175,17.791199684143066,6.0,True,827,229
2017-04-15-246,2017-04-15,FUV1,30886059,12,131986,-0.0482119104225528,17.791199684143066,6.0,True,832,216
2017-04-15-247,2017-04-15,FUV2,30886062,14,131998,0.006802430113088818,17.791199684143066,6.0,True,227,3746
2017-04-15-248,2017-04-15,FUV1,30886062,15,132012,0.07776374023790011,17.791199684143066,6.0,True,299,116
2017-04-15-249,2017-04-15,FUV1,30886062,12,132027,0.21413960727539874,17.791199684143066,6.0,True,352,177
2017-04-15-250,2017-04-15,FUV2,30886062,13,132039,-0.12994836586309788,17.791199684143066,6.0,True,354,3767
2017-04-15-251,2017-04-15,FUV1,30886062,15,132052,0.03515049171681751,17.791199684143066,6.0,True,361,316
2017-04-15-252,2017-04-15,FUV2,30886062,12,132067,0.09029911655041346,17.791199684143066,6.0,True,396,3935
2017-04-15-253,2017-04-15,FUV2,30886062,14,132079,0.007607396785584733,17.791199684143066,6.0,True,401,4068
2017-04-15-254,2017-04-15,FUV1,30886062,13,132093,0.2710280787821503,17.791199684143066,6.0,True,457,311
2017-04-15-255,2017-04-15,FUV2,30886062,14,132106,0.15471689449446674,17.791199684143066,6.0,True,491,4003
2017-04-15-256,2017-04-15,FUV2,30886062,13,132120,-0.061113991092899125,17.791199684143066,6.0,True,589,3945
2017-04-15-257,2017-04-15,FUV2,30886062,12,132133,0.26814613404695864,17.791199684143066,6.0,True,666,3723
2017-04-15-258,2017-04-15,FUV2,30886062,12,132145,-0.08335257276507743,17.791199684143066,6.0,True,673,4089
2017-04-15-259,2017-04-15,FUV2,30886062,12,132157,-0.15220616695760603,17.791199684143066,6.0,True,690,3949
2017-04-15-260,2017-04-15,FUV2,30886062,17,132169,0.161817876884564,17.791199684143066,6.0,True,706,4030
2017-04-15-261,2017-04-15,FUV2,30886062,13,132186,0.2682617395225038,17.791199684143066,6.0,True,711,3905
2017-04-15-262,2017-04-15,FUV1,30886062,12,132199,0.09673793644743699,17.791199684143066,6.0,True,737,410
2017-04-15-263,2017-04-15,FUV2,30886062,17,132211,-0.04073381317480877,17.791199684143066,6.0,True,801,3762
2017-04-15-264,2017-04-15,FUV2,30886062,14,132228,-0.32466655937373834,17.791199684143066,6.0,True,812,3737
2017-04-15-265,2017-04-15,FUV1,30886062,12,132242,-0.11403188886853911,17.791199684143066,6.0,True,847,138
2017-04-15-266,2017-04-15,FUV2,30886065,18,132254,-0.19966119123608655,17.791199684143066,6.0,True,219,4009
2017-04-15-267,2017-04-15,FUV2,30886065,18,132272,-0.20902867756585394,17.791199684143066,6.0,True,246,4100
2017-04-15-268,2017-04-15,FUV1,30886065,13,132290,-0.25184470130736586,17.791199684143066,6.0,True,255,341
2017-04-15-269,2017-04-15,FUV1,30886065,13,132303,-0.01733926860774728,17.791199684143066,6.0,True,268,124
2017-04-15-270,2017-04-15,FUV2,30886065,12,132316,0.32863390720017627,17.791199684143066,6.0,True,286,4066
2017-04-15-271,2017-04-15,FUV1,30886065,12,132328,0.047936124515361916,17.791199684143066,6.0,True,299,383
2017-04-15-272,2017-04-15,FUV2,30886065,14,132340,-0.06461685136797364,17.791199684143066,6.0,True,322,3945
2017-04-15-273,2017-04-15,FUV2,30886065,16,132354,0.29557325036317544,17.791199684143066,6.0,True,346,3850
2017-04-15-274,2017-04-15,FUV2,30886065,22,132370,-0.06872076728301801,17.791199684143066,6.0,True,355,4078
2017-04-15-275,2017-04-15,FUV2,30886065,12,132392,0.0833105206872493,17.791199684143066,6.0,False,3842,429
2017-04-15-276,2017-04-15,FUV1,30886065,13,132404,-0.034788488411505586,17.791199684143066,6.0,True,450,306
2017-04-15-277,2017-04-15,FUV2,30886065,12,132417,0.2147236156220446,17.791199684143066,6.0,True,450,3997
2017-04-15-278,2017-04-15,FUV2,30886065,12,132429,0.035963112418132846,17.791199684143066,6.0,True,577,3939
2017-04-15-279,2017-04-15,FUV2,30886065,12,132441,-0.09671491682552595,17.791199684143066,6.0,True,581,3765
2017-04-15-280,2017-04-15,FUV2,30886065,21,132453,-0.06521629043677928,17.791199684143066,6.0,True,628,3738
2017-04-15-281,2017-04-15,FUV2,30886065,17,132474,0.0662452221331944,17.791199684143066,6.0,True,687,4008
2017-04-15-282,2017-04-15,FUV2,30886065,13,132491,-0.2980974241656535,17.791199684143066,6.0,True,744,4031
2017-04-15-283,2017-04-15,FUV1,30886065,13,132504,0.19351483474269784,17.791199684143066,6.0,True,750,360
2017-04-15-284,2017-04-15,FUV1,30886065,16,132517,-0.018920718063478073,17.791199684143066,6.0,True,762,372
2017-04-15-285,2017-04-15,FUV1,30886065,14,132533,0.1521453212425502,17.791199684143066,6.0,True,800,373
2017-04-15-286,2017-04-15,FUV2,30886065,16,132547,-0.04587392733688301,17.791199684143066,6.0,True,872,3749
2017-04-15-287,2017-04-15,FUV1,30886068,12,132563,0.19269857002268018,17.791199684143066,6.0,True,192,288
2017-04-15-288,2017-04-15,FUV2,30886068,17,132575,0.21568682898565678,17.791199684143066,6.0,True,230,3785
2017-04-15-289,2017-04-15,FUV1,30886068,12,132592,0.1480278752871749,17.791199684143066,6.0,True,251,165
2017-04-15-290,2017-04-15,FUV2,30886068,15,132604,-0.028773488671286675,17.791199684143066,6.0,True,314,3728
2017-04-15-291,2017-04-15,FUV2,30886068,13,132619,0.20172552571224517,17.791199684143066,6.0,False,3925,357
2017-04-15-292,2017-04-15,FUV1,30886068,19,132632,0.11384317783122179,17.791199684143066,6.0,True,410,291
2017-04-15-293,2017-04-15,FUV2,30886068,13,132651,0.008101096385591028,17.791199684143066,6.0,True,479,4097
2017-04-15-294,2017-04-15,FUV2,30886068,13,132664,-0.07138755484726272,17.791199684143066,6.0,True,501,3738
2017-04-15-295,2017-04-15,FUV2,30886068,14,132677,0.030975063945962167,17.791199684143066,6.0,True,585,3750
2017-04-15-296,2017-04-15,FUV1,30886068,22,132691,0.06557593792539132,17.791199684143066,6.0,True,677,353
2017-04-15-297,2017-04-15,FUV1,30886068,13,132713,0.12086401469822215,17.791199684143066,6.0,True,694,272
2017-04-15-298,2017-04-15,FUV1,30886068,13,132726,0.18896623158353587,17.791199684143066,6.0,True,746,380
2017-04-15-299,2017-04-15,FUV1,30886068,17,132739,-0.18826108471070147,17.791199684143066,6.0,True,785,301
2017-04-15-300,2017-04-15,FUV2,30886068,13,132756,0.01824220922767723,17.791199684143066,6.0,True,785,3868
2017-04-15-301,2017-04-15,FUV2,30886068,23,132769,-0.08248319514553124,17.791199684143066,6.0,True,806,3861
2017-04-15-302,2017-04-15,FUV2,30886068,13,132792,-0.1215964231195158,17.791199684143066,6.0,True,820,3901
2017-04-15-303,2017-04-15,FUV2,30886068,12,132805,0.2672538591908705,17.791199684143066,6.0,True,853,3931
2017-04-15-304,2017-04-15,FUV1,30886068,12,132817,-0.04404776281741415,17.791199684143066,6.0,True,871,192
2017-04-15-305,2017-04-15,FUV1,30886068,15,132829,-0.18231690711767584,17.791199684143066,6.0,True,871,298
2017-04-15-306,2017-04-15,FUV1,30886071,26,132844,-0.10188141759400826,17.791199684143066,6.0,True,354,294
2017-04-15-307,2017-04-15,FUV1,30886071,12,132870,0.07040631759900803,17.791199684143066,6.0,False,103,360
2017-04-15-308,2017-04-15,FUV2,30886071,17,132882,0.13771156008047938,17.791199684143066,6.0,True,368,3738
2017-04-15-309,2017-04-15,FUV2,30886071,13,132899,-0.06372454025572016,17.791199684143066,6.0,True,423,3661
2017-04-15-310,2017-04-15,FUV2,30886071,13,132912,-0.08516041253823217,17.791199684143066,6.0,True,527,4016
2017-04-15-311,2017-04-15,FUV2,30886071,13,132925,-0.1883659088500127,17.791199684143066,6.0,True,585,4009
2017-04-15-312,2017-04-15,FUV2,30886071,14,132938,-0.013858016266624388,17.791199684143066,6.0,True,720,3856
2017-04-15-313,2017-04-15,FUV2,30886071,15,132952,0.13920040766085712,17.791199684143066,6.0,True,799,3997
2017-04-15-314,2017-04-15,FUV1,30886071,12,132967,0.2602837031579634,17.791199684143066,6.0,True,869,283
2017-04-15-315,2017-04-15,FUV2,30886071,13,132979,0.09835936995543253,17.791199684143066,6.0,True,874,3936
2017-04-15-316,2017-04-15,FUV1,30886071,14,132992,0.2724391036440261,17.791199684143066,6.0,True,887,208
2017-04-15-317,2017-04-15,FUV1,30886074,20,133006,0.24528565007715827,17.791199684143066,6.0,True,227,328
2017-04-15-318,2017-04-15,FUV2,30886074,13,133026,0.027656056072328725,17.791199684143066,6.0,True,242,4039
2017-04-15-319,2017-04-15,FUV1,30886074,16,133039,0.09863546385318837,17.791199684143066,6.0,True,261,241
2017-04-15-320,2017-04-15,FUV2,30886074,12,133055,0.12413927128022223,17.791199684143066,6.0,True,264,3904
2017-04-15-321,2017-04-15,FUV1,30886074,14,133067,0.0009822072212157568,17.791199684143066,6.0,True,379,332
2017-04-15-322,2017-04-15,FUV1,30886074,12,133081,-0.07323483944048545,17.791199684143066,6.0,True,385,290
2017-04-15-323,2017-04-15,FUV1,30886074,21,133093,0.1977233533122702,17.791199684143066,6.0,True,458,225
2017-04-15-324,2017-04-15,FUV2,30886074,24,133114,-0.17270720607169007,17.791199684143066,6.0,True,472,3644
2017-04-15-325,2017-04-15,FUV1,30886074,16,133138,-0.00029548996915113154,17.791199684143066,6.0,True,489,376
2017-04-15-326,2017-04-15,FUV2,30886074,12,133154,-0.0205745677981032,17.791199684143066,6.0,True,517,3718
2017-04-15-327,2017-04-15,FUV2,30886074,12,133166,0.1226278045720638,17.791199684143066,6.0,True,530,3742
2017-04-15-328,2017-04-15,FUV2,30886074,16,133178,0.2063805135862166,17.791199684143066,6.0,True,647,4052
2017-04-15-329,2017-04-15,FUV2,30886074,12,133194,0.1808329981350162,17.791199684143066,6.0,True,720,3854
2017-04-15-330,2017-04-15,FUV2,30886074,13,133206,-0.04111170134901189,17.791199684143066,6.0,True,722,4032
2017-04-15-331,2017-04-15,FUV2,30886074,13,133219,-0.06465454554147716,17.791199684143066,6.0,False,3655,749
2017-04-15-332,2017-04-15,FUV1,30886074,13,133232,-0.1129298950157533,17.791199684143066,6.0,True,750,394
2017-04-15-333,2017-04-15,FUV1,30886074,13,133245,0.1634692650307911,17.791199684143066,6.0,True,830,242
2017-04-15-334,2017-04-15,FUV2,30886074,16,133258,-0.26110117778609565,17.791199684143066,6.0,True,886,3730
2017-04-15-335,2017-04-15,FUV2,30886074,12,133274,0.08781997804533179,17.791199684143066,6.0,True,886,3938
2017-04-15-336,2017-04-15,FUV2,30886077,13,133286,0.2993566886363741,17.791199684143066,6.0,True,237,4002
2017-04-15-337,2017-04-15,FUV1,30886077,12,133299,0.08321965818848015,17.791199684143066,6.0,True,300,157
2017-04-15-338,2017-04-15,FUV2,30886077,13,133311,0.20428992703366564,17.791199684143066,6.0,True,310,4000
2017-04-15-339,2017-04-15,FUV1,30886077,37,133324,0.07059813672154755,17.791199684143066,6.0,True,353,279
2017-04-15-340,2017-04-15,FUV1,30886077,13,133361,-0.034166230220638874,17.791199684143066,6.0,True,361,187
2017-04-15-341,2017-04-15,FUV2,30886077,17,133374,0.15762018262884095,17.791199684143066,6.0,True,370,3889
2017-04-15-342,2017-04-15,FUV2,30886077,13,133391,0.2291587337821289,17.791199684143066,6.0,True,468,4003
2017-04-15-343,2017-04-15,FUV1,30886077,18,133404,0.19638277518530367,17.791199684143066,6.0,True,475,159
2017-04-15-344,2017-04-15,FUV1,30886077,13,133422,-0.07493577630473244,17.791199684143066,6.0,True,562,300
2017-04-15-345,2017-04-15,FUV1,30886077,17,133435,0.040412673703745544,17.791199684143066,6.0,True,573,324
2017-04-15-346,2017-04-15,FUV1,30886077,15,133452,0.0754616410269379,17.791199684143066,6.0,True,603,149
2017-04-15-347,2017-04-15,FUV2,30886077,13,133467,-0.05662663310177986,17.791199684143066,6.0,True,659,3961
2017-04-15-348,2017-04-15,FUV1,30886077,14,133480,0.07433265238262415,17.791199684143066,6.0,True,722,276
2017-04-15-349,2017-04-15,FUV2,30886077,15,133494,0.030426103292000854,17.791199684143066,6.0,True,745,3672
2017-04-15-350,2017-04-15,FUV2,30886077,12,133509,0.15614012455550394,17.791199684143066,6.0,True,747,3904
2017-04-15-351,2017-04-15,FUV1,30886077,32,133521,-0.03202754208687416,17.791199684143066,6.0,True,757,271
2017-04-15-352,2017-04-15,FUV1,30886080,18,133553,0.21393167415303932,17.791199684143066,6.0,False,253,192
2017-04-15-353,2017-04-15,FUV1,30886080,18,133571,0.12699112543459712,17.791199684143066,6.0,True,208,116
2017-04-15-354,2017-04-15,FUV1,30886080,12,133589,-0.06822103949526279,17.791199684143066,6.0,True,244,218
2017-04-15-355,2017-04-15,FUV2,30886080,12,133601,-0.05051168575443568,17.791199684143066,6.0,True,293,4042
2017-04-15-356,2017-04-15,FUV1,30886080,12,133613,-0.23634627543348058,17.791199684143066,6.0,True,298,266
2017-04-15-357,2017-04-15,FUV2,30886080,15,133625,0.11850131667139929,17.791199684143066,6.0,True,317,3749
2017-04-15-358,2017-04-15,FUV2,30886080,16,133640,-0.25656469989313213,17.791199684143066,6.0,True,358,4089
2017-04-15-359,2017-04-15,FUV2,30886080,14,133656,-0.08650562228612221,17.791199684143066,6.0,True,393,3943
2017-04-15-360,2017-04-15,FUV1,30886080,12,133670,0.16048443449736666,17.791199684143066,6.0,True,401,387
2017-04-15-361,2017-04-15,FUV1,30886080,13,133682,0.17847729314385544,17.791199684143066,6.0,True,562,390
2017-04-15-362,2017-04-15,FUV2,30886080,12,133695,0.3478285043685662,17.791199684143066,6.0,True,579,4033
2017-04-15-363,2017-04-15,FUV2,30886080,12,133707,-0.2615664905351591,17.791199684143066,6.0,True,661,4012
2017-04-15-364,2017-04-15,FUV1,30886080,13,133719,-0.004427298744839979,17.791199684143066,6.0,True,719,397
2017-04-15-365,2017-04-15,FUV2,30886080,19,133732,0.11376580355163228,17.791199684143066,6.0,True,722,3876
2017-04-15-366,2017-04-15,FUV2,30886080,22,133751,0.06686384042517297,17.791199684143066,6.0,True,764,3911
2017-04-15-367,2017-04-15,FUV2,30886080,14,133773,-0.1674496553436995,17.791199684143066,6.0,True,771,3705
2017-04-15-368,2017-04-15,FUV2,30886080,14,133787,0.10421378246836334,17.791199684143066,6.0,True,813,3954
2017-04-15-369,2017-04-15,FUV1,30886083,14,133801,0.09967952185202546,17.791199684143066,6.0,True,427,322
2017-04-15-370,2017-04-15,FUV2,30886083,12,133815,0.2614362770170373,17.791199684143066,6.0,True,436,3779
2017-04-15-371,2017-04-15,FUV2,30886083,18,133827,-0.10904456299543992,17.791199684143066,6.0,True,442,4005
2017-04-15-372,2017-04-15,FUV1,30886083,15,133845,0.09446292534238244,17.791199684143066,6.0,True,561,302
2017-04-15-373,2017-04-15,FUV2,30886083,13,133860,0.23987788398922488,17.791199684143066,6.0,True,660,3648
2017-04-15-374,2017-04-15,FUV2,30886083,13,133873,-0.08443910758483449,17.791199684143066,6.0,True,703,4012
2017-04-15-375,2017-04-15,FUV2,30886083,13,133886,0.11114091656936316,17.791199684143066,6.0,True,729,4010
2017-04-15-376,2017-04-15,FUV1,30886083,21,133899,0.04337795422411716,17.791199684143066,6.0,True,822,97
2017-04-15-377,2017-04-15,FUV2,30886083,15,133920,0.13162879593590343,17.791199684143066,6.0,True,840,3638
2017-04-15-378,2017-04-15,FUV1,30886083,12,133935,0.10204065088401848,17.791199684143066,6.0,True,882,220
2017-04-15-379,2017-04-15,FUV2,30886086,20,133947,0.004064847023557736,17.791199684143066,6.0,True,368,4010
2017-04-15-380,2017-04-15,FUV2,30886086,18,133967,0.03984524117991583,17.791199684143066,6.0,True,371,3763
2017-04-15-381,2017-04-15,FUV1,30886086,12,133985,0.17495326288283805,17.791199684143066,6.0,True,667,187
2017-04-15-382,2017-04-15,FUV2,30886086,19,133997,0.27233379226573773,17.791199684143066,6.0,True,889,4082
2017-04-15-383,2017-04-15,FUV1,30886086,18,134016,0.1951660753875811,17.791199684143066,6.0,True,890,165
2017-04-15-384,2017-04-15,FUV1,30886086,17,134034,0.1429922939160898,17.791199684143066,6.0,True,891,101
2017-04-15-385,2017-04-15,FUV2,30886089,22,134051,-0.015615539220569984,17.791199684143066,6.0,True,347,3943
2017-04-15-386,2017-04-15,FUV2,30886089,14,134073,-0.009575164019019521,17.791199684143066,6.0,True,492,3788
2017-04-15-387,2017-04-15,FUV2,30886089,12,134087,0.083175059215731,17.791199684143066,6.0,True,502,3913
2017-04-15-388,2017-04-15,FUV1,30886089,12,134099,0.20626871097064695,17.791199684143066,6.0,True,877,281
2017-04-15-389,2017-04-15,FUV2,30886092,15,134111,0.18270461400298119,17.791199684143066,6.0,True,234,3646
2017-04-15-390,2017-04-15,FUV2,30886092,13,134126,0.09590216364610828,17.791199684143066,6.0,True,675,3908
2017-04-15-391,2017-04-15,FUV1,30886092,12,134139,0.21969443602932004,17.791199684143066,6.0,True,716,106
2017-04-15-392,2017-04-15,FUV1,30886092,12,134151,0.12880150161466158,17.791199684143066,6.0,True,747,122
2017-04-15-393,2017-04-15,FUV1,30886092,24,134163,-0.02599178806354259,17.791199684143066,6.0,True,883,365
2017-04-15-394,2017-04-15,FUV1,30886095,12,134187,0.21753307175862663,17.791199684143066,6.0,True,197,346
2017-04-15-395,2017-04-15,FUV1,30886095,17,134199,0.14262530756974054,17.791199684143066,6.0,True,208,160
2017-04-15-396,2017-04-15,FUV2,30886095,15,134216,0.21661101471964456,17.791199684143066,6.0,True,229,3900
2017-04-15-397,2017-04-15,FUV2,30886095,13,134231,0.19588956064294635,17.791199684143066,6.0,True,299,3906
2017-04-15-398,2017-04-15,FUV1,30886095,15,134244,0.13633865719433313,17.791199684143066,6.0,True,481,228
2017-04-15-399,2017-04-15,FUV1,30886095,23,134259,0.04272679128012867,17.791199684143066,6.0,True,586,175
2017-04-15-400,2017-04-15,FUV2,30886095,14,134282,0.10931612023934131,17.791199684143066,6.0,True,586,4087
2017-04-15-401,2017-04-15,FUV1,30886095,17,134296,0.2976711469070804,17.791199684143066,6.0,True,668,376
2017-04-15-402,2017-04-15,FUV1,30886095,12,134313,-0.2606728778431645,17.791199684143066,6.0,False,204,716
2017-04-15-403,2017-04-15,FUV1,30886098,14,134325,0.2698689672140431,17.791199684143066,6.0,True,440,101
2017-04-15-404,2017-04-15,FUV2,30886098,20,134339,0.25266542807528364,17.791199684143066,6.0,True,468,4086
2017-04-15-405,2017-04-15,FUV2,30886098,26,134359,0.2677155928841681,17.791199684143066,6.0,True,778,3747
2017-04-15-406,2017-04-15,FUV2,30886098,18,134385,0.1353868124792562,17.791199684143066,6.0,True,841,3717
2017-04-15-407,2017-04-15,FUV1,30886101,19,134403,0.3365602898344035,17.791199684143066,6.0,True,188,117
2017-04-15-408,2017-04-15,FUV2,30886101,16,134422,0.29978710440188644,17.791199684143066,6.0,True,190,4006
2017-04-15-409,2017-04-15,FUV2,30886101,13,134438,-0.17871945090613162,17.791199684143066,6.0,True,258,3667
2017-04-15-410,2017-04-15,FUV1,30886101,16,134451,-0.20417482181717295,17.791199684143066,6.0,False,299,451
2017-04-15-411,2017-04-15,FUV1,30886101,15,134467,0.2655083292393538,17.791199684143066,6.0,True,772,110
2017-04-15-412,2017-04-15,FUV1,30886104,16,134482,0.22056313226733898,17.791199684143066,6.0,True,456,167
2017-04-15-413,2017-04-15,FUV2,30886107,23,134498,0.22906427075721977,17.791199684143066,6.0,True,192,4041
2017-04-15-414,2017-04-15,FUV1,30886107,18,134521,0.24572655884504505,17.791199684143066,6.0,True,371,356
2017-04-15-415,2017-04-15,FUV1,30886107,28,134539,0.18688318828044137,17.791199684143066,6.0,True,576,257
2017-04-15-416,2017-04-15,FUV1,30886107,14,134567,0.318428739468511,17.791199684143066,6.0,True,788,294
2017-04-15-417,2017-04-15,FUV2,30886113,16,134581,0.2350380390426168,17.791199684143066,6.0,True,324,4032
2017-04-15-418,2017-04-15,FUV1,30886116,17,134597,0.2993021937834438,17.791199684143066,6.0,True,528,152
2017-04-15-419,2017-04-15,FUV1,30886116,13,134614,0.18050649809098476,17.791199684143066,6.0,True,760,271
2019-11-13-1,2019-11-13,SJI,56733522,24,134627,-0.040087109274710056,26.6867995262146,18.0,True,239,427
2019-11-13-2,2019-11-13,SJI,56733534,17,134651,-0.17733534599220896,26.6867995262146,18.0,True,302,288
2019-11-13-3,2019-11-13,SJI,56733546,16,134668,-0.15175780098167524,26.6867995262146,18.0,True,295,371
2019-11-13-4,2019-11-13,SJI,56733558,19,134684,-0.09450031072631314,26.6867995262146,18.0,True,358,307
2019-11-13-5,2019-11-13,SJI,56734098,16,134703,-0.08495754842569771,26.6867995262146,18.0,True,230,322
2019-11-13-6,2019-11-13,SJI,56734098,12,134719,-0.11416111708371719,26.6867995262146,18.0,True,310,359
2019-11-13-7,2019-11-13,SJI,56734122,12,134731,-0.21284231626095987,26.6867995262146,18.0,True,304,344
2019-11-13-8,2019-11-13,SJI,56734122,13,134743,0.22655376376079808,26.6867995262146,18.0,True,347,252
2019-11-13-9,2019-11-13,SJI,56734122,12,134756,-0.11147727892678207,26.6867995262146,18.0,True,377,256
2019-11-13-10,2019-11-13,SJI,56734134,13,134768,-0.06699791661243688,26.6867995262146,18.0,False,355,313
2019-11-13-11,2019-11-13,SJI,56734134,12,134781,-0.11618042658965634,26.6867995262146,18.0,True,320,327
2019-11-13-12,2019-11-13,SJI,56734662,16,134793,-0.08301105663731097,26.6867995262146,18.0,True,373,301
2019-11-13-13,2019-11-13,SJI,56734674,15,134809,0.08197968383986576,26.6867995262146,18.0,True,296,237
2019-11-13-14,2019-11-13,SJI,56734686,12,134824,0.22365198319993745,26.6867995262146,18.0,True,251,338
2019-11-13-15,2019-11-13,SJI,56734686,17,134836,0.07083578732463018,26.6867995262146,18.0,True,254,332
2019-11-13-16,2019-11-13,SJI,56734710,12,134853,-0.15057428658107036,26.6867995262146,18.0,False,386,234
2019-11-13-17,2019-11-13,SJI,56734710,13,134865,-0.12626159296505235,26.6867995262146,18.0,False,254,357
2019-11-13-18,2019-11-13,SJI,56736342,13,134878,0.18731349021932334,26.6867995262146,18.0,True,238,263
2019-11-13-19,2019-11-13,FUV1,56733512,12,134891,0.02231088686748977,17.791199684143066,6.0,True,392,1739
2019-11-13-20,2019-11-13,FUV1,56733521,13,134903,-0.005793673819338346,17.791199684143066,6.0,True,289,1820
2019-11-13-21,2019-11-13,FUV1,56733521,22,134916,-0.22636664343852358,17.791199684143066,6.0,True,462,340
2019-11-13-22,2019-11-13,FUV1,56733521,13,134938,0.022558996407649978,17.791199684143066,6.0,True,467,1396
2019-11-13-23,2019-11-13,FUV1,56733527,13,134951,-0.13198987504027632,17.791199684143066,6.0,True,295,340
2019-11-13-24,2019-11-13,FUV1,56733527,15,134964,-0.04468694893778778,17.791199684143066,6.0,True,689,1410
2019-11-13-25,2019-11-13,FUV1,56733530,19,134979,-0.22630174521109064,17.791199684143066,6.0,True,212,400
2019-11-13-26,2019-11-13,FUV1,56733530,18,134998,-0.32088514071622104,17.791199684143066,6.0,True,421,1856
2019-11-13-27,2019-11-13,FUV1,56733530,15,135016,-0.15187321690047823,17.791199684143066,6.0,True,503,1634
2019-11-13-28,2019-11-13,FUV1,56733533,13,135031,0.05649281162115013,17.791199684143066,6.0,True,371,361
2019-11-13-29,2019-11-13,FUV1,56733533,16,135044,-0.11874225577976483,17.791199684143066,6.0,True,451,1803
2019-11-13-30,2019-11-13,FUV1,56733533,16,135060,-0.1471618952213891,17.791199684143066,6.0,True,839,1428
2019-11-13-31,2019-11-13,FUV1,56733536,15,135076,-0.13682105041298423,17.791199684143066,6.0,True,440,1615
2019-11-13-32,2019-11-13,FUV1,56733536,20,135091,-0.17185840504627337,17.791199684143066,6.0,True,516,349
2019-11-13-33,2019-11-13,FUV1,56733536,16,135111,-0.26293132403592934,17.791199684143066,6.0,True,543,1743
2019-11-13-34,2019-11-13,FUV1,56733539,22,135127,-0.05961884365450273,17.791199684143066,6.0,True,217,268
2019-11-13-35,2019-11-13,FUV1,56733539,19,135149,-0.200778371214043,17.791199684143066,6.0,True,257,1743
2019-11-13-36,2019-11-13,FUV1,56733539,13,135168,-0.06997402489383586,17.791199684143066,6.0,True,261,1770
2019-11-13-37,2019-11-13,FUV1,56733539,18,135181,0.04656826156700926,17.791199684143066,6.0,True,425,1736
2019-11-13-38,2019-11-13,FUV1,56733539,22,135199,-0.22559511645012942,17.791199684143066,6.0,True,460,1399
2019-11-13-39,2019-11-13,FUV1,56733539,18,135221,-0.10256839445311004,17.791199684143066,6.0,True,497,1298
2019-11-13-40,2019-11-13,FUV1,56733539,12,135239,-0.2067014150806985,17.791199684143066,6.0,True,533,1389
2019-11-13-41,2019-11-13,FUV1,56733539,12,135251,0.10123288462016335,17.791199684143066,6.0,True,689,115
2019-11-13-42,2019-11-13,FUV1,56733542,14,135263,0.10276310238293548,17.791199684143066,6.0,True,188,134
2019-11-13-43,2019-11-13,FUV1,56733542,14,135277,-0.180278418251595,17.791199684143066,6.0,True,188,1717
2019-11-13-44,2019-11-13,FUV1,56733542,15,135291,-0.1277460512074007,17.791199684143066,6.0,True,471,1902
2019-11-13-45,2019-11-13,FUV1,56733545,13,135306,-0.0951027244611515,17.791199684143066,6.0,True,291,362
2019-11-13-46,2019-11-13,FUV1,56733545,12,135319,-0.17139328346739974,17.791199684143066,6.0,True,387,1761
2019-11-13-47,2019-11-13,FUV1,56733545,13,135331,-0.24262441308679542,17.791199684143066,6.0,True,394,1405
2019-11-13-48,2019-11-13,FUV1,56733545,13,135344,-0.33886286606994853,17.791199684143066,6.0,True,872,1390
2019-11-13-49,2019-11-13,FUV1,56733548,27,135357,-0.06528819693318802,17.791199684143066,6.0,True,198,1278
2019-11-13-50,2019-11-13,FUV1,56733548,23,135384,-0.20155734364706232,17.791199684143066,6.0,True,224,1344
2019-11-13-51,2019-11-13,FUV1,56733548,22,135407,-0.20568986600214442,17.791199684143066,6.0,True,239,1402
2019-11-13-52,2019-11-13,FUV1,56733548,15,135429,0.028218800336241214,17.791199684143066,6.0,True,301,1699
2019-11-13-53,2019-11-13,FUV1,56733548,12,135444,-0.3044849917581072,17.791199684143066,6.0,True,423,420
2019-11-13-54,2019-11-13,FUV1,56733548,27,135456,-0.10861051654225926,17.791199684143066,6.0,True,491,119
2019-11-13-55,2019-11-13,FUV1,56733548,16,135483,-0.2069862553495249,17.791199684143066,6.0,True,500,1440
2019-11-13-56,2019-11-13,FUV1,56733551,18,135499,0.0219352844727837,17.791199684143066,6.0,True,245,1416
2019-11-13-57,2019-11-13,FUV1,56733551,12,135517,0.04967459911570913,17.791199684143066,6.0,True,308,1682
2019-11-13-58,2019-11-13,FUV1,56733551,17,135529,0.0712923540917957,17.791199684143066,6.0,True,317,267
2019-11-13-59,2019-11-13,FUV1,56733551,24,135546,0.11524323825197959,17.791199684143066,6.0,True,415,344
2019-11-13-60,2019-11-13,FUV1,56733551,13,135570,-0.21312333446952814,17.791199684143066,6.0,True,470,265
2019-11-13-61,2019-11-13,FUV1,56733551,23,135583,0.10425010335265959,17.791199684143066,6.0,True,509,1814
2019-11-13-62,2019-11-13,FUV1,56733551,13,135606,0.1744648469253063,17.791199684143066,6.0,True,543,1415
2019-11-13-63,2019-11-13,FUV1,56733551,12,135619,-0.0027163980386247476,17.791199684143066,6.0,True,599,1617
2019-11-13-64,2019-11-13,FUV1,56733554,19,135631,-0.13655827186026415,17.791199684143066,6.0,True,188,423
2019-11-13-65,2019-11-13,FUV1,56733554,13,135650,-0.27808093410032186,17.791199684143066,6.0,True,188,1340
2019-11-13-66,2019-11-13,FUV1,56733554,12,135663,-0.021549355836258614,17.791199684143066,6.0,True,220,1757
2019-11-13-67,2019-11-13,FUV1,56733554,12,135675,-6.133404434451552e-15,17.791199684143066,6.0,True,245,352
2019-11-13-68,2019-11-13,FUV1,56733554,16,135687,-0.13696956917430728,17.791199684143066,6.0,True,344,1266
2019-11-13-69,2019-11-13,FUV1,56733554,32,135703,0.06692254237766816,17.791199684143066,6.0,True,344,1287
2019-11-13-70,2019-11-13,FUV1,56733554,15,135735,-0.100680356041466,17.791199684143066,6.0,True,434,138
2019-11-13-71,2019-11-13,FUV1,56733554,13,135750,-0.06560242993907153,17.791199684143066,6.0,False,1683,814
2019-11-13-72,2019-11-13,FUV1,56733557,19,135763,0.06508255439907137,17.791199684143066,6.0,True,333,1334
2019-11-13-73,2019-11-13,FUV1,56733557,13,135782,-0.05346124226755848,17.791199684143066,6.0,True,362,1466
2019-11-13-74,2019-11-13,FUV1,56733557,28,135795,0.07328399157332532,17.791199684143066,6.0,True,391,1408
2019-11-13-75,2019-11-13,FUV1,56733557,13,135823,0.10967089472318081,17.791199684143066,6.0,True,467,1438
2019-11-13-76,2019-11-13,FUV1,56733557,25,135836,-0.2644476739978411,17.791199684143066,6.0,True,504,140
2019-11-13-77,2019-11-13,FUV1,56733557,15,135861,-0.013379365726186804,17.791199684143066,6.0,True,547,1385
2019-11-13-78,2019-11-13,FUV1,56733557,12,135876,-0.15745910897790738,17.791199684143066,6.0,True,638,1768
2019-11-13-79,2019-11-13,FUV1,56733557,14,135888,-0.065868448885563,17.791199684143066,6.0,True,894,1286
2019-11-13-80,2019-11-13,FUV1,56733560,13,135902,0.22160952630387062,17.791199684143066,6.0,True,270,1327
2019-11-13-81,2019-11-13,FUV1,56733560,27,135915,0.12638128459067807,17.791199684143066,6.0,True,282,1818
2019-11-13-82,2019-11-13,FUV1,56733560,14,135942,0.1164916139969687,17.791199684143066,6.0,True,297,1679
2019-11-13-83,2019-11-13,FUV1,56733560,15,135956,0.23466452849671499,17.791199684143066,6.0,True,363,1668
2019-11-13-84,2019-11-13,FUV1,56733560,14,135971,-0.004455114894250981,17.791199684143066,6.0,True,379,1397
2019-11-13-85,2019-11-13,FUV1,56733560,19,135985,0.0005659130027490157,17.791199684143066,6.0,True,404,1381
2019-11-13-86,2019-11-13,FUV1,56733560,30,136004,0.005749452933898386,17.791199684143066,6.0,True,430,1735
2019-11-13-87,2019-11-13,FUV1,56733560,16,136034,-0.2647419438504026,17.791199684143066,6.0,True,474,1794
2019-11-13-88,2019-11-13,FUV1,56733560,33,136050,-0.04553054191348195,17.791199684143066,6.0,True,502,107
2019-11-13-89,2019-11-13,FUV1,56733560,20,136083,-0.007982077645687969,17.791199684143066,6.0,True,506,1903
2019-11-13-90,2019-11-13,FUV1,56733560,16,136103,0.14102512598652994,17.791199684143066,6.0,True,507,1805
2019-11-13-91,2019-11-13,FUV1,56733560,20,136119,0.019411611616612652,17.791199684143066,6.0,True,511,394
2019-11-13-92,2019-11-13,FUV1,56733563,12,136139,0.295330024872961,17.791199684143066,6.0,True,213,1686
2019-11-13-93,2019-11-13,FUV1,56733563,18,136151,-0.13818295427883537,17.791199684143066,6.0,True,219,1312
2019-11-13-94,2019-11-13,FUV1,56733563,15,136169,-0.07800212655908166,17.791199684143066,6.0,True,222,107
2019-11-13-95,2019-11-13,FUV1,56733563,19,136184,0.0020484796189944765,17.791199684143066,6.0,True,322,111
2019-11-13-96,2019-11-13,FUV1,56733563,19,136203,-0.07260937198168856,17.791199684143066,6.0,True,447,1731
2019-11-13-97,2019-11-13,FUV1,56733563,13,136222,0.03960227706276189,17.791199684143066,6.0,True,523,1268
2019-11-13-98,2019-11-13,FUV1,56733563,18,136235,0.03205809547011539,17.791199684143066,6.0,True,574,1382
2019-11-13-99,2019-11-13,FUV1,56733563,19,136253,-0.16026268977468736,17.791199684143066,6.0,True,755,1741
2019-11-13-100,2019-11-13,FUV1,56733566,12,136272,0.12158869555401772,17.791199684143066,6.0,True,334,277
2019-11-13-101,2019-11-13,FUV1,56733566,13,136284,0.2834909421576169,17.791199684143066,6.0,True,353,1285
2019-11-13-102,2019-11-13,FUV1,56733566,12,136297,0.12786099249598595,17.791199684143066,6.0,True,378,1406
2019-11-13-103,2019-11-13,FUV1,56733566,12,136309,0.15664793983978145,17.791199684143066,6.0,True,382,1315
2019-11-13-104,2019-11-13,FUV1,56733566,13,136321,0.06608429862686974,17.791199684143066,6.0,True,394,1646
2019-11-13-105,2019-11-13,FUV1,56733566,35,136334,0.12556081113016887,17.791199684143066,6.0,True,454,1386
2019-11-13-106,2019-11-13,FUV1,56733566,22,136369,0.07500678663985233,17.791199684143066,6.0,True,458,1425
2019-11-13-107,2019-11-13,FUV1,56733566,14,136391,-0.15103281985144792,17.791199684143066,6.0,True,478,1871
2019-11-13-108,2019-11-13,FUV1,56733566,22,136405,0.2281205567490044,17.791199684143066,6.0,True,522,1879
2019-11-13-109,2019-11-13,FUV1,56733566,18,136427,-0.03818153006892104,17.791199684143066,6.0,True,717,1909
2019-11-13-110,2019-11-13,FUV1,56733566,15,136445,-0.03454882562833124,17.791199684143066,6.0,False,1617,801
2019-11-13-111,2019-11-13,FUV1,56733569,14,136460,0.08903406598619604,17.791199684143066,6.0,True,240,129
2019-11-13-112,2019-11-13,FUV1,56733569,13,136474,-0.16828066986199217,17.791199684143066,6.0,True,282,1640
2019-11-13-113,2019-11-13,FUV1,56733569,13,136487,0.25706502071743964,17.791199684143066,6.0,True,338,146
2019-11-13-114,2019-11-13,FUV1,56733569,12,136500,-0.09854136525599476,17.791199684143066,6.0,True,338,1656
2019-11-13-115,2019-11-13,FUV1,56733569,12,136512,-0.021258444027178282,17.791199684143066,6.0,True,364,250
2019-11-13-116,2019-11-13,FUV1,56733569,15,136524,0.054635581102527656,17.791199684143066,6.0,True,367,1810
2019-11-13-117,2019-11-13,FUV1,56733569,27,136539,0.005912566220657641,17.791199684143066,6.0,True,468,1758
2019-11-13-118,2019-11-13,FUV1,56733569,13,136566,0.035251225937895606,17.791199684143066,6.0,True,496,1830
2019-11-13-119,2019-11-13,FUV1,56733569,13,136579,-0.08358111857842031,17.791199684143066,6.0,True,705,180
2019-11-13-120,2019-11-13,FUV1,56733572,12,136592,0.019252525221274606,17.791199684143066,6.0,True,228,1909
2019-11-13-121,2019-11-13,FUV1,56733572,12,136604,-0.13427165500468694,17.791199684143066,6.0,True,239,1617
2019-11-13-122,2019-11-13,FUV1,56733572,13,136616,0.012236411919273391,17.791199684143066,6.0,True,277,1729
2019-11-13-123,2019-11-13,FUV1,56733572,14,136629,0.010687876920447521,17.791199684143066,6.0,False,1420,296
2019-11-13-124,2019-11-13,FUV1,56733572,12,136643,0.003534346720430506,17.791199684143066,6.0,True,347,411
2019-11-13-125,2019-11-13,FUV1,56733575,13,136655,0.1540725370980588,17.791199684143066,6.0,True,246,283
2019-11-13-126,2019-11-13,FUV1,56733575,19,136668,0.32322475968669556,17.791199684143066,6.0,True,356,1280
2019-11-13-127,2019-11-13,FUV1,56733575,12,136687,-0.12149206842701031,17.791199684143066,6.0,True,443,1438
2019-11-13-128,2019-11-13,FUV1,56733575,15,136699,0.16320356732219202,17.791199684143066,6.0,True,539,1615
2019-11-13-129,2019-11-13,FUV1,56733575,13,136714,0.12786130134058987,17.791199684143066,6.0,True,895,1289
2019-11-13-130,2019-11-13,FUV1,56733578,15,136727,0.3196738201050085,17.791199684143066,6.0,True,188,1385
2019-11-13-131,2019-11-13,FUV1,56733578,20,136742,0.16545424657193702,17.791199684143066,6.0,True,251,393
2019-11-13-132,2019-11-13,FUV1,56733578,15,136762,-0.0021847138756561305,17.791199684143066,6.0,True,430,436
2019-11-13-133,2019-11-13,FUV1,56733578,21,136777,0.2510827981611393,17.791199684143066,6.0,True,510,1309
2019-11-13-134,2019-11-13,FUV1,56733581,15,136798,0.12387592055853759,17.791199684143066,6.0,True,188,1751
2019-11-13-135,2019-11-13,FUV1,56733581,18,136813,0.2667017659434515,17.791199684143066,6.0,True,269,186
2019-11-13-136,2019-11-13,FUV1,56733581,14,136831,0.31544750037689984,17.791199684143066,6.0,True,376,1309
2019-11-13-137,2019-11-13,FUV1,56733581,14,136845,0.32923753991214405,17.791199684143066,6.0,True,694,1871
2019-11-13-138,2019-11-13,FUV1,56733584,16,136859,0.20662793530731027,17.791199684143066,6.0,True,491,262
2019-11-13-139,2019-11-13,FUV1,56733584,15,136875,0.011982422173760323,17.791199684143066,6.0,True,543,436
2019-11-13-140,2019-11-13,FUV1,56733587,19,136890,0.21551303357321044,17.791199684143066,6.0,True,234,265
2019-11-13-141,2019-11-13,FUV1,56733587,13,136909,0.21159793798267612,17.791199684143066,6.0,True,421,1351
2019-11-13-142,2019-11-13,FUV1,56733587,14,136922,0.10286420117649164,17.791199684143066,6.0,True,487,1723
2019-11-13-143,2019-11-13,FUV1,56733587,16,136936,0.286328270808426,17.791199684143066,6.0,True,505,1872
2019-11-13-144,2019-11-13,FUV1,56733590,12,136952,0.3253091758183086,17.791199684143066,6.0,True,379,1898
2019-11-13-145,2019-11-13,FUV1,56733602,15,136964,0.3179663181311175,17.791199684143066,6.0,False,1678,292
2019-11-13-146,2019-11-13,FUV1,56733635,13,136979,-0.18190723024587804,17.791199684143066,6.0,False,1824,433
2019-11-13-147,2019-11-13,FUV1,56734064,18,136992,-0.15370801727064165,17.791199684143066,6.0,True,288,432
2019-11-13-148,2019-11-13,FUV1,56734064,13,137010,0.008708600442197522,17.791199684143066,6.0,False,1726,481
2019-11-13-149,2019-11-13,FUV1,56734067,21,137023,-0.3386931499040019,17.791199684143066,6.0,True,432,1684
2019-11-13-150,2019-11-13,FUV1,56734067,18,137044,-0.2520716758790907,17.791199684143066,6.0,True,682,1609
2019-11-13-151,2019-11-13,FUV1,56734070,16,137062,-0.32893650165596944,17.791199684143066,6.0,True,441,1449
2019-11-13-152,2019-11-13,FUV1,56734073,14,137078,-0.22111201070366215,17.791199684143066,6.0,True,238,1427
2019-11-13-153,2019-11-13,FUV1,56734073,13,137092,-0.1941497780980092,17.791199684143066,6.0,True,255,373
2019-11-13-154,2019-11-13,FUV1,56734076,12,137105,-0.29045761562442646,17.791199684143066,6.0,True,381,1420
2019-11-13-155,2019-11-13,FUV1,56734079,22,137117,-0.1919528224114263,17.791199684143066,6.0,True,309,1292
2019-11-13-156,2019-11-13,FUV1,56734079,34,137139,-0.10340121206625814,17.791199684143066,6.0,True,354,1314
2019-11-13-157,2019-11-13,FUV1,56734082,12,137173,0.1718339706964714,17.791199684143066,6.0,True,292,1689
2019-11-13-158,2019-11-13,FUV1,56734082,19,137185,-0.13063841680080718,17.791199684143066,6.0,True,377,392
2019-11-13-159,2019-11-13,FUV1,56734082,15,137204,-0.05868696471643487,17.791199684143066,6.0,True,443,172
2019-11-13-160,2019-11-13,FUV1,56734082,12,137219,-0.25453231806930277,17.791199684143066,6.0,True,765,1859
2019-11-13-161,2019-11-13,FUV1,56734085,18,137231,-0.22374603711948837,17.791199684143066,6.0,True,243,1743
2019-11-13-162,2019-11-13,FUV1,56734085,20,137249,-0.18119469664142426,17.791199684143066,6.0,True,252,1727
2019-11-13-163,2019-11-13,FUV1,56734085,17,137269,-0.2092487349684717,17.791199684143066,6.0,True,348,1458
2019-11-13-164,2019-11-13,FUV1,56734085,13,137286,-0.2604768749017159,17.791199684143066,6.0,True,465,1672
2019-11-13-165,2019-11-13,FUV1,56734088,16,137299,-0.030000957525055817,17.791199684143066,6.0,True,261,148
2019-11-13-166,2019-11-13,FUV1,56734088,13,137315,-0.19272874577737595,17.791199684143066,6.0,True,293,1897
2019-11-13-167,2019-11-13,FUV1,56734088,27,137328,0.02497842462506997,17.791199684143066,6.0,True,404,1666
2019-11-13-168,2019-11-13,FUV1,56734088,20,137355,-0.2008295649463715,17.791199684143066,6.0,True,466,1420
2019-11-13-169,2019-11-13,FUV1,56734088,12,137375,-0.21222783373147106,17.791199684143066,6.0,True,502,1650
2019-11-13-170,2019-11-13,FUV1,56734088,16,137387,-0.004903283903689936,17.791199684143066,6.0,True,561,1804
2019-11-13-171,2019-11-13,FUV1,56734088,12,137403,-0.008184051537187566,17.791199684143066,6.0,True,728,1340
2019-11-13-172,2019-11-13,FUV1,56734091,13,137415,-0.23268339839830185,17.791199684143066,6.0,True,203,1832
2019-11-13-173,2019-11-13,FUV1,56734091,13,137428,-0.27857595761798226,17.791199684143066,6.0,True,221,1637
2019-11-13-174,2019-11-13,FUV1,56734091,12,137441,-0.021927644380908395,17.791199684143066,6.0,True,350,1432
2019-11-13-175,2019-11-13,FUV1,56734094,15,137453,-0.1574416470848278,17.791199684143066,6.0,True,295,1826
2019-11-13-176,2019-11-13,FUV1,56734094,18,137468,-0.13161302958851312,17.791199684143066,6.0,True,406,1854
2019-11-13-177,2019-11-13,FUV1,56734094,16,137486,0.2944167129944915,17.791199684143066,6.0,True,474,1826
2019-11-13-178,2019-11-13,FUV1,56734094,15,137502,-0.14354206577418308,17.791199684143066,6.0,True,788,1784
2019-11-13-179,2019-11-13,FUV1,56734097,17,137517,-0.3438706179598923,17.791199684143066,6.0,True,218,383
2019-11-13-180,2019-11-13,FUV1,56734097,15,137534,-0.304699482915973,17.791199684143066,6.0,True,262,1863
2019-11-13-181,2019-11-13,FUV1,56734097,17,137549,-0.1470288386320198,17.791199684143066,6.0,True,277,1319
2019-11-13-182,2019-11-13,FUV1,56734097,14,137566,0.23998599451238842,17.791199684143066,6.0,True,310,1601
2019-11-13-183,2019-11-13,FUV1,56734097,13,137580,-0.07453584311538494,17.791199684143066,6.0,True,312,1705
2019-11-13-184,2019-11-13,FUV1,56734097,13,137593,0.017372884085392087,17.791199684143066,6.0,True,370,1261
2019-11-13-185,2019-11-13,FUV1,56734097,20,137606,-0.1268985068772842,17.791199684143066,6.0,True,373,377
2019-11-13-186,2019-11-13,FUV1,56734097,18,137626,-0.22075343587316187,17.791199684143066,6.0,True,446,335
2019-11-13-187,2019-11-13,FUV1,56734097,15,137644,0.03575780598009714,17.791199684143066,6.0,True,480,1865
2019-11-13-188,2019-11-13,FUV1,56734097,16,137659,-0.2528731910389156,17.791199684143066,6.0,True,518,1741
2019-11-13-189,2019-11-13,FUV1,56734097,13,137675,0.19876439187651926,17.791199684143066,6.0,True,777,338
2019-11-13-190,2019-11-13,FUV1,56734097,12,137688,-0.020814899426528175,17.791199684143066,6.0,True,806,1253
2019-11-13-191,2019-11-13,FUV1,56734097,12,137700,-0.20129641499962772,17.791199684143066,6.0,True,851,1889
2019-11-13-192,2019-11-13,FUV1,56734100,12,137712,0.14361790625795645,17.791199684143066,6.0,True,232,1806
2019-11-13-193,2019-11-13,FUV1,56734100,12,137724,-0.011974947241849826,17.791199684143066,6.0,True,304,1643
2019-11-13-194,2019-11-13,FUV1,56734100,17,137736,0.19909533636728122,17.791199684143066,6.0,True,342,262
2019-11-13-195,2019-11-13,FUV1,56734100,16,137753,-0.2752102631103869,17.791199684143066,6.0,True,461,1786
2019-11-13-196,2019-11-13,FUV1,56734100,14,137769,-0.27861783832352677,17.791199684143066,6.0,True,494,1419
2019-11-13-197,2019-11-13,FUV1,56734100,18,137783,-0.0009836458666678794,17.791199684143066,6.0,True,535,1796
2019-11-13-198,2019-11-13,FUV1,56734100,12,137801,0.026339788886294704,17.791199684143066,6.0,True,758,381
2019-11-13-199,2019-11-13,FUV1,56734100,17,137813,0.25693995328727615,17.791199684143066,6.0,True,792,1368
2019-11-13-200,2019-11-13,FUV1,56734100,12,137830,0.07868816301065658,17.791199684143066,6.0,True,866,1793
2019-11-13-201,2019-11-13,FUV1,56734103,12,137842,-0.2661267303745526,17.791199684143066,6.0,True,203,1740
2019-11-13-202,2019-11-13,FUV1,56734103,13,137854,-0.09504334576640917,17.791199684143066,6.0,True,215,180
2019-11-13-203,2019-11-13,FUV1,56734103,15,137867,-0.09274925264305718,17.791199684143066,6.0,True,350,1711
2019-11-13-204,2019-11-13,FUV1,56734103,18,137882,0.1566652193696523,17.791199684143066,6.0,True,398,1798
2019-11-13-205,2019-11-13,FUV1,56734103,13,137900,0.2684747155456257,17.791199684143066,6.0,True,403,1311
2019-11-13-206,2019-11-13,FUV1,56734103,12,137913,-0.2534477307772246,17.791199684143066,6.0,True,435,1774
2019-11-13-207,2019-11-13,FUV1,56734103,13,137925,0.21536797583736605,17.791199684143066,6.0,False,1409,499
2019-11-13-208,2019-11-13,FUV1,56734103,12,137938,-0.024210658830630186,17.791199684143066,6.0,True,579,257
2019-11-13-209,2019-11-13,FUV1,56734103,13,137950,-0.26733929780023546,17.791199684143066,6.0,True,605,1829
2019-11-13-210,2019-11-13,FUV1,56734103,13,137963,0.16311851003677919,17.791199684143066,6.0,True,814,1310
2019-11-13-211,2019-11-13,FUV1,56734103,15,137976,0.12333255651852079,17.791199684143066,6.0,True,860,1771
2019-11-13-212,2019-11-13,FUV1,56734106,13,137991,-0.22814038706465395,17.791199684143066,6.0,True,193,1606
2019-11-13-213,2019-11-13,FUV1,56734106,15,138004,-0.11719254876717534,17.791199684143066,6.0,True,215,143
2019-11-13-214,2019-11-13,FUV1,56734106,16,138019,-0.08229439406842702,17.791199684143066,6.0,True,219,344
2019-11-13-215,2019-11-13,FUV1,56734106,14,138035,0.20029988836231624,17.791199684143066,6.0,True,224,285
2019-11-13-216,2019-11-13,FUV1,56734106,12,138049,-0.09263735518652738,17.791199684143066,6.0,True,225,1751
2019-11-13-217,2019-11-13,FUV1,56734106,12,138061,-0.14430160819702403,17.791199684143066,6.0,True,270,1770
2019-11-13-218,2019-11-13,FUV1,56734106,15,138073,0.03174779978030118,17.791199684143066,6.0,True,354,1665
2019-11-13-219,2019-11-13,FUV1,56734106,15,138088,-0.101610016906732,17.791199684143066,6.0,True,361,412
2019-11-13-220,2019-11-13,FUV1,56734106,14,138103,-0.1751916039965552,17.791199684143066,6.0,True,424,1890
2019-11-13-221,2019-11-13,FUV1,56734106,13,138117,-0.09802124616463426,17.791199684143066,6.0,True,757,1275
2019-11-13-222,2019-11-13,FUV1,56734106,12,138130,0.2700439549947591,17.791199684143066,6.0,True,801,248
2019-11-13-223,2019-11-13,FUV1,56734109,20,138142,-0.19875465688082147,17.791199684143066,6.0,True,188,1682
2019-11-13-224,2019-11-13,FUV1,56734109,13,138162,0.052614051854670364,17.791199684143066,6.0,True,214,1739
2019-11-13-225,2019-11-13,FUV1,56734109,16,138175,0.27282179185099187,17.791199684143066,6.0,False,1886,219
2019-11-13-226,2019-11-13,FUV1,56734109,17,138191,-0.09965435912388962,17.791199684143066,6.0,True,220,1374
2019-11-13-227,2019-11-13,FUV1,56734109,12,138208,0.030962309327589713,17.791199684143066,6.0,True,359,1371
2019-11-13-228,2019-11-13,FUV1,56734109,25,138220,-0.05576936864210214,17.791199684143066,6.0,True,503,1421
2019-11-13-229,2019-11-13,FUV1,56734109,13,138245,0.20417428344067667,17.791199684143066,6.0,True,507,1261
2019-11-13-230,2019-11-13,FUV1,56734109,12,138258,0.30858491752637734,17.791199684143066,6.0,True,517,1853
2019-11-13-231,2019-11-13,FUV1,56734109,16,138270,0.01143791403765389,17.791199684143066,6.0,True,544,1298
2019-11-13-232,2019-11-13,FUV1,56734109,15,138286,0.05789268964294007,17.791199684143066,6.0,True,567,1272
2019-11-13-233,2019-11-13,FUV1,56734109,14,138301,-0.19496223435533885,17.791199684143066,6.0,True,639,1336
2019-11-13-234,2019-11-13,FUV1,56734109,16,138315,0.0032624780398613214,17.791199684143066,6.0,True,698,1802
2019-11-13-235,2019-11-13,FUV1,56734109,13,138331,-0.060185594431230324,17.791199684143066,6.0,True,699,1693
2019-11-13-236,2019-11-13,FUV1,56734109,13,138344,-0.11834578629967875,17.791199684143066,6.0,True,878,259
2019-11-13-237,2019-11-13,FUV1,56734112,18,138357,0.15560822732386237,17.791199684143066,6.0,True,188,1724
2019-11-13-238,2019-11-13,FUV1,56734112,13,138375,0.1337855436775063,17.791199684143066,6.0,True,196,1858
2019-11-13-239,2019-11-13,FUV1,56734112,12,138388,0.30143488538607405,17.791199684143066,6.0,True,210,1699
2019-11-13-240,2019-11-13,FUV1,56734112,20,138400,0.09779597649898551,17.791199684143066,6.0,True,228,1819
2019-11-13-241,2019-11-13,FUV1,56734112,16,138420,-0.07030262480565971,17.791199684143066,6.0,True,303,441
2019-11-13-242,2019-11-13,FUV1,56734112,12,138436,-0.2716527953644393,17.791199684143066,6.0,True,347,1251
2019-11-13-243,2019-11-13,FUV1,56734112,20,138448,-0.09825362998261176,17.791199684143066,6.0,True,364,1639
2019-11-13-244,2019-11-13,FUV1,56734112,12,138468,-0.002484205354333145,17.791199684143066,6.0,True,366,1892
2019-11-13-245,2019-11-13,FUV1,56734112,14,138480,-0.016847057020387794,17.791199684143066,6.0,True,427,1453
2019-11-13-246,2019-11-13,FUV1,56734112,16,138494,-0.20370214161750574,17.791199684143066,6.0,True,446,1274
2019-11-13-247,2019-11-13,FUV1,56734112,13,138510,-0.22292905098817617,17.791199684143066,6.0,True,457,1341
2019-11-13-248,2019-11-13,FUV1,56734112,12,138523,-0.015134971768232702,17.791199684143066,6.0,True,471,289
2019-11-13-249,2019-11-13,FUV1,56734112,15,138535,0.00756165708128318,17.791199684143066,6.0,True,471,1791
2019-11-13-250,2019-11-13,FUV1,56734112,19,138550,0.09484555390342891,17.791199684143066,6.0,True,474,1385
2019-11-13-251,2019-11-13,FUV1,56734112,13,138569,0.1047056334961556,17.791199684143066,6.0,True,530,195
2019-11-13-252,2019-11-13,FUV1,56734112,13,138582,0.09367276214644991,17.791199684143066,6.0,True,672,415
2019-11-13-253,2019-11-13,FUV1,56734112,14,138595,0.16104125603798358,17.791199684143066,6.0,True,701,1674
2019-11-13-254,2019-11-13,FUV1,56734112,12,138609,-0.3274964139365966,17.791199684143066,6.0,True,704,245
2019-11-13-255,2019-11-13,FUV1,56734112,16,138621,-0.1507947938412911,17.791199684143066,6.0,True,784,1900
2019-11-13-256,2019-11-13,FUV1,56734112,14,138637,-0.0818969563085365,17.791199684143066,6.0,True,854,1324
2019-11-13-257,2019-11-13,FUV1,56734115,13,138651,0.1508530312062294,17.791199684143066,6.0,True,225,290
2019-11-13-258,2019-11-13,FUV1,56734115,12,138664,-0.0015508851442974246,17.791199684143066,6.0,True,256,1352
2019-11-13-259,2019-11-13,FUV1,56734115,12,138676,0.0874248400365587,17.791199684143066,6.0,True,322,1336
2019-11-13-260,2019-11-13,FUV1,56734115,21,138688,-0.09377293751724154,17.791199684143066,6.0,True,353,416
2019-11-13-261,2019-11-13,FUV1,56734115,13,138709,-0.2411648155543108,17.791199684143066,6.0,True,418,1611
2019-11-13-262,2019-11-13,FUV1,56734115,12,138722,-0.16852829575807582,17.791199684143066,6.0,True,451,133
2019-11-13-263,2019-11-13,FUV1,56734115,13,138734,-0.05585668371528742,17.791199684143066,6.0,True,464,1890
2019-11-13-264,2019-11-13,FUV1,56734115,12,138747,0.04064708925399722,17.791199684143066,6.0,True,476,1764
2019-11-13-265,2019-11-13,FUV1,56734115,12,138759,-0.29799757586351017,17.791199684143066,6.0,False,1706,508
2019-11-13-266,2019-11-13,FUV1,56734115,16,138771,0.3042166782839806,17.791199684143066,6.0,True,511,1814
2019-11-13-267,2019-11-13,FUV1,56734115,12,138787,0.09980159441978229,17.791199684143066,6.0,False,1795,521
2019-11-13-268,2019-11-13,FUV1,56734115,14,138799,0.03031790210918336,17.791199684143066,6.0,True,529,355
2019-11-13-269,2019-11-13,FUV1,56734115,15,138813,-0.09467514345344182,17.791199684143066,6.0,True,535,1664
2019-11-13-270,2019-11-13,FUV1,56734115,13,138828,0.2101696050976452,17.791199684143066,6.0,True,540,1259
2019-11-13-271,2019-11-13,FUV1,56734115,12,138841,-0.00023370124856599646,17.791199684143066,6.0,True,677,1410
2019-11-13-272,2019-11-13,FUV1,56734115,12,138853,0.007034078354200799,17.791199684143066,6.0,True,693,1322
2019-11-13-273,2019-11-13,FUV1,56734115,12,138865,0.03735276653358041,17.791199684143066,6.0,False,1312,736
2019-11-13-274,2019-11-13,FUV1,56734115,12,138877,-0.03276948915864284,17.791199684143066,6.0,True,785,1268
2019-11-13-275,2019-11-13,FUV1,56734118,15,138889,0.20829739966255645,17.791199684143066,6.0,True,256,1683
2019-11-13-276,2019-11-13,FUV1,56734118,13,138904,0.21157535954956477,17.791199684143066,6.0,True,264,1886
2019-11-13-277,2019-11-13,FUV1,56734118,14,138917,-0.2814590533449336,17.791199684143066,6.0,True,267,1329
2019-11-13-278,2019-11-13,FUV1,56734118,19,138931,0.1687020063396884,17.791199684143066,6.0,True,296,1281
2019-11-13-279,2019-11-13,FUV1,56734118,13,138950,0.27114035606500486,17.791199684143066,6.0,False,1827,349
2019-11-13-280,2019-11-13,FUV1,56734118,13,138963,0.22820039038597223,17.791199684143066,6.0,True,355,1393
2019-11-13-281,2019-11-13,FUV1,56734118,18,138976,-0.03699873561230512,17.791199684143066,6.0,True,387,162
2019-11-13-282,2019-11-13,FUV1,56734118,15,138994,0.15226472973571376,17.791199684143066,6.0,True,404,1854
2019-11-13-283,2019-11-13,FUV1,56734118,13,139009,0.23984563184240348,17.791199684143066,6.0,True,412,1348
2019-11-13-284,2019-11-13,FUV1,56734118,14,139022,0.2558655642043191,17.791199684143066,6.0,True,510,1325
2019-11-13-285,2019-11-13,FUV1,56734118,14,139036,-0.034178431385076376,17.791199684143066,6.0,True,519,1757
2019-11-13-286,2019-11-13,FUV1,56734118,13,139050,-0.2609712874680055,17.791199684143066,6.0,True,545,1723
2019-11-13-287,2019-11-13,FUV1,56734118,12,139063,0.06670004875837343,17.791199684143066,6.0,True,581,1801
2019-11-13-288,2019-11-13,FUV1,56734118,18,139075,0.16826240440053103,17.791199684143066,6.0,True,626,1381
2019-11-13-289,2019-11-13,FUV1,56734118,15,139093,0.02872390633650908,17.791199684143066,6.0,True,824,1660
2019-11-13-290,2019-11-13,FUV1,56734121,12,139108,0.3058714342018024,17.791199684143066,6.0,True,294,1323
2019-11-13-291,2019-11-13,FUV1,56734121,13,139120,-0.02309297890801675,17.791199684143066,6.0,True,350,1651
2019-11-13-292,2019-11-13,FUV1,56734121,12,139133,-0.21444097708862236,17.791199684143066,6.0,True,396,373
2019-11-13-293,2019-11-13,FUV1,56734121,16,139145,-0.1884671051837305,17.791199684143066,6.0,True,400,287
2019-11-13-294,2019-11-13,FUV1,56734121,12,139161,0.20465487164071616,17.791199684143066,6.0,True,406,1637
2019-11-13-295,2019-11-13,FUV1,56734121,17,139173,-0.05419342861163133,17.791199684143066,6.0,True,439,1415
2019-11-13-296,2019-11-13,FUV1,56734121,14,139190,0.26004700581415663,17.791199684143066,6.0,True,449,1783
2019-11-13-297,2019-11-13,FUV1,56734121,12,139204,-0.09989389698732362,17.791199684143066,6.0,True,487,1273
2019-11-13-298,2019-11-13,FUV1,56734121,12,139216,-0.024038474688834795,17.791199684143066,6.0,True,490,1703
2019-11-13-299,2019-11-13,FUV1,56734121,12,139228,0.042785328207198506,17.791199684143066,6.0,True,496,1779
2019-11-13-300,2019-11-13,FUV1,56734121,13,139240,0.11668044642096671,17.791199684143066,6.0,True,509,373
2019-11-13-301,2019-11-13,FUV1,56734121,16,139253,-0.2665447486624946,17.791199684143066,6.0,True,646,1832
2019-11-13-302,2019-11-13,FUV1,56734121,17,139269,0.2652942540751933,17.791199684143066,6.0,True,647,1620
2019-11-13-303,2019-11-13,FUV1,56734121,13,139286,0.07763379768907516,17.791199684143066,6.0,True,727,1321
2019-11-13-304,2019-11-13,FUV1,56734121,15,139299,-0.10965405846195597,17.791199684143066,6.0,True,769,1620
2019-11-13-305,2019-11-13,FUV1,56734121,17,139314,-0.12112198573174718,17.791199684143066,6.0,True,794,1906
2019-11-13-306,2019-11-13,FUV1,56734121,12,139331,0.01478774446179949,17.791199684143066,6.0,False,1340,857
2019-11-13-307,2019-11-13,FUV1,56734124,14,139343,-0.08390622225639205,17.791199684143066,6.0,True,188,382
2019-11-13-308,2019-11-13,FUV1,56734124,12,139357,0.2537993196911161,17.791199684143066,6.0,True,188,1395
2019-11-13-309,2019-11-13,FUV1,56734124,12,139369,0.34362408233315894,17.791199684143066,6.0,True,192,155
2019-11-13-310,2019-11-13,FUV1,56734124,14,139381,-0.024037529191113415,17.791199684143066,6.0,False,1758,226
2019-11-13-311,2019-11-13,FUV1,56734124,12,139395,0.3308419208111842,17.791199684143066,6.0,True,239,1366
2019-11-13-312,2019-11-13,FUV1,56734124,15,139407,-0.14968245828681107,17.791199684143066,6.0,True,284,200
2019-11-13-313,2019-11-13,FUV1,56734124,12,139422,-0.29916993689046634,17.791199684143066,6.0,False,364,296
2019-11-13-314,2019-11-13,FUV1,56734124,12,139434,-0.20088878773726174,17.791199684143066,6.0,True,324,1328
2019-11-13-315,2019-11-13,FUV1,56734124,12,139446,0.23889902865047835,17.791199684143066,6.0,True,357,1757
2019-11-13-316,2019-11-13,FUV1,56734124,19,139458,-0.14547376543678978,17.791199684143066,6.0,True,377,1636
2019-11-13-317,2019-11-13,FUV1,56734124,16,139477,-0.01676597708790894,17.791199684143066,6.0,True,383,348
2019-11-13-318,2019-11-13,FUV1,56734124,12,139493,0.10566794638493207,17.791199684143066,6.0,True,448,1716
2019-11-13-319,2019-11-13,FUV1,56734124,20,139505,0.12880930251249098,17.791199684143066,6.0,True,467,1755
2019-11-13-320,2019-11-13,FUV1,56734124,15,139525,0.02536338972351399,17.791199684143066,6.0,True,493,1459
2019-11-13-321,2019-11-13,FUV1,56734124,15,139540,0.2350446885343189,17.791199684143066,6.0,True,516,113
2019-11-13-322,2019-11-13,FUV1,56734124,12,139555,0.16191007889159845,17.791199684143066,6.0,False,1760,518
2019-11-13-323,2019-11-13,FUV1,56734124,12,139567,-0.22576913850562894,17.791199684143066,6.0,True,701,1809
2019-11-13-324,2019-11-13,FUV1,56734124,15,139579,0.08432598072421305,17.791199684143066,6.0,True,722,1815
2019-11-13-325,2019-11-13,FUV1,56734124,12,139594,0.11733244217591175,17.791199684143066,6.0,True,769,411
2019-11-13-326,2019-11-13,FUV1,56734127,12,139606,0.014539424451948803,17.791199684143066,6.0,True,209,1649
2019-11-13-327,2019-11-13,FUV1,56734127,12,139618,-0.12077558338825221,17.791199684143066,6.0,True,237,1801
2019-11-13-328,2019-11-13,FUV1,56734127,13,139630,0.26144568758396586,17.791199684143066,6.0,True,261,139
2019-11-13-329,2019-11-13,FUV1,56734127,18,139643,-0.005935104111325668,17.791199684143066,6.0,True,267,1389
2019-11-13-330,2019-11-13,FUV1,56734127,12,139661,-0.023164155090137556,17.791199684143066,6.0,False,1435,290
2019-11-13-331,2019-11-13,FUV1,56734127,12,139673,0.10854448326028891,17.791199684143066,6.0,True,325,1302
2019-11-13-332,2019-11-13,FUV1,56734127,12,139685,0.02147157770872346,17.791199684143066,6.0,True,464,1791
2019-11-13-333,2019-11-13,FUV1,56734127,15,139697,-0.09415211523023116,17.791199684143066,6.0,True,464,1829
2019-11-13-334,2019-11-13,FUV1,56734127,13,139712,-0.10298656457582114,17.791199684143066,6.0,False,1821,480
2019-11-13-335,2019-11-13,FUV1,56734127,12,139725,-0.1533832243407137,17.791199684143066,6.0,True,502,1769
2019-11-13-336,2019-11-13,FUV1,56734127,12,139737,-0.1475832648864748,17.791199684143066,6.0,True,505,1362
2019-11-13-337,2019-11-13,FUV1,56734127,13,139749,-0.0925016152758717,17.791199684143066,6.0,True,508,1798
2019-11-13-338,2019-11-13,FUV1,56734127,15,139762,0.04463701020613778,17.791199684143066,6.0,True,533,1360
2019-11-13-339,2019-11-13,FUV1,56734127,18,139777,-0.08781549608169784,17.791199684143066,6.0,True,534,1712
2019-11-13-340,2019-11-13,FUV1,56734127,12,139795,-0.22740892523471462,17.791199684143066,6.0,False,343,639
2019-11-13-341,2019-11-13,FUV1,56734127,12,139807,0.09061893885688171,17.791199684143066,6.0,True,794,1628
2019-11-13-342,2019-11-13,FUV1,56734127,12,139819,0.15573451254183038,17.791199684143066,6.0,False,1698,829
2019-11-13-343,2019-11-13,FUV1,56734130,12,139831,0.18894335473947033,17.791199684143066,6.0,True,247,1771
2019-11-13-344,2019-11-13,FUV1,56734130,14,139843,0.09432169624863766,17.791199684143066,6.0,True,251,1334
2019-11-13-345,2019-11-13,FUV1,56734130,12,139857,0.210206136726075,17.791199684143066,6.0,True,270,1906
2019-11-13-346,2019-11-13,FUV1,56734130,19,139869,0.09442697709215822,17.791199684143066,6.0,True,290,423
2019-11-13-347,2019-11-13,FUV1,56734130,16,139888,-0.1041169788120471,17.791199684143066,6.0,True,322,1414
2019-11-13-348,2019-11-13,FUV1,56734130,13,139904,-0.14066627678510818,17.791199684143066,6.0,True,325,1342
2019-11-13-349,2019-11-13,FUV1,56734130,13,139917,-0.1316017151002068,17.791199684143066,6.0,True,370,415
2019-11-13-350,2019-11-13,FUV1,56734130,15,139930,0.002512072693434187,17.791199684143066,6.0,True,433,1344
2019-11-13-351,2019-11-13,FUV1,56734130,12,139945,0.04087544598918714,17.791199684143066,6.0,True,443,1796
2019-11-13-352,2019-11-13,FUV1,56734130,12,139957,0.004088955476355281,17.791199684143066,6.0,True,486,384
2019-11-13-353,2019-11-13,FUV1,56734130,13,139969,0.06379617898787399,17.791199684143066,6.0,True,495,1756
2019-11-13-354,2019-11-13,FUV1,56734130,17,139982,0.18590005813018523,17.791199684143066,6.0,True,518,1707
2019-11-13-355,2019-11-13,FUV1,56734130,13,139999,0.19704184564953472,17.791199684143066,6.0,True,571,1778
2019-11-13-356,2019-11-13,FUV1,56734130,13,140012,-0.14502483358507764,17.791199684143066,6.0,True,640,260
2019-11-13-357,2019-11-13,FUV1,56734130,13,140025,0.03471318762600418,17.791199684143066,6.0,True,658,1833
2019-11-13-358,2019-11-13,FUV1,56734130,18,140038,-0.05524636852423081,17.791199684143066,6.0,False,1284,823
2019-11-13-359,2019-11-13,FUV1,56734133,16,140056,0.0755186973233658,17.791199684143066,6.0,True,305,1435
2019-11-13-360,2019-11-13,FUV1,56734133,12,140072,-0.029566570097500633,17.791199684143066,6.0,True,329,1799
2019-11-13-361,2019-11-13,FUV1,56734133,15,140084,-0.01493369821282949,17.791199684143066,6.0,True,334,265
2019-11-13-362,2019-11-13,FUV1,56734133,16,140099,0.16337635096088837,17.791199684143066,6.0,True,430,1671
2019-11-13-363,2019-11-13,FUV1,56734133,13,140115,0.26209827891461523,17.791199684143066,6.0,True,539,1803
2019-11-13-364,2019-11-13,FUV1,56734133,12,140128,0.08104134649148932,17.791199684143066,6.0,False,1288,611
2019-11-13-365,2019-11-13,FUV1,56734133,14,140140,0.07717697273832584,17.791199684143066,6.0,True,649,1745
2019-11-13-366,2019-11-13,FUV1,56734133,13,140154,0.24252646579345985,17.791199684143066,6.0,True,692,1607
2019-11-13-367,2019-11-13,FUV1,56734133,13,140167,-0.2578083193906252,17.791199684143066,6.0,True,807,1449
2019-11-13-368,2019-11-13,FUV1,56734133,15,140180,0.0665202463222649,17.791199684143066,6.0,True,845,434
2019-11-13-369,2019-11-13,FUV1,56734136,19,140195,-0.09102800346564811,17.791199684143066,6.0,True,213,1883
2019-11-13-370,2019-11-13,FUV1,56734136,15,140214,-0.19506701303146526,17.791199684143066,6.0,True,248,1362
2019-11-13-371,2019-11-13,FUV1,56734136,13,140229,0.06170335091910125,17.791199684143066,6.0,True,255,1895
2019-11-13-372,2019-11-13,FUV1,56734136,15,140242,0.015078526982398291,17.791199684143066,6.0,True,417,182
2019-11-13-373,2019-11-13,FUV1,56734136,20,140257,0.18845405326822354,17.791199684143066,6.0,True,428,1741
2019-11-13-374,2019-11-13,FUV1,56734136,15,140277,0.16699237736024788,17.791199684143066,6.0,True,507,1287
2019-11-13-375,2019-11-13,FUV1,56734136,13,140292,0.010459087133714535,17.791199684143066,6.0,True,524,382
2019-11-13-376,2019-11-13,FUV1,56734139,12,140305,-0.1794105071187337,17.791199684143066,6.0,True,195,1396
2019-11-13-377,2019-11-13,FUV1,56734139,16,140317,0.16197618069888095,17.791199684143066,6.0,True,205,1324
2019-11-13-378,2019-11-13,FUV1,56734139,14,140333,0.014272421220964927,17.791199684143066,6.0,True,222,1302
2019-11-13-379,2019-11-13,FUV1,56734139,14,140347,0.3230446217889258,17.791199684143066,6.0,True,237,1671
2019-11-13-380,2019-11-13,FUV1,56734139,13,140361,0.09253762661512056,17.791199684143066,6.0,True,296,1307
2019-11-13-381,2019-11-13,FUV1,56734139,14,140374,0.2239423477511949,17.791199684143066,6.0,True,299,1438
2019-11-13-382,2019-11-13,FUV1,56734139,15,140388,0.2323086677284107,17.791199684143066,6.0,True,435,1267
2019-11-13-383,2019-11-13,FUV1,56734139,16,140403,-0.14578548001387148,17.791199684143066,6.0,False,182,468
2019-11-13-384,2019-11-13,FUV1,56734139,12,140419,0.23213282470069807,17.791199684143066,6.0,True,474,1856
2019-11-13-385,2019-11-13,FUV1,56734139,14,140431,0.20685746511277642,17.791199684143066,6.0,True,845,1818
2019-11-13-386,2019-11-13,FUV1,56734142,23,140445,0.1493640558569121,17.791199684143066,6.0,True,255,420
2019-11-13-387,2019-11-13,FUV1,56734142,13,140468,0.239650828331378,17.791199684143066,6.0,True,275,1668
2019-11-13-388,2019-11-13,FUV1,56734142,15,140481,-0.056357678883930944,17.791199684143066,6.0,True,291,1706
2019-11-13-389,2019-11-13,FUV1,56734142,14,140496,-0.02043786972003877,17.791199684143066,6.0,True,400,1788
2019-11-13-390,2019-11-13,FUV1,56734142,13,140510,-0.09947067666634155,17.791199684143066,6.0,True,476,136
2019-11-13-391,2019-11-13,FUV1,56734142,15,140523,-0.000992785207664987,17.791199684143066,6.0,True,719,1381
2019-11-13-392,2019-11-13,FUV1,56734145,13,140538,0.32975615182373597,17.791199684143066,6.0,True,188,176
2019-11-13-393,2019-11-13,FUV1,56734145,12,140551,-0.08447596566433975,17.791199684143066,6.0,True,334,1667
2019-11-13-394,2019-11-13,FUV1,56734145,14,140563,0.021647092402246784,17.791199684143066,6.0,True,355,1609
2019-11-13-395,2019-11-13,FUV1,56734145,16,140577,0.3130260192349375,17.791199684143066,6.0,True,399,386
2019-11-13-396,2019-11-13,FUV1,56734145,13,140593,0.047164201518277105,17.791199684143066,6.0,False,1388,404
2019-11-13-397,2019-11-13,FUV1,56734145,13,140606,-0.08153570934472087,17.791199684143066,6.0,True,523,1436
2019-11-13-398,2019-11-13,FUV1,56734145,14,140619,-0.14571616713200433,17.791199684143066,6.0,True,658,1765
2019-11-13-399,2019-11-13,FUV1,56734145,15,140633,0.08046039745402205,17.791199684143066,6.0,True,664,1378
2019-11-13-400,2019-11-13,FUV1,56734145,12,140648,-0.27506174259838484,17.791199684143066,6.0,True,711,1746
2019-11-13-401,2019-11-13,FUV1,56734145,13,140660,-0.06606703071217103,17.791199684143066,6.0,False,1708,737
2019-11-13-402,2019-11-13,FUV1,56734145,13,140673,0.027932756683417742,17.791199684143066,6.0,True,870,1404
2019-11-13-403,2019-11-13,FUV1,56734148,14,140686,0.2001093944252791,17.791199684143066,6.0,True,222,1713
2019-11-13-404,2019-11-13,FUV1,56734148,12,140700,0.282792616610326,17.791199684143066,6.0,True,295,1739
2019-11-13-405,2019-11-13,FUV1,56734148,12,140712,-0.18655863059483868,17.791199684143066,6.0,True,326,1451
2019-11-13-406,2019-11-13,FUV1,56734148,13,140724,0.341682373710475,17.791199684143066,6.0,True,331,1727
2019-11-13-407,2019-11-13,FUV1,56734148,13,140737,-0.18453694293762793,17.791199684143066,6.0,True,346,1722
2019-11-13-408,2019-11-13,FUV1,56734148,12,140750,0.18250424378694594,17.791199684143066,6.0,True,350,1316
2019-11-13-409,2019-11-13,FUV1,56734148,12,140762,-0.004670167660913202,17.791199684143066,6.0,True,358,1880
2019-11-13-410,2019-11-13,FUV1,56734148,14,140774,-0.2687646345303046,17.791199684143066,6.0,True,416,1639
2019-11-13-411,2019-11-13,FUV1,56734148,18,140788,0.02265985633676515,17.791199684143066,6.0,True,524,1895
2019-11-13-412,2019-11-13,FUV1,56734148,13,140806,0.33486146174772347,17.791199684143066,6.0,True,810,1282
2019-11-13-413,2019-11-13,FUV1,56734151,15,140819,0.14807175293279373,17.791199684143066,6.0,True,214,1856
2019-11-13-414,2019-11-13,FUV1,56734151,13,140834,0.1475222890964683,17.791199684143066,6.0,True,274,351
2019-11-13-415,2019-11-13,FUV1,56734151,16,140847,0.1725712430580485,17.791199684143066,6.0,True,416,1878
2019-11-13-416,2019-11-13,FUV1,56734151,16,140863,0.26096472186030134,17.791199684143066,6.0,True,425,337
2019-11-13-417,2019-11-13,FUV1,56734151,12,140879,0.10393760949312743,17.791199684143066,6.0,True,439,1705
2019-11-13-418,2019-11-13,FUV1,56734151,13,140891,0.20367976364411883,17.791199684143066,6.0,True,481,1382
2019-11-13-419,2019-11-13,FUV1,56734154,13,140904,0.34895724581006216,17.791199684143066,6.0,False,1354,198
2019-11-13-420,2019-11-13,FUV1,56734157,12,140917,0.1405591297621396,17.791199684143066,6.0,True,652,257
2019-11-13-421,2019-11-13,FUV1,56734160,14,140929,-0.24223651966316898,17.791199684143066,6.0,True,312,1866
2019-11-13-422,2019-11-13,FUV1,56734160,14,140943,-0.18394107312841748,17.791199684143066,6.0,True,474,1856
2019-11-13-423,2019-11-13,FUV1,56734160,12,140957,0.03478710940704174,17.791199684143066,6.0,False,1750,497
2019-11-13-424,2019-11-13,FUV1,56734160,12,140969,0.2547398814728991,17.791199684143066,6.0,True,548,1464
2019-11-13-425,2019-11-13,FUV1,56734163,25,140981,-0.13028678913114652,17.791199684143066,6.0,False,174,516
2019-11-13-426,2019-11-13,FUV1,56734166,12,141006,0.03310938264700405,17.791199684143066,6.0,True,339,1775
2019-11-13-427,2019-11-13,FUV1,56734166,14,141018,0.010305850581283615,17.791199684143066,6.0,True,386,1466
2019-11-13-428,2019-11-13,FUV1,56734169,12,141032,-0.20644561347829057,17.791199684143066,6.0,False,1730,226
2019-11-13-429,2019-11-13,FUV1,56734175,14,141044,0.08955471433410876,17.791199684143066,6.0,False,1649,209
2019-11-13-430,2019-11-13,FUV1,56734175,15,141058,0.31018055206228423,17.791199684143066,6.0,False,1654,459
2019-11-13-431,2019-11-13,FUV1,56734178,20,141073,0.18061446520288787,17.791199684143066,6.0,False,1876,380
2019-11-13-432,2019-11-13,FUV1,56734178,13,141093,0.1580279380414955,17.791199684143066,6.0,False,192,588
2019-11-13-433,2019-11-13,FUV1,56734178,15,141106,0.21000188601413664,17.791199684143066,6.0,False,1259,737
2019-11-13-434,2019-11-13,FUV1,56734184,19,141121,-0.27963016946273334,17.791199684143066,6.0,False,1866,453
2019-11-13-435,2019-11-13,FUV1,56734184,14,141140,0.30290870392383545,17.791199684143066,6.0,False,1701,464
2019-11-13-436,2019-11-13,FUV1,56734184,18,141154,0.05889778767270226,17.791199684143066,6.0,False,100,549
2019-11-13-437,2019-11-13,FUV1,56734190,21,141172,0.2518771417247725,17.791199684143066,6.0,False,1259,366
2019-11-13-438,2019-11-13,FUV1,56734640,14,141193,-0.1916728144633442,17.791199684143066,6.0,True,890,192
2019-11-13-439,2019-11-13,FUV1,56734643,19,141207,-0.23303178973429955,17.791199684143066,6.0,True,473,1751
2019-11-13-440,2019-11-13,FUV1,56734646,18,141226,-0.16606349564034667,17.791199684143066,6.0,True,280,279
2019-11-13-441,2019-11-13,FUV1,56734649,14,141244,0.10428468585380528,17.791199684143066,6.0,True,455,1619
2019-11-13-442,2019-11-13,FUV1,56734649,13,141258,0.005848858504438464,17.791199684143066,6.0,True,489,1669
2019-11-13-443,2019-11-13,FUV1,56734649,12,141271,-0.095516538356688,17.791199684143066,6.0,True,533,1452
2019-11-13-444,2019-11-13,FUV1,56734652,12,141283,-0.24120574190151234,17.791199684143066,6.0,True,202,370
2019-11-13-445,2019-11-13,FUV1,56734652,13,141295,-0.11466782355117038,17.791199684143066,6.0,True,418,281
2019-11-13-446,2019-11-13,FUV1,56734652,12,141308,0.010878510877047609,17.791199684143066,6.0,True,789,1654
2019-11-13-447,2019-11-13,FUV1,56734655,15,141320,0.0033125571032827277,17.791199684143066,6.0,True,225,200
2019-11-13-448,2019-11-13,FUV1,56734655,14,141335,0.22598861545265458,17.791199684143066,6.0,True,319,1795
2019-11-13-449,2019-11-13,FUV1,56734655,12,141349,-0.12377747577782344,17.791199684143066,6.0,True,441,110
2019-11-13-450,2019-11-13,FUV1,56734655,13,141361,-0.22770083059185758,17.791199684143066,6.0,True,523,1437
2019-11-13-451,2019-11-13,FUV1,56734655,14,141374,-0.261798188305347,17.791199684143066,6.0,True,893,1341
2019-11-13-452,2019-11-13,FUV1,56734658,33,141388,-0.048359475989009075,17.791199684143066,6.0,True,188,1267
2019-11-13-453,2019-11-13,FUV1,56734658,13,141421,-0.2605933292247866,17.791199684143066,6.0,True,207,1346
2019-11-13-454,2019-11-13,FUV1,56734658,15,141434,-0.08664447332830856,17.791199684143066,6.0,True,213,1341
2019-11-13-455,2019-11-13,FUV1,56734658,13,141449,-0.27572694747910415,17.791199684143066,6.0,True,237,1682
2019-11-13-456,2019-11-13,FUV1,56734658,16,141462,-0.16573901448660858,17.791199684143066,6.0,True,365,412
2019-11-13-457,2019-11-13,FUV1,56734658,12,141478,-0.0840747117090011,17.791199684143066,6.0,True,371,145
2019-11-13-458,2019-11-13,FUV1,56734658,47,141490,0.025626707152649336,17.791199684143066,6.0,True,487,198
2019-11-13-459,2019-11-13,FUV1,56734658,12,141537,-0.2823607216388995,17.791199684143066,6.0,True,648,1815
2019-11-13-460,2019-11-13,FUV1,56734661,23,141549,-0.053657345883588885,17.791199684143066,6.0,True,188,1713
2019-11-13-461,2019-11-13,FUV1,56734661,24,141572,0.04119701496802101,17.791199684143066,6.0,True,200,440
2019-11-13-462,2019-11-13,FUV1,56734661,15,141596,0.014150435584451063,17.791199684143066,6.0,True,279,134
2019-11-13-463,2019-11-13,FUV1,56734661,17,141611,-0.15009104321911548,17.791199684143066,6.0,True,401,1857
2019-11-13-464,2019-11-13,FUV1,56734661,13,141628,0.21066367303686773,17.791199684143066,6.0,True,464,1612
2019-11-13-465,2019-11-13,FUV1,56734661,12,141641,-0.10208927178402218,17.791199684143066,6.0,True,486,1635
2019-11-13-466,2019-11-13,FUV1,56734664,17,141653,-0.1459478083871932,17.791199684143066,6.0,True,188,1374
2019-11-13-467,2019-11-13,FUV1,56734664,24,141670,0.11069458840755826,17.791199684143066,6.0,True,228,1667
2019-11-13-468,2019-11-13,FUV1,56734664,12,141694,-0.18350755995715923,17.791199684143066,6.0,True,246,105
2019-11-13-469,2019-11-13,FUV1,56734664,16,141706,-0.11337797772148568,17.791199684143066,6.0,True,338,1464
2019-11-13-470,2019-11-13,FUV1,56734664,14,141722,-0.0019697213127866514,17.791199684143066,6.0,True,377,1759
2019-11-13-471,2019-11-13,FUV1,56734664,14,141736,0.151098273527986,17.791199684143066,6.0,True,504,1629
2019-11-13-472,2019-11-13,FUV1,56734664,15,141750,-0.07251213684757703,17.791199684143066,6.0,True,674,1283
2019-11-13-473,2019-11-13,FUV1,56734664,12,141765,0.06556957906310816,17.791199684143066,6.0,True,721,164
2019-11-13-474,2019-11-13,FUV1,56734667,16,141777,0.008455341260148689,17.791199684143066,6.0,True,189,417
2019-11-13-475,2019-11-13,FUV1,56734667,15,141793,-0.02807877011133967,17.791199684143066,6.0,True,201,1694
2019-11-13-476,2019-11-13,FUV1,56734667,19,141808,-0.3428084376316167,17.791199684143066,6.0,False,1286,207
2019-11-13-477,2019-11-13,FUV1,56734667,16,141827,0.09922947054416736,17.791199684143066,6.0,True,538,1649
2019-11-13-478,2019-11-13,FUV1,56734670,16,141843,-0.11853699085297043,17.791199684143066,6.0,True,188,1911
2019-11-13-479,2019-11-13,FUV1,56734670,13,141859,-0.07120735206747404,17.791199684143066,6.0,True,270,1662
2019-11-13-480,2019-11-13,FUV1,56734670,16,141872,-0.13947686515730454,17.791199684143066,6.0,True,298,1748
2019-11-13-481,2019-11-13,FUV1,56734670,22,141888,0.04264301372441532,17.791199684143066,6.0,True,389,1352
2019-11-13-482,2019-11-13,FUV1,56734670,21,141910,-0.05575996842428379,17.791199684143066,6.0,True,412,1793
2019-11-13-483,2019-11-13,FUV1,56734670,13,141931,-0.27675428464697954,17.791199684143066,6.0,True,480,1382
2019-11-13-484,2019-11-13,FUV1,56734670,12,141944,0.23351673731968417,17.791199684143066,6.0,True,535,1365
2019-11-13-485,2019-11-13,FUV1,56734673,14,141956,0.07695888003196881,17.791199684143066,6.0,True,191,425
2019-11-13-486,2019-11-13,FUV1,56734673,17,141970,-0.15907475217330433,17.791199684143066,6.0,False,154,387
2019-11-13-487,2019-11-13,FUV1,56734673,15,141987,0.00010319131490713219,17.791199684143066,6.0,True,395,1789
2019-11-13-488,2019-11-13,FUV1,56734673,14,142002,0.3124891690771075,17.791199684143066,6.0,True,442,1683
2019-11-13-489,2019-11-13,FUV1,56734673,16,142016,0.12885821232182204,17.791199684143066,6.0,True,504,1608
2019-11-13-490,2019-11-13,FUV1,56734673,22,142032,0.14044468102135538,17.791199684143066,6.0,True,551,252
2019-11-13-491,2019-11-13,FUV1,56734673,15,142054,0.3035145292071731,17.791199684143066,6.0,True,625,1878
2019-11-13-492,2019-11-13,FUV1,56734676,14,142069,-0.009447787922599283,17.791199684143066,6.0,True,213,1831
2019-11-13-493,2019-11-13,FUV1,56734676,15,142083,0.13262984328675792,17.791199684143066,6.0,True,233,1265
2019-11-13-494,2019-11-13,FUV1,56734676,13,142098,0.2517465702454558,17.791199684143066,6.0,True,241,1721
2019-11-13-495,2019-11-13,FUV1,56734676,13,142111,0.07741683716194625,17.791199684143066,6.0,True,267,1354
2019-11-13-496,2019-11-13,FUV1,56734676,18,142124,0.06753626417039604,17.791199684143066,6.0,True,318,1453
2019-11-13-497,2019-11-13,FUV1,56734676,16,142142,-0.12106071220174375,17.791199684143066,6.0,True,327,1636
2019-11-13-498,2019-11-13,FUV1,56734676,12,142158,-0.25347054729725027,17.791199684143066,6.0,True,443,375
2019-11-13-499,2019-11-13,FUV1,56734676,14,142170,0.15595741176347175,17.791199684143066,6.0,True,483,1712
2019-11-13-500,2019-11-13,FUV1,56734676,13,142184,0.28696085650824227,17.791199684143066,6.0,True,567,1360
2019-11-13-501,2019-11-13,FUV1,56734676,12,142197,-0.1442165945752456,17.791199684143066,6.0,True,658,174
2019-11-13-502,2019-11-13,FUV1,56734679,12,142209,-0.07713925944135361,17.791199684143066,6.0,True,245,1663
2019-11-13-503,2019-11-13,FUV1,56734679,14,142221,0.0328894132700565,17.791199684143066,6.0,True,248,1872
2019-11-13-504,2019-11-13,FUV1,56734679,12,142235,0.33555559577288957,17.791199684143066,6.0,True,258,196
2019-11-13-505,2019-11-13,FUV1,56734679,20,142247,0.13102673063540185,17.791199684143066,6.0,True,295,1809
2019-11-13-506,2019-11-13,FUV1,56734679,43,142267,0.10510846486513743,17.791199684143066,6.0,True,399,1608
2019-11-13-507,2019-11-13,FUV1,56734682,27,142310,-0.05736131781378134,17.791199684143066,6.0,True,231,1815
2019-11-13-508,2019-11-13,FUV1,56734682,12,142337,0.10292205780633251,17.791199684143066,6.0,True,251,1327
2019-11-13-509,2019-11-13,FUV1,56734682,13,142349,-0.004869775101864671,17.791199684143066,6.0,True,314,1438
2019-11-13-510,2019-11-13,FUV1,56734682,21,142362,0.12441149758353545,17.791199684143066,6.0,True,403,1308
2019-11-13-511,2019-11-13,FUV1,56734682,12,142383,0.3105331359434023,17.791199684143066,6.0,True,418,1667
2019-11-13-512,2019-11-13,FUV1,56734682,16,142395,0.1724374065094694,17.791199684143066,6.0,True,446,1259
2019-11-13-513,2019-11-13,FUV1,56734682,15,142411,0.1250429418282139,17.791199684143066,6.0,True,893,1866
2019-11-13-514,2019-11-13,FUV1,56734685,21,142426,0.15000758088506996,17.791199684143066,6.0,True,202,1699
2019-11-13-515,2019-11-13,FUV1,56734685,18,142447,0.3371965450201078,17.791199684143066,6.0,True,266,1640
2019-11-13-516,2019-11-13,FUV1,56734685,13,142465,0.23234725599071815,17.791199684143066,6.0,True,334,1608
2019-11-13-517,2019-11-13,FUV1,56734685,13,142478,0.181709956223747,17.791199684143066,6.0,True,341,1733
2019-11-13-518,2019-11-13,FUV1,56734685,12,142491,0.22578107253376262,17.791199684143066,6.0,True,403,1435
2019-11-13-519,2019-11-13,FUV1,56734685,22,142503,0.06639985118995133,17.791199684143066,6.0,True,445,189
2019-11-13-520,2019-11-13,FUV1,56734685,13,142525,0.02847131214139213,17.791199684143066,6.0,True,737,1377
2019-11-13-521,2019-11-13,FUV1,56734685,12,142538,0.19716062348048444,17.791199684143066,6.0,True,750,1698
2019-11-13-522,2019-11-13,FUV1,56734688,19,142550,0.15784331030756754,17.791199684143066,6.0,True,363,1892
2019-11-13-523,2019-11-13,FUV1,56734688,12,142569,0.30130692737595743,17.791199684143066,6.0,True,420,1828
2019-11-13-524,2019-11-13,FUV1,56734688,14,142581,-0.07102091934854449,17.791199684143066,6.0,True,438,1319
2019-11-13-525,2019-11-13,FUV1,56734688,13,142595,0.20054164395876217,17.791199684143066,6.0,True,491,405
2019-11-13-526,2019-11-13,FUV1,56734691,12,142608,0.2776519140402125,17.791199684143066,6.0,True,503,1383
2019-11-13-527,2019-11-13,FUV1,56734691,12,142620,0.32089422225175657,17.791199684143066,6.0,True,751,1910
2019-11-13-528,2019-11-13,FUV1,56734694,17,142632,0.2348881875878345,17.791199684143066,6.0,True,258,1401
2019-11-13-529,2019-11-13,FUV1,56734694,13,142649,0.31441965095282487,17.791199684143066,6.0,True,409,1765
2019-11-13-530,2019-11-13,FUV1,56734694,12,142662,0.14252909236315983,17.791199684143066,6.0,True,421,1731
2019-11-13-531,2019-11-13,FUV1,56734694,16,142674,0.2761232194587671,17.791199684143066,6.0,True,482,344
2019-11-13-532,2019-11-13,FUV1,56734694,12,142690,0.21973373653590697,17.791199684143066,6.0,True,524,1362
2019-11-13-533,2019-11-13,FUV1,56734697,12,142702,0.16527508033384422,17.791199684143066,6.0,True,326,375
2019-11-13-534,2019-11-13,FUV1,56734697,16,142714,0.10567617426025326,17.791199684143066,6.0,True,335,1349
2019-11-13-535,2019-11-13,FUV1,56734697,18,142730,0.2691435851172631,17.791199684143066,6.0,True,524,1396
2019-11-13-536,2019-11-13,FUV1,56734697,15,142748,0.3400102783728334,17.791199684143066,6.0,True,537,335
2019-11-13-537,2019-11-13,FUV1,56734700,12,142763,0.17170388168485579,17.791199684143066,6.0,True,316,1363
2019-11-13-538,2019-11-13,FUV1,56734700,14,142775,-0.26825750512974034,17.791199684143066,6.0,False,1852,366
2019-11-13-539,2019-11-13,FUV1,56734700,13,142789,0.33708845163849244,17.791199684143066,6.0,True,732,1722
2019-11-13-540,2019-11-13,FUV1,56734703,14,142802,0.13443753001128453,17.791199684143066,6.0,True,235,1877
2019-11-13-541,2019-11-13,FUV1,56734703,13,142816,0.3461282460363558,17.791199684143066,6.0,True,406,429
2019-11-13-542,2019-11-13,FUV1,56734703,13,142829,-0.10611140932597177,17.791199684143066,6.0,False,422,518
2019-11-13-543,2019-11-13,FUV1,56734706,16,142842,-0.07301364980350464,17.791199684143066,6.0,True,310,1665
2019-11-13-544,2019-11-13,FUV1,56734706,21,142858,0.15527919226067724,17.791199684143066,6.0,False,100,387
2019-11-13-545,2019-11-13,FUV1,56734706,12,142879,0.3161221609070325,17.791199684143066,6.0,True,400,1776
2019-11-13-546,2019-11-13,FUV1,56734706,12,142891,-0.22411252713988356,17.791199684143066,6.0,True,420,284
2019-11-13-547,2019-11-13,FUV1,56734706,14,142903,-0.1817531908668663,17.791199684143066,6.0,True,805,1359
2019-11-13-548,2019-11-13,FUV1,56734709,16,142917,0.2571255150321136,17.791199684143066,6.0,True,398,380
2019-11-13-549,2019-11-13,FUV1,56734709,21,142933,0.16973597022653622,17.791199684143066,6.0,True,854,1375
2019-11-13-550,2019-11-13,FUV1,56734712,15,142954,0.2696496572063477,17.791199684143066,6.0,False,1397,227
2019-11-13-551,2019-11-13,FUV1,56734715,12,142969,0.1874626409736432,17.791199684143066,6.0,False,403,386
2019-11-13-552,2019-11-13,FUV1,56734715,18,142981,0.32337533766915477,17.791199684143066,6.0,True,393,153
2019-11-13-553,2019-11-13,FUV1,56734715,13,142999,0.12930605212723462,17.791199684143066,6.0,False,416,552
2019-11-13-554,2019-11-13,FUV1,56734718,13,143012,0.30956728169110526,17.791199684143066,6.0,True,463,1773
2019-11-13-555,2019-11-13,FUV1,56734721,13,143025,0.10411293390243975,17.791199684143066,6.0,True,238,289
2019-11-13-556,2019-11-13,FUV1,56734724,12,143038,0.2808058919789841,17.791199684143066,6.0,True,198,194
2019-11-13-557,2019-11-13,FUV1,56734724,22,143050,-0.23125390636690635,17.791199684143066,6.0,False,1672,459
2019-11-13-558,2019-11-13,FUV1,56734727,19,143072,0.13164495187610628,17.791199684143066,6.0,True,308,142
2019-11-13-559,2019-11-13,FUV1,56734730,14,143091,0.035391029842930986,17.791199684143066,6.0,True,533,1886
2019-11-13-560,2019-11-13,FUV1,56735747,12,143105,0.3374411940403471,17.791199684143066,6.0,True,392,137
2019-11-13-561,2019-11-13,FUV1,56736896,16,143117,0.2150226139064757,17.791199684143066,6.0,False,1796,294
2019-11-13-562,2019-11-13,FUV1,56736896,16,143133,-0.14479189591607106,17.791199684143066,6.0,True,303,1670
2019-11-13-563,2019-11-13,FUV1,56736902,17,143149,-0.3355023801535535,17.791199684143066,6.0,True,807,1446
2019-11-13-564,2019-11-13,FUV1,56736905,15,143166,-9.860591556810414e-16,17.791199684143066,6.0,False,337,543
2019-11-13-565,2019-11-13,FUV1,56736920,12,143181,-0.03173301859765653,17.791199684143066,6.0,False,1693,836
2019-11-13-566,2019-11-13,FUV1,56736929,35,143193,-0.052148212437925896,17.791199684143066,6.0,True,359,196
2019-11-13-567,2019-11-13,FUV1,56736932,20,143228,-0.07744056685825207,17.791199684143066,6.0,True,318,1674
2019-11-13-568,2019-11-13,FUV1,56736944,19,143248,-0.19343484507895436,17.791199684143066,6.0,True,374,1886
2019-11-13-569,2019-11-13,FUV1,56736977,19,143267,-0.11603160601064166,17.791199684143066,6.0,True,792,1907
2019-11-13-570,2019-11-13,FUV1,56737403,14,143286,0.03790517371618742,17.791199684143066,6.0,True,493,1313
2019-11-13-571,2019-11-13,FUV1,56737415,12,143300,-0.19505346798141512,17.791199684143066,6.0,False,1608,194
2019-11-13-572,2019-11-13,FUV1,56737418,15,143312,-0.18383784025158412,17.791199684143066,6.0,False,1896,360
2019-11-13-573,2019-11-13,FUV1,56737424,12,143327,-0.26234560229792275,17.791199684143066,6.0,False,431,207
2019-11-13-574,2019-11-13,FUV1,56737424,13,143339,-0.15597333509820677,17.791199684143066,6.0,False,244,513
2019-11-13-575,2019-11-13,FUV1,56737424,14,143352,-0.24203419337434057,17.791199684143066,6.0,False,1631,813
2019-11-13-576,2019-11-13,FUV1,56737424,16,143366,-0.17734979730220846,17.791199684143066,6.0,False,1456,855
2019-11-13-577,2019-11-13,FUV1,56737430,30,143382,-0.009686514502387956,17.791199684143066,6.0,False,1612,513
2019-11-13-578,2019-11-13,FUV1,56737433,12,143412,-0.3451330604024243,17.791199684143066,6.0,False,1807,893
2019-11-13-579,2019-11-13,FUV1,56737439,13,143424,-0.2490728933774499,17.791199684143066,6.0,False,1737,368
2019-11-13-580,2019-11-13,FUV1,56737439,14,143437,-0.01897542773099559,17.791199684143066,6.0,False,1666,393
2019-11-13-581,2019-11-13,FUV1,56737439,14,143451,-0.23921472002186023,17.791199684143066,6.0,False,100,412
2019-11-13-582,2019-11-13,FUV1,56737442,13,143465,-0.14026767638006712,17.791199684143066,6.0,False,1739,301
2019-11-13-583,2019-11-13,FUV1,56737442,12,143478,-0.03339629370034806,17.791199684143066,6.0,True,505,1821
2019-11-13-584,2019-11-13,FUV1,56737445,16,143490,-0.28699912955688495,17.791199684143066,6.0,False,1600,524
2019-11-13-585,2019-11-13,FUV1,56737448,13,143506,0.16532399704710948,17.791199684143066,6.0,True,337,1458
2019-11-13-586,2019-11-13,FUV1,56737448,12,143519,-0.3284255175566215,17.791199684143066,6.0,False,1855,406
2019-11-13-587,2019-11-13,FUV1,56737448,12,143531,0.036170137429053624,17.791199684143066,6.0,False,1768,570
2019-11-13-588,2019-11-13,FUV1,56737448,19,143543,-0.22539204853899533,17.791199684143066,6.0,False,1605,894
2019-11-13-589,2019-11-13,FUV1,56737451,14,143562,-0.2798862657413632,17.791199684143066,6.0,False,1417,453
2019-11-13-590,2019-11-13,FUV1,56737454,15,143576,0.33251013893998993,17.791199684143066,6.0,False,1660,869
2019-11-13-591,2019-11-13,FUV1,56737457,12,143591,0.020613162399847017,17.791199684143066,6.0,False,1658,271
2019-11-13-592,2019-11-13,FUV1,56737457,15,143603,-0.19726768095702024,17.791199684143066,6.0,False,1660,376
2019-11-13-593,2019-11-13,FUV1,56737457,14,143618,0.23664034886729807,17.791199684143066,6.0,False,1799,460
2019-11-13-594,2019-11-13,FUV1,56737460,12,143632,-0.30519339115451316,17.791199684143066,6.0,False,1771,459
2019-11-13-595,2019-11-13,FUV1,56737460,12,143644,-0.28102121278909675,17.791199684143066,6.0,False,1283,473
2019-11-13-596,2019-11-13,FUV1,56737463,12,143656,0.01946721628292262,17.791199684143066,6.0,True,742,1369
2019-11-13-597,2019-11-13,FUV1,56737463,16,143668,-0.006261648559190894,17.791199684143066,6.0,False,1709,802
2019-11-13-598,2019-11-13,FUV1,56737466,14,143684,-0.33003012001594967,17.791199684143066,6.0,True,271,1739
2019-11-13-599,2019-11-13,FUV1,56737466,12,143698,-0.2650692812293878,17.791199684143066,6.0,True,309,1877
2019-11-13-600,2019-11-13,FUV1,56737469,13,143710,-0.22875651877378642,17.791199684143066,6.0,False,1279,337
2019-11-13-601,2019-11-13,FUV1,56737469,14,143723,-0.06327886051479496,17.791199684143066,6.0,False,1600,463
2019-11-13-602,2019-11-13,FUV1,56737469,12,143737,-0.09020184056676073,17.791199684143066,6.0,True,630,1400
2019-11-13-603,2019-11-13,FUV1,56737475,14,143749,-0.13447183362814333,17.791199684143066,6.0,False,1662,526
2019-11-13-604,2019-11-13,FUV1,56737478,12,143763,-0.21423986057359143,17.791199684143066,6.0,True,244,1374
2019-11-13-605,2019-11-13,FUV1,56737478,12,143775,-0.11301640105560533,17.791199684143066,6.0,True,279,1863
2019-11-13-606,2019-11-13,FUV1,56737478,14,143787,0.25995671784148594,17.791199684143066,6.0,True,343,1417
2019-11-13-607,2019-11-13,FUV1,56737478,12,143801,-0.0030662360384195743,17.791199684143066,6.0,False,1778,615
2019-11-13-608,2019-11-13,FUV1,56737481,12,143813,-0.11960866991671426,17.791199684143066,6.0,True,371,1892
2019-11-13-609,2019-11-13,FUV1,56737487,14,143825,-0.3051201474703217,17.791199684143066,6.0,True,458,1809
2019-11-13-610,2019-11-13,FUV1,56737490,12,143839,-0.27907766887905705,17.791199684143066,6.0,True,271,1264
2019-11-13-611,2019-11-13,FUV1,56737499,13,143851,-0.2807728888540881,17.791199684143066,6.0,True,511,282
2019-11-13-612,2019-11-13,FUV1,56737502,12,143864,-0.2772229899728088,17.791199684143066,6.0,True,271,1682
2019-11-13-613,2019-11-13,FUV1,56737502,12,143876,0.09804248453303195,17.791199684143066,6.0,True,373,384
2019-11-13-614,2019-11-13,FUV1,56737505,18,143888,-0.03989627999182235,17.791199684143066,6.0,True,506,1886
2019-11-13-615,2019-11-13,FUV1,56737505,16,143906,-0.17605594504687602,17.791199684143066,6.0,True,540,1612
2019-11-13-616,2019-11-13,FUV1,56737508,13,143922,-0.22248676383404223,17.791199684143066,6.0,True,189,1434
2019-11-13-617,2019-11-13,FUV1,56737508,13,143935,-0.29042704214641507,17.791199684143066,6.0,True,231,1888
2019-11-13-618,2019-11-13,FUV1,56737508,15,143948,-0.29868768549211094,17.791199684143066,6.0,True,699,1780
2019-11-13-619,2019-11-13,FUV1,56737511,12,143963,-0.12419357370985737,17.791199684143066,6.0,True,188,1649
2019-11-13-620,2019-11-13,FUV1,56737517,26,143975,-0.22335395614181303,17.791199684143066,6.0,True,208,1775
2019-11-13-621,2019-11-13,FUV1,56737517,18,144001,-0.3426744014520427,17.791199684143066,6.0,True,503,1302
2019-11-13-622,2019-11-13,FUV1,56737517,13,144019,-0.3346787818062495,17.791199684143066,6.0,True,814,1323
2019-11-13-623,2019-11-13,SJI,56733537,12,144032,0.14845109954011462,26.6867995262146,18.0,True,239,346
2019-11-13-624,2019-11-13,SJI,56733573,13,144044,-0.07093651493634703,26.6867995262146,18.0,True,310,177
2019-11-13-625,2019-11-13,SJI,56733585,13,144057,-0.04231600319085703,26.6867995262146,18.0,True,218,295
2019-11-13-626,2019-11-13,SJI,56734101,13,144070,-0.01952343712022659,26.6867995262146,18.0,True,215,275
2019-11-13-627,2019-11-13,SJI,56734101,15,144083,-0.014425749694902932,26.6867995262146,18.0,True,476,243
2019-11-13-628,2019-11-13,SJI,56734101,19,144098,0.07630258231836963,26.6867995262146,18.0,True,565,222
2019-11-13-629,2019-11-13,SJI,56734113,12,144117,-0.015984202878420464,26.6867995262146,18.0,True,488,200
2019-11-13-630,2019-11-13,SJI,56734125,14,144129,0.09650966271905331,26.6867995262146,18.0,True,521,200
2019-11-13-631,2019-11-13,SJI,56734137,13,144143,-0.2760779046037313,26.6867995262146,18.0,True,327,179
2019-11-13-632,2019-11-13,SJI,56734149,13,144156,-0.005572204068625331,26.6867995262146,18.0,True,435,174
2019-11-13-633,2019-11-13,SJI,56734641,13,144169,0.13396055141278712,26.6867995262146,18.0,True,586,195
2019-11-13-634,2019-11-13,SJI,56734653,20,144182,0.3492174680774319,26.6867995262146,18.0,False,225,370
2019-11-13-635,2019-11-13,SJI,56734653,17,144202,0.16057536698110464,26.6867995262146,18.0,True,478,223
2019-11-13-636,2019-11-13,SJI,56734665,12,144219,0.28433116412830506,26.6867995262146,18.0,True,277,191
2019-11-13-637,2019-11-13,SJI,56734677,19,144231,-0.1642499952732515,26.6867995262146,18.0,True,280,255
2019-11-13-638,2019-11-13,SJI,56734689,12,144250,-0.12818289693791243,26.6867995262146,18.0,True,229,276
2019-11-13-639,2019-11-13,SJI,56734689,22,144262,-0.1781333109782721,26.6867995262146,18.0,True,269,202
2019-11-13-640,2019-11-13,SJI,56734701,12,144284,-0.2823340877310771,26.6867995262146,18.0,True,221,339
2019-11-13-641,2019-11-13,SJI,56734737,13,144296,0.06218957325978702,26.6867995262146,18.0,True,284,183
2019-11-13-642,2019-11-13,SJI,56737425,18,144309,0.021683867300855572,26.6867995262146,18.0,False,347,233
2019-11-13-643,2019-11-13,SJI,56737473,14,144327,-0.04463751125777369,26.6867995262146,18.0,True,285,295
2019-11-13-644,2019-11-13,SJI,56733492,29,144341,-0.06988513826061561,26.6867995262146,18.0,True,503,214
2019-11-13-645,2019-11-13,SJI,56733552,14,144370,-0.15466672404464207,26.6867995262146,18.0,True,307,226
2019-11-13-646,2019-11-13,SJI,56733552,18,144384,-0.23709740505821414,26.6867995262146,18.0,True,475,221
2019-11-13-647,2019-11-13,SJI,56733564,12,144402,-0.06681727353268814,26.6867995262146,18.0,True,243,330
2019-11-13-648,2019-11-13,SJI,56733564,14,144414,0.14177531352568548,26.6867995262146,18.0,True,296,240
2019-11-13-649,2019-11-13,SJI,56733576,23,144428,-0.0261640146289786,26.6867995262146,18.0,True,431,259
2019-11-13-650,2019-11-13,SJI,56734068,26,144451,-0.13750706773236732,26.6867995262146,18.0,True,309,273
2019-11-13-651,2019-11-13,SJI,56734080,13,144477,0.3002491201031826,26.6867995262146,18.0,True,279,380
2019-11-13-652,2019-11-13,SJI,56734104,12,144490,-0.021620118277102984,26.6867995262146,18.0,True,217,224
2019-11-13-653,2019-11-13,SJI,56734104,12,144502,0.20002670773317444,26.6867995262146,18.0,True,529,249
2019-11-13-654,2019-11-13,SJI,56734104,18,144514,0.2734680428709102,26.6867995262146,18.0,True,644,196
2019-11-13-655,2019-11-13,SJI,56734116,13,144532,0.10227304479199589,26.6867995262146,18.0,True,218,396
2019-11-13-656,2019-11-13,SJI,56734116,16,144545,0.07436914379568475,26.6867995262146,18.0,True,286,388
2019-11-13-657,2019-11-13,SJI,56734116,12,144561,0.07759775322383251,26.6867995262146,18.0,True,555,227
2019-11-13-658,2019-11-13,SJI,56734128,15,144573,-0.24707621475369532,26.6867995262146,18.0,True,307,221
2019-11-13-659,2019-11-13,SJI,56734128,17,144588,0.04048033163494332,26.6867995262146,18.0,True,338,344
2019-11-13-660,2019-11-13,SJI,56734128,12,144605,-0.024818371701840026,26.6867995262146,18.0,True,399,311
2019-11-13-661,2019-11-13,SJI,56734128,12,144617,-0.24183392374465873,26.6867995262146,18.0,True,502,181
2019-11-13-662,2019-11-13,SJI,56734140,12,144629,-0.10486732805505886,26.6867995262146,18.0,False,297,230
2019-11-13-663,2019-11-13,SJI,56734140,12,144641,-0.08035259521200538,26.6867995262146,18.0,True,280,317
2019-11-13-664,2019-11-13,SJI,56734152,13,144653,-0.19096458680180792,26.6867995262146,18.0,True,272,254
2019-11-13-665,2019-11-13,SJI,56734152,15,144666,-0.1012129704137539,26.6867995262146,18.0,True,282,212
2019-11-13-666,2019-11-13,SJI,56734656,14,144681,0.03266702444487392,26.6867995262146,18.0,True,243,239
2019-11-13-667,2019-11-13,SJI,56734656,12,144695,0.08295402386847628,26.6867995262146,18.0,True,278,347
2019-11-13-668,2019-11-13,SJI,56734680,17,144707,-0.12874340833409081,26.6867995262146,18.0,True,465,180
2019-11-13-669,2019-11-13,SJI,56737416,13,144724,0.21727008504947107,26.6867995262146,18.0,False,250,392
2019-11-13-670,2019-11-13,SJI,56733531,17,144737,-0.16610160948717542,26.6867995262146,18.0,True,269,293
2019-11-13-671,2019-11-13,SJI,56733543,18,144754,-0.2933565008025756,26.6867995262146,18.0,True,284,349
2019-11-13-672,2019-11-13,SJI,56734071,17,144772,-0.26611564006005983,26.6867995262146,18.0,True,266,247
2019-11-13-673,2019-11-13,SJI,56734095,27,144789,-0.10642693712236209,26.6867995262146,18.0,True,239,368
2019-11-13-674,2019-11-13,SJI,56734107,13,144816,-0.08711506117664683,26.6867995262146,18.0,True,323,335
2019-11-13-675,2019-11-13,SJI,56734119,17,144829,0.0013555528750524922,26.6867995262146,18.0,True,273,378
2019-11-13-676,2019-11-13,SJI,56734119,18,144846,-0.189050660221439,26.6867995262146,18.0,True,337,265
2019-11-13-677,2019-11-13,SJI,56734119,12,144864,0.2945147239307511,26.6867995262146,18.0,True,354,274
2019-11-13-678,2019-11-13,SJI,56734131,13,144876,-0.09153606947210428,26.6867995262146,18.0,True,251,242
2019-11-13-679,2019-11-13,SJI,56734203,12,144889,0.015325359744296739,26.6867995262146,18.0,True,237,378
2019-11-13-680,2019-11-13,SJI,56734671,18,144901,0.1118860047555788,26.6867995262146,18.0,True,321,238
2019-11-13-681,2019-11-13,SJI,56734683,14,144919,0.12012582870506044,26.6867995262146,18.0,True,249,405
2019-11-13-682,2019-11-13,SJI,56734683,33,144933,0.025043825559441096,26.6867995262146,18.0,True,423,264
2019-11-13-683,2019-11-13,SJI,56734683,18,144966,0.15417947343121194,26.6867995262146,18.0,True,500,252
2019-11-13-684,2019-11-13,SJI,56736963,24,144984,0.18613197226480474,26.6867995262146,18.0,True,220,293
2019-11-13-685,2019-11-13,SJI,56737491,14,145008,0.051076840334593906,26.6867995262146,18.0,True,296,295
