dataset,fsn,time,image,saa,tracks
2014b,4608907,2014-03-12T20:03:08.35Z,FUV,0,0
2014b,4608910,2014-03-12T20:03:24.88Z,FUV,0,0
2014b,4608913,2014-03-12T20:03:41.64Z,FUV,0,0
2014b,4608916,2014-03-12T20:03:58.16Z,FUV,0,0
2014b,4608919,2014-03-12T20:04:14.91Z,FUV,0,0
2014b,4608922,2014-03-12T20:04:31.44Z,FUV,0,0
2014b,4608925,2014-03-12T20:04:48.22Z,FUV,0,0
2014b,4608928,2014-03-12T20:05:04.72Z,FUV,0,0
2014b,4608931,2014-03-12T20:05:21.50Z,FUV,0,0
2014b,4608934,2014-03-12T20:05:38.00Z,FUV,0,0
2014b,4608937,2014-03-12T20:05:54.74Z,FUV,0,0
2014b,4608940,2014-03-12T20:06:11.28Z,FUV,0,0
2014b,4608943,2014-03-12T20:06:28.04Z,FUV,0,0
2014b,4608946,2014-03-12T20:06:44.56Z,FUV,0,0
2014b,4608949,2014-03-12T20:07:01.32Z,FUV,0,0
2014b,4608952,2014-03-12T20:07:17.85Z,FUV,0,0
2014b,4608955,2014-03-12T20:07:34.60Z,FUV,0,0
2014b,4608958,2014-03-12T20:07:51.13Z,FUV,0,0
2014b,4608961,2014-03-12T20:08:07.88Z,FUV,0,0
2014b,4608964,2014-03-12T20:08:24.41Z,FUV,0,0
2014b,4608967,2014-03-12T20:08:41.16Z,FUV,0,0
2014b,4608970,2014-03-12T20:08:57.69Z,FUV,0,0
2014b,4608973,2014-03-12T20:09:14.44Z,FUV,0,0
2014b,4608976,2014-03-12T20:09:30.97Z,FUV,0,0
2014b,4608979,2014-03-12T20:09:47.73Z,FUV,0,0
2014b,4608982,2014-03-12T20:10:04.25Z,FUV,0,0
2014b,4608985,2014-03-12T20:10:21.00Z,FUV,0,0
2014b,4608988,2014-03-12T20:10:37.53Z,FUV,0,0
2014b,4608991,2014-03-12T20:10:54.30Z,FUV,0,0
2014b,4608994,2014-03-12T20:11:10.81Z,FUV,0,0
2014b,4608997,2014-03-12T20:11:27.57Z,FUV,0,0
2014b,4609000,2014-03-12T20:11:44.11Z,FUV,0,0
2014b,4609003,2014-03-12T20:12:00.86Z,FUV,0,0
2014b,4609006,2014-03-12T20:12:17.38Z,FUV,0,0
2014b,4609009,2014-03-12T20:12:34.13Z,FUV,0,0
2014b,4609012,2014-03-12T20:12:50.66Z,FUV,0,0
2014b,4609015,2014-03-12T20:13:07.41Z,FUV,0,0
2014b,4609018,2014-03-12T20:13:23.94Z,FUV,0,0
2014b,4609021,2014-03-12T20:13:40.70Z,FUV,0,0
2014b,4609024,2014-03-12T20:13:57.22Z,FUV,0,0
2014b,4609027,2014-03-12T20:14:13.98Z,FUV,0,0
2014b,4609030,2014-03-12T20:14:30.50Z,FUV,0,0
2014b,4609033,2014-03-12T20:14:47.26Z,FUV,0,0
2014b,4609036,2014-03-12T20:15:03.78Z,FUV,0,0
2014b,4609039,2014-03-12T20:15:20.57Z,FUV,0,0
2014b,4609042,2014-03-12T20:15:37.06Z,FUV,0,0
2014b,4609045,2014-03-12T20:15:53.81Z,FUV,0,0
2014b,4609048,2014-03-12T20:16:10.35Z,FUV,0,0
2014b,4609051,2014-03-12T20:16:27.10Z,FUV,0,0
2014b,4609054,2014-03-12T20:16:43.63Z,FUV,0,0
2014b,4609057,2014-03-12T20:17:00.38Z,FUV,0,0
2014b,4609060,2014-03-12T20:17:16.91Z,FUV,0,0
2014b,4609063,2014-03-12T20:17:33.66Z,FUV,0,0
2014b,4609066,2014-03-12T20:17:50.19Z,FUV,0,0
2014b,4609069,2014-03-12T20:18:06.94Z,FUV,0,0
2014b,4609072,2014-03-12T20:18:23.47Z,FUV,0,0
2014b,4609075,2014-03-12T20:18:40.22Z,FUV,0,0
2014b,4609078,2014-03-12T20:18:56.75Z,FUV,0,0
2014b,4609081,2014-03-12T20:19:13.50Z,FUV,0,0
2014b,4609084,2014-03-12T20:19:30.03Z,FUV,0,0
2014b,4609087,2014-03-12T20:19:46.79Z,FUV,0,0
2014b,4609090,2014-03-12T20:20:03.31Z,FUV,0,0
2014b,4609093,2014-03-12T20:20:20.09Z,FUV,0,0
2014b,4609096,2014-03-12T20:20:36.60Z,FUV,0,0
2014b,4609099,2014-03-12T20:20:53.21Z,FUV,0,0
2014b,4609102,2014-03-12T20:21:09.72Z,FUV,0,0
2014b,4609105,2014-03-12T20:21:26.47Z,FUV,0,0
2014b,4609108,2014-03-12T20:21:43.00Z,FUV,0,0
2014b,4609111,2014-03-12T20:21:59.78Z,FUV,0,0
2014b,4609114,2014-03-12T20:22:16.28Z,FUV,0,0
2014b,4609117,2014-03-12T20:22:33.06Z,FUV,0,0
2014b,4609120,2014-03-12T20:22:49.56Z,FUV,0,0
2014b,4609123,2014-03-12T20:23:06.32Z,FUV,0,0
2014b,4609126,2014-03-12T20:23:22.85Z,FUV,0,0
2014b,4609129,2014-03-12T20:23:39.62Z,FUV,0,0
2014b,4609132,2014-03-12T20:23:56.13Z,FUV,0,0
2014b,4609135,2014-03-12T20:24:12.88Z,FUV,0,0
2014b,4609138,2014-03-12T20:24:29.41Z,FUV,0,0
2014b,4609141,2014-03-12T20:24:46.16Z,FUV,0,0
2014b,4609144,2014-03-12T20:25:02.69Z,FUV,0,0
2014b,4609147,2014-03-12T20:25:19.46Z,FUV,0,0
2014b,4609150,2014-03-12T20:25:35.97Z,FUV,0,0
2014b,4609153,2014-03-12T20:25:52.73Z,FUV,0,0
2014b,4609156,2014-03-12T20:26:09.25Z,FUV,0,0
2014b,4609159,2014-03-12T20:26:26.02Z,FUV,0,0
2014b,4609162,2014-03-12T20:26:42.53Z,FUV,0,0
2014b,4609165,2014-03-12T20:26:59.28Z,FUV,0,0
2014b,4609168,2014-03-12T20:27:15.81Z,FUV,0,0
2014b,4609171,2014-03-12T20:27:32.57Z,FUV,0,0
2014b,4609174,2014-03-12T20:27:49.10Z,FUV,0,0
2014b,4609177,2014-03-12T20:28:05.85Z,FUV,0,0
2014b,4609180,2014-03-12T20:28:22.38Z,FUV,0,0
2014b,4609183,2014-03-12T20:28:39.13Z,FUV,0,0
2014b,4609186,2014-03-12T20:28:55.66Z,FUV,0,0
2014b,4609189,2014-03-12T20:29:12.45Z,FUV,0,0
2014b,4609192,2014-03-12T20:29:28.94Z,FUV,0,0
2014b,4609195,2014-03-12T20:29:45.71Z,FUV,0,0
2014b,4609198,2014-03-12T20:30:02.22Z,FUV,0,0
2014b,4609201,2014-03-12T20:30:18.97Z,FUV,0,0
2014b,4609204,2014-03-12T20:30:35.50Z,FUV,0,0
2014b,4609207,2014-03-12T20:30:52.28Z,FUV,0,0
2014b,4609210,2014-03-12T20:31:08.78Z,FUV,0,0
2014b,4609213,2014-03-12T20:31:25.56Z,FUV,0,0
2014b,4609216,2014-03-12T20:31:42.06Z,FUV,0,0
2014b,4609219,2014-03-12T20:31:58.85Z,FUV,0,0
2014b,4609222,2014-03-12T20:32:15.35Z,FUV,0,0
2014b,4609225,2014-03-12T20:32:32.09Z,FUV,0,0
2014b,4609228,2014-03-12T20:32:48.63Z,FUV,0,0
2014b,4609231,2014-03-12T20:33:05.38Z,FUV,0,0
2014b,4609234,2014-03-12T20:33:21.91Z,FUV,0,0
2014b,4609237,2014-03-12T20:33:38.67Z,FUV,0,0
2014b,4609240,2014-03-12T20:33:55.19Z,FUV,0,0
2014b,4609243,2014-03-12T20:34:11.95Z,FUV,0,0
2014b,4609246,2014-03-12T20:34:28.47Z,FUV,0,0
2014b,4609249,2014-03-12T20:34:45.21Z,FUV,0,0
2014b,4609252,2014-03-12T20:35:01.75Z,FUV,0,0
2014b,4609255,2014-03-12T20:35:18.53Z,FUV,0,0
2014b,4609258,2014-03-12T20:35:35.03Z,FUV,0,0
2014b,4609261,2014-03-12T20:35:51.80Z,FUV,0,0
2014b,4609264,2014-03-12T20:36:08.31Z,FUV,0,0
2014b,4609267,2014-03-12T20:36:25.08Z,FUV,0,0
2014b,4609270,2014-03-12T20:36:41.60Z,FUV,0,0
2014b,4609273,2014-03-12T20:36:58.37Z,FUV,0,0
2014b,4609276,2014-03-12T20:37:14.88Z,FUV,0,0
2014b,4609279,2014-03-12T20:37:31.65Z,FUV,0,0
2014b,4609282,2014-03-12T20:37:48.16Z,FUV,0,0
2014b,4609285,2014-03-12T20:38:04.95Z,FUV,0,0
2014b,4609288,2014-03-12T20:38:21.44Z,FUV,0,0
2014b,4609291,2014-03-12T20:38:38.06Z,FUV,0,0
2014b,4609294,2014-03-12T20:38:54.56Z,FUV,0,0
2014b,4609297,2014-03-12T20:39:11.31Z,FUV,0,0
2014b,4609300,2014-03-12T20:39:27.85Z,FUV,0,0
2014b,4609303,2014-03-12T20:39:44.60Z,FUV,0,0
2014b,4609306,2014-03-12T20:40:01.13Z,FUV,0,0
2014b,4609309,2014-03-12T20:40:17.93Z,FUV,0,0
2014b,4609312,2014-03-12T20:40:34.41Z,FUV,0,0
2014b,4609315,2014-03-12T20:40:51.17Z,FUV,0,0
2014b,4609318,2014-03-12T20:41:07.69Z,FUV,0,0
2014b,4609321,2014-03-12T20:41:24.44Z,FUV,0,0
2014b,4609324,2014-03-12T20:41:40.97Z,FUV,0,0
2014b,4609327,2014-03-12T20:41:57.73Z,FUV,0,0
2014b,4609330,2014-03-12T20:42:14.25Z,FUV,0,0
2014b,4609333,2014-03-12T20:42:31.04Z,FUV,0,0
2014b,4609336,2014-03-12T20:42:47.53Z,FUV,0,0
2014b,4609339,2014-03-12T20:43:04.31Z,FUV,0,0
2014b,4609342,2014-03-12T20:43:20.81Z,FUV,0,0
2014b,4609345,2014-03-12T20:43:37.57Z,FUV,0,0
2014b,4609348,2014-03-12T20:43:54.10Z,FUV,0,0
2014b,4609351,2014-03-12T20:44:10.85Z,FUV,0,0
2014b,4609354,2014-03-12T20:44:27.38Z,FUV,0,0
2014b,4609357,2014-03-12T20:44:44.15Z,FUV,0,0
2014b,4609360,2014-03-12T20:45:00.66Z,FUV,0,0
2014b,4609363,2014-03-12T20:45:17.45Z,FUV,0,0
2014b,4609366,2014-03-12T20:45:33.94Z,FUV,0,0
2014b,4609369,2014-03-12T20:45:50.73Z,FUV,0,0
2014b,4609372,2014-03-12T20:46:07.22Z,FUV,0,0
2014b,4609375,2014-03-12T20:46:23.97Z,FUV,0,0
2014b,4609378,2014-03-12T20:46:40.50Z,FUV,0,0
2014b,4609381,2014-03-12T20:46:57.27Z,FUV,0,0
2014b,4609384,2014-03-12T20:47:13.78Z,FUV,0,0
2014b,4609387,2014-03-12T20:47:30.53Z,FUV,0,0
2014b,4609390,2014-03-12T20:47:47.06Z,FUV,0,0
2014b,4609393,2014-03-12T20:48:03.83Z,FUV,0,0
2014b,4609396,2014-03-12T20:48:20.35Z,FUV,0,0
2014b,4609399,2014-03-12T20:48:37.12Z,FUV,0,0
2014b,4609402,2014-03-12T20:48:53.63Z,FUV,0,0
2014b,4609405,2014-03-12T20:49:10.40Z,FUV,0,0
2014b,4609408,2014-03-12T20:49:26.91Z,FUV,0,0
2014b,4609411,2014-03-12T20:49:43.66Z,FUV,0,0
2014b,4609414,2014-03-12T20:50:00.19Z,FUV,0,0
2014b,4609417,2014-03-12T20:50:16.96Z,FUV,0,0
2014b,4609420,2014-03-12T20:50:33.47Z,FUV,0,0
2014b,4609423,2014-03-12T20:50:50.23Z,FUV,0,0
2014b,4609426,2014-03-12T20:51:06.75Z,FUV,0,0
2014b,4609429,2014-03-12T20:51:23.50Z,FUV,0,0
2014b,4609432,2014-03-12T20:51:40.03Z,FUV,0,0
2014b,4609435,2014-03-12T20:51:56.81Z,FUV,0,0
2014b,4609438,2014-03-12T20:52:13.31Z,FUV,0,0
2014b,4609441,2014-03-12T20:52:30.07Z,FUV,0,0
2014b,4609444,2014-03-12T20:52:46.60Z,FUV,0,0
2014b,4609447,2014-03-12T20:53:03.35Z,FUV,0,0
2014b,4609450,2014-03-12T20:53:19.88Z,FUV,0,0
2014b,4609453,2014-03-12T20:53:36.63Z,FUV,0,0
2014b,4609456,2014-03-12T20:53:53.16Z,FUV,0,0
2014b,4609459,2014-03-12T20:54:09.91Z,FUV,0,0
2014b,4609462,2014-03-12T20:54:26.44Z,FUV,0,0
2014b,4609465,2014-03-12T20:54:43.22Z,FUV,0,0
2014b,4609468,2014-03-12T20:54:59.72Z,FUV,0,0
2014b,4609471,2014-03-12T20:55:16.48Z,FUV,0,0
2014b,4609474,2014-03-12T20:55:33.00Z,FUV,0,0
2014b,4609477,2014-03-12T20:55:49.77Z,FUV,0,0
2014b,4609480,2014-03-12T20:56:06.28Z,FUV,0,0
2014b,4609483,2014-03-12T20:56:22.88Z,FUV,0,0
2014b,4609486,2014-03-12T20:56:39.41Z,FUV,0,0
2014b,4609489,2014-03-12T20:56:56.17Z,FUV,0,0
2014b,4609492,2014-03-12T20:57:12.69Z,FUV,0,0
2014b,4609495,2014-03-12T20:57:29.45Z,FUV,0,0
2014b,4609498,2014-03-12T20:57:45.97Z,FUV,0,0
2014b,4609501,2014-03-12T20:58:02.73Z,FUV,0,0
2014b,4609504,2014-03-12T20:58:19.25Z,FUV,0,0
2014b,4609507,2014-03-12T20:58:36.00Z,FUV,0,0
2014b,4609510,2014-03-12T20:58:52.53Z,FUV,0,0
2014b,4609513,2014-03-12T20:59:09.31Z,FUV,0,0
2014b,4609531,2014-03-12T21:00:49.13Z,FUV,0,0
2014b,4609534,2014-03-12T21:01:05.66Z,FUV,0,0
2014b,4609537,2014-03-12T21:01:22.41Z,FUV,0,0
2014b,4609540,2014-03-12T21:01:38.94Z,FUV,0,0
2014b,4609543,2014-03-12T21:01:55.71Z,FUV,0,0
2014b,4609546,2014-03-12T21:02:12.22Z,FUV,0,0
2014b,4609549,2014-03-12T21:02:28.99Z,FUV,0,0
2014b,4609552,2014-03-12T21:02:45.50Z,FUV,0,0
2014b,4609555,2014-03-12T21:03:02.26Z,FUV,0,0
2014b,4609558,2014-03-12T21:03:18.78Z,FUV,0,0
2014b,4609561,2014-03-12T21:03:35.54Z,FUV,0,0
2014b,4609564,2014-03-12T21:03:52.06Z,FUV,0,0
2014b,4609567,2014-03-12T21:04:08.85Z,FUV,0,0
2014b,4609570,2014-03-12T21:04:25.35Z,FUV,0,0
2014b,4609573,2014-03-12T21:04:42.12Z,FUV,0,0
2014b,4609576,2014-03-12T21:04:58.63Z,FUV,0,0
2014b,4609579,2014-03-12T21:05:15.38Z,FUV,0,0
2014b,4609582,2014-03-12T21:05:31.91Z,FUV,0,0
2014b,4609585,2014-03-12T21:05:48.66Z,FUV,0,0
2014b,4609588,2014-03-12T21:06:05.19Z,FUV,0,0
2014b,4609591,2014-03-12T21:06:21.96Z,FUV,0,0
2014b,4609594,2014-03-12T21:06:38.47Z,FUV,0,0
2014b,4609597,2014-03-12T21:06:55.24Z,FUV,0,0
2014b,4609600,2014-03-12T21:07:11.75Z,FUV,0,0
2014b,4609603,2014-03-12T21:07:28.50Z,FUV,0,0
2014b,4609606,2014-03-12T21:07:45.03Z,FUV,0,0
2014b,4609609,2014-03-12T21:08:01.78Z,FUV,0,0
2014b,4609612,2014-03-12T21:08:18.31Z,FUV,0,0
2014b,4609615,2014-03-12T21:08:35.09Z,FUV,0,0
2014b,4609618,2014-03-12T21:08:51.60Z,FUV,0,0
2014b,4609621,2014-03-12T21:09:08.37Z,FUV,0,0
2014b,4609624,2014-03-12T21:09:24.88Z,FUV,0,0
2014b,4609627,2014-03-12T21:09:41.65Z,FUV,0,0
2014b,4609630,2014-03-12T21:09:58.16Z,FUV,0,0
2014b,4609633,2014-03-12T21:10:14.91Z,FUV,0,0
2014b,4609636,2014-03-12T21:10:31.44Z,FUV,0,0
2014b,4609639,2014-03-12T21:10:48.20Z,FUV,0,0
2014b,4609642,2014-03-12T21:11:04.72Z,FUV,0,0
2014b,4609645,2014-03-12T21:11:21.49Z,FUV,0,0
2014b,4609648,2014-03-12T21:11:38.00Z,FUV,0,0
2014b,4609651,2014-03-12T21:11:54.79Z,FUV,0,0
2014b,4609654,2014-03-12T21:12:11.28Z,FUV,0,0
2014b,4609657,2014-03-12T21:12:28.06Z,FUV,0,0
2014b,4609660,2014-03-12T21:12:44.56Z,FUV,0,0
2014b,4609663,2014-03-12T21:13:01.32Z,FUV,0,0
2014b,4609666,2014-03-12T21:13:17.85Z,FUV,0,0
2014b,4609669,2014-03-12T21:13:34.60Z,FUV,0,0
2014b,4609672,2014-03-12T21:13:51.13Z,FUV,0,0
2014b,4609675,2014-03-12T21:14:07.77Z,FUV,0,0
2014b,4609678,2014-03-12T21:14:24.25Z,FUV,0,0
2014b,4609681,2014-03-12T21:14:41.03Z,FUV,0,0
2014b,4609684,2014-03-12T21:14:57.53Z,FUV,0,0
2014b,4609687,2014-03-12T21:15:14.28Z,FUV,0,0
2014b,4609690,2014-03-12T21:15:30.81Z,FUV,0,0
2014b,4609693,2014-03-12T21:15:47.56Z,FUV,0,0
2014b,4609696,2014-03-12T21:16:04.10Z,FUV,0,0
2014b,4609699,2014-03-12T21:16:20.85Z,FUV,0,0
2014b,4609702,2014-03-12T21:16:37.38Z,FUV,0,0
2014b,4609705,2014-03-12T21:16:54.17Z,FUV,0,0
2014b,4609708,2014-03-12T21:17:10.66Z,FUV,0,0
2014b,4609711,2014-03-12T21:17:27.42Z,FUV,0,0
2014b,4609714,2014-03-12T21:17:43.95Z,FUV,0,0
2014b,4609717,2014-03-12T21:18:00.69Z,FUV,0,0
2014b,4609720,2014-03-12T21:18:17.22Z,FUV,0,0
2014b,4609723,2014-03-12T21:18:33.97Z,FUV,0,0
2014b,4609726,2014-03-12T21:18:50.50Z,FUV,0,0
2014b,4609729,2014-03-12T21:19:07.27Z,FUV,1,0
2014b,4609732,2014-03-12T21:19:23.78Z,FUV,1,0
2014b,4609735,2014-03-12T21:19:40.53Z,FUV,1,0
2014b,4609738,2014-03-12T21:19:57.06Z,FUV,1,0
2014b,4609741,2014-03-12T21:20:13.81Z,FUV,1,0
2014b,4609744,2014-03-12T21:20:30.35Z,FUV,1,0
2014b,4609747,2014-03-12T21:20:47.10Z,FUV,1,0
2014b,4609750,2014-03-12T21:21:03.63Z,FUV,1,0
2014b,4609753,2014-03-12T21:21:20.39Z,FUV,1,0
2014b,4609756,2014-03-12T21:21:36.91Z,FUV,1,0
2014b,4609759,2014-03-12T21:21:53.66Z,FUV,1,1
2014b,4609762,2014-03-12T21:22:10.19Z,FUV,1,0
2014b,4609765,2014-03-12T21:22:26.96Z,FUV,1,0
2014b,4609768,2014-03-12T21:22:43.47Z,FUV,1,0
2014b,4609771,2014-03-12T21:23:00.22Z,FUV,1,0
2014b,4609774,2014-03-12T21:23:16.75Z,FUV,1,0
2014b,4609777,2014-03-12T21:23:33.53Z,FUV,1,1
2014b,4609780,2014-03-12T21:23:50.03Z,FUV,1,0
2014b,4609783,2014-03-12T21:24:06.81Z,FUV,1,1
2014b,4609786,2014-03-12T21:24:23.31Z,FUV,1,1
2014b,4609789,2014-03-12T21:24:40.06Z,FUV,1,1
2014b,4609792,2014-03-12T21:24:56.60Z,FUV,1,0
2014b,4609795,2014-03-12T21:25:13.34Z,FUV,1,2
2014b,4609798,2014-03-12T21:25:29.88Z,FUV,1,2
2014b,4609801,2014-03-12T21:25:46.63Z,FUV,1,0
2014b,4609804,2014-03-12T21:26:03.16Z,FUV,1,2
2014b,4609807,2014-03-12T21:26:19.91Z,FUV,1,4
2014b,4609810,2014-03-12T21:26:36.44Z,FUV,1,9
2014b,4609813,2014-03-12T21:26:53.21Z,FUV,1,8
2014b,4609816,2014-03-12T21:27:09.72Z,FUV,1,10
2014b,4609819,2014-03-12T21:27:26.48Z,FUV,1,4
2014b,4609822,2014-03-12T21:27:43.00Z,FUV,1,12
2014b,4609825,2014-03-12T21:27:59.79Z,FUV,1,9
2014b,4609828,2014-03-12T21:28:16.28Z,FUV,1,11
2014b,4609831,2014-03-12T21:28:33.06Z,FUV,1,20
2014b,4609834,2014-03-12T21:28:49.56Z,FUV,1,18
2014b,4609837,2014-03-12T21:29:06.32Z,FUV,1,17
2014b,4609840,2014-03-12T21:29:22.85Z,FUV,1,11
2014b,4609843,2014-03-12T21:29:39.60Z,FUV,1,16
2014b,4609846,2014-03-12T21:29:56.13Z,FUV,1,10
2014b,4609849,2014-03-12T21:30:12.88Z,FUV,1,9
2014b,4609852,2014-03-12T21:30:29.41Z,FUV,1,10
2014b,4609855,2014-03-12T21:30:46.17Z,FUV,1,13
2014b,4609858,2014-03-12T21:31:02.69Z,FUV,1,7
2014b,4609861,2014-03-12T21:31:19.44Z,FUV,1,9
2014b,4609864,2014-03-12T21:31:35.97Z,FUV,1,9
2014b,4609867,2014-03-12T21:31:52.62Z,FUV,1,7
2014b,4609870,2014-03-12T21:32:09.10Z,FUV,1,2
2014b,4609873,2014-03-12T21:32:25.85Z,FUV,1,1
2014b,4609876,2014-03-12T21:32:42.38Z,FUV,1,0
2014b,4609879,2014-03-12T21:32:59.15Z,FUV,1,0
2014b,4609882,2014-03-12T21:33:15.66Z,FUV,1,1
2014b,4609885,2014-03-12T21:33:32.42Z,FUV,1,0
2014b,4609888,2014-03-12T21:33:48.94Z,FUV,1,0
2014b,4609891,2014-03-12T21:34:05.69Z,FUV,1,0
2014b,4609894,2014-03-12T21:34:22.22Z,FUV,1,0
2014b,4609897,2014-03-12T21:34:39.00Z,FUV,1,0
2014b,4609900,2014-03-12T21:34:55.50Z,FUV,0,0
2014b,4609903,2014-03-12T21:35:12.27Z,FUV,0,0
2014b,4609906,2014-03-12T21:35:28.78Z,FUV,0,0
2014b,4609909,2014-03-12T21:35:45.55Z,FUV,0,0
2014b,4609912,2014-03-12T21:36:02.06Z,FUV,0,0
2014b,4609915,2014-03-12T21:36:18.82Z,FUV,0,0
2014b,4609918,2014-03-12T21:36:35.35Z,FUV,0,0
2014b,4609921,2014-03-12T21:36:52.10Z,FUV,0,0
2014b,4609924,2014-03-12T21:37:08.63Z,FUV,0,0
2014b,4609927,2014-03-12T21:37:25.39Z,FUV,0,0
2014b,4609930,2014-03-12T21:37:41.91Z,FUV,0,0
2014b,4609933,2014-03-12T21:37:58.68Z,FUV,0,0
2014b,4609936,2014-03-12T21:38:15.19Z,FUV,0,0
2014b,4609939,2014-03-12T21:38:31.95Z,FUV,0,0
2014b,4609942,2014-03-12T21:38:48.47Z,FUV,0,0
2014b,4609945,2014-03-12T21:39:05.22Z,FUV,0,0
2014b,4609948,2014-03-12T21:39:21.75Z,FUV,0,0
2014b,4609951,2014-03-12T21:39:38.52Z,FUV,0,0
2014b,4609954,2014-03-12T21:39:55.03Z,FUV,0,0
2014b,4609957,2014-03-12T21:40:11.78Z,FUV,0,0
2014b,4609960,2014-03-12T21:40:28.31Z,FUV,0,0
2014b,4609963,2014-03-12T21:40:45.07Z,FUV,0,0
2014b,4609966,2014-03-12T21:41:01.60Z,FUV,0,0
2014b,4609969,2014-03-12T21:41:18.35Z,FUV,0,0
2014b,4609972,2014-03-12T21:41:34.88Z,FUV,0,0
2014b,4609975,2014-03-12T21:41:51.63Z,FUV,0,0
2014b,4609978,2014-03-12T21:42:08.16Z,FUV,0,0
2014b,4609981,2014-03-12T21:42:24.94Z,FUV,0,0
2014b,4609984,2014-03-12T21:42:41.44Z,FUV,0,0
2014b,4609987,2014-03-12T21:42:58.21Z,FUV,0,0
2014b,4609990,2014-03-12T21:43:14.72Z,FUV,0,0
2014b,4609993,2014-03-12T21:43:31.47Z,FUV,0,0
2014b,4609996,2014-03-12T21:43:48.00Z,FUV,0,0
2014b,4609999,2014-03-12T21:44:04.75Z,FUV,0,0
2014b,4610002,2014-03-12T21:44:21.28Z,FUV,0,0
2014b,4610005,2014-03-12T21:44:38.04Z,FUV,0,0
2014b,4610008,2014-03-12T21:44:54.56Z,FUV,0,0
2014b,4610011,2014-03-12T21:45:11.33Z,FUV,0,0
2014b,4610014,2014-03-12T21:45:27.85Z,FUV,0,0
2014b,4610017,2014-03-12T21:45:44.62Z,FUV,0,0
2014b,4610020,2014-03-12T21:46:01.13Z,FUV,0,0
2014b,4610023,2014-03-12T21:46:17.88Z,FUV,0,0
2014b,4610026,2014-03-12T21:46:34.41Z,FUV,0,0
2014b,4610029,2014-03-12T21:46:51.17Z,FUV,0,0
2014b,4610032,2014-03-12T21:47:07.69Z,FUV,0,0
2014b,4610035,2014-03-12T21:47:24.45Z,FUV,0,0
2014b,4610038,2014-03-12T21:47:40.97Z,FUV,0,0
2014b,4610041,2014-03-12T21:47:57.74Z,FUV,0,0
2014b,4610044,2014-03-12T21:48:14.25Z,FUV,0,0
2014b,4610047,2014-03-12T21:48:31.03Z,FUV,0,0
2014b,4610050,2014-03-12T21:48:47.53Z,FUV,0,0
2014b,4610053,2014-03-12T21:49:04.29Z,FUV,0,0
2014b,4610056,2014-03-12T21:49:20.81Z,FUV,0,0
2014b,4610059,2014-03-12T21:49:37.43Z,FUV,0,0
2014b,4610062,2014-03-12T21:49:53.94Z,FUV,0,0
2014b,4610065,2014-03-12T21:50:10.69Z,FUV,0,0
2014b,4610068,2014-03-12T21:50:27.22Z,FUV,0,0
2014b,4610071,2014-03-12T21:50:43.98Z,FUV,0,0
2014b,4610074,2014-03-12T21:51:00.50Z,FUV,0,0
2014b,4610077,2014-03-12T21:51:17.28Z,FUV,0,0
2014b,4610080,2014-03-12T21:51:33.78Z,FUV,0,0
2014b,4610083,2014-03-12T21:51:50.55Z,FUV,0,0
2014b,4610086,2014-03-12T21:52:07.06Z,FUV,0,0
2014b,4610089,2014-03-12T21:52:23.82Z,FUV,0,0
2014b,4610092,2014-03-12T21:52:40.35Z,FUV,0,0
2014b,4610095,2014-03-12T21:52:57.09Z,FUV,0,0
2014b,4610098,2014-03-12T21:53:13.63Z,FUV,0,0
2014b,4610101,2014-03-12T21:53:30.40Z,FUV,0,0
2014b,4610104,2014-03-12T21:53:46.91Z,FUV,0,0
2014b,4610107,2014-03-12T21:54:03.66Z,FUV,0,0
2014b,4610110,2014-03-12T21:54:20.19Z,FUV,0,0
2014b,4610113,2014-03-12T21:54:36.94Z,FUV,0,0
2014b,4610116,2014-03-12T21:54:53.47Z,FUV,0,0
2014b,4610119,2014-03-12T21:55:10.22Z,FUV,0,0
2014b,4610122,2014-03-12T21:55:26.75Z,FUV,0,0
2014b,4610125,2014-03-12T21:55:43.52Z,FUV,0,0
2014b,4610128,2014-03-12T21:56:00.03Z,FUV,0,0
2014b,4610131,2014-03-12T21:56:16.80Z,FUV,0,0
2014b,4610134,2014-03-12T21:56:33.31Z,FUV,0,0
2014b,4610137,2014-03-12T21:56:50.06Z,FUV,0,0
2014b,4610140,2014-03-12T21:57:06.60Z,FUV,0,0
2014b,4610143,2014-03-12T21:57:23.36Z,FUV,0,0
2014b,4610146,2014-03-12T21:57:39.88Z,FUV,0,0
2014b,4610149,2014-03-12T21:57:56.66Z,FUV,0,0
2014b,4610152,2014-03-12T21:58:13.16Z,FUV,0,0
2014b,4610155,2014-03-12T21:58:29.93Z,FUV,0,0
2014b,4610158,2014-03-12T21:58:46.44Z,FUV,0,0
2014b,4610161,2014-03-12T21:59:03.20Z,FUV,0,0
2014b,4610164,2014-03-12T21:59:19.72Z,FUV,0,0
2014b,4610167,2014-03-12T21:59:36.48Z,FUV,0,0
2014b,4610170,2014-03-12T21:59:53.00Z,FUV,0,0
2014b,4610173,2014-03-12T22:00:09.77Z,FUV,0,0
2014b,4610176,2014-03-12T22:00:26.28Z,FUV,0,0
2014b,4610179,2014-03-12T22:00:43.06Z,FUV,0,0
2014b,4610182,2014-03-12T22:00:59.56Z,FUV,0,0
2014b,4610185,2014-03-12T22:01:16.32Z,FUV,0,0
2014b,4610188,2014-03-12T22:01:32.85Z,FUV,0,0
2014b,4610191,2014-03-12T22:01:49.60Z,FUV,0,0
2014b,4610194,2014-03-12T22:02:06.13Z,FUV,0,0
2014b,4610197,2014-03-12T22:02:22.89Z,FUV,0,0
2014b,4610200,2014-03-12T22:02:39.41Z,FUV,0,0
2014b,4610203,2014-03-12T22:02:56.18Z,FUV,0,0
2014b,4610206,2014-03-12T22:03:12.69Z,FUV,0,0
2014b,4610209,2014-03-12T22:03:29.44Z,FUV,0,0
2014b,4610212,2014-03-12T22:03:45.97Z,FUV,0,0
2014b,4610215,2014-03-12T22:04:02.73Z,FUV,0,0
2014b,4610218,2014-03-12T22:04:19.25Z,FUV,0,0
2014b,4610221,2014-03-12T22:04:36.00Z,FUV,0,0
2014b,4610224,2014-03-12T22:04:52.53Z,FUV,0,0
2014b,4610227,2014-03-12T22:05:09.29Z,FUV,0,0
2014b,4610230,2014-03-12T22:05:25.81Z,FUV,0,0
2014b,4610233,2014-03-12T22:05:42.60Z,FUV,0,0
2014b,4610236,2014-03-12T22:05:59.10Z,FUV,0,0
2014b,4610239,2014-03-12T22:06:15.84Z,FUV,0,0
2014b,4610242,2014-03-12T22:06:32.38Z,FUV,0,0
2014b,4610245,2014-03-12T22:06:49.15Z,FUV,0,0
2014b,4610248,2014-03-12T22:07:05.66Z,FUV,0,0
2014,4982249,2014-04-07T11:18:32.79Z,FUV,0,0
2014,4982252,2014-04-07T11:18:38.72Z,FUV,0,0
2014,4982255,2014-04-07T11:18:44.20Z,FUV,0,0
2014,4982258,2014-04-07T11:18:49.86Z,FUV,0,0
2014,4982261,2014-04-07T11:18:55.50Z,FUV,0,0
2014,4982264,2014-04-07T11:19:00.94Z,FUV,0,0
2014,4982267,2014-04-07T11:19:06.49Z,FUV,0,1
2014,4982270,2014-04-07T11:19:12.25Z,FUV,0,0
2014,4982273,2014-04-07T11:19:17.73Z,FUV,0,0
2014,4982276,2014-04-07T11:19:23.35Z,FUV,0,0
2014,4982279,2014-04-07T11:19:29.03Z,FUV,0,0
2014,4982282,2014-04-07T11:19:34.47Z,FUV,0,0
2014,4982285,2014-04-07T11:19:40.13Z,FUV,0,0
2014,4982288,2014-04-07T11:19:45.81Z,FUV,0,0
2014,4982291,2014-04-07T11:19:51.35Z,FUV,0,0
2014,4982294,2014-04-07T11:19:56.93Z,FUV,0,0
2014,4982297,2014-04-07T11:20:02.60Z,FUV,0,0
2014,4982300,2014-04-07T11:20:08.03Z,FUV,0,0
2014,4982303,2014-04-07T11:20:13.63Z,FUV,0,0
2014,4982306,2014-04-07T11:20:19.35Z,FUV,0,0
2014,4982309,2014-04-07T11:20:24.82Z,FUV,0,0
2014,4982312,2014-04-07T11:20:30.43Z,FUV,0,0
2014,4982315,2014-04-07T11:20:36.13Z,FUV,0,0
2014,4982318,2014-04-07T11:20:41.62Z,FUV,0,0
2014,4982321,2014-04-07T11:20:47.18Z,FUV,0,0
2014,4982324,2014-04-07T11:20:52.91Z,FUV,0,0
2014,4982327,2014-04-07T11:20:58.38Z,FUV,0,0
2014,4982330,2014-04-07T11:21:04.06Z,FUV,0,0
2014,4982333,2014-04-07T11:21:09.69Z,FUV,0,0
2014,4982336,2014-04-07T11:21:15.12Z,FUV,0,0
2014,4982339,2014-04-07T11:21:20.68Z,FUV,0,0
2014,4982342,2014-04-07T11:21:26.44Z,FUV,0,0
2014,4982345,2014-04-07T11:21:31.95Z,FUV,0,0
2014,4982348,2014-04-07T11:21:37.62Z,FUV,0,0
2014,4982351,2014-04-07T11:21:43.22Z,FUV,0,0
2014,4982354,2014-04-07T11:21:48.66Z,FUV,0,0
2014,4982357,2014-04-07T11:21:54.24Z,FUV,0,0
2014,4982360,2014-04-07T11:22:00.00Z,FUV,0,0
2014,4982363,2014-04-07T11:22:05.47Z,FUV,0,1
2014,4982366,2014-04-07T11:22:11.07Z,FUV,0,0
2014,4982369,2014-04-07T11:22:16.78Z,FUV,0,0
2014,4982372,2014-04-07T11:22:22.21Z,FUV,0,0
2014,4982375,2014-04-07T11:22:27.83Z,FUV,0,0
2014,4982378,2014-04-07T11:22:33.56Z,FUV,0,0
2014,4982381,2014-04-07T11:22:39.03Z,FUV,0,0
2014,4982384,2014-04-07T11:22:44.66Z,FUV,0,0
2014,4982387,2014-04-07T11:22:50.31Z,FUV,0,0
2014,4982390,2014-04-07T11:22:55.77Z,FUV,0,0
2014,4982393,2014-04-07T11:23:01.38Z,FUV,0,0
2014,4982396,2014-04-07T11:23:07.10Z,FUV,0,0
2014,4982399,2014-04-07T11:23:12.59Z,FUV,0,0
2014,4982402,2014-04-07T11:23:18.24Z,FUV,0,0
2014,4982405,2014-04-07T11:23:23.88Z,FUV,0,0
2014,4982408,2014-04-07T11:23:29.30Z,FUV,0,0
2014,4982411,2014-04-07T11:23:34.89Z,FUV,0,0
2014,4982414,2014-04-07T11:23:40.63Z,FUV,0,0
2014,4982417,2014-04-07T11:23:46.13Z,FUV,0,0
2014,4982420,2014-04-07T11:23:51.74Z,FUV,0,0
2014,4982423,2014-04-07T11:23:57.41Z,FUV,0,0
2014,4982426,2014-04-07T11:24:02.82Z,FUV,0,0
2014,4982429,2014-04-07T11:24:08.44Z,FUV,0,0
2014,4982432,2014-04-07T11:24:14.19Z,FUV,0,0
2014,4982435,2014-04-07T11:24:19.68Z,FUV,0,0
2014,4982438,2014-04-07T11:24:25.26Z,FUV,0,0
2014,4982441,2014-04-07T11:24:30.97Z,FUV,0,0
2014,4982444,2014-04-07T11:24:36.40Z,FUV,0,0
2014,4982447,2014-04-07T11:24:41.99Z,FUV,0,0
2014,4982450,2014-04-07T11:24:47.72Z,FUV,0,0
2014,4982453,2014-04-07T11:24:53.19Z,FUV,0,0
2014,4982456,2014-04-07T11:24:58.82Z,FUV,0,0
2014,4982459,2014-04-07T11:25:04.50Z,FUV,0,0
2014,4982462,2014-04-07T11:25:09.96Z,FUV,0,0
2014,4982465,2014-04-07T11:25:15.52Z,FUV,0,0
2014,4982468,2014-04-07T11:25:21.28Z,FUV,0,0
2014,4982471,2014-04-07T11:25:26.77Z,FUV,0,0
2014,4982474,2014-04-07T11:25:32.44Z,FUV,0,0
2014,4982477,2014-04-07T11:25:38.06Z,FUV,0,0
2014,4982480,2014-04-07T11:25:43.49Z,FUV,0,0
2014,4982483,2014-04-07T11:25:49.07Z,FUV,0,0
2014,4982486,2014-04-07T11:25:54.81Z,FUV,0,0
2014,4982489,2014-04-07T11:26:00.32Z,FUV,0,0
2014,4982492,2014-04-07T11:26:05.94Z,FUV,0,0
2014,4982495,2014-04-07T11:26:11.60Z,FUV,0,0
2014,4982498,2014-04-07T11:26:17.06Z,FUV,0,0
2014,4982501,2014-04-07T11:26:22.67Z,FUV,0,0
2014,4982504,2014-04-07T11:26:28.38Z,FUV,0,0
2014,4982507,2014-04-07T11:26:33.83Z,FUV,0,0
2014,4982510,2014-04-07T11:26:39.42Z,FUV,0,0
2014,4982513,2014-04-07T11:26:45.16Z,FUV,0,0
2014,4982516,2014-04-07T11:26:50.59Z,FUV,0,0
2014,4982519,2014-04-07T11:26:56.21Z,FUV,0,0
2014,4982522,2014-04-07T11:27:01.91Z,FUV,0,0
2014,4982525,2014-04-07T11:27:07.35Z,FUV,0,0
2014,4982528,2014-04-07T11:27:12.98Z,FUV,0,0
2014,4982531,2014-04-07T11:27:18.69Z,FUV,0,0
2014,4982534,2014-04-07T11:27:24.17Z,FUV,0,0
2014,4982537,2014-04-07T11:27:29.72Z,FUV,0,0
2014,4982540,2014-04-07T11:27:35.47Z,FUV,0,0
2014,4982543,2014-04-07T11:27:40.92Z,FUV,0,0
2014,4982546,2014-04-07T11:27:46.55Z,FUV,0,0
2014,4982549,2014-04-07T11:27:52.25Z,FUV,0,0
2014,4982552,2014-04-07T11:27:57.67Z,FUV,0,0
2014,4982555,2014-04-07T11:28:03.27Z,FUV,0,0
2014,4982558,2014-04-07T11:28:09.00Z,FUV,0,0
2014,4982561,2014-04-07T11:28:14.49Z,FUV,0,0
2014,4982564,2014-04-07T11:28:20.13Z,FUV,0,0
2014,4982567,2014-04-07T11:28:25.78Z,FUV,0,0
2014,4982570,2014-04-07T11:28:31.23Z,FUV,0,0
2014,4982573,2014-04-07T11:28:36.83Z,FUV,0,0
2014,4982576,2014-04-07T11:28:42.56Z,FUV,0,0
2014,4982579,2014-04-07T11:28:48.04Z,FUV,0,1
2014,4982582,2014-04-07T11:28:53.64Z,FUV,0,0
2014,4982585,2014-04-07T11:28:59.35Z,FUV,0,0
2014,4982588,2014-04-07T11:29:04.79Z,FUV,0,0
2014,4982591,2014-04-07T11:29:10.38Z,FUV,0,1
2014,4982594,2014-04-07T11:29:16.10Z,FUV,0,0
2014,4982597,2014-04-07T11:29:21.56Z,FUV,0,0
2014,4982600,2014-04-07T11:29:27.18Z,FUV,0,0
2014,4982603,2014-04-07T11:29:32.88Z,FUV,0,0
2014,4982606,2014-04-07T11:29:38.35Z,FUV,0,0
2014,4982609,2014-04-07T11:29:43.92Z,FUV,0,0
2014,4982612,2014-04-07T11:29:49.66Z,FUV,0,0
2014,4982615,2014-04-07T11:29:55.10Z,FUV,0,2
2014,4982618,2014-04-07T11:30:00.74Z,FUV,0,0
2014,4982621,2014-04-07T11:30:06.44Z,FUV,0,0
2014,4982624,2014-04-07T11:30:11.87Z,FUV,0,0
2014,4982627,2014-04-07T11:30:17.46Z,FUV,0,0
2014,4982630,2014-04-07T11:30:23.19Z,FUV,0,0
2014,4982633,2014-04-07T11:30:28.68Z,FUV,0,0
2014,4982636,2014-04-07T11:30:34.29Z,FUV,0,0
2014,4982639,2014-04-07T11:30:39.97Z,FUV,0,0
2014,4982642,2014-04-07T11:30:45.39Z,FUV,0,0
2014,4982645,2014-04-07T11:30:50.99Z,FUV,0,0
2014,4982648,2014-04-07T11:30:56.75Z,FUV,0,0
2014,4982651,2014-04-07T11:31:02.21Z,FUV,0,0
2014,4982654,2014-04-07T11:31:07.79Z,FUV,0,0
2014,4982657,2014-04-07T11:31:13.53Z,FUV,0,0
2014,4982660,2014-04-07T11:31:18.96Z,FUV,0,0
2014,4982663,2014-04-07T11:31:24.56Z,FUV,0,0
2014,4982666,2014-04-07T11:31:30.28Z,FUV,0,0
2014,4982669,2014-04-07T11:31:35.75Z,FUV,0,0
2014,4982672,2014-04-07T11:31:41.37Z,FUV,0,0
2014,4982675,2014-04-07T11:31:47.06Z,FUV,0,0
2014,4982678,2014-04-07T11:31:52.51Z,FUV,0,0
2014,4982681,2014-04-07T11:31:58.06Z,FUV,0,0
2014,4982684,2014-04-07T11:32:03.85Z,FUV,0,0
2014,4982687,2014-04-07T11:32:09.33Z,FUV,0,0
2014,4982690,2014-04-07T11:32:15.03Z,FUV,0,0
2014,4982693,2014-04-07T11:32:20.63Z,FUV,0,0
2014,4982696,2014-04-07T11:32:26.07Z,FUV,0,0
2014,4982699,2014-04-07T11:32:31.65Z,FUV,0,0
2014,4982702,2014-04-07T11:32:37.41Z,FUV,0,0
2014,4982705,2014-04-07T11:32:42.89Z,FUV,0,0
2014,4982708,2014-04-07T11:32:48.56Z,FUV,0,0
2014,4982711,2014-04-07T11:32:54.16Z,FUV,0,0
2014,4982714,2014-04-07T11:32:59.60Z,FUV,0,0
2014,4982717,2014-04-07T11:33:05.18Z,FUV,0,1
2014,4982720,2014-04-07T11:33:10.94Z,FUV,0,0
2014,4982723,2014-04-07T11:33:16.39Z,FUV,0,0
2014,4982726,2014-04-07T11:33:21.99Z,FUV,0,0
2014,4982729,2014-04-07T11:33:27.72Z,FUV,0,1
2014,4982732,2014-04-07T11:33:33.17Z,FUV,0,0
2014,4982735,2014-04-07T11:33:38.76Z,FUV,0,0
2014,4982738,2014-04-07T11:33:44.47Z,FUV,0,0
2014,4982741,2014-04-07T11:33:49.94Z,FUV,0,0
2014,4982744,2014-04-07T11:33:55.54Z,FUV,0,0
2014,4982747,2014-04-07T11:34:01.25Z,FUV,0,0
2014,4982750,2014-04-07T11:34:06.72Z,FUV,0,0
2014,4982753,2014-04-07T11:34:12.31Z,FUV,0,0
2014,4982756,2014-04-07T11:34:18.03Z,FUV,0,0
2014,4982759,2014-04-07T11:34:23.52Z,FUV,0,0
2014,4982762,2014-04-07T11:34:29.18Z,FUV,0,0
2014,4982765,2014-04-07T11:34:34.81Z,FUV,0,0
2014,4982768,2014-04-07T11:34:40.24Z,FUV,0,0
2014,4982771,2014-04-07T11:34:45.83Z,FUV,0,0
2014,4982774,2014-04-07T11:34:51.56Z,FUV,0,0
2014,4982777,2014-04-07T11:34:57.09Z,FUV,0,0
2014,4982780,2014-04-07T11:35:02.72Z,FUV,0,0
2014,4982783,2014-04-07T11:35:08.35Z,FUV,0,0
2014,4982786,2014-04-07T11:35:13.77Z,FUV,0,0
2014,4982789,2014-04-07T11:35:19.43Z,FUV,0,0
2014,4982792,2014-04-07T11:35:25.13Z,FUV,0,0
2014,4982795,2014-04-07T11:35:30.59Z,FUV,0,0
2014,4982798,2014-04-07T11:35:36.21Z,FUV,0,0
2014,4982801,2014-04-07T11:35:41.91Z,FUV,0,0
2014,4982804,2014-04-07T11:35:47.34Z,FUV,0,0
2014,4982807,2014-04-07T11:35:52.96Z,FUV,0,0
2014,4982810,2014-04-07T11:35:58.66Z,FUV,0,0
2014,4982813,2014-04-07T11:36:04.10Z,FUV,0,0
2014,4982816,2014-04-07T11:36:09.70Z,FUV,0,0
2014,4982819,2014-04-07T11:36:15.44Z,FUV,0,0
2014,4982822,2014-04-07T11:36:20.88Z,FUV,0,1
2014,4982825,2014-04-07T11:36:26.46Z,FUV,0,0
2014,4982828,2014-04-07T11:36:32.22Z,FUV,0,0
2014,4982831,2014-04-07T11:36:37.67Z,FUV,0,1
2014,4982834,2014-04-07T11:36:43.29Z,FUV,0,0
2014,4982837,2014-04-07T11:36:49.00Z,FUV,0,0
2014,4982840,2014-04-07T11:36:54.43Z,FUV,0,0
2014,4982843,2014-04-07T11:37:00.01Z,FUV,0,0
2014,4982846,2014-04-07T11:37:05.75Z,FUV,0,0
2014,4982849,2014-04-07T11:37:11.24Z,FUV,0,0
2014,4982852,2014-04-07T11:37:16.88Z,FUV,0,0
2014,4982855,2014-04-07T11:37:22.53Z,FUV,0,0
2014,4982858,2014-04-07T11:37:27.99Z,FUV,0,0
2014,4982861,2014-04-07T11:37:33.57Z,FUV,0,0
2014,4982864,2014-04-07T11:37:39.31Z,FUV,0,0
2014,4982867,2014-04-07T11:37:44.81Z,FUV,0,0
2014,4982870,2014-04-07T11:37:50.39Z,FUV,0,0
2014,4982873,2014-04-07T11:37:56.10Z,FUV,0,0
2014,4982876,2014-04-07T11:38:01.52Z,FUV,0,0
2014,4982879,2014-04-07T11:38:07.11Z,FUV,0,0
2014,4982882,2014-04-07T11:38:12.84Z,FUV,0,0
2014,4982885,2014-04-07T11:38:18.33Z,FUV,0,0
2014,4982888,2014-04-07T11:38:23.95Z,FUV,0,2
2014,4982891,2014-04-07T11:38:29.63Z,FUV,0,1
2014,4982894,2014-04-07T11:38:35.10Z,FUV,0,0
2014,4982897,2014-04-07T11:38:40.67Z,FUV,0,0
2014,4982900,2014-04-07T11:38:46.41Z,FUV,0,0
2014,4982903,2014-04-07T11:38:51.91Z,FUV,0,0
2014,4982906,2014-04-07T11:38:57.54Z,FUV,0,0
2014,4982909,2014-04-07T11:39:03.19Z,FUV,0,0
2014,4982912,2014-04-07T11:39:08.63Z,FUV,0,0
2014,4982915,2014-04-07T11:39:14.20Z,FUV,0,0
2014,4982918,2014-04-07T11:39:19.94Z,FUV,0,0
2014,4982921,2014-04-07T11:39:25.44Z,FUV,0,0
2014,4982924,2014-04-07T11:39:31.02Z,FUV,0,0
2014,4982927,2014-04-07T11:39:36.72Z,FUV,0,0
2014,4982930,2014-04-07T11:39:42.16Z,FUV,0,0
2014,4982933,2014-04-07T11:39:47.81Z,FUV,0,0
2014,4982936,2014-04-07T11:39:53.50Z,FUV,0,0
2014,4982939,2014-04-07T11:39:58.99Z,FUV,0,0
2014,4982942,2014-04-07T11:40:04.59Z,FUV,0,0
2014,4982945,2014-04-07T11:40:10.28Z,FUV,0,2
2014,4982948,2014-04-07T11:40:15.71Z,FUV,0,0
2014,4982951,2014-04-07T11:40:21.33Z,FUV,0,0
2014,4982954,2014-04-07T11:40:27.03Z,FUV,0,0
2014,4982957,2014-04-07T11:40:32.48Z,FUV,0,0
2014,4982960,2014-04-07T11:40:38.09Z,FUV,0,0
2014,4982963,2014-04-07T11:40:43.81Z,FUV,0,1
2014,4982966,2014-04-07T11:40:49.26Z,FUV,0,0
2014,4982969,2014-04-07T11:40:54.87Z,FUV,0,1
2014,4982972,2014-04-07T11:41:00.60Z,FUV,0,0
2014,4982975,2014-04-07T11:41:06.05Z,FUV,0,0
2014,4982978,2014-04-07T11:41:11.71Z,FUV,0,1
2014,4982981,2014-04-07T11:41:17.38Z,FUV,0,1
2014,4982984,2014-04-07T11:41:22.80Z,FUV,0,0
2014,4982987,2014-04-07T11:41:28.44Z,FUV,0,0
2014,4982990,2014-04-07T11:41:34.13Z,FUV,0,0
2014,4982993,2014-04-07T11:41:39.63Z,FUV,0,0
2014,4982996,2014-04-07T11:41:45.24Z,FUV,0,0
2014,4982999,2014-04-07T11:41:50.91Z,FUV,0,0
2014,4983002,2014-04-07T11:41:56.35Z,FUV,0,0
2014,4983005,2014-04-07T11:42:02.02Z,FUV,0,0
2014,4983008,2014-04-07T11:42:07.69Z,FUV,0,0
2014,4983011,2014-04-07T11:42:13.22Z,FUV,0,0
2014,4983014,2014-04-07T11:42:18.82Z,FUV,0,0
2014,4983017,2014-04-07T11:42:24.47Z,FUV,0,0
2014,4983020,2014-04-07T11:42:29.93Z,FUV,0,0
2014,4983023,2014-04-07T11:42:35.52Z,FUV,0,0
2014,4983026,2014-04-07T11:42:41.22Z,FUV,0,0
2014,4983029,2014-04-07T11:42:46.68Z,FUV,0,0
2014,4983032,2014-04-07T11:42:52.30Z,FUV,0,0
2014,4983035,2014-04-07T11:42:58.00Z,FUV,0,0
2014,4983038,2014-04-07T11:43:03.42Z,FUV,0,0
2014,4983041,2014-04-07T11:43:09.05Z,FUV,0,0
2014,4983044,2014-04-07T11:43:14.78Z,FUV,0,0
2014,4983047,2014-04-07T11:43:20.25Z,FUV,0,0
2014,4983050,2014-04-07T11:43:25.88Z,FUV,0,0
2014,4983053,2014-04-07T11:43:31.56Z,FUV,0,0
2014,4983056,2014-04-07T11:43:36.97Z,FUV,0,0
2014,4983059,2014-04-07T11:43:42.56Z,FUV,0,1
2014,4983062,2014-04-07T11:43:48.31Z,FUV,0,0
2014,4983065,2014-04-07T11:43:53.81Z,FUV,0,0
2014,4983068,2014-04-07T11:43:59.43Z,FUV,0,0
2014,4983071,2014-04-07T11:44:05.10Z,FUV,0,0
2014,4983074,2014-04-07T11:44:10.53Z,FUV,0,0
2014,4983077,2014-04-07T11:44:16.18Z,FUV,0,1
2014,4983080,2014-04-07T11:44:21.88Z,FUV,0,0
2014,4983083,2014-04-07T11:44:27.39Z,FUV,0,0
2014,4983086,2014-04-07T11:44:32.97Z,FUV,0,0
2014,4983089,2014-04-07T11:44:38.66Z,FUV,0,0
2014,4983092,2014-04-07T11:44:44.11Z,FUV,0,0
2014,4983095,2014-04-07T11:44:49.74Z,FUV,0,0
2014,4983098,2014-04-07T11:44:55.41Z,FUV,0,0
2014,4983101,2014-04-07T11:45:00.89Z,FUV,0,0
2014,4983104,2014-04-07T11:45:06.52Z,FUV,0,0
2014,4983107,2014-04-07T11:45:12.19Z,FUV,0,0
2014,4983110,2014-04-07T11:45:17.66Z,FUV,0,0
2014,4983113,2014-04-07T11:45:23.24Z,FUV,0,1
2014,4983116,2014-04-07T11:45:28.97Z,FUV,0,0
2014,4983119,2014-04-07T11:45:34.46Z,FUV,0,0
2014,4983122,2014-04-07T11:45:40.08Z,FUV,0,0
2014,4983125,2014-04-07T11:45:45.75Z,FUV,0,0
2014,4983128,2014-04-07T11:45:51.17Z,FUV,0,0
2014,4983131,2014-04-07T11:45:56.77Z,FUV,0,1
2014,4983134,2014-04-07T11:46:02.50Z,FUV,0,0
2014,4983137,2014-04-07T11:46:08.03Z,FUV,0,0
2014,4983140,2014-04-07T11:46:13.65Z,FUV,0,0
2014,4983143,2014-04-07T11:46:19.28Z,FUV,0,0
2014,4983146,2014-04-07T11:46:24.70Z,FUV,0,1
2014,4983149,2014-04-07T11:46:30.35Z,FUV,0,0
2014,4983152,2014-04-07T11:46:36.06Z,FUV,0,0
2014,4983155,2014-04-07T11:46:41.59Z,FUV,0,0
2014,4983158,2014-04-07T11:46:47.18Z,FUV,0,0
2014,4983161,2014-04-07T11:46:52.85Z,FUV,0,0
2014,4983164,2014-04-07T11:46:58.30Z,FUV,0,0
2014,4983167,2014-04-07T11:47:03.91Z,FUV,0,0
2014,4983170,2014-04-07T11:47:09.59Z,FUV,0,0
2014,4983173,2014-04-07T11:47:15.07Z,FUV,0,0
2014,4983176,2014-04-07T11:47:20.68Z,FUV,0,0
2014,4983179,2014-04-07T11:47:26.38Z,FUV,0,0
2014,4983182,2014-04-07T11:47:31.82Z,FUV,0,0
2014,4983185,2014-04-07T11:47:37.46Z,FUV,0,0
2014,4983188,2014-04-07T11:47:43.16Z,FUV,0,0
2014,4983191,2014-04-07T11:47:48.63Z,FUV,0,0
2014,4983194,2014-04-07T11:47:54.27Z,FUV,0,0
2014,4983197,2014-04-07T11:47:59.94Z,FUV,0,0
2014,4983200,2014-04-07T11:48:05.36Z,FUV,0,0
2014,4983203,2014-04-07T11:48:10.93Z,FUV,0,0
2014,4983206,2014-04-07T11:48:16.69Z,FUV,0,0
2014,4983209,2014-04-07T11:48:22.18Z,FUV,0,0
2014,4983212,2014-04-07T11:48:27.81Z,FUV,0,0
2014,4983215,2014-04-07T11:48:33.47Z,FUV,0,0
2014,4983218,2014-04-07T11:48:38.91Z,FUV,0,0
2014,4983221,2014-04-07T11:48:44.52Z,FUV,0,0
2014,4983224,2014-04-07T11:48:50.25Z,FUV,0,0
2014,4983227,2014-04-07T11:48:55.78Z,FUV,0,0
2014,4983230,2014-04-07T11:49:01.38Z,FUV,0,0
2014,4983233,2014-04-07T11:49:07.03Z,FUV,0,0
2014,4983236,2014-04-07T11:49:12.46Z,FUV,0,0
2014,4983239,2014-04-07T11:49:18.06Z,FUV,0,0
2014,4983242,2014-04-07T11:49:23.78Z,FUV,0,0
2014,4983245,2014-04-07T11:49:29.27Z,FUV,0,1
2014,4983248,2014-04-07T11:49:34.88Z,FUV,0,0
2014,4983251,2014-04-07T11:49:40.56Z,FUV,0,0
2014,4983254,2014-04-07T11:49:46.05Z,FUV,0,0
2014,4983257,2014-04-07T11:49:51.62Z,FUV,0,0
2014,4983260,2014-04-07T11:49:57.35Z,FUV,0,1
2014,4983263,2014-04-07T11:50:02.80Z,FUV,0,0
2014,4983266,2014-04-07T11:50:08.46Z,FUV,0,0
2014,4983269,2014-04-07T11:50:14.13Z,FUV,0,0
2014,4983272,2014-04-07T11:50:19.57Z,FUV,0,0
2014,4983275,2014-04-07T11:50:25.15Z,FUV,0,0
2014,4983278,2014-04-07T11:50:30.88Z,FUV,0,0
2014,4983281,2014-04-07T11:50:36.34Z,FUV,0,0
2014,4983284,2014-04-07T11:50:41.95Z,FUV,0,0
2014,4983287,2014-04-07T11:50:47.66Z,FUV,0,1
2014,4983290,2014-04-07T11:50:53.07Z,FUV,0,0
2014,4983293,2014-04-07T11:50:58.71Z,FUV,0,0
2014,4983296,2014-04-07T11:51:04.44Z,FUV,0,0
2014,4983299,2014-04-07T11:51:09.94Z,FUV,0,0
2014,4983302,2014-04-07T11:51:15.51Z,FUV,0,0
2014,4983305,2014-04-07T11:51:21.22Z,FUV,0,0
2014,4983308,2014-04-07T11:51:26.65Z,FUV,0,0
2014,4983311,2014-04-07T11:51:32.24Z,FUV,0,0
2014,4983314,2014-04-07T11:51:37.97Z,FUV,0,0
2014,4983317,2014-04-07T11:51:43.41Z,FUV,0,0
2014,4983320,2014-04-07T11:51:48.99Z,FUV,0,0
2014,4983323,2014-04-07T11:51:54.75Z,FUV,0,0
2014,4983326,2014-04-07T11:52:00.21Z,FUV,0,0
2014,4983329,2014-04-07T11:52:05.79Z,FUV,0,0
2014,4983332,2014-04-07T11:52:11.53Z,FUV,0,0
2014,4983335,2014-04-07T11:52:17.02Z,FUV,0,0
2014,4983338,2014-04-07T11:52:22.67Z,FUV,0,0
2014,4983341,2014-04-07T11:52:28.31Z,FUV,0,0
2014,4983344,2014-04-07T11:52:33.73Z,FUV,0,0
2014,4983347,2014-04-07T11:52:39.34Z,FUV,0,0
2014,4983350,2014-04-07T11:52:45.06Z,FUV,0,0
2014,4983353,2014-04-07T11:52:50.56Z,FUV,0,0
2014,4983356,2014-04-07T11:52:56.21Z,FUV,0,0
2014,4983359,2014-04-07T11:53:01.85Z,FUV,0,0
2014,4983362,2014-04-07T11:53:07.26Z,FUV,0,0
2014,4983365,2014-04-07T11:53:12.88Z,FUV,0,0
2014,4983368,2014-04-07T11:53:18.63Z,FUV,0,0
2014,4983371,2014-04-07T11:53:24.16Z,FUV,0,0
2014,4983374,2014-04-07T11:53:29.75Z,FUV,0,0
2014,4983377,2014-04-07T11:53:35.41Z,FUV,0,0
2014,4983380,2014-04-07T11:53:40.84Z,FUV,0,0
2014,4983383,2014-04-07T11:53:46.48Z,FUV,0,0
2014,4983386,2014-04-07T11:53:52.16Z,FUV,0,0
2014,4983389,2014-04-07T11:53:57.60Z,FUV,0,0
2014,4983392,2014-04-07T11:54:03.24Z,FUV,0,0
2014,4983395,2014-04-07T11:54:08.94Z,FUV,0,0
2014,4983398,2014-04-07T11:54:14.42Z,FUV,0,0
2014,4983401,2014-04-07T11:54:19.98Z,FUV,0,0
2014,4983404,2014-04-07T11:54:25.72Z,FUV,0,0
2014,4983407,2014-04-07T11:54:31.20Z,FUV,0,0
2014,4983410,2014-04-07T11:54:36.84Z,FUV,0,0
2014,4983413,2014-04-07T11:54:42.50Z,FUV,0,0
2014,4983416,2014-04-07T11:54:47.93Z,FUV,0,0
2014,4983419,2014-04-07T11:54:53.52Z,FUV,0,0
2014,4983422,2014-04-07T11:54:59.25Z,FUV,0,0
2014,4983425,2014-04-07T11:55:04.72Z,FUV,0,0
2014,4983428,2014-04-07T11:55:10.36Z,FUV,0,0
2014,4983431,2014-04-07T11:55:16.03Z,FUV,0,0
2014,4983434,2014-04-07T11:55:21.46Z,FUV,0,0
2014,4983437,2014-04-07T11:55:27.06Z,FUV,0,0
2014,4983440,2014-04-07T11:55:32.81Z,FUV,0,0
2014,4983443,2014-04-07T11:55:38.27Z,FUV,0,0
2014,4983446,2014-04-07T11:55:43.87Z,FUV,0,0
2014,4983449,2014-04-07T11:55:49.59Z,FUV,0,0
2014,4983452,2014-04-07T11:55:55.02Z,FUV,0,0
2014,4983455,2014-04-07T11:56:00.63Z,FUV,0,0
2014,4983458,2014-04-07T11:56:06.35Z,FUV,0,0
2014,4983461,2014-04-07T11:56:11.78Z,FUV,0,0
2014,4983464,2014-04-07T11:56:17.38Z,FUV,0,0
2014,4983467,2014-04-07T11:56:23.13Z,FUV,0,0
2014,4983470,2014-04-07T11:56:28.59Z,FUV,0,0
2014,4983473,2014-04-07T11:56:34.15Z,FUV,0,0
2014,4983476,2014-04-07T11:56:39.91Z,FUV,0,0
2014,4983479,2014-04-07T11:56:45.36Z,FUV,0,0
2014,4983482,2014-04-07T11:56:51.01Z,FUV,0,0
2014,4983485,2014-04-07T11:56:56.69Z,FUV,0,0
2014,4983488,2014-04-07T11:57:02.12Z,FUV,0,0
2014,4983491,2014-04-07T11:57:07.68Z,FUV,0,0
2014,4983494,2014-04-07T11:57:13.44Z,FUV,0,0
2014,4983497,2014-04-07T11:57:18.93Z,FUV,0,0
2014,4983500,2014-04-07T11:57:24.58Z,FUV,0,0
2014,4983503,2014-04-07T11:57:30.22Z,FUV,0,0
2014,4983506,2014-04-07T11:57:35.67Z,FUV,0,0
2014,4983509,2014-04-07T11:57:41.27Z,FUV,0,1
2014,4983512,2014-04-07T11:57:47.00Z,FUV,0,0
2014,4983515,2014-04-07T11:57:52.50Z,FUV,0,0
2014,4983518,2014-04-07T11:57:58.10Z,FUV,0,1
2014,4983521,2014-04-07T11:58:03.78Z,FUV,0,0
2014,4983524,2014-04-07T11:58:09.21Z,FUV,0,0
2014,4983527,2014-04-07T11:58:14.82Z,FUV,0,0
2014,4983530,2014-04-07T11:58:20.53Z,FUV,0,0
2014,4983533,2014-04-07T11:58:26.00Z,FUV,0,0
2014,4983536,2014-04-07T11:58:31.63Z,FUV,0,0
2014,4983539,2014-04-07T11:58:37.31Z,FUV,0,0
2014,4983542,2014-04-07T11:58:42.76Z,FUV,0,0
2014,4983545,2014-04-07T11:58:48.35Z,FUV,0,0
2014,4983548,2014-04-07T11:58:54.10Z,FUV,0,0
2014,4983551,2014-04-07T11:58:59.56Z,FUV,0,0
2014,4983554,2014-04-07T11:59:05.16Z,FUV,0,0
2014,4983557,2014-04-07T11:59:10.88Z,FUV,0,0
2014,4983560,2014-04-07T11:59:16.28Z,FUV,0,0
2014,4983563,2014-04-07T11:59:21.84Z,FUV,0,0
2014,4983566,2014-04-07T11:59:27.63Z,FUV,0,0
2014,4983569,2014-04-07T11:59:33.13Z,FUV,0,0
2014,4983572,2014-04-07T11:59:38.74Z,FUV,0,0
2014,4983575,2014-04-07T11:59:44.41Z,FUV,0,0
2014,4983578,2014-04-07T11:59:49.84Z,FUV,0,0
2014,4983581,2014-04-07T11:59:55.49Z,FUV,0,0
2014,4983584,2014-04-07T12:00:01.19Z,FUV,0,0
2014,4983587,2014-04-07T12:00:06.68Z,FUV,0,0
2014,4983590,2014-04-07T12:00:12.27Z,FUV,0,0
2014,4983593,2014-04-07T12:00:17.97Z,FUV,0,0
2014,4983596,2014-04-07T12:00:23.40Z,FUV,0,0
2014,4983599,2014-04-07T12:00:29.02Z,FUV,0,0
2014,4983602,2014-04-07T12:00:34.72Z,FUV,0,0
2014,4983605,2014-04-07T12:00:40.18Z,FUV,0,0
2014,4983608,2014-04-07T12:00:45.81Z,FUV,0,0
2014,4983611,2014-04-07T12:00:51.50Z,FUV,0,0
2014,4983614,2014-04-07T12:00:56.96Z,FUV,0,0
2014,4983617,2014-04-07T12:01:02.52Z,FUV,0,0
2014,4983620,2014-04-07T12:01:08.28Z,FUV,0,0
2014,4983623,2014-04-07T12:01:13.78Z,FUV,0,0
2014,4983626,2014-04-07T12:01:19.48Z,FUV,0,0
2014,4983629,2014-04-07T12:01:25.06Z,FUV,0,0
2014,4983632,2014-04-07T12:01:30.51Z,FUV,0,0
2014,4983635,2014-04-07T12:01:36.09Z,FUV,0,0
2014,4983638,2014-04-07T12:01:41.81Z,FUV,0,0
2014,4983641,2014-04-07T12:01:47.29Z,FUV,0,0
2014,4983644,2014-04-07T12:01:52.93Z,FUV,0,0
2014,4983647,2014-04-07T12:01:58.59Z,FUV,0,0
2014,4983650,2014-04-07T12:02:04.03Z,FUV,0,0
2014,4983653,2014-04-07T12:02:09.67Z,FUV,0,0
2014,4983656,2014-04-07T12:02:15.38Z,FUV,0,0
2014,4983659,2014-04-07T12:02:20.87Z,FUV,0,0
2014,4983662,2014-04-07T12:02:26.46Z,FUV,0,0
2014,4983665,2014-04-07T12:02:32.16Z,FUV,0,0
2014,4983668,2014-04-07T12:02:37.60Z,FUV,0,0
2014,4983671,2014-04-07T12:02:43.19Z,FUV,0,0
2014,4983674,2014-04-07T12:02:48.91Z,FUV,0,0
2014,4983677,2014-04-07T12:02:54.38Z,FUV,0,0
2014,4983680,2014-04-07T12:03:00.02Z,FUV,0,0
2014,4983683,2014-04-07T12:03:05.69Z,FUV,0,0
2014,4983686,2014-04-07T12:03:11.14Z,FUV,0,0
2014,4983689,2014-04-07T12:03:16.74Z,FUV,0,0
2014,4983692,2014-04-07T12:03:22.47Z,FUV,0,0
2014,4983695,2014-04-07T12:03:27.99Z,FUV,0,0
2014,4983698,2014-04-07T12:03:33.63Z,FUV,0,0
2014,4983701,2014-04-07T12:03:39.25Z,FUV,0,0
2014,4983704,2014-04-07T12:03:44.70Z,FUV,0,0
2014,4983707,2014-04-07T12:03:50.28Z,FUV,0,0
2014,4983710,2014-04-07T12:03:56.03Z,FUV,0,0
2014,4983713,2014-04-07T12:04:01.52Z,FUV,0,0
2014,4983716,2014-04-07T12:04:07.13Z,FUV,0,0
2014,4983719,2014-04-07T12:04:12.78Z,FUV,0,0
2014,4983722,2014-04-07T12:04:18.21Z,FUV,0,0
2014,4983725,2014-04-07T12:04:23.84Z,FUV,0,0
2014,4983728,2014-04-07T12:04:29.56Z,FUV,0,0
2014,4983731,2014-04-07T12:04:35.10Z,FUV,0,0
2014,4983734,2014-04-07T12:04:40.71Z,FUV,0,0
2014,4983737,2014-04-07T12:04:46.35Z,FUV,0,0
2014,4983740,2014-04-07T12:04:51.80Z,FUV,0,0
2014,4983743,2014-04-07T12:04:57.40Z,FUV,0,0
2014,4983746,2014-04-07T12:05:03.10Z,FUV,0,0
2014,4983749,2014-04-07T12:05:08.56Z,FUV,0,0
2014,4983752,2014-04-07T12:05:14.18Z,FUV,0,0
2014,4983755,2014-04-07T12:05:19.88Z,FUV,0,0
2014,4983758,2014-04-07T12:05:25.35Z,FUV,0,0
2014,4983761,2014-04-07T12:05:30.91Z,FUV,0,0
2014,4983764,2014-04-07T12:05:36.66Z,FUV,0,0
2014,4983767,2014-04-07T12:05:42.14Z,FUV,0,0
2014,4983770,2014-04-07T12:05:47.81Z,FUV,0,0
2014,4983773,2014-04-07T12:05:53.44Z,FUV,0,0
2014,4983776,2014-04-07T12:05:58.87Z,FUV,0,0
2014,4983779,2014-04-07T12:06:04.46Z,FUV,0,0
2014,4983782,2014-04-07T12:06:10.19Z,FUV,0,0
2014,4983785,2014-04-07T12:06:15.70Z,FUV,0,0
2014,4983788,2014-04-07T12:06:21.35Z,FUV,0,0
2014,4983791,2014-04-07T12:06:26.97Z,FUV,0,0
2014,4983794,2014-04-07T12:06:32.45Z,FUV,0,0
2014,4983797,2014-04-07T12:06:38.06Z,FUV,0,0
2014,4983800,2014-04-07T12:06:43.75Z,FUV,0,0
2014,4983803,2014-04-07T12:06:49.22Z,FUV,0,0
2014,4983806,2014-04-07T12:06:54.81Z,FUV,0,0
2014,4983809,2014-04-07T12:07:00.53Z,FUV,0,0
2014,4983812,2014-04-07T12:07:05.98Z,FUV,0,0
2014,4983815,2014-04-07T12:07:11.57Z,FUV,0,0
2014,4983818,2014-04-07T12:07:17.28Z,FUV,0,0
2014,4983821,2014-04-07T12:07:22.73Z,FUV,0,0
2014,4983824,2014-04-07T12:07:28.31Z,FUV,0,0
2014,4983827,2014-04-07T12:07:34.06Z,FUV,0,0
2014,4983830,2014-04-07T12:07:39.52Z,FUV,0,0
2014,4983833,2014-04-07T12:07:45.08Z,FUV,0,0
2014,4983836,2014-04-07T12:07:50.84Z,FUV,0,0
2014,4983839,2014-04-07T12:07:56.35Z,FUV,0,0
2014,4983842,2014-04-07T12:08:01.99Z,FUV,0,0
2014,4983845,2014-04-07T12:08:07.63Z,FUV,0,0
2014,4983848,2014-04-07T12:08:13.06Z,FUV,0,0
2014,4983851,2014-04-07T12:08:18.65Z,FUV,0,0
2014,4983854,2014-04-07T12:08:24.41Z,FUV,0,0
2014,4983857,2014-04-07T12:08:29.89Z,FUV,0,0
2014,4983860,2014-04-07T12:08:35.53Z,FUV,0,0
2014,4983863,2014-04-07T12:08:41.16Z,FUV,0,0
2014,4983866,2014-04-07T12:08:46.59Z,FUV,0,0
2014,4983869,2014-04-07T12:08:52.21Z,FUV,0,0
2014,4983872,2014-04-07T12:08:57.94Z,FUV,0,0
2014,4983875,2014-04-07T12:09:03.42Z,FUV,0,1
2014,4983878,2014-04-07T12:09:09.01Z,FUV,0,0
2014,4983881,2014-04-07T12:09:14.72Z,FUV,0,0
2014,4983884,2014-04-07T12:09:20.15Z,FUV,0,0
2014,4983887,2014-04-07T12:09:25.74Z,FUV,0,0
2014,4983890,2014-04-07T12:09:31.47Z,FUV,0,0
2014,4983893,2014-04-07T12:09:36.96Z,FUV,0,0
2014,4983896,2014-04-07T12:09:42.57Z,FUV,0,0
2014,4983899,2014-04-07T12:09:48.25Z,FUV,0,0
2014,4983902,2014-04-07T12:09:53.70Z,FUV,0,0
2014,4983905,2014-04-07T12:09:59.30Z,FUV,0,0
2014,4983908,2014-04-07T12:10:05.03Z,FUV,0,0
2014,4983911,2014-04-07T12:10:10.50Z,FUV,0,0
2014,4983914,2014-04-07T12:10:16.13Z,FUV,0,0
2014,4983917,2014-04-07T12:10:21.81Z,FUV,0,0
2014,4983920,2014-04-07T12:10:27.22Z,FUV,0,0
2014,4983923,2014-04-07T12:10:32.87Z,FUV,0,0
2014,4983926,2014-04-07T12:10:38.56Z,FUV,0,0
2014,4983929,2014-04-07T12:10:44.09Z,FUV,0,0
2014,4983932,2014-04-07T12:10:49.71Z,FUV,0,0
2014,4983935,2014-04-07T12:10:55.34Z,FUV,0,0
2014,4983938,2014-04-07T12:11:00.78Z,FUV,0,0
2014,4983941,2014-04-07T12:11:06.42Z,FUV,0,0
2014,4983944,2014-04-07T12:11:12.13Z,FUV,0,0
2014,4983947,2014-04-07T12:11:17.66Z,FUV,0,0
2014,4983950,2014-04-07T12:11:23.27Z,FUV,0,0
2014,4983953,2014-04-07T12:11:28.91Z,FUV,0,0
2014,4983956,2014-04-07T12:11:34.37Z,FUV,0,0
2014,4983959,2014-04-07T12:11:39.97Z,FUV,0,0
2014,4983962,2014-04-07T12:11:45.66Z,FUV,0,0
2014,4983965,2014-04-07T12:11:51.11Z,FUV,0,0
2014,4983968,2014-04-07T12:11:56.76Z,FUV,0,0
2014,4983971,2014-04-07T12:12:02.44Z,FUV,0,0
2014,4983974,2014-04-07T12:12:07.88Z,FUV,0,0
2014,4983977,2014-04-07T12:12:13.49Z,FUV,0,0
2014,4983980,2014-04-07T12:12:19.22Z,FUV,0,0
2014,4983983,2014-04-07T12:12:24.71Z,FUV,0,0
2014,4983986,2014-04-07T12:12:30.32Z,FUV,0,0
2014,4983989,2014-04-07T12:12:36.00Z,FUV,0,0
2014,4983992,2014-04-07T12:12:41.42Z,FUV,0,0
2014,4983995,2014-04-07T12:12:47.06Z,FUV,0,0
2014,4983998,2014-04-07T12:12:52.75Z,FUV,0,0
2014,4984001,2014-04-07T12:12:58.24Z,FUV,0,0
2014,4984004,2014-04-07T12:13:03.87Z,FUV,0,0
2014,4984007,2014-04-07T12:13:09.53Z,FUV,0,0
2014,4984010,2014-04-07T12:13:14.99Z,FUV,0,0
2014,4984013,2014-04-07T12:13:20.62Z,FUV,0,0
2014,4984016,2014-04-07T12:13:26.31Z,FUV,0,0
2014,4984019,2014-04-07T12:13:31.81Z,FUV,0,0
2014,4984022,2014-04-07T12:13:37.42Z,FUV,0,0
2014,4984025,2014-04-07T12:13:43.09Z,FUV,0,0
2014,4984028,2014-04-07T12:13:48.54Z,FUV,0,0
2014,4984031,2014-04-07T12:13:54.17Z,FUV,0,1
2014,4984034,2014-04-07T12:13:59.84Z,FUV,0,0
2014,4984037,2014-04-07T12:14:05.31Z,FUV,0,0
2014,4984040,2014-04-07T12:14:10.92Z,FUV,0,0
2014,4984043,2014-04-07T12:14:16.63Z,FUV,0,1
2014,4984046,2014-04-07T12:14:22.09Z,FUV,0,0
2014,4984049,2014-04-07T12:14:27.67Z,FUV,0,0
2014,4984052,2014-04-07T12:14:33.41Z,FUV,0,0
2014,4984055,2014-04-07T12:14:38.87Z,FUV,0,1
2014,4984058,2014-04-07T12:14:44.51Z,FUV,0,0
2014,4984061,2014-04-07T12:14:50.19Z,FUV,0,0
2014,4984064,2014-04-07T12:14:55.60Z,FUV,0,0
2014,4984067,2014-04-07T12:15:01.24Z,FUV,0,0
2014,4984070,2014-04-07T12:15:06.94Z,FUV,0,1
2014,4984073,2014-04-07T12:15:12.45Z,FUV,0,0
2014,4984076,2014-04-07T12:15:18.05Z,FUV,0,0
2014,4984079,2014-04-07T12:15:23.72Z,FUV,0,0
2014,4984082,2014-04-07T12:15:29.13Z,FUV,0,0
2014,4984085,2014-04-07T12:15:34.74Z,FUV,0,0
2014,4984088,2014-04-07T12:15:40.50Z,FUV,0,0
2014,4984091,2014-04-07T12:15:46.02Z,FUV,0,1
2014,4984094,2014-04-07T12:15:51.61Z,FUV,0,0
2014,4984097,2014-04-07T12:15:57.28Z,FUV,0,0
2014,4984100,2014-04-07T12:16:02.71Z,FUV,0,0
2014,4984103,2014-04-07T12:16:08.31Z,FUV,0,0
2014,4984106,2014-04-07T12:16:14.03Z,FUV,0,0
2014,4984109,2014-04-07T12:16:19.50Z,FUV,0,0
2014,4984112,2014-04-07T12:16:25.10Z,FUV,0,0
2014,4984115,2014-04-07T12:16:30.81Z,FUV,0,0
2014,4984118,2014-04-07T12:16:36.26Z,FUV,0,0
2014,4984121,2014-04-07T12:16:41.82Z,FUV,0,0
2014,4984124,2014-04-07T12:16:47.59Z,FUV,0,0
2014,4984127,2014-04-07T12:16:53.09Z,FUV,0,0
2014,4984130,2014-04-07T12:16:58.76Z,FUV,0,0
2014,4984133,2014-04-07T12:17:04.38Z,FUV,0,0
2014,4984136,2014-04-07T12:17:09.80Z,FUV,0,0
2014,4984139,2014-04-07T12:17:15.37Z,FUV,0,0
2014,4984142,2014-04-07T12:17:21.13Z,FUV,0,0
2014,4984145,2014-04-07T12:17:26.62Z,FUV,0,0
2014,4984148,2014-04-07T12:17:32.25Z,FUV,0,0
2014,4984151,2014-04-07T12:17:37.91Z,FUV,0,0
2014,4984154,2014-04-07T12:17:43.33Z,FUV,0,0
2014,4984157,2014-04-07T12:17:48.96Z,FUV,0,0
2014,4984160,2014-04-07T12:17:54.69Z,FUV,0,0
2014,4984163,2014-04-07T12:18:00.18Z,FUV,0,0
2014,4984166,2014-04-07T12:18:05.77Z,FUV,0,0
2014,4984169,2014-04-07T12:18:11.47Z,FUV,0,0
2014,4984172,2014-04-07T12:18:16.91Z,FUV,0,0
2014,4984175,2014-04-07T12:18:22.49Z,FUV,0,0
2014,4984178,2014-04-07T12:18:28.22Z,FUV,0,0
2014,4984181,2014-04-07T12:18:33.69Z,FUV,0,0
2014,4984184,2014-04-07T12:18:39.30Z,FUV,0,1
2014,4984187,2014-04-07T12:18:45.00Z,FUV,0,0
2014,4984190,2014-04-07T12:18:50.48Z,FUV,0,0
2014,4984193,2014-04-07T12:18:56.05Z,FUV,0,0
2014,4984196,2014-04-07T12:19:01.78Z,FUV,0,0
2014,4984199,2014-04-07T12:19:07.23Z,FUV,0,0
2014,4984202,2014-04-07T12:19:12.88Z,FUV,0,0
2014,4984205,2014-04-07T12:19:18.56Z,FUV,0,0
2014,4984208,2014-04-07T12:19:23.98Z,FUV,0,1
2014,4984211,2014-04-07T12:19:29.58Z,FUV,0,0
2014,4984214,2014-04-07T12:19:35.31Z,FUV,0,0
2014,4984217,2014-04-07T12:19:40.81Z,FUV,0,0
2014,4984220,2014-04-07T12:19:46.43Z,FUV,0,0
2014,4984223,2014-04-07T12:19:52.09Z,FUV,0,0
2014,4984226,2014-04-07T12:19:57.52Z,FUV,0,1
2014,4984229,2014-04-07T12:20:03.14Z,FUV,0,0
2014,4984232,2014-04-07T12:20:08.88Z,FUV,0,0
2014,4984235,2014-04-07T12:20:14.40Z,FUV,0,1
2014,4984238,2014-04-07T12:20:19.99Z,FUV,0,2
2014,4984241,2014-04-07T12:20:25.66Z,FUV,0,2
2014,4984244,2014-04-07T12:20:31.09Z,FUV,0,0
2014,4984247,2014-04-07T12:20:36.72Z,FUV,0,0
2014,4984250,2014-04-07T12:20:42.41Z,FUV,0,0
2014,4984253,2014-04-07T12:20:47.85Z,FUV,0,0
2014,4984256,2014-04-07T12:20:53.49Z,FUV,0,1
2014,4984259,2014-04-07T12:20:59.19Z,FUV,0,0
2014,4984262,2014-04-07T12:21:04.66Z,FUV,0,0
2014,4984265,2014-04-07T12:21:10.21Z,FUV,0,0
2014,4984268,2014-04-07T12:21:15.97Z,FUV,0,0
2014,4984271,2014-04-07T12:21:21.41Z,FUV,0,0
2014,4984274,2014-04-07T12:21:27.08Z,FUV,0,0
2014,4984277,2014-04-07T12:21:32.75Z,FUV,0,0
2014,4984280,2014-04-07T12:21:38.20Z,FUV,0,1
2014,4984283,2014-04-07T12:21:43.77Z,FUV,0,0
2014,4984286,2014-04-07T12:21:49.50Z,FUV,0,0
2014,4984289,2014-04-07T12:21:55.01Z,FUV,0,0
2014,4984292,2014-04-07T12:22:00.67Z,FUV,0,0
2014,4984295,2014-04-07T12:22:06.28Z,FUV,0,0
2014,4984298,2014-04-07T12:22:11.69Z,FUV,0,0
2014,4984301,2014-04-07T12:22:17.31Z,FUV,0,0
2014,4984304,2014-04-07T12:22:23.06Z,FUV,0,0
2014,4984307,2014-04-07T12:22:28.53Z,FUV,0,0
2014,4984310,2014-04-07T12:22:34.11Z,FUV,0,0
2014,4984313,2014-04-07T12:22:39.84Z,FUV,0,0
2014,4984316,2014-04-07T12:22:45.27Z,FUV,0,0
2014,4984319,2014-04-07T12:22:50.86Z,FUV,0,0
2014,4984322,2014-04-07T12:22:56.63Z,FUV,0,0
2014,4984325,2014-04-07T12:23:02.09Z,FUV,0,0
2014,4984328,2014-04-07T12:23:07.70Z,FUV,0,0
2014,4984331,2014-04-07T12:23:13.38Z,FUV,0,0
2014,4984334,2014-04-07T12:23:18.85Z,FUV,0,0
2014,4984337,2014-04-07T12:23:24.41Z,FUV,0,0
2014,4984340,2014-04-07T12:23:30.16Z,FUV,0,0
2014,4984343,2014-04-07T12:23:35.65Z,FUV,0,0
2014,4984346,2014-04-07T12:23:41.31Z,FUV,0,0
2014,4984349,2014-04-07T12:23:46.94Z,FUV,0,0
2014,4984352,2014-04-07T12:23:52.38Z,FUV,0,0
2014,4984355,2014-04-07T12:23:57.96Z,FUV,0,0
2014,4984358,2014-04-07T12:24:03.69Z,FUV,0,0
2014,4984361,2014-04-07T12:24:09.19Z,FUV,0,0
2014,4984364,2014-04-07T12:24:14.81Z,FUV,0,0
2014,4984367,2014-04-07T12:24:20.47Z,FUV,0,0
2014,4984370,2014-04-07T12:24:25.89Z,FUV,0,0
2014,4984373,2014-04-07T12:24:31.52Z,FUV,0,0
2014,4984376,2014-04-07T12:24:37.25Z,FUV,0,0
2014,4984379,2014-04-07T12:24:42.78Z,FUV,0,0
2014,4984382,2014-04-07T12:24:48.38Z,FUV,0,0
2014,4984385,2014-04-07T12:24:54.03Z,FUV,0,0
2014,4984388,2014-04-07T12:24:59.46Z,FUV,0,0
2014,4984391,2014-04-07T12:25:05.07Z,FUV,0,0
2014,4984394,2014-04-07T12:25:10.78Z,FUV,0,0
2014,4984397,2014-04-07T12:25:16.24Z,FUV,0,0
2014,4984400,2014-04-07T12:25:21.87Z,FUV,0,0
2014,4984403,2014-04-07T12:25:27.56Z,FUV,0,2
2014,4984406,2014-04-07T12:25:33.02Z,FUV,0,0
2014,4984409,2014-04-07T12:25:38.59Z,FUV,0,0
2014,4984412,2014-04-07T12:25:44.34Z,FUV,0,0
2014,4984415,2014-04-07T12:25:49.82Z,FUV,0,0
2014,4984418,2014-04-07T12:25:55.48Z,FUV,0,0
2014,4984421,2014-04-07T12:26:01.13Z,FUV,0,0
2014,4984424,2014-04-07T12:26:06.55Z,FUV,0,0
2014,4984427,2014-04-07T12:26:12.20Z,FUV,0,0
2014,4984430,2014-04-07T12:26:17.88Z,FUV,0,0
2014,4984433,2014-04-07T12:26:23.40Z,FUV,0,0
2014,4984436,2014-04-07T12:26:29.02Z,FUV,0,0
2014,4984439,2014-04-07T12:26:34.66Z,FUV,0,0
2014,4984442,2014-04-07T12:26:40.09Z,FUV,0,0
2014,4984445,2014-04-07T12:26:45.72Z,FUV,0,0
2014,4984448,2014-04-07T12:26:51.44Z,FUV,0,0
2014,4984451,2014-04-07T12:26:56.93Z,FUV,0,0
2014,4984454,2014-04-07T12:27:02.52Z,FUV,0,0
2014,4984457,2014-04-07T12:27:08.22Z,FUV,0,0
2014,4984460,2014-04-07T12:27:13.67Z,FUV,0,0
2014,4984463,2014-04-07T12:27:19.24Z,FUV,0,0
2014,4984466,2014-04-07T12:27:24.97Z,FUV,0,0
2014,4984469,2014-04-07T12:27:30.44Z,FUV,0,0
2014,4984472,2014-04-07T12:27:36.05Z,FUV,0,0
2014,4984475,2014-04-07T12:27:41.75Z,FUV,0,0
2014,4984478,2014-04-07T12:27:47.20Z,FUV,0,1
2014,4984481,2014-04-07T12:27:52.77Z,FUV,0,0
2014,4984484,2014-04-07T12:27:58.53Z,FUV,0,0
2014,4984487,2014-04-07T12:28:03.99Z,FUV,0,0
2014,4984490,2014-04-07T12:28:09.66Z,FUV,0,0
2014,4984493,2014-04-07T12:28:15.31Z,FUV,0,0
2014,4984496,2014-04-07T12:28:20.75Z,FUV,0,0
2014,4984499,2014-04-07T12:28:26.31Z,FUV,0,0
2014,4984502,2014-04-07T12:28:32.06Z,FUV,0,0
2014,4984505,2014-04-07T12:28:37.55Z,FUV,0,0
2014,4984508,2014-04-07T12:28:43.21Z,FUV,0,0
2014,4984511,2014-04-07T12:28:48.84Z,FUV,0,0
2014,4984514,2014-04-07T12:28:54.27Z,FUV,0,0
2014,4984517,2014-04-07T12:28:59.89Z,FUV,0,0
2014,4984520,2014-04-07T12:29:05.63Z,FUV,0,0
2014,4984523,2014-04-07T12:29:11.09Z,FUV,0,0
2014,4984526,2014-04-07T12:29:16.68Z,FUV,0,0
2014,4984529,2014-04-07T12:29:22.41Z,FUV,0,0
2014,4984532,2014-04-07T12:29:27.83Z,FUV,0,0
2014,4984535,2014-04-07T12:29:33.42Z,FUV,0,0
2014,4984538,2014-04-07T12:29:39.16Z,FUV,0,0
2014,4984541,2014-04-07T12:29:44.63Z,FUV,0,0
2014,4984544,2014-04-07T12:29:50.22Z,FUV,0,0
2014,4984547,2014-04-07T12:29:55.94Z,FUV,0,0
2014,4984550,2014-04-07T12:30:01.41Z,FUV,0,0
2014,4984553,2014-04-07T12:30:06.96Z,FUV,0,0
2014,4984556,2014-04-07T12:30:12.72Z,FUV,0,0
2014,4984559,2014-04-07T12:30:18.18Z,FUV,0,0
2014,4984562,2014-04-07T12:30:23.83Z,FUV,0,0
2014,4984565,2014-04-07T12:30:29.50Z,FUV,0,0
2014,4984568,2014-04-07T12:30:34.92Z,FUV,0,0
2014,4984571,2014-04-07T12:30:40.52Z,FUV,0,0
2014,4984574,2014-04-07T12:30:46.25Z,FUV,0,0
2014,4984577,2014-04-07T12:30:51.75Z,FUV,0,0
2014,4984580,2014-04-07T12:30:57.35Z,FUV,0,0
2014,4984583,2014-04-07T12:31:03.03Z,FUV,0,0
2014,4984586,2014-04-07T12:31:08.46Z,FUV,0,0
2014,4984589,2014-04-07T12:31:14.09Z,FUV,0,0
2014,4984592,2014-04-07T12:31:19.81Z,FUV,0,0
2014,4984595,2014-04-07T12:31:25.31Z,FUV,0,0
2014,4984598,2014-04-07T12:31:30.92Z,FUV,0,0
2014,4984601,2014-04-07T12:31:36.59Z,FUV,0,0
2014,4984604,2014-04-07T12:31:42.06Z,FUV,0,1
2014,4984607,2014-04-07T12:31:47.67Z,FUV,0,0
2014,4984610,2014-04-07T12:31:53.38Z,FUV,0,0
2014,4984613,2014-04-07T12:31:58.84Z,FUV,0,0
2014,4984616,2014-04-07T12:32:04.43Z,FUV,0,0
2014,4984619,2014-04-07T12:32:10.13Z,FUV,0,0
2014,4984622,2014-04-07T12:32:15.60Z,FUV,0,0
2014,4984625,2014-04-07T12:32:21.16Z,FUV,0,0
2014,4984628,2014-04-07T12:32:26.91Z,FUV,0,1
2014,4984631,2014-04-07T12:32:32.37Z,FUV,0,0
2014,4984634,2014-04-07T12:32:38.00Z,FUV,0,0
2014,4984637,2014-04-07T12:32:43.69Z,FUV,0,0
2014,4984640,2014-04-07T12:32:49.10Z,FUV,0,1
2014,4984643,2014-04-07T12:32:54.70Z,FUV,0,0
2014,4984646,2014-04-07T12:33:00.44Z,FUV,0,0
2014,4984649,2014-04-07T12:33:05.93Z,FUV,0,0
2014,4984652,2014-04-07T12:33:11.52Z,FUV,0,0
2014,4984655,2014-04-07T12:33:17.22Z,FUV,0,0
2014,4984658,2014-04-07T12:33:22.66Z,FUV,0,1
2014,4984661,2014-04-07T12:33:28.28Z,FUV,0,0
2014,4984664,2014-04-07T12:33:34.00Z,FUV,0,0
2014,4984667,2014-04-07T12:33:39.53Z,FUV,0,0
2014,4984670,2014-04-07T12:33:45.13Z,FUV,0,0
2014,4984673,2014-04-07T12:33:50.78Z,FUV,0,0
2014,4984676,2014-04-07T12:33:56.23Z,FUV,0,0
2014,4984679,2014-04-07T12:34:01.84Z,FUV,0,0
2014,4984682,2014-04-07T12:34:07.53Z,FUV,0,0
2014,4984685,2014-04-07T12:34:12.99Z,FUV,0,0
2014,4984688,2014-04-07T12:34:18.59Z,FUV,0,0
2014,4984691,2014-04-07T12:34:24.31Z,FUV,0,0
2014,4984694,2014-04-07T12:34:29.78Z,FUV,0,0
2014,4984697,2014-04-07T12:34:35.34Z,FUV,0,0
2014,4984700,2014-04-07T12:34:41.09Z,FUV,0,0
2014,4984703,2014-04-07T12:34:46.59Z,FUV,0,0
2014,4984706,2014-04-07T12:34:52.24Z,FUV,0,0
2014,4984709,2014-04-07T12:34:57.88Z,FUV,0,0
2014,4984712,2014-04-07T12:35:03.28Z,FUV,0,0
2014,4984715,2014-04-07T12:35:08.90Z,FUV,0,0
2014,4984718,2014-04-07T12:35:14.63Z,FUV,0,0
2014,4984721,2014-04-07T12:35:20.16Z,FUV,0,0
2014,4984724,2014-04-07T12:35:25.78Z,FUV,0,0
2014,4984727,2014-04-07T12:35:31.41Z,FUV,0,0
2014,4984730,2014-04-07T12:35:36.85Z,FUV,0,0
2014,4984733,2014-04-07T12:35:42.52Z,FUV,0,0
2014,4984736,2014-04-07T12:35:48.19Z,FUV,0,0
2014,4984739,2014-04-07T12:35:53.67Z,FUV,0,0
2014,4984742,2014-04-07T12:35:59.26Z,FUV,0,0
2014,4984745,2014-04-07T12:36:04.97Z,FUV,0,0
2014,4984748,2014-04-07T12:36:10.40Z,FUV,0,0
2014,4984751,2014-04-07T12:36:16.01Z,FUV,0,0
2014,4984754,2014-04-07T12:36:21.72Z,FUV,0,0
2014,4984757,2014-04-07T12:36:27.22Z,FUV,0,0
2014,4984760,2014-04-07T12:36:32.81Z,FUV,0,0
2014,4984763,2014-04-07T12:36:38.50Z,FUV,0,0
2014,4984766,2014-04-07T12:36:43.96Z,FUV,0,0
2014,4984769,2014-04-07T12:36:49.52Z,FUV,0,0
2014,4984772,2014-04-07T12:36:55.28Z,FUV,0,0
2014,4984775,2014-04-07T12:37:00.74Z,FUV,0,0
2014,4984778,2014-04-07T12:37:06.38Z,FUV,0,0
2014,4984781,2014-04-07T12:37:12.06Z,FUV,0,0
2014,4984784,2014-04-07T12:37:17.49Z,FUV,0,0
2014,4984787,2014-04-07T12:37:23.09Z,FUV,0,0
2014,4984790,2014-04-07T12:37:28.81Z,FUV,0,0
2014,4984793,2014-04-07T12:37:34.32Z,FUV,0,0
2014,4984796,2014-04-07T12:37:39.97Z,FUV,0,0
2014,4984799,2014-04-07T12:37:45.59Z,FUV,0,0
2014,4984802,2014-04-07T12:37:51.02Z,FUV,0,0
2014,4984805,2014-04-07T12:37:56.63Z,FUV,0,0
2014,4984808,2014-04-07T12:38:02.38Z,FUV,0,0
2014,4984811,2014-04-07T12:38:07.86Z,FUV,0,0
2014,4984814,2014-04-07T12:38:13.46Z,FUV,0,0
2014,4984817,2014-04-07T12:38:19.16Z,FUV,0,0
2014,4984820,2014-04-07T12:38:24.61Z,FUV,0,0
2014,4984823,2014-04-07T12:38:30.24Z,FUV,0,0
2014,4984826,2014-04-07T12:38:35.91Z,FUV,0,0
2014,4984829,2014-04-07T12:38:41.34Z,FUV,0,0
2014,4984832,2014-04-07T12:38:46.96Z,FUV,0,0
2014,4984835,2014-04-07T12:38:52.69Z,FUV,0,0
2014,4984838,2014-04-07T12:38:58.14Z,FUV,0,0
2014,4984841,2014-04-07T12:39:03.71Z,FUV,0,0
2014,4984844,2014-04-07T12:39:09.47Z,FUV,0,0
2014,4984847,2014-04-07T12:39:14.91Z,FUV,0,0
2014,4984850,2014-04-07T12:39:20.56Z,FUV,0,0
2014,4984853,2014-04-07T12:39:26.25Z,FUV,0,0
2014,4984856,2014-04-07T12:39:31.67Z,FUV,0,0
2014,4984859,2014-04-07T12:39:37.24Z,FUV,0,0
2014,4984862,2014-04-07T12:39:43.03Z,FUV,0,0
2014,4984865,2014-04-07T12:39:48.54Z,FUV,0,0
2014,4984868,2014-04-07T12:39:54.16Z,FUV,0,0
2014,4984871,2014-04-07T12:39:59.78Z,FUV,0,0
2014,4984874,2014-04-07T12:40:05.21Z,FUV,0,0
2014,4984877,2014-04-07T12:40:10.78Z,FUV,0,0
2014,4984880,2014-04-07T12:40:16.56Z,FUV,0,0
2014,4984883,2014-04-07T12:40:22.00Z,FUV,0,0
2014,4984886,2014-04-07T12:40:27.59Z,FUV,0,0
2014,4984889,2014-04-07T12:40:33.34Z,FUV,0,0
2014,4984892,2014-04-07T12:40:38.79Z,FUV,0,1
2014,4984895,2014-04-07T12:40:44.36Z,FUV,0,0
2014,4984898,2014-04-07T12:40:50.09Z,FUV,0,0
2014,4984901,2014-04-07T12:40:55.54Z,FUV,0,0
2014,4984904,2014-04-07T12:41:01.14Z,FUV,0,0
2014,4984907,2014-04-07T12:41:06.88Z,FUV,0,0
2014,4984910,2014-04-07T12:41:12.34Z,FUV,0,0
2014,4984913,2014-04-07T12:41:17.93Z,FUV,0,0
2014,4984916,2014-04-07T12:41:23.66Z,FUV,0,0
2014,4984919,2014-04-07T12:41:29.13Z,FUV,0,0
2014,4984922,2014-04-07T12:41:34.81Z,FUV,0,0
2014,4984925,2014-04-07T12:41:40.44Z,FUV,0,0
2014,4984928,2014-04-07T12:41:45.87Z,FUV,0,0
2014,4984931,2014-04-07T12:41:51.46Z,FUV,0,0
2014,4984934,2014-04-07T12:41:57.19Z,FUV,0,0
2014,4984937,2014-04-07T12:42:02.72Z,FUV,0,0
2014,4984940,2014-04-07T12:42:08.34Z,FUV,0,0
2014,4984943,2014-04-07T12:42:13.97Z,FUV,0,0
2014,4984946,2014-04-07T12:42:19.41Z,FUV,0,0
2014,4984949,2014-04-07T12:42:25.06Z,FUV,0,0
2014,4984952,2014-04-07T12:42:30.75Z,FUV,0,0
2014,4984955,2014-04-07T12:42:36.24Z,FUV,0,0
2014,4984958,2014-04-07T12:42:41.83Z,FUV,0,0
2014,4984961,2014-04-07T12:42:47.53Z,FUV,0,0
2014,4984964,2014-04-07T12:42:52.96Z,FUV,0,0
2014,4984967,2014-04-07T12:42:58.56Z,FUV,0,0
2014,4984970,2014-04-07T12:43:04.28Z,FUV,0,0
2014,4984973,2014-04-07T12:43:09.77Z,FUV,0,0
2014,4984976,2014-04-07T12:43:15.38Z,FUV,0,0
2014,4984979,2014-04-07T12:43:21.06Z,FUV,0,0
2014,4984982,2014-04-07T12:43:26.51Z,FUV,0,0
2014,4984985,2014-04-07T12:43:32.08Z,FUV,0,0
2014,4984988,2014-04-07T12:43:37.85Z,FUV,0,0
2014,4984991,2014-04-07T12:43:43.34Z,FUV,0,0
2014,4984994,2014-04-07T12:43:48.96Z,FUV,0,0
2014,4984997,2014-04-07T12:43:54.63Z,FUV,0,0
2014,4985000,2014-04-07T12:44:00.06Z,FUV,0,0
2014,4985003,2014-04-07T12:44:05.65Z,FUV,0,0
2014,4985006,2014-04-07T12:44:11.41Z,FUV,0,0
2014,4985009,2014-04-07T12:44:16.92Z,FUV,0,0
2014,4985012,2014-04-07T12:44:22.57Z,FUV,0,0
2014,4985015,2014-04-07T12:44:28.16Z,FUV,0,0
2014,4985018,2014-04-07T12:44:33.60Z,FUV,0,0
2014,4985021,2014-04-07T12:44:39.24Z,FUV,0,0
2014,4985024,2014-04-07T12:44:44.94Z,FUV,0,0
2014,4985027,2014-04-07T12:44:50.39Z,FUV,0,0
2014,4985030,2014-04-07T12:44:55.99Z,FUV,0,0
2014,4985033,2014-04-07T12:45:01.72Z,FUV,0,0
2014,4985036,2014-04-07T12:45:07.15Z,FUV,0,0
2014,4985039,2014-04-07T12:45:12.74Z,FUV,0,0
2014,4985042,2014-04-07T12:45:18.47Z,FUV,0,0
2014,4985045,2014-04-07T12:45:23.94Z,FUV,0,0
2014,4985048,2014-04-07T12:45:29.56Z,FUV,0,0
2014,4985051,2014-04-07T12:45:35.25Z,FUV,0,0
2014,4985054,2014-04-07T12:45:40.71Z,FUV,0,0
2014,4985057,2014-04-07T12:45:46.27Z,FUV,0,0
2014,4985060,2014-04-07T12:45:52.03Z,FUV,0,0
2014,4985063,2014-04-07T12:45:57.52Z,FUV,0,0
2014,4985066,2014-04-07T12:46:03.18Z,FUV,0,0
2014,4985069,2014-04-07T12:46:08.81Z,FUV,0,0
2014,4985072,2014-04-07T12:46:14.25Z,FUV,0,0
2014,4985075,2014-04-07T12:46:19.81Z,FUV,0,0
2014,4985078,2014-04-07T12:46:25.56Z,FUV,0,0
2014,4985081,2014-04-07T12:46:31.08Z,FUV,0,0
2014,4985084,2014-04-07T12:46:36.71Z,FUV,0,0
2014,4985087,2014-04-07T12:46:42.34Z,FUV,0,0
2014,4985090,2014-04-07T12:46:47.77Z,FUV,0,0
2014,4985093,2014-04-07T12:46:53.40Z,FUV,0,0
2014,4985096,2014-04-07T12:46:59.13Z,FUV,0,0
2014,4985099,2014-04-07T12:47:04.63Z,FUV,0,0
2014,4985102,2014-04-07T12:47:10.22Z,FUV,0,0
2014,4985105,2014-04-07T12:47:15.91Z,FUV,0,1
2014,4985108,2014-04-07T12:47:21.38Z,FUV,0,0
2014,4985111,2014-04-07T12:47:26.97Z,FUV,0,0
2014,4985114,2014-04-07T12:47:32.66Z,FUV,0,0
2014,4985117,2014-04-07T12:47:38.12Z,FUV,0,1
2014,4985120,2014-04-07T12:47:43.73Z,FUV,0,0
2014,4985123,2014-04-07T12:47:49.44Z,FUV,0,0
2014,4985126,2014-04-07T12:47:54.88Z,FUV,0,0
2014,4985129,2014-04-07T12:48:00.46Z,FUV,0,0
2014,4985132,2014-04-07T12:48:06.22Z,FUV,0,0
2014,4985135,2014-04-07T12:48:11.67Z,FUV,0,0
2014,4985138,2014-04-07T12:48:17.30Z,FUV,0,0
2014,4985141,2014-04-07T12:48:23.00Z,FUV,0,0
2014,4985144,2014-04-07T12:48:28.45Z,FUV,0,0
2014,4985147,2014-04-07T12:48:34.08Z,FUV,0,0
2014,4985150,2014-04-07T12:48:39.75Z,FUV,0,0
2014,4985153,2014-04-07T12:48:45.21Z,FUV,0,0
2014,4985156,2014-04-07T12:48:50.77Z,FUV,0,0
2014,4985159,2014-04-07T12:48:56.53Z,FUV,0,0
2014,4985162,2014-04-07T12:49:01.98Z,FUV,0,0
2014,4985165,2014-04-07T12:49:07.63Z,FUV,0,0
2014,4985168,2014-04-07T12:49:13.31Z,FUV,0,0
2014,4985171,2014-04-07T12:49:18.74Z,FUV,0,0
2018,38601161,2018-03-16T11:20:57.51Z,FUV,0,0
2018,38601164,2018-03-16T11:21:14.12Z,FUV,0,0
2018,38601167,2018-03-16T11:21:30.84Z,FUV,0,0
2018,38601170,2018-03-16T11:21:47.29Z,FUV,0,0
2018,38601173,2018-03-16T11:22:04.01Z,FUV,0,0
2018,38601176,2018-03-16T11:22:20.65Z,FUV,0,0
2018,38601179,2018-03-16T11:22:37.37Z,FUV,0,0
2018,38601182,2018-03-16T11:22:53.80Z,FUV,0,0
2018,38601185,2018-03-16T11:23:10.57Z,FUV,0,0
2018,38601188,2018-03-16T11:23:27.18Z,FUV,0,0
2018,38601191,2018-03-16T11:23:43.90Z,FUV,0,0
2018,38601194,2018-03-16T11:24:00.27Z,FUV,0,0
2018,38601197,2018-03-16T11:24:17.06Z,FUV,0,0
2018,38601200,2018-03-16T11:24:33.71Z,FUV,0,0
2018,38601203,2018-03-16T11:24:50.43Z,FUV,0,0
2018,38601206,2018-03-16T11:25:06.84Z,FUV,0,0
2018,38601209,2018-03-16T11:25:23.59Z,FUV,0,1
2018,38601212,2018-03-16T11:25:40.24Z,FUV,0,1
2018,38601215,2018-03-16T11:25:56.96Z,FUV,0,0
2018,38601218,2018-03-16T11:26:13.37Z,FUV,0,0
2018,38601221,2018-03-16T11:26:30.12Z,FUV,0,0
2018,38601224,2018-03-16T11:26:46.77Z,FUV,0,0
2018,38601227,2018-03-16T11:27:03.49Z,FUV,0,0
2018,38601230,2018-03-16T11:27:19.97Z,FUV,0,0
2018,38601233,2018-03-16T11:27:36.72Z,FUV,0,1
2018,38601236,2018-03-16T11:27:53.31Z,FUV,0,0
2018,38601239,2018-03-16T11:28:10.03Z,FUV,0,1
2018,38601242,2018-03-16T11:28:26.48Z,FUV,0,0
2018,38601245,2018-03-16T11:28:43.23Z,FUV,0,0
2018,38601248,2018-03-16T11:28:59.84Z,FUV,0,0
2018,38601251,2018-03-16T11:29:16.56Z,FUV,0,0
2018,38601254,2018-03-16T11:29:32.97Z,FUV,0,1
2018,38601257,2018-03-16T11:29:49.73Z,FUV,0,0
2018,38601260,2018-03-16T11:30:06.37Z,FUV,0,0
2018,38601263,2018-03-16T11:30:23.09Z,FUV,0,1
2018,38601266,2018-03-16T11:30:39.52Z,FUV,0,0
2018,38601269,2018-03-16T11:30:56.26Z,FUV,0,2
2018,38601272,2018-03-16T11:31:12.90Z,FUV,0,1
2018,38601275,2018-03-16T11:31:29.62Z,FUV,0,0
2018,38601278,2018-03-16T11:31:46.05Z,FUV,0,1
2018,38601281,2018-03-16T11:32:02.80Z,FUV,0,1
2018,38601284,2018-03-16T11:32:19.43Z,FUV,0,0
2018,38601287,2018-03-16T11:32:36.15Z,FUV,0,0
2018,38601290,2018-03-16T11:32:52.56Z,FUV,0,0
2018,38601293,2018-03-16T11:33:09.36Z,FUV,0,0
2018,38601296,2018-03-16T11:33:25.96Z,FUV,0,1
2018,38601299,2018-03-16T11:33:42.68Z,FUV,0,1
2018,38601302,2018-03-16T11:33:59.09Z,FUV,0,0
2018,38601305,2018-03-16T11:34:15.85Z,FUV,0,0
2018,38601308,2018-03-16T11:34:32.49Z,FUV,0,0
2018,38601311,2018-03-16T11:34:49.21Z,FUV,0,0
2018,38601314,2018-03-16T11:35:05.66Z,FUV,0,0
2018,38601317,2018-03-16T11:35:22.37Z,FUV,0,0
2018,38601320,2018-03-16T11:35:39.03Z,FUV,0,0
2018,38601323,2018-03-16T11:35:55.74Z,FUV,0,0
2018,38601326,2018-03-16T11:36:12.19Z,FUV,0,0
2018,38601329,2018-03-16T11:36:28.95Z,FUV,0,0
2018,38601332,2018-03-16T11:36:45.56Z,FUV,0,1
2018,38601335,2018-03-16T11:37:02.27Z,FUV,0,1
2018,38601338,2018-03-16T11:37:18.71Z,FUV,0,0
2018,38601341,2018-03-16T11:37:35.44Z,FUV,0,1
2018,38601344,2018-03-16T11:37:52.09Z,FUV,0,0
2018,38601347,2018-03-16T11:38:08.81Z,FUV,0,1
2018,38601350,2018-03-16T11:38:25.22Z,FUV,0,0
2018,38601353,2018-03-16T11:38:41.99Z,FUV,0,0
2018,38601356,2018-03-16T11:38:58.62Z,FUV,0,0
2018,38601359,2018-03-16T11:39:15.34Z,FUV,0,0
2018,38601362,2018-03-16T11:39:31.80Z,FUV,0,0
2018,38601365,2018-03-16T11:39:48.52Z,FUV,0,0
2018,38601368,2018-03-16T11:40:05.15Z,FUV,0,0
2018,38601371,2018-03-16T11:40:21.87Z,FUV,0,0
2018,38601374,2018-03-16T11:40:38.30Z,FUV,0,1
2018,38601377,2018-03-16T11:40:55.06Z,FUV,0,0
2018,38601380,2018-03-16T11:41:11.68Z,FUV,0,1
2018,38601383,2018-03-16T11:41:28.40Z,FUV,0,0
2018,38601386,2018-03-16T11:41:44.81Z,FUV,0,2
2018,38601389,2018-03-16T11:42:01.56Z,FUV,0,1
2018,38601392,2018-03-16T11:42:18.21Z,FUV,0,0
2018,38601395,2018-03-16T11:42:34.93Z,FUV,0,0
2018,38601398,2018-03-16T11:42:51.38Z,FUV,0,0
2018,38601401,2018-03-16T11:43:08.12Z,FUV,0,0
2018,38601404,2018-03-16T11:43:24.74Z,FUV,0,0
2018,38601407,2018-03-16T11:43:41.46Z,FUV,0,0
2018,38601410,2018-03-16T11:43:57.93Z,FUV,0,0
2018,38601413,2018-03-16T11:44:14.66Z,FUV,0,1
2018,38601416,2018-03-16T11:44:31.28Z,FUV,0,0
2018,38601419,2018-03-16T11:44:48.00Z,FUV,0,0
2018,38601422,2018-03-16T11:45:04.39Z,FUV,0,1
2018,38601425,2018-03-16T11:45:21.15Z,FUV,0,0
2018,38601428,2018-03-16T11:45:37.81Z,FUV,0,0
2018,38601431,2018-03-16T11:45:54.52Z,FUV,0,0
2018,38601434,2018-03-16T11:46:10.97Z,FUV,0,0
2018,38601437,2018-03-16T11:46:27.71Z,FUV,0,0
2018,38601440,2018-03-16T11:46:44.34Z,FUV,0,0
2018,38601443,2018-03-16T11:47:01.06Z,FUV,0,0
2018,38601446,2018-03-16T11:47:17.45Z,FUV,0,0
2018,38601449,2018-03-16T11:47:34.22Z,FUV,0,1
2018,38601452,2018-03-16T11:47:50.87Z,FUV,0,0
2018,38601455,2018-03-16T11:48:07.59Z,FUV,0,0
2018,38601458,2018-03-16T11:48:23.99Z,FUV,0,0
2018,38601461,2018-03-16T11:48:40.74Z,FUV,0,0
2018,38601464,2018-03-16T11:48:57.40Z,FUV,0,0
2018,38601467,2018-03-16T11:49:14.12Z,FUV,0,1
2018,38601470,2018-03-16T11:49:30.53Z,FUV,0,0
2018,38601473,2018-03-16T11:49:47.27Z,FUV,0,0
2018,38601476,2018-03-16T11:50:03.93Z,FUV,0,0
2018,38601479,2018-03-16T11:50:20.65Z,FUV,0,0
2018,38601482,2018-03-16T11:50:37.06Z,FUV,0,0
2018,38601485,2018-03-16T11:50:53.82Z,FUV,0,0
2018,38601488,2018-03-16T11:51:10.46Z,FUV,0,0
2018,38601491,2018-03-16T11:51:27.18Z,FUV,0,0
2018,38601494,2018-03-16T11:51:43.65Z,FUV,0,0
2018,38601497,2018-03-16T11:52:00.35Z,FUV,0,0
2018,38601500,2018-03-16T11:52:16.99Z,FUV,0,0
2018,38601503,2018-03-16T11:52:33.71Z,FUV,0,0
2018,38601506,2018-03-16T11:52:50.18Z,FUV,0,0
2018,38601509,2018-03-16T11:53:06.91Z,FUV,0,0
2018,38601512,2018-03-16T11:53:23.52Z,FUV,0,0
2018,38601515,2018-03-16T11:53:40.24Z,FUV,0,1
2018,38601518,2018-03-16T11:53:56.66Z,FUV,0,0
2018,38601521,2018-03-16T11:54:13.47Z,FUV,0,0
2018,38601524,2018-03-16T11:54:30.06Z,FUV,1,0
2018,38601527,2018-03-16T11:54:46.77Z,FUV,1,0
2018,38601530,2018-03-16T11:55:03.23Z,FUV,1,0
2018,38601533,2018-03-16T11:55:19.94Z,FUV,1,0
2018,38601536,2018-03-16T11:55:36.59Z,FUV,1,0
2018,38601539,2018-03-16T11:55:53.31Z,FUV,1,0
2018,38601542,2018-03-16T11:56:09.75Z,FUV,1,0
2018,38601545,2018-03-16T11:56:26.50Z,FUV,1,0
2018,38601548,2018-03-16T11:56:43.12Z,FUV,1,0
2018,38601551,2018-03-16T11:56:59.84Z,FUV,1,0
2018,38601554,2018-03-16T11:57:16.24Z,FUV,1,0
2018,38601557,2018-03-16T11:57:33.37Z,FUV,1,0
2018,38601560,2018-03-16T11:57:50.03Z,FUV,1,0
2018,38601563,2018-03-16T11:58:06.74Z,FUV,1,0
2018,38601566,2018-03-16T11:58:23.19Z,FUV,1,0
2018,38601569,2018-03-16T11:58:39.92Z,FUV,1,0
2018,38601572,2018-03-16T11:58:56.56Z,FUV,1,0
2018,38601575,2018-03-16T11:59:13.28Z,FUV,0,0
2018,38601578,2018-03-16T11:59:29.69Z,FUV,0,0
2018,38601581,2018-03-16T11:59:46.48Z,FUV,0,0
2018,38601584,2018-03-16T12:00:03.09Z,FUV,0,0
2018,38601587,2018-03-16T12:00:19.81Z,FUV,0,0
2018,38601590,2018-03-16T12:00:36.19Z,FUV,0,0
2018,38601593,2018-03-16T12:00:52.96Z,FUV,0,0
2018,38601596,2018-03-16T12:01:09.62Z,FUV,0,0
2018,38601599,2018-03-16T12:01:26.34Z,FUV,0,0
2018,38601602,2018-03-16T12:01:42.76Z,FUV,0,0
2018,38601605,2018-03-16T12:01:59.49Z,FUV,0,0
2018,38601608,2018-03-16T12:02:16.15Z,FUV,0,0
2018,38601611,2018-03-16T12:02:32.87Z,FUV,0,0
2018,38601614,2018-03-16T12:02:49.28Z,FUV,0,0
2018,38601617,2018-03-16T12:03:06.05Z,FUV,0,0
2018,38601620,2018-03-16T12:03:22.68Z,FUV,0,0
2018,38601623,2018-03-16T12:03:39.40Z,FUV,0,0
2018,38601626,2018-03-16T12:03:55.83Z,FUV,0,0
2018,38601629,2018-03-16T12:04:12.56Z,FUV,0,0
2018,38601632,2018-03-16T12:04:29.21Z,FUV,0,0
2018,38601635,2018-03-16T12:04:45.93Z,FUV,0,0
2018,38601638,2018-03-16T12:05:02.37Z,FUV,0,0
2018,38601641,2018-03-16T12:05:19.13Z,FUV,0,0
2018,38601644,2018-03-16T12:05:35.74Z,FUV,0,0
2018,38601647,2018-03-16T12:05:52.46Z,FUV,0,0
2018,38601650,2018-03-16T12:06:08.87Z,FUV,0,0
2018,38601653,2018-03-16T12:06:25.65Z,FUV,0,0
2018,38601656,2018-03-16T12:06:42.27Z,FUV,0,0
2018,38601659,2018-03-16T12:06:58.99Z,FUV,0,0
2018,38601662,2018-03-16T12:07:15.44Z,FUV,0,0
2018,38601665,2018-03-16T12:07:32.15Z,FUV,0,0
2018,38601668,2018-03-16T12:07:48.81Z,FUV,0,0
2018,38601671,2018-03-16T12:08:05.52Z,FUV,0,0
2018,38601674,2018-03-16T12:08:21.97Z,FUV,0,0
2018,38601677,2018-03-16T12:08:38.71Z,FUV,0,0
2018,38601680,2018-03-16T12:08:55.34Z,FUV,0,0
2018,38601683,2018-03-16T12:09:12.06Z,FUV,0,0
2018,38601686,2018-03-16T12:09:28.47Z,FUV,0,0
2018,38601689,2018-03-16T12:09:45.23Z,FUV,0,0
2018,38601692,2018-03-16T12:10:01.87Z,FUV,0,0
2018,38601695,2018-03-16T12:10:18.59Z,FUV,0,0
2018,38601698,2018-03-16T12:10:35.04Z,FUV,0,0
2018,38601701,2018-03-16T12:10:51.79Z,FUV,0,0
2018,38602121,2018-03-16T12:49:40.37Z,FUV,0,0
2018,38602124,2018-03-16T12:49:56.99Z,FUV,0,0
2018,38602127,2018-03-16T12:50:13.71Z,FUV,0,0
2018,38602130,2018-03-16T12:50:30.12Z,FUV,0,0
2018,38602133,2018-03-16T12:50:46.94Z,FUV,0,0
2018,38602136,2018-03-16T12:51:03.52Z,FUV,0,0
2018,38602139,2018-03-16T12:51:20.24Z,FUV,0,0
2018,38602142,2018-03-16T12:51:36.71Z,FUV,0,0
2018,38602145,2018-03-16T12:51:53.42Z,FUV,0,0
2018,38602148,2018-03-16T12:52:10.06Z,FUV,0,0
2018,38602151,2018-03-16T12:52:26.77Z,FUV,0,0
2018,38602154,2018-03-16T12:52:43.19Z,FUV,0,0
2018,38602157,2018-03-16T12:53:00.01Z,FUV,0,0
2018,38602160,2018-03-16T12:53:16.59Z,FUV,0,0
2018,38602163,2018-03-16T12:53:33.31Z,FUV,0,0
2018,38602166,2018-03-16T12:53:49.69Z,FUV,0,0
2018,38602169,2018-03-16T12:54:06.46Z,FUV,0,1
2018,38602172,2018-03-16T12:54:23.12Z,FUV,0,1
2018,38602175,2018-03-16T12:54:39.84Z,FUV,0,0
2018,38602178,2018-03-16T12:54:56.26Z,FUV,0,0
2018,38602181,2018-03-16T12:55:13.00Z,FUV,0,0
2018,38602184,2018-03-16T12:55:29.65Z,FUV,0,0
2018,38602187,2018-03-16T12:55:46.37Z,FUV,0,0
2018,38602190,2018-03-16T12:56:02.76Z,FUV,0,0
2018,38602193,2018-03-16T12:56:19.52Z,FUV,0,0
2018,38602196,2018-03-16T12:56:36.18Z,FUV,0,0
2018,38602199,2018-03-16T12:56:52.90Z,FUV,0,0
2018,38602202,2018-03-16T12:57:09.31Z,FUV,0,0
2018,38602205,2018-03-16T12:57:26.09Z,FUV,0,0
2018,38602208,2018-03-16T12:57:42.71Z,FUV,0,0
2018,38602211,2018-03-16T12:57:59.43Z,FUV,0,1
2018,38602214,2018-03-16T12:58:15.85Z,FUV,0,0
2018,38602217,2018-03-16T12:58:32.59Z,FUV,0,0
2018,38602220,2018-03-16T12:58:49.24Z,FUV,0,0
2018,38602223,2018-03-16T12:59:05.96Z,FUV,0,0
2018,38602226,2018-03-16T12:59:22.37Z,FUV,0,0
2018,38602229,2018-03-16T12:59:39.14Z,FUV,0,0
2018,38602232,2018-03-16T12:59:55.77Z,FUV,0,0
2018,38602235,2018-03-16T13:00:12.49Z,FUV,0,2
2018,38602238,2018-03-16T13:00:28.92Z,FUV,0,0
2018,38602241,2018-03-16T13:00:45.66Z,FUV,0,0
2018,38602244,2018-03-16T13:01:02.31Z,FUV,0,0
2018,38602247,2018-03-16T13:01:19.03Z,FUV,0,0
2018,38602250,2018-03-16T13:01:35.48Z,FUV,0,0
2018,38602253,2018-03-16T13:01:52.24Z,FUV,0,0
2018,38602256,2018-03-16T13:02:08.84Z,FUV,0,3
2018,38602259,2018-03-16T13:02:25.56Z,FUV,0,1
2018,38602262,2018-03-16T13:02:41.95Z,FUV,0,1
2018,38602265,2018-03-16T13:02:58.73Z,FUV,0,0
2018,38602268,2018-03-16T13:03:15.37Z,FUV,0,0
2018,38602271,2018-03-16T13:03:32.09Z,FUV,0,1
2018,38602274,2018-03-16T13:03:48.55Z,FUV,0,2
2018,38602277,2018-03-16T13:04:05.30Z,FUV,0,0
2018,38602280,2018-03-16T13:04:21.90Z,FUV,0,1
2018,38602283,2018-03-16T13:04:38.62Z,FUV,0,2
2018,38602286,2018-03-16T13:04:55.08Z,FUV,0,1
2018,38602289,2018-03-16T13:05:11.84Z,FUV,0,0
2018,38602292,2018-03-16T13:05:28.43Z,FUV,0,0
2018,38602295,2018-03-16T13:05:45.15Z,FUV,0,0
2018,38602298,2018-03-16T13:06:01.55Z,FUV,0,1
2018,38602301,2018-03-16T13:06:18.31Z,FUV,0,0
2018,38602304,2018-03-16T13:06:34.96Z,FUV,0,0
2018,38602307,2018-03-16T13:06:51.68Z,FUV,0,1
2018,38602310,2018-03-16T13:07:08.12Z,FUV,0,0
2018,38602313,2018-03-16T13:07:24.84Z,FUV,0,1
2018,38602316,2018-03-16T13:07:41.49Z,FUV,0,1
2018,38602319,2018-03-16T13:07:58.21Z,FUV,0,1
2018,38602322,2018-03-16T13:08:14.61Z,FUV,0,0
2018,38602325,2018-03-16T13:08:31.37Z,FUV,0,1
2018,38602328,2018-03-16T13:08:48.03Z,FUV,0,0
2018,38602331,2018-03-16T13:09:04.74Z,FUV,0,3
2018,38602334,2018-03-16T13:09:21.15Z,FUV,0,0
2018,38602337,2018-03-16T13:09:37.91Z,FUV,0,1
2018,38602340,2018-03-16T13:09:54.56Z,FUV,0,0
2018,38602343,2018-03-16T13:10:11.27Z,FUV,0,0
2018,38602346,2018-03-16T13:10:27.70Z,FUV,0,1
2018,38602349,2018-03-16T13:10:44.43Z,FUV,0,0
2018,38602352,2018-03-16T13:11:01.09Z,FUV,0,1
2018,38602355,2018-03-16T13:11:17.81Z,FUV,0,1
2018,38602358,2018-03-16T13:11:34.23Z,FUV,0,1
2018,38602361,2018-03-16T13:11:51.01Z,FUV,0,0
2018,38602364,2018-03-16T13:12:07.62Z,FUV,0,0
2018,38602367,2018-03-16T13:12:24.34Z,FUV,0,0
2018,38602370,2018-03-16T13:12:40.77Z,FUV,0,0
2018,38602373,2018-03-16T13:12:57.49Z,FUV,0,0
2018,38602376,2018-03-16T13:13:14.15Z,FUV,0,0
2018,38602379,2018-03-16T13:13:30.87Z,FUV,0,2
2018,38602382,2018-03-16T13:13:47.31Z,FUV,0,0
2018,38602385,2018-03-16T13:14:04.06Z,FUV,0,0
2018,38602388,2018-03-16T13:14:20.68Z,FUV,0,3
2018,38602391,2018-03-16T13:14:37.40Z,FUV,0,0
2018,38602394,2018-03-16T13:14:53.81Z,FUV,0,2
2018,38602397,2018-03-16T13:15:10.57Z,FUV,0,2
2018,38602400,2018-03-16T13:15:27.21Z,FUV,0,1
2018,38602403,2018-03-16T13:15:43.93Z,FUV,0,0
2018,38602406,2018-03-16T13:16:00.39Z,FUV,0,0
2018,38602409,2018-03-16T13:16:17.11Z,FUV,0,1
2018,38602412,2018-03-16T13:16:33.74Z,FUV,0,0
2018,38602415,2018-03-16T13:16:50.46Z,FUV,0,0
2018,38602418,2018-03-16T13:17:06.89Z,FUV,0,0
2018,38602421,2018-03-16T13:17:23.66Z,FUV,0,0
2018,38602424,2018-03-16T13:17:40.28Z,FUV,0,1
2018,38602427,2018-03-16T13:17:56.99Z,FUV,0,0
2018,38602430,2018-03-16T13:18:13.39Z,FUV,0,1
2018,38602433,2018-03-16T13:18:30.15Z,FUV,0,0
2018,38602436,2018-03-16T13:18:46.81Z,FUV,0,0
2018,38602439,2018-03-16T13:19:03.52Z,FUV,0,3
2018,38602442,2018-03-16T13:19:19.96Z,FUV,0,2
2018,38602445,2018-03-16T13:19:36.71Z,FUV,0,0
2018,38602448,2018-03-16T13:19:53.34Z,FUV,0,0
2018,38602451,2018-03-16T13:20:10.06Z,FUV,0,1
2018,38602454,2018-03-16T13:20:26.47Z,FUV,0,2
2018,38602457,2018-03-16T13:20:43.23Z,FUV,0,0
2018,38602460,2018-03-16T13:20:59.87Z,FUV,0,1
2018,38602463,2018-03-16T13:21:16.59Z,FUV,0,0
2018,38602466,2018-03-16T13:21:33.02Z,FUV,0,0
2018,38602469,2018-03-16T13:21:49.74Z,FUV,0,1
2018,38602472,2018-03-16T13:22:06.40Z,FUV,0,0
2018,38602475,2018-03-16T13:22:23.12Z,FUV,0,1
2018,38602478,2018-03-16T13:22:39.62Z,FUV,0,0
2018,38602481,2018-03-16T13:22:56.36Z,FUV,0,1
2018,38602484,2018-03-16T13:23:12.93Z,FUV,0,0
2018,38602487,2018-03-16T13:23:29.65Z,FUV,0,0
2018,38602490,2018-03-16T13:23:46.06Z,FUV,0,1
2018,38602493,2018-03-16T13:24:02.87Z,FUV,0,0
2018,38602496,2018-03-16T13:24:19.46Z,FUV,0,0
2018,38602499,2018-03-16T13:24:36.18Z,FUV,0,0
2018,38602502,2018-03-16T13:24:52.61Z,FUV,0,1
2018,38602505,2018-03-16T13:25:09.34Z,FUV,0,0
2018,38602508,2018-03-16T13:25:25.99Z,FUV,0,2
2018may,39496482,2018-05-04T07:12:25.29Z,FUV,1,1
2018may,39496485,2018-05-04T07:12:42.06Z,FUV,1,0
2018may,39496494,2018-05-04T07:13:31.72Z,FUV,0,0
2018may,39496506,2018-05-04T07:14:37.97Z,FUV,0,0
2018may,39496518,2018-05-04T07:15:44.36Z,FUV,0,0
2018may,39496530,2018-05-04T07:16:50.65Z,FUV,0,0
2018may,39496542,2018-05-04T07:17:56.97Z,FUV,0,0
2018may,39496554,2018-05-04T07:19:03.26Z,FUV,0,0
2018may,39496566,2018-05-04T07:20:09.64Z,FUV,0,0
2018may,39496578,2018-05-04T07:21:15.91Z,FUV,0,0
2018may,39496590,2018-05-04T07:22:22.29Z,FUV,0,0
2018may,39496602,2018-05-04T07:23:28.54Z,FUV,0,0
2018may,39496614,2018-05-04T07:24:34.96Z,FUV,0,0
2018may,39496626,2018-05-04T07:25:41.23Z,FUV,0,0
2018may,39496638,2018-05-04T07:26:47.53Z,FUV,0,0
2018may,39496650,2018-05-04T07:27:53.84Z,FUV,0,0
2018may,39496662,2018-05-04T07:29:00.16Z,FUV,0,0
2018may,39496674,2018-05-04T07:30:06.51Z,FUV,0,0
2018may,39496686,2018-05-04T07:31:12.78Z,FUV,0,0
2018may,39496698,2018-05-04T07:32:19.13Z,FUV,0,0
2018may,39496710,2018-05-04T07:33:25.45Z,FUV,0,0
2018may,39496722,2018-05-04T07:34:31.74Z,FUV,0,0
2018may,39496734,2018-05-04T07:35:38.08Z,FUV,0,0
2018may,39496746,2018-05-04T07:36:44.37Z,FUV,0,0
2018may,39496758,2018-05-04T07:37:50.77Z,FUV,0,0
2018may,39496770,2018-05-04T07:38:57.04Z,FUV,0,0
2018may,39496782,2018-05-04T07:40:03.41Z,FUV,0,0
2018may,39496794,2018-05-04T07:41:09.69Z,FUV,0,0
2018may,39496806,2018-05-04T07:42:16.03Z,FUV,0,0
2018may,39496818,2018-05-04T07:43:22.34Z,FUV,0,0
2018may,39496830,2018-05-04T07:44:28.64Z,FUV,0,0
2018may,39496842,2018-05-04T07:45:34.93Z,FUV,0,0
2018may,39496854,2018-05-04T07:46:41.31Z,FUV,0,0
2018may,39496866,2018-05-04T07:47:47.60Z,FUV,0,0
2018may,39496878,2018-05-04T07:48:53.93Z,FUV,0,0
2018may,39496890,2018-05-04T07:50:00.23Z,FUV,0,0
2018may,39496902,2018-05-04T07:51:06.62Z,FUV,0,0
2018may,39496914,2018-05-04T07:52:12.87Z,FUV,0,0
2018may,39496926,2018-05-04T07:53:19.27Z,FUV,0,0
2018may,39496938,2018-05-04T07:54:25.51Z,FUV,0,0
2018may,39496950,2018-05-04T07:55:31.95Z,FUV,0,0
2018may,39496962,2018-05-04T07:56:38.17Z,FUV,0,0
2018may,39496974,2018-05-04T07:57:44.53Z,FUV,0,0
2018may,39496986,2018-05-04T07:58:50.80Z,FUV,0,0
2018may,39496998,2018-05-04T07:59:57.16Z,FUV,0,0
2018may,39497010,2018-05-04T08:01:03.45Z,FUV,0,0
2018may,39497022,2018-05-04T08:02:09.84Z,FUV,0,0
2018may,39497034,2018-05-04T08:03:16.06Z,FUV,0,0
2018may,39497046,2018-05-04T08:04:22.45Z,FUV,0,0
2018may,39497058,2018-05-04T08:05:28.73Z,FUV,0,0
2018may,39497070,2018-05-04T08:06:35.10Z,FUV,0,0
2018may,39497082,2018-05-04T08:07:41.37Z,FUV,0,0
2018may,39497094,2018-05-04T08:08:47.74Z,FUV,0,0
2018may,39497106,2018-05-04T08:09:54.00Z,FUV,0,0
2018may,39497118,2018-05-04T08:11:00.35Z,FUV,0,0
2018may,39497130,2018-05-04T08:12:06.69Z,FUV,0,0
2018may,39497142,2018-05-04T08:13:12.99Z,FUV,0,0
2018may,39497154,2018-05-04T08:14:19.36Z,FUV,0,0
2018may,39497166,2018-05-04T08:15:25.62Z,FUV,0,0
2018may,39497178,2018-05-04T08:16:31.93Z,FUV,0,0
2018may,39497190,2018-05-04T08:17:38.23Z,FUV,0,0
2018may,39497202,2018-05-04T08:18:44.60Z,FUV,0,0
2018may,39497214,2018-05-04T08:19:50.87Z,FUV,0,0
2018may,39497226,2018-05-04T08:20:57.24Z,FUV,0,0
2018may,39497238,2018-05-04T08:22:03.54Z,FUV,0,0
2018may,39497250,2018-05-04T08:23:09.88Z,FUV,0,0
2018may,39497262,2018-05-04T08:24:16.16Z,FUV,0,0
2018may,39497274,2018-05-04T08:25:22.50Z,FUV,0,0
2018may,39497286,2018-05-04T08:26:28.86Z,FUV,0,0
2018may,39497298,2018-05-04T08:27:35.13Z,FUV,0,0
2018may,39497310,2018-05-04T08:28:41.45Z,FUV,0,0
2018may,39497322,2018-05-04T08:29:47.75Z,FUV,0,0
2018may,39497334,2018-05-04T08:30:54.12Z,FUV,1,0
2018may,39497337,2018-05-04T08:31:10.77Z,FUV,1,0
2018may,39497340,2018-05-04T08:31:27.27Z,FUV,1,0
2018may,39497343,2018-05-04T08:31:43.84Z,FUV,1,0
2018may,39497346,2018-05-04T08:32:00.40Z,FUV,1,0
2018may,39497349,2018-05-04T08:32:17.12Z,FUV,1,0
2018may,39497352,2018-05-04T08:32:33.59Z,FUV,1,0
2018may,39497355,2018-05-04T08:32:50.15Z,FUV,1,0
2018may,39497358,2018-05-04T08:33:06.76Z,FUV,1,1
2018may,39497361,2018-05-04T08:33:23.43Z,FUV,1,0
2018may,39497364,2018-05-04T08:33:39.90Z,FUV,1,1
2018may,39497367,2018-05-04T08:33:56.46Z,FUV,1,0
2018may,39497370,2018-05-04T08:34:13.03Z,FUV,1,0
2018may,39497373,2018-05-04T08:34:29.74Z,FUV,1,0
2018may,39497376,2018-05-04T08:34:46.24Z,FUV,1,0
2018may,39497379,2018-05-04T08:35:02.81Z,FUV,1,0
2018may,39497382,2018-05-04T08:35:19.44Z,FUV,1,0
2018may,39497385,2018-05-04T08:35:36.06Z,FUV,1,0
2018may,39497388,2018-05-04T08:35:52.56Z,FUV,1,1
2018may,39497391,2018-05-04T08:36:09.12Z,FUV,1,1
2018may,39497394,2018-05-04T08:36:25.69Z,FUV,1,0
2018may,39497397,2018-05-04T08:36:42.40Z,FUV,1,1
2018may,39497400,2018-05-04T08:36:58.87Z,FUV,1,1
2018may,39497403,2018-05-04T08:37:15.43Z,FUV,1,0
2018may,39497406,2018-05-04T08:37:32.04Z,FUV,1,2
2018may,39497409,2018-05-04T08:37:48.71Z,FUV,1,4
2018may,39497412,2018-05-04T08:38:05.18Z,FUV,1,1
2018may,39497415,2018-05-04T08:38:21.74Z,FUV,1,4
2018may,39497418,2018-05-04T08:38:38.33Z,FUV,1,4
2018may,39497421,2018-05-04T08:38:55.02Z,FUV,1,4
2018may,39497424,2018-05-04T08:39:11.49Z,FUV,1,6
2018may,39497427,2018-05-04T08:39:28.09Z,FUV,1,8
2018may,39497430,2018-05-04T08:39:44.73Z,FUV,1,12
2018may,39497433,2018-05-04T08:40:01.34Z,FUV,1,15
2018may,39497436,2018-05-04T08:40:17.84Z,FUV,1,15
2018may,39497439,2018-05-04T08:40:34.40Z,FUV,1,10
2018may,39497442,2018-05-04T08:40:50.97Z,FUV,1,12
2018may,39497445,2018-05-04T08:41:07.68Z,FUV,1,15
2018may,39497448,2018-05-04T08:41:24.15Z,FUV,1,10
2018may,39497451,2018-05-04T08:41:40.71Z,FUV,1,13
2018may,39497454,2018-05-04T08:41:57.36Z,FUV,1,11
2018may,39497457,2018-05-04T08:42:13.99Z,FUV,1,12
2018may,39497460,2018-05-04T08:42:30.46Z,FUV,1,10
2018may,39497463,2018-05-04T08:42:47.02Z,FUV,1,13
2018may,39497466,2018-05-04T08:43:03.60Z,FUV,1,7
2018may,39497469,2018-05-04T08:43:20.31Z,FUV,1,8
2018may,39497472,2018-05-04T08:43:36.77Z,FUV,1,6
2018may,39497475,2018-05-04T08:43:53.37Z,FUV,1,4
2018may,39497478,2018-05-04T08:44:10.02Z,FUV,1,3
2018may,39497481,2018-05-04T08:44:26.62Z,FUV,1,3
2018may,39497484,2018-05-04T08:44:43.12Z,FUV,1,2
2018may,39497487,2018-05-04T08:44:59.68Z,FUV,1,0
2018may,39497490,2018-05-04T08:45:16.28Z,FUV,1,4
2018may,39497493,2018-05-04T08:45:32.96Z,FUV,1,1
2018may,39497496,2018-05-04T08:45:49.43Z,FUV,1,1
2018may,39497499,2018-05-04T08:46:05.99Z,FUV,1,1
2018may,39497502,2018-05-04T08:46:22.59Z,FUV,1,0
2018may,39497505,2018-05-04T08:46:39.27Z,FUV,1,1
2018may,39497508,2018-05-04T08:46:55.74Z,FUV,1,0
2018may,39497511,2018-05-04T08:47:12.31Z,FUV,1,0
2018may,39497514,2018-05-04T08:47:28.92Z,FUV,1,0
2018may,39497517,2018-05-04T08:47:45.59Z,FUV,1,0
2018may,39497520,2018-05-04T08:48:02.09Z,FUV,1,0
2018may,39497523,2018-05-04T08:48:18.65Z,FUV,1,1
2018may,39497526,2018-05-04T08:48:35.23Z,FUV,0,0
2018may,39497538,2018-05-04T08:49:41.59Z,FUV,0,0
2018may,39497550,2018-05-04T08:50:47.86Z,FUV,0,0
2018may,39497562,2018-05-04T08:51:54.19Z,FUV,0,0
2018may,39497574,2018-05-04T08:53:00.53Z,FUV,0,0
2018may,39497586,2018-05-04T08:54:06.84Z,FUV,0,0
2018may,39497598,2018-05-04T08:55:13.19Z,FUV,0,0
2018may,39497610,2018-05-04T08:56:19.44Z,FUV,0,0
2018may,39497622,2018-05-04T08:57:25.87Z,FUV,0,0
2018may,39497634,2018-05-04T08:58:32.12Z,FUV,0,0
2018may,39497646,2018-05-04T08:59:38.44Z,FUV,0,0
2018may,39497658,2018-05-04T09:00:44.73Z,FUV,0,0
2018may,39497670,2018-05-04T09:01:51.12Z,FUV,0,0
2018may,39497682,2018-05-04T09:02:57.40Z,FUV,0,0
2018may,39497694,2018-05-04T09:04:03.73Z,FUV,0,0
2018may,39497706,2018-05-04T09:05:10.00Z,FUV,0,0
2018may,39497718,2018-05-04T09:06:16.37Z,FUV,0,0
2018may,39497730,2018-05-04T09:07:22.66Z,FUV,0,0
2018may,39497742,2018-05-04T09:08:28.99Z,FUV,0,0
2018may,39497754,2018-05-04T09:09:35.30Z,FUV,0,0
2018may,39497766,2018-05-04T09:10:41.65Z,FUV,0,0
2018may,39497778,2018-05-04T09:11:47.95Z,FUV,0,0
2018may,39497790,2018-05-04T09:12:54.30Z,FUV,0,0
2018may,39497802,2018-05-04T09:14:00.60Z,FUV,0,0
2018may,39497814,2018-05-04T09:15:06.92Z,FUV,0,0
2018may,39497826,2018-05-04T09:16:13.25Z,FUV,0,0
2018may,39497838,2018-05-04T09:17:19.55Z,FUV,0,0
2018may,39497850,2018-05-04T09:18:25.87Z,FUV,0,0
2018may,39497862,2018-05-04T09:19:32.19Z,FUV,0,0
2018may,39497874,2018-05-04T09:20:38.56Z,FUV,0,0
2018may,39497886,2018-05-04T09:21:44.81Z,FUV,0,0
2018may,39497898,2018-05-04T09:22:51.18Z,FUV,0,0
2018may,39497910,2018-05-04T09:23:57.47Z,FUV,0,0
2018may,39497922,2018-05-04T09:25:03.84Z,FUV,0,0
2018may,39497934,2018-05-04T09:26:10.07Z,FUV,0,0
2018may,39497946,2018-05-04T09:27:16.45Z,FUV,0,0
2018may,39497958,2018-05-04T09:28:22.77Z,FUV,0,0
2018may,39497970,2018-05-04T09:29:29.09Z,FUV,0,0
2018may,39497982,2018-05-04T09:30:35.38Z,FUV,0,0
2018may,39497994,2018-05-04T09:31:41.77Z,FUV,0,0
2018may,39498006,2018-05-04T09:32:48.03Z,FUV,0,0
2018may,39498018,2018-05-04T09:33:54.37Z,FUV,0,0
2018may,39498030,2018-05-04T09:35:00.72Z,FUV,0,0
2018may,39498042,2018-05-04T09:36:07.01Z,FUV,0,0
2018may,39498054,2018-05-04T09:37:13.34Z,FUV,0,0
2018may,39498066,2018-05-04T09:38:19.63Z,FUV,0,0
2018may,39498078,2018-05-04T09:39:25.96Z,FUV,0,0
2018may,39498090,2018-05-04T09:40:32.27Z,FUV,0,0
2018may,39498102,2018-05-04T09:41:38.60Z,FUV,0,0
2018may,39498114,2018-05-04T09:42:44.93Z,FUV,0,0
2018may,39498126,2018-05-04T09:43:51.22Z,FUV,0,0
2018may,39498138,2018-05-04T09:44:57.60Z,FUV,0,0
2018may,39498150,2018-05-04T09:46:03.87Z,FUV,0,0
2018may,39498162,2018-05-04T09:47:10.23Z,FUV,0,0
2018may,39498174,2018-05-04T09:48:16.49Z,FUV,0,0
2018may,39498186,2018-05-04T09:49:22.88Z,FUV,0,0
2018may,39498198,2018-05-04T09:50:29.15Z,FUV,0,0
2018may,39498210,2018-05-04T09:51:35.56Z,FUV,0,0
2018may,39498222,2018-05-04T09:52:41.78Z,FUV,0,0
2018may,39498234,2018-05-04T09:53:48.13Z,FUV,0,0
2018may,39498246,2018-05-04T09:54:54.46Z,FUV,0,0
2018may,39498258,2018-05-04T09:56:00.79Z,FUV,0,0
2018may,39498270,2018-05-04T09:57:07.08Z,FUV,0,0
2018may,39498282,2018-05-04T09:58:13.44Z,FUV,0,0
2018may,39498294,2018-05-04T09:59:19.80Z,FUV,0,0
2018may,39498306,2018-05-04T10:00:26.04Z,FUV,0,0
2018may,39498318,2018-05-04T10:01:32.40Z,FUV,0,0
2018may,39498330,2018-05-04T10:02:38.66Z,FUV,0,0
2018may,39498342,2018-05-04T10:03:45.09Z,FUV,0,0
2018may,39498354,2018-05-04T10:04:51.32Z,FUV,0,0
2018may,39498366,2018-05-04T10:05:57.71Z,FUV,0,0
2018may,39498378,2018-05-04T10:07:03.95Z,FUV,0,0
2018may,39498390,2018-05-04T10:08:10.34Z,FUV,0,0
2018may,39498402,2018-05-04T10:09:16.59Z,FUV,0,0
2018may,39498408,2018-05-04T10:09:49.77Z,FUV,1,0
2018may,39498411,2018-05-04T10:10:06.34Z,FUV,1,0
2018may,39498414,2018-05-04T10:10:22.94Z,FUV,1,1
2018may,39498417,2018-05-04T10:10:39.62Z,FUV,1,0
2018may,39498420,2018-05-04T10:10:56.09Z,FUV,1,0
2018may,39498423,2018-05-04T10:11:12.65Z,FUV,1,0
2018may,39498426,2018-05-04T10:11:29.21Z,FUV,1,1
2018may,39498429,2018-05-04T10:11:45.93Z,FUV,1,0
2018may,39498432,2018-05-04T10:12:02.43Z,FUV,1,1
2018may,39498435,2018-05-04T10:12:18.99Z,FUV,1,2
2018may,39498438,2018-05-04T10:12:35.62Z,FUV,1,1
2018may,39498441,2018-05-04T10:12:52.24Z,FUV,1,0
2018may,39498444,2018-05-04T10:13:08.74Z,FUV,1,0
2018may,39498447,2018-05-04T10:13:25.31Z,FUV,1,0
2018may,39498450,2018-05-04T10:13:41.89Z,FUV,1,1
2018may,39498453,2018-05-04T10:13:58.59Z,FUV,1,3
2018may,39498456,2018-05-04T10:14:15.06Z,FUV,1,2
2018may,39498459,2018-05-04T10:14:31.62Z,FUV,1,5
2018may,39498462,2018-05-04T10:14:48.26Z,FUV,1,5
2018may,39498465,2018-05-04T10:15:04.90Z,FUV,1,1
2018may,39498468,2018-05-04T10:15:21.37Z,FUV,1,8
2018may,39498471,2018-05-04T10:15:37.93Z,FUV,1,3
2018may,39498474,2018-05-04T10:15:54.51Z,FUV,1,9
2018may,39498477,2018-05-04T10:16:11.21Z,FUV,1,11
2018may,39498480,2018-05-04T10:16:27.68Z,FUV,1,18
2018may,39498483,2018-05-04T10:16:44.27Z,FUV,1,10
2018may,39498486,2018-05-04T10:17:00.90Z,FUV,1,15
2018may,39498489,2018-05-04T10:17:17.53Z,FUV,1,8
2018may,39498492,2018-05-04T10:17:34.02Z,FUV,1,9
2018may,39498495,2018-05-04T10:17:50.59Z,FUV,1,12
2018may,39498498,2018-05-04T10:18:07.17Z,FUV,1,15
2018may,39498501,2018-05-04T10:18:23.87Z,FUV,1,14
2018may,39498504,2018-05-04T10:18:40.34Z,FUV,1,13
2018may,39498507,2018-05-04T10:18:56.90Z,FUV,1,14
2018may,39498510,2018-05-04T10:19:13.51Z,FUV,1,10
2018may,39498513,2018-05-04T10:19:30.18Z,FUV,1,11
2018may,39498516,2018-05-04T10:19:46.65Z,FUV,1,5
2018may,39498519,2018-05-04T10:20:03.21Z,FUV,1,8
2018may,39498522,2018-05-04T10:20:19.77Z,FUV,1,3
2018may,39498525,2018-05-04T10:20:36.49Z,FUV,1,4
2018may,39498528,2018-05-04T10:20:52.99Z,FUV,1,3
2018may,39498531,2018-05-04T10:21:09.56Z,FUV,1,3
2018may,39498534,2018-05-04T10:21:26.17Z,FUV,1,1
2018may,39498537,2018-05-04T10:21:42.81Z,FUV,1,1
2018may,39498540,2018-05-04T10:21:59.31Z,FUV,1,0
2018may,39498543,2018-05-04T10:22:15.87Z,FUV,1,1
2018may,39498546,2018-05-04T10:22:32.44Z,FUV,1,0
2018may,39498549,2018-05-04T10:22:49.15Z,FUV,1,0
2018may,39498552,2018-05-04T10:23:05.62Z,FUV,1,0
2018may,39498555,2018-05-04T10:23:22.18Z,FUV,1,0
2018may,39498558,2018-05-04T10:23:38.79Z,FUV,1,0
2018may,39498570,2018-05-04T10:24:45.09Z,FUV,0,0
2018may,39498582,2018-05-04T10:25:51.48Z,FUV,0,0
2018may,39498594,2018-05-04T10:26:57.73Z,FUV,0,0
2018may,39498606,2018-05-04T10:28:04.04Z,FUV,0,0
2018may,39498618,2018-05-04T10:29:10.35Z,FUV,0,0
2018may,39498630,2018-05-04T10:30:16.73Z,FUV,0,0
2018may,39498642,2018-05-04T10:31:23.01Z,FUV,0,0
2018may,39498654,2018-05-04T10:32:29.42Z,FUV,0,0
2018may,39498666,2018-05-04T10:33:35.62Z,FUV,0,0
2018may,39498678,2018-05-04T10:34:42.02Z,FUV,0,0
2018may,39498690,2018-05-04T10:35:48.29Z,FUV,0,0
2018may,39498702,2018-05-04T10:36:54.68Z,FUV,0,0
2018may,39498714,2018-05-04T10:38:00.92Z,FUV,0,0
2018may,39498726,2018-05-04T10:39:07.32Z,FUV,0,0
2018may,39498738,2018-05-04T10:40:13.59Z,FUV,0,0
2018may,39498750,2018-05-04T10:41:19.91Z,FUV,0,0
2018may,39498762,2018-05-04T10:42:26.19Z,FUV,0,0
2018may,39498774,2018-05-04T10:43:32.60Z,FUV,0,0
2018may,39498786,2018-05-04T10:44:38.85Z,FUV,0,0
2018may,39498798,2018-05-04T10:45:45.22Z,FUV,0,0
2018may,39498810,2018-05-04T10:46:51.48Z,FUV,0,0
2018may,39498822,2018-05-04T10:47:57.86Z,FUV,0,0
2018may,39498834,2018-05-04T10:49:04.13Z,FUV,0,0
2018may,39498846,2018-05-04T10:50:10.52Z,FUV,0,0
2018may,39498858,2018-05-04T10:51:16.76Z,FUV,0,0
2018may,39498870,2018-05-04T10:52:23.14Z,FUV,0,0
2018may,39498882,2018-05-04T10:53:29.41Z,FUV,0,0
2018may,39498894,2018-05-04T10:54:35.81Z,FUV,0,0
2018may,39498906,2018-05-04T10:55:42.06Z,FUV,0,0
2018may,39498918,2018-05-04T10:56:48.43Z,FUV,0,0
2018may,39498930,2018-05-04T10:57:54.69Z,FUV,0,0
2018may,39498942,2018-05-04T10:59:01.06Z,FUV,0,0
2018may,39498954,2018-05-04T11:00:07.37Z,FUV,0,0
2018may,39498966,2018-05-04T11:01:13.66Z,FUV,0,0
2018may,39498978,2018-05-04T11:02:20.02Z,FUV,0,0
2018may,39498990,2018-05-04T11:03:26.31Z,FUV,0,0
2018may,39499002,2018-05-04T11:04:32.65Z,FUV,0,0
2018may,39499014,2018-05-04T11:05:38.94Z,FUV,0,0
2018may,39499026,2018-05-04T11:06:45.31Z,FUV,0,0
2018may,39499038,2018-05-04T11:07:51.57Z,FUV,0,0
2018may,39499050,2018-05-04T11:08:57.91Z,FUV,0,0
2018may,39499062,2018-05-04T11:10:04.23Z,FUV,0,0
2018may,39499074,2018-05-04T11:11:10.62Z,FUV,0,0
2018may,39499086,2018-05-04T11:12:16.87Z,FUV,0,0
2018may,39499098,2018-05-04T11:13:23.23Z,FUV,0,0
2018may,39499110,2018-05-04T11:14:29.50Z,FUV,0,0
2018may,39499122,2018-05-04T11:15:35.85Z,FUV,0,0
2018may,39499134,2018-05-04T11:16:42.14Z,FUV,0,0
2018may,39499146,2018-05-04T11:17:48.49Z,FUV,0,0
2018may,39499158,2018-05-04T11:18:54.81Z,FUV,0,0
2018may,39499170,2018-05-04T11:20:01.13Z,FUV,0,0
2018may,39499182,2018-05-04T11:21:07.41Z,FUV,0,0
2018may,39499194,2018-05-04T11:22:13.83Z,FUV,0,0
2018may,39499206,2018-05-04T11:23:20.09Z,FUV,0,0
2018may,39499218,2018-05-04T11:24:26.44Z,FUV,0,0
2018may,39499230,2018-05-04T11:25:32.71Z,FUV,0,0
2018may,39499242,2018-05-04T11:26:39.03Z,FUV,0,0
2018may,39499254,2018-05-04T11:27:45.37Z,FUV,0,0
2018may,39499266,2018-05-04T11:28:51.63Z,FUV,0,0
2018may,39499278,2018-05-04T11:29:58.08Z,FUV,0,0
2018may,39499290,2018-05-04T11:31:04.30Z,FUV,0,0
2018may,39499302,2018-05-04T11:32:10.65Z,FUV,0,0
2018may,39499314,2018-05-04T11:33:17.00Z,FUV,0,0
2018may,39499326,2018-05-04T11:34:23.23Z,FUV,0,0
2018may,39499338,2018-05-04T11:35:29.65Z,FUV,0,0
2018may,39499350,2018-05-04T11:36:35.91Z,FUV,0,0
2018may,39499362,2018-05-04T11:37:42.26Z,FUV,0,0
2018may,39499374,2018-05-04T11:38:48.62Z,FUV,0,0
2018may,39499386,2018-05-04T11:39:54.85Z,FUV,0,0
2018may,39499398,2018-05-04T11:41:01.22Z,FUV,0,0
2018may,39499410,2018-05-04T11:42:07.54Z,FUV,0,0
2018may,39499422,2018-05-04T11:43:13.81Z,FUV,0,0
2018may,39499434,2018-05-04T11:44:20.19Z,FUV,0,0
2018may,39499446,2018-05-04T11:45:26.49Z,FUV,0,0
2018may,39499458,2018-05-04T11:46:32.81Z,FUV,0,0
2018may,39499470,2018-05-04T11:47:39.13Z,FUV,0,0
2018may,39499482,2018-05-04T11:48:45.40Z,FUV,0,0
2018may,39499494,2018-05-04T11:49:51.79Z,FUV,0,0
2018may,39499503,2018-05-04T11:50:41.49Z,FUV,1,0
2018may,39499506,2018-05-04T11:50:58.07Z,FUV,1,0
2018may,39499509,2018-05-04T11:51:14.77Z,FUV,1,0
2018may,39499512,2018-05-04T11:51:31.24Z,FUV,1,0
2018may,39499515,2018-05-04T11:51:47.81Z,FUV,1,0
2018may,39499518,2018-05-04T11:52:04.45Z,FUV,1,0
2018may,39499521,2018-05-04T11:52:21.09Z,FUV,1,1
2018may,39499524,2018-05-04T11:52:37.56Z,FUV,1,0
2018may,39499527,2018-05-04T11:52:54.12Z,FUV,1,0
2018may,39499530,2018-05-04T11:53:10.69Z,FUV,1,0
2018may,39499533,2018-05-04T11:53:27.40Z,FUV,1,0
2018may,39499536,2018-05-04T11:53:43.87Z,FUV,1,0
2018may,39499539,2018-05-04T11:54:00.46Z,FUV,1,0
2018may,39499542,2018-05-04T11:54:17.15Z,FUV,1,0
2018may,39499545,2018-05-04T11:54:33.71Z,FUV,1,0
2018may,39499548,2018-05-04T11:54:50.21Z,FUV,1,1
2018may,39499551,2018-05-04T11:55:06.77Z,FUV,1,0
2018may,39499554,2018-05-04T11:55:23.33Z,FUV,1,0
2018may,39499557,2018-05-04T11:55:40.06Z,FUV,1,0
2018may,39499560,2018-05-04T11:55:56.53Z,FUV,1,0
2018may,39499566,2018-05-04T11:56:29.69Z,FUV,0,0
2018may,39499578,2018-05-04T11:57:36.00Z,FUV,0,0
2018may,39499590,2018-05-04T11:58:42.36Z,FUV,0,0
sji,39496475,2018-05-04T07:11:33.09Z,SJI_2796,1,0
sji,39496478,2018-05-04T07:11:57.08Z,SJI_2796,1,0
sji,39496480,2018-05-04T07:12:25.22Z,SJI_1400,1,0
sji,39496483,2018-05-04T07:12:41.99Z,SJI_2796,1,0
sji,39496495,2018-05-04T07:13:48.30Z,SJI_2796,0,0
sji,39496504,2018-05-04T07:14:37.90Z,SJI_1400,0,0
sji,39496519,2018-05-04T07:16:00.92Z,SJI_2796,0,0
sji,39496528,2018-05-04T07:16:50.58Z,SJI_1400,0,0
sji,39496543,2018-05-04T07:18:13.58Z,SJI_2796,0,0
sji,39496552,2018-05-04T07:19:03.19Z,SJI_1400,0,0
sji,39496567,2018-05-04T07:20:26.20Z,SJI_2796,0,0
sji,39496576,2018-05-04T07:21:15.84Z,SJI_1400,0,0
sji,39496591,2018-05-04T07:22:38.86Z,SJI_2796,0,0
sji,39496600,2018-05-04T07:23:28.47Z,SJI_1400,0,0
sji,39496615,2018-05-04T07:24:51.49Z,SJI_2796,0,0
sji,39496624,2018-05-04T07:25:41.16Z,SJI_1400,0,0
sji,39496639,2018-05-04T07:27:04.14Z,SJI_2796,0,0
sji,39496648,2018-05-04T07:27:53.77Z,SJI_1400,0,0
sji,39496663,2018-05-04T07:29:16.77Z,SJI_2796,0,0
sji,39496672,2018-05-04T07:30:06.44Z,SJI_1400,0,0
sji,39496687,2018-05-04T07:31:29.42Z,SJI_2796,0,0
sji,39496696,2018-05-04T07:32:19.06Z,SJI_1400,0,0
sji,39496711,2018-05-04T07:33:42.05Z,SJI_2796,0,0
sji,39496720,2018-05-04T07:34:31.67Z,SJI_1400,0,0
sji,39496735,2018-05-04T07:35:54.70Z,SJI_2796,0,0
sji,39496744,2018-05-04T07:36:44.30Z,SJI_1400,0,0
sji,39496759,2018-05-04T07:38:07.33Z,SJI_2796,0,0
sji,39496768,2018-05-04T07:38:56.97Z,SJI_1400,0,0
sji,39496783,2018-05-04T07:40:19.99Z,SJI_2796,0,0
sji,39496792,2018-05-04T07:41:09.62Z,SJI_1400,0,0
sji,39496807,2018-05-04T07:42:32.61Z,SJI_2796,0,0
sji,39496816,2018-05-04T07:43:22.27Z,SJI_1400,0,0
sji,39496831,2018-05-04T07:44:45.27Z,SJI_2796,0,0
sji,39496840,2018-05-04T07:45:34.86Z,SJI_1400,0,0
sji,39496855,2018-05-04T07:46:57.89Z,SJI_2796,0,0
sji,39496864,2018-05-04T07:47:47.53Z,SJI_1400,0,0
sji,39496879,2018-05-04T07:49:10.55Z,SJI_2796,0,0
sji,39496888,2018-05-04T07:50:00.16Z,SJI_1400,0,0
sji,39496903,2018-05-04T07:51:23.17Z,SJI_2796,0,0
sji,39496912,2018-05-04T07:52:12.80Z,SJI_1400,0,0
sji,39496927,2018-05-04T07:53:35.83Z,SJI_2796,0,0
sji,39496936,2018-05-04T07:54:25.44Z,SJI_1400,0,0
sji,39496951,2018-05-04T07:55:48.45Z,SJI_2796,0,0
sji,39496960,2018-05-04T07:56:38.10Z,SJI_1400,0,0
sji,39496975,2018-05-04T07:58:01.11Z,SJI_2796,0,0
sji,39496984,2018-05-04T07:58:50.73Z,SJI_1400,0,0
sji,39496999,2018-05-04T08:00:13.74Z,SJI_2796,0,0
sji,39497008,2018-05-04T08:01:03.38Z,SJI_1400,0,0
sji,39497023,2018-05-04T08:02:26.39Z,SJI_2796,0,0
sji,39497032,2018-05-04T08:03:15.99Z,SJI_1400,0,0
sji,39497047,2018-05-04T08:04:39.02Z,SJI_2796,0,0
sji,39497056,2018-05-04T08:05:28.66Z,SJI_1400,0,0
sji,39497071,2018-05-04T08:06:51.67Z,SJI_2796,0,0
sji,39497080,2018-05-04T08:07:41.30Z,SJI_1400,0,0
sji,39497095,2018-05-04T08:09:04.30Z,SJI_2796,0,0
sji,39497104,2018-05-04T08:09:53.93Z,SJI_1400,0,0
sji,39497119,2018-05-04T08:11:16.95Z,SJI_2796,0,0
sji,39497128,2018-05-04T08:12:06.62Z,SJI_1400,0,0
sji,39497143,2018-05-04T08:13:29.58Z,SJI_2796,0,0
sji,39497152,2018-05-04T08:14:19.29Z,SJI_1400,0,0
sji,39497167,2018-05-04T08:15:42.24Z,SJI_2796,0,0
sji,39497176,2018-05-04T08:16:31.86Z,SJI_1400,0,0
sji,39497191,2018-05-04T08:17:54.86Z,SJI_2796,0,0
sji,39497200,2018-05-04T08:18:44.53Z,SJI_1400,0,0
sji,39497215,2018-05-04T08:20:07.52Z,SJI_2796,0,0
sji,39497224,2018-05-04T08:20:57.17Z,SJI_1400,0,0
sji,39497239,2018-05-04T08:22:20.14Z,SJI_2796,0,0
sji,39497248,2018-05-04T08:23:09.81Z,SJI_1400,0,0
sji,39497263,2018-05-04T08:24:32.80Z,SJI_2796,0,0
sji,39497272,2018-05-04T08:25:22.43Z,SJI_1400,0,0
sji,39497287,2018-05-04T08:26:45.42Z,SJI_2796,0,0
sji,39497296,2018-05-04T08:27:35.06Z,SJI_1400,0,0
sji,39497311,2018-05-04T08:28:58.08Z,SJI_2796,0,0
sji,39497320,2018-05-04T08:29:47.68Z,SJI_1400,0,0
sji,39497332,2018-05-04T08:30:54.05Z,SJI_1400,1,0
sji,39497335,2018-05-04T08:31:10.70Z,SJI_2796,1,0
sji,39497338,2018-05-04T08:31:27.20Z,SJI_1400,1,0
sji,39497341,2018-05-04T08:31:43.77Z,SJI_2796,1,0
sji,39497344,2018-05-04T08:32:00.33Z,SJI_1400,1,0
sji,39497347,2018-05-04T08:32:17.05Z,SJI_2796,1,0
sji,39497350,2018-05-04T08:32:33.52Z,SJI_1400,1,0
sji,39497353,2018-05-04T08:32:50.08Z,SJI_2796,1,0
sji,39497356,2018-05-04T08:33:06.69Z,SJI_1400,1,1
sji,39497359,2018-05-04T08:33:23.36Z,SJI_2796,1,0
sji,39497362,2018-05-04T08:33:39.83Z,SJI_1400,1,0
sji,39497365,2018-05-04T08:33:56.39Z,SJI_2796,1,1
sji,39497368,2018-05-04T08:34:12.96Z,SJI_1400,1,1
sji,39497371,2018-05-04T08:34:29.67Z,SJI_2796,1,1
sji,39497374,2018-05-04T08:34:46.17Z,SJI_1400,1,1
sji,39497377,2018-05-04T08:35:02.74Z,SJI_2796,1,1
sji,39497380,2018-05-04T08:35:19.37Z,SJI_1400,1,1
sji,39497383,2018-05-04T08:35:35.99Z,SJI_2796,1,0
sji,39497386,2018-05-04T08:35:52.49Z,SJI_1400,1,0
sji,39497389,2018-05-04T08:36:09.05Z,SJI_2796,1,2
sji,39497392,2018-05-04T08:36:25.62Z,SJI_1400,1,2
sji,39497395,2018-05-04T08:36:42.33Z,SJI_2796,1,1
sji,39497398,2018-05-04T08:36:58.80Z,SJI_1400,1,0
sji,39497401,2018-05-04T08:37:15.36Z,SJI_2796,1,1
sji,39497404,2018-05-04T08:37:31.97Z,SJI_1400,1,0
sji,39497407,2018-05-04T08:37:48.64Z,SJI_2796,1,0
sji,39497410,2018-05-04T08:38:05.11Z,SJI_1400,1,2
sji,39497413,2018-05-04T08:38:21.67Z,SJI_2796,1,1
sji,39497416,2018-05-04T08:38:38.26Z,SJI_1400,1,1
sji,39497419,2018-05-04T08:38:54.95Z,SJI_2796,1,2
sji,39497422,2018-05-04T08:39:11.42Z,SJI_1400,1,3
sji,39497425,2018-05-04T08:39:28.02Z,SJI_2796,1,0
sji,39497428,2018-05-04T08:39:44.66Z,SJI_1400,1,6
sji,39497431,2018-05-04T08:40:01.27Z,SJI_2796,1,2
sji,39497434,2018-05-04T08:40:17.77Z,SJI_1400,1,5
sji,39497437,2018-05-04T08:40:34.33Z,SJI_2796,1,9
sji,39497440,2018-05-04T08:40:50.90Z,SJI_1400,1,4
sji,39497443,2018-05-04T08:41:07.61Z,SJI_2796,1,7
sji,39497446,2018-05-04T08:41:24.08Z,SJI_1400,1,3
sji,39497449,2018-05-04T08:41:40.64Z,SJI_2796,1,4
sji,39497452,2018-05-04T08:41:57.29Z,SJI_1400,1,4
sji,39497455,2018-05-04T08:42:13.92Z,SJI_2796,1,1
sji,39497458,2018-05-04T08:42:30.39Z,SJI_1400,1,4
sji,39497461,2018-05-04T08:42:46.95Z,SJI_2796,1,2
sji,39497464,2018-05-04T08:43:03.53Z,SJI_1400,1,3
sji,39497467,2018-05-04T08:43:20.24Z,SJI_2796,1,0
sji,39497470,2018-05-04T08:43:36.70Z,SJI_1400,1,1
sji,39497473,2018-05-04T08:43:53.30Z,SJI_2796,1,3
sji,39497476,2018-05-04T08:44:09.95Z,SJI_1400,1,6
sji,39497479,2018-05-04T08:44:26.55Z,SJI_2796,1,2
sji,39497482,2018-05-04T08:44:43.05Z,SJI_1400,1,1
sji,39497485,2018-05-04T08:44:59.61Z,SJI_2796,1,0
sji,39497488,2018-05-04T08:45:16.21Z,SJI_1400,1,0
sji,39497491,2018-05-04T08:45:32.89Z,SJI_2796,1,1
sji,39497494,2018-05-04T08:45:49.36Z,SJI_1400,1,0
sji,39497497,2018-05-04T08:46:05.92Z,SJI_2796,1,0
sji,39497500,2018-05-04T08:46:22.52Z,SJI_1400,1,0
sji,39497503,2018-05-04T08:46:39.20Z,SJI_2796,1,0
sji,39497506,2018-05-04T08:46:55.67Z,SJI_1400,1,0
sji,39497509,2018-05-04T08:47:12.24Z,SJI_2796,1,0
sji,39497512,2018-05-04T08:47:28.85Z,SJI_1400,1,0
sji,39497515,2018-05-04T08:47:45.52Z,SJI_2796,1,0
sji,39497518,2018-05-04T08:48:02.02Z,SJI_1400,1,0
sji,39497521,2018-05-04T08:48:18.58Z,SJI_2796,1,0
sji,39497527,2018-05-04T08:48:51.83Z,SJI_2796,0,0
sji,39497536,2018-05-04T08:49:41.52Z,SJI_1400,0,0
sji,39497551,2018-05-04T08:51:04.49Z,SJI_2796,0,0
sji,39497560,2018-05-04T08:51:54.12Z,SJI_1400,0,0
sji,39497575,2018-05-04T08:53:17.11Z,SJI_2796,0,0
sji,39497584,2018-05-04T08:54:06.77Z,SJI_1400,0,0
sji,39497599,2018-05-04T08:55:29.77Z,SJI_2796,0,0
sji,39497608,2018-05-04T08:56:19.37Z,SJI_1400,0,0
sji,39497623,2018-05-04T08:57:42.39Z,SJI_2796,0,0
sji,39497632,2018-05-04T08:58:32.05Z,SJI_1400,0,0
sji,39497647,2018-05-04T08:59:55.05Z,SJI_2796,0,0
sji,39497656,2018-05-04T09:00:44.66Z,SJI_1400,0,0
sji,39497671,2018-05-04T09:02:07.67Z,SJI_2796,0,0
sji,39497680,2018-05-04T09:02:57.33Z,SJI_1400,0,0
sji,39497695,2018-05-04T09:04:20.33Z,SJI_2796,0,0
sji,39497704,2018-05-04T09:05:09.93Z,SJI_1400,0,0
sji,39497719,2018-05-04T09:06:32.95Z,SJI_2796,0,0
sji,39497728,2018-05-04T09:07:22.59Z,SJI_1400,0,0
sji,39497743,2018-05-04T09:08:45.61Z,SJI_2796,0,0
sji,39497752,2018-05-04T09:09:35.23Z,SJI_1400,0,0
sji,39497767,2018-05-04T09:10:58.24Z,SJI_2796,0,0
sji,39497776,2018-05-04T09:11:47.88Z,SJI_1400,0,0
sji,39497791,2018-05-04T09:13:10.89Z,SJI_2796,0,0
sji,39497800,2018-05-04T09:14:00.53Z,SJI_1400,0,0
sji,39497815,2018-05-04T09:15:23.52Z,SJI_2796,0,0
sji,39497824,2018-05-04T09:16:13.18Z,SJI_1400,0,0
sji,39497839,2018-05-04T09:17:36.17Z,SJI_2796,0,0
sji,39497848,2018-05-04T09:18:25.80Z,SJI_1400,0,0
sji,39497863,2018-05-04T09:19:48.80Z,SJI_2796,0,0
sji,39497872,2018-05-04T09:20:38.49Z,SJI_1400,0,0
sji,39497887,2018-05-04T09:22:01.45Z,SJI_2796,0,0
sji,39497896,2018-05-04T09:22:51.11Z,SJI_1400,0,0
sji,39497911,2018-05-04T09:24:14.08Z,SJI_2796,0,0
sji,39497920,2018-05-04T09:25:03.77Z,SJI_1400,0,0
sji,39497935,2018-05-04T09:26:26.74Z,SJI_2796,0,0
sji,39497944,2018-05-04T09:27:16.38Z,SJI_1400,0,0
sji,39497959,2018-05-04T09:28:39.36Z,SJI_2796,0,0
sji,39497968,2018-05-04T09:29:29.02Z,SJI_1400,0,0
sji,39497983,2018-05-04T09:30:52.02Z,SJI_2796,0,0
sji,39497992,2018-05-04T09:31:41.70Z,SJI_1400,0,0
sji,39498007,2018-05-04T09:33:04.64Z,SJI_2796,0,0
sji,39498016,2018-05-04T09:33:54.30Z,SJI_1400,0,0
sji,39498031,2018-05-04T09:35:17.30Z,SJI_2796,0,0
sji,39498040,2018-05-04T09:36:06.94Z,SJI_1400,0,0
sji,39498055,2018-05-04T09:37:29.92Z,SJI_2796,0,0
sji,39498064,2018-05-04T09:38:19.56Z,SJI_1400,0,0
sji,39498079,2018-05-04T09:39:42.58Z,SJI_2796,0,0
sji,39498088,2018-05-04T09:40:32.20Z,SJI_1400,0,0
sji,39498103,2018-05-04T09:41:55.20Z,SJI_2796,0,0
sji,39498112,2018-05-04T09:42:44.86Z,SJI_1400,0,0
sji,39498127,2018-05-04T09:44:07.86Z,SJI_2796,0,0
sji,39498136,2018-05-04T09:44:57.53Z,SJI_1400,0,0
sji,39498151,2018-05-04T09:46:20.49Z,SJI_2796,0,0
sji,39498160,2018-05-04T09:47:10.16Z,SJI_1400,0,0
sji,39498175,2018-05-04T09:48:33.14Z,SJI_2796,0,0
sji,39498184,2018-05-04T09:49:22.81Z,SJI_1400,0,0
sji,39498199,2018-05-04T09:50:45.77Z,SJI_2796,0,0
sji,39498208,2018-05-04T09:51:35.49Z,SJI_1400,0,0
sji,39498223,2018-05-04T09:52:58.42Z,SJI_2796,0,0
sji,39498232,2018-05-04T09:53:48.06Z,SJI_1400,0,0
sji,39498247,2018-05-04T09:55:11.05Z,SJI_2796,0,0
sji,39498256,2018-05-04T09:56:00.72Z,SJI_1400,0,0
sji,39498271,2018-05-04T09:57:23.70Z,SJI_2796,0,0
sji,39498280,2018-05-04T09:58:13.37Z,SJI_1400,0,0
sji,39498295,2018-05-04T09:59:36.33Z,SJI_2796,0,0
sji,39498304,2018-05-04T10:00:25.97Z,SJI_1400,0,0
sji,39498319,2018-05-04T10:01:48.99Z,SJI_2796,0,0
sji,39498328,2018-05-04T10:02:38.59Z,SJI_1400,0,0
sji,39498343,2018-05-04T10:04:01.61Z,SJI_2796,0,0
sji,39498352,2018-05-04T10:04:51.25Z,SJI_1400,0,0
sji,39498367,2018-05-04T10:06:14.27Z,SJI_2796,0,0
sji,39498376,2018-05-04T10:07:03.88Z,SJI_1400,0,0
sji,39498391,2018-05-04T10:08:26.89Z,SJI_2796,0,0
sji,39498400,2018-05-04T10:09:16.52Z,SJI_1400,0,0
sji,39498406,2018-05-04T10:09:49.70Z,SJI_1400,1,0
sji,39498409,2018-05-04T10:10:06.27Z,SJI_2796,1,0
sji,39498412,2018-05-04T10:10:22.87Z,SJI_1400,1,0
sji,39498415,2018-05-04T10:10:39.55Z,SJI_2796,1,0
sji,39498418,2018-05-04T10:10:56.02Z,SJI_1400,1,0
sji,39498421,2018-05-04T10:11:12.58Z,SJI_2796,1,0
sji,39498424,2018-05-04T10:11:29.14Z,SJI_1400,1,1
sji,39498427,2018-05-04T10:11:45.86Z,SJI_2796,1,1
sji,39498430,2018-05-04T10:12:02.36Z,SJI_1400,1,0
sji,39498433,2018-05-04T10:12:18.92Z,SJI_2796,1,0
sji,39498436,2018-05-04T10:12:35.55Z,SJI_1400,1,1
sji,39498439,2018-05-04T10:12:52.17Z,SJI_2796,1,0
sji,39498442,2018-05-04T10:13:08.67Z,SJI_1400,1,0
sji,39498445,2018-05-04T10:13:25.24Z,SJI_2796,1,0
sji,39498448,2018-05-04T10:13:41.82Z,SJI_1400,1,0
sji,39498451,2018-05-04T10:13:58.52Z,SJI_2796,1,1
sji,39498454,2018-05-04T10:14:14.99Z,SJI_1400,1,2
sji,39498457,2018-05-04T10:14:31.55Z,SJI_2796,1,1
sji,39498460,2018-05-04T10:14:48.19Z,SJI_1400,1,2
sji,39498463,2018-05-04T10:15:04.83Z,SJI_2796,1,2
sji,39498466,2018-05-04T10:15:21.30Z,SJI_1400,1,1
sji,39498469,2018-05-04T10:15:37.86Z,SJI_2796,1,3
sji,39498472,2018-05-04T10:15:54.44Z,SJI_1400,1,3
sji,39498475,2018-05-04T10:16:11.14Z,SJI_2796,1,2
sji,39498478,2018-05-04T10:16:27.61Z,SJI_1400,1,3
sji,39498481,2018-05-04T10:16:44.20Z,SJI_2796,1,1
sji,39498484,2018-05-04T10:17:00.83Z,SJI_1400,1,5
sji,39498487,2018-05-04T10:17:17.45Z,SJI_2796,1,6
sji,39498490,2018-05-04T10:17:33.95Z,SJI_1400,1,5
sji,39498493,2018-05-04T10:17:50.52Z,SJI_2796,1,4
sji,39498496,2018-05-04T10:18:07.10Z,SJI_1400,1,7
sji,39498499,2018-05-04T10:18:23.80Z,SJI_2796,1,11
sji,39498502,2018-05-04T10:18:40.27Z,SJI_1400,1,5
sji,39498505,2018-05-04T10:18:56.83Z,SJI_2796,1,4
sji,39498508,2018-05-04T10:19:13.44Z,SJI_1400,1,2
sji,39498511,2018-05-04T10:19:30.11Z,SJI_2796,1,5
sji,39498514,2018-05-04T10:19:46.58Z,SJI_1400,1,3
sji,39498517,2018-05-04T10:20:03.14Z,SJI_2796,1,6
sji,39498520,2018-05-04T10:20:19.70Z,SJI_1400,1,2
sji,39498523,2018-05-04T10:20:36.42Z,SJI_2796,1,0
sji,39498526,2018-05-04T10:20:52.92Z,SJI_1400,1,0
sji,39498529,2018-05-04T10:21:09.49Z,SJI_2796,1,1
sji,39498532,2018-05-04T10:21:26.10Z,SJI_1400,1,0
sji,39498535,2018-05-04T10:21:42.74Z,SJI_2796,1,0
sji,39498538,2018-05-04T10:21:59.24Z,SJI_1400,1,0
sji,39498541,2018-05-04T10:22:15.80Z,SJI_2796,1,0
sji,39498544,2018-05-04T10:22:32.37Z,SJI_1400,1,0
sji,39498547,2018-05-04T10:22:49.08Z,SJI_2796,1,0
sji,39498550,2018-05-04T10:23:05.55Z,SJI_1400,1,0
sji,39498553,2018-05-04T10:23:22.11Z,SJI_2796,1,0
sji,39498556,2018-05-04T10:23:38.72Z,SJI_1400,1,0
sji,39498559,2018-05-04T10:23:55.39Z,SJI_2796,0,0
sji,39498568,2018-05-04T10:24:45.02Z,SJI_1400,0,0
sji,39498583,2018-05-04T10:26:08.02Z,SJI_2796,0,0
sji,39498592,2018-05-04T10:26:57.66Z,SJI_1400,0,0
sji,39498607,2018-05-04T10:28:20.67Z,SJI_2796,0,0
sji,39498616,2018-05-04T10:29:10.28Z,SJI_1400,0,0
sji,39498631,2018-05-04T10:30:33.30Z,SJI_2796,0,0
sji,39498640,2018-05-04T10:31:22.94Z,SJI_1400,0,0
sji,39498655,2018-05-04T10:32:45.95Z,SJI_2796,0,0
sji,39498664,2018-05-04T10:33:35.55Z,SJI_1400,0,0
sji,39498679,2018-05-04T10:34:58.58Z,SJI_2796,0,0
sji,39498688,2018-05-04T10:35:48.22Z,SJI_1400,0,0
sji,39498703,2018-05-04T10:37:11.24Z,SJI_2796,0,0
sji,39498712,2018-05-04T10:38:00.85Z,SJI_1400,0,0
sji,39498727,2018-05-04T10:39:23.86Z,SJI_2796,0,0
sji,39498736,2018-05-04T10:40:13.52Z,SJI_1400,0,0
sji,39498751,2018-05-04T10:41:36.52Z,SJI_2796,0,0
sji,39498760,2018-05-04T10:42:26.12Z,SJI_1400,0,0
sji,39498775,2018-05-04T10:43:49.14Z,SJI_2796,0,0
sji,39498784,2018-05-04T10:44:38.78Z,SJI_1400,0,0
sji,39498799,2018-05-04T10:46:01.80Z,SJI_2796,0,0
sji,39498808,2018-05-04T10:46:51.41Z,SJI_1400,0,0
sji,39498823,2018-05-04T10:48:14.42Z,SJI_2796,0,0
sji,39498832,2018-05-04T10:49:04.06Z,SJI_1400,0,0
sji,39498847,2018-05-04T10:50:27.08Z,SJI_2796,0,0
sji,39498856,2018-05-04T10:51:16.69Z,SJI_1400,0,0
sji,39498871,2018-05-04T10:52:39.70Z,SJI_2796,0,0
sji,39498880,2018-05-04T10:53:29.34Z,SJI_1400,0,0
sji,39498895,2018-05-04T10:54:52.36Z,SJI_2796,0,0
sji,39498904,2018-05-04T10:55:41.99Z,SJI_1400,0,0
sji,39498919,2018-05-04T10:57:04.99Z,SJI_2796,0,0
sji,39498928,2018-05-04T10:57:54.62Z,SJI_1400,0,0
sji,39498943,2018-05-04T10:59:17.64Z,SJI_2796,0,0
sji,39498952,2018-05-04T11:00:07.30Z,SJI_1400,0,0
sji,39498967,2018-05-04T11:01:30.27Z,SJI_2796,0,0
sji,39498976,2018-05-04T11:02:19.95Z,SJI_1400,0,0
sji,39498991,2018-05-04T11:03:42.92Z,SJI_2796,0,0
sji,39499000,2018-05-04T11:04:32.58Z,SJI_1400,0,0
sji,39499015,2018-05-04T11:05:55.55Z,SJI_2796,0,0
sji,39499024,2018-05-04T11:06:45.24Z,SJI_1400,0,0
sji,39499039,2018-05-04T11:08:08.20Z,SJI_2796,0,0
sji,39499048,2018-05-04T11:08:57.84Z,SJI_1400,0,0
sji,39499063,2018-05-04T11:10:20.83Z,SJI_2796,0,0
sji,39499072,2018-05-04T11:11:10.55Z,SJI_1400,0,0
sji,39499087,2018-05-04T11:12:33.49Z,SJI_2796,0,0
sji,39499096,2018-05-04T11:13:23.16Z,SJI_1400,0,0
sji,39499111,2018-05-04T11:14:46.11Z,SJI_2796,0,0
sji,39499120,2018-05-04T11:15:35.78Z,SJI_1400,0,0
sji,39499135,2018-05-04T11:16:58.77Z,SJI_2796,0,0
sji,39499144,2018-05-04T11:17:48.42Z,SJI_1400,0,0
sji,39499159,2018-05-04T11:19:11.39Z,SJI_2796,0,0
sji,39499168,2018-05-04T11:20:01.06Z,SJI_1400,0,0
sji,39499183,2018-05-04T11:21:24.05Z,SJI_2796,0,0
sji,39499192,2018-05-04T11:22:13.76Z,SJI_1400,0,0
sji,39499207,2018-05-04T11:23:36.67Z,SJI_2796,0,0
sji,39499216,2018-05-04T11:24:26.37Z,SJI_1400,0,0
sji,39499231,2018-05-04T11:25:49.33Z,SJI_2796,0,0
sji,39499240,2018-05-04T11:26:38.96Z,SJI_1400,0,0
sji,39499255,2018-05-04T11:28:01.95Z,SJI_2796,0,0
sji,39499264,2018-05-04T11:28:51.56Z,SJI_1400,0,0
sji,39499279,2018-05-04T11:30:14.61Z,SJI_2796,0,0
sji,39499288,2018-05-04T11:31:04.23Z,SJI_1400,0,0
sji,39499303,2018-05-04T11:32:27.24Z,SJI_2796,0,0
sji,39499312,2018-05-04T11:33:16.93Z,SJI_1400,0,0
sji,39499327,2018-05-04T11:34:39.89Z,SJI_2796,0,0
sji,39499336,2018-05-04T11:35:29.58Z,SJI_1400,0,0
sji,39499351,2018-05-04T11:36:52.52Z,SJI_2796,0,0
sji,39499360,2018-05-04T11:37:42.19Z,SJI_1400,0,0
sji,39499375,2018-05-04T11:39:05.17Z,SJI_2796,0,0
sji,39499384,2018-05-04T11:39:54.78Z,SJI_1400,0,0
sji,39499399,2018-05-04T11:41:17.80Z,SJI_2796,0,0
sji,39499408,2018-05-04T11:42:07.47Z,SJI_1400,0,0
sji,39499423,2018-05-04T11:43:30.45Z,SJI_2796,0,0
sji,39499432,2018-05-04T11:44:20.12Z,SJI_1400,0,0
sji,39499447,2018-05-04T11:45:43.08Z,SJI_2796,0,0
sji,39499456,2018-05-04T11:46:32.74Z,SJI_1400,0,0
sji,39499471,2018-05-04T11:47:55.74Z,SJI_2796,0,0
sji,39499480,2018-05-04T11:48:45.33Z,SJI_1400,0,0
sji,39499495,2018-05-04T11:50:08.36Z,SJI_2796,0,0
sji,39499501,2018-05-04T11:50:41.42Z,SJI_2796,1,0
sji,39499504,2018-05-04T11:50:58.00Z,SJI_1400,1,0
sji,39499507,2018-05-04T11:51:14.70Z,SJI_2796,1,0
sji,39499510,2018-05-04T11:51:31.17Z,SJI_1400,1,0
sji,39499513,2018-05-04T11:51:47.74Z,SJI_2796,1,0
sji,39499516,2018-05-04T11:52:04.38Z,SJI_1400,1,0
sji,39499519,2018-05-04T11:52:21.02Z,SJI_2796,1,0
sji,39499522,2018-05-04T11:52:37.49Z,SJI_1400,1,0
sji,39499525,2018-05-04T11:52:54.05Z,SJI_2796,1,0
sji,39499528,2018-05-04T11:53:10.62Z,SJI_1400,1,0
sji,39499531,2018-05-04T11:53:27.33Z,SJI_2796,1,0
sji,39499534,2018-05-04T11:53:43.80Z,SJI_1400,1,0
sji,39499537,2018-05-04T11:54:00.39Z,SJI_2796,1,0
sji,39499540,2018-05-04T11:54:17.08Z,SJI_1400,1,0
sji,39499543,2018-05-04T11:54:33.64Z,SJI_2796,1,0
sji,39499546,2018-05-04T11:54:50.14Z,SJI_1400,1,0
sji,39499549,2018-05-04T11:55:06.70Z,SJI_2796,1,0
sji,39499552,2018-05-04T11:55:23.26Z,SJI_1400,1,0
sji,39499555,2018-05-04T11:55:39.99Z,SJI_2796,1,0
sji,39499558,2018-05-04T11:55:56.45Z,SJI_1400,1,0
sji,39499567,2018-05-04T11:56:46.30Z,SJI_2796,0,0
sji,39499576,2018-05-04T11:57:35.93Z,SJI_1400,0,0
sji,39530124,2018-05-05T06:58:33.02Z,SJI_2796,0,0
sji,39530129,2018-05-05T06:59:25.19Z,SJI_1400,0,0
sji,39530144,2018-05-05T07:00:48.24Z,SJI_2796,0,0
sji,39530153,2018-05-05T07:01:37.91Z,SJI_1400,0,0
sji,39530168,2018-05-05T07:03:00.89Z,SJI_2796,0,0
sji,39530177,2018-05-05T07:03:50.56Z,SJI_1400,0,0
sji,39530192,2018-05-05T07:05:13.52Z,SJI_2796,0,0
sji,39530201,2018-05-05T07:06:03.25Z,SJI_1400,0,0
sji,39530216,2018-05-05T07:07:26.17Z,SJI_2796,0,0
sji,39530225,2018-05-05T07:08:15.87Z,SJI_1400,0,0
sji,39530240,2018-05-05T07:09:38.80Z,SJI_2796,0,0
sji,39530249,2018-05-05T07:10:28.49Z,SJI_1400,0,0
sji,39530264,2018-05-05T07:11:51.45Z,SJI_2796,0,0
sji,39530273,2018-05-05T07:12:41.12Z,SJI_1400,0,0
sji,39530288,2018-05-05T07:14:04.08Z,SJI_2796,0,0
sji,39530297,2018-05-05T07:14:53.74Z,SJI_1400,0,0
sji,39530312,2018-05-05T07:16:16.74Z,SJI_2796,0,0
sji,39530315,2018-05-05T07:16:33.20Z,SJI_1400,1,0
sji,39530318,2018-05-05T07:16:49.77Z,SJI_2796,1,0
sji,39530321,2018-05-05T07:17:06.37Z,SJI_1400,1,0
sji,39530324,2018-05-05T07:17:23.05Z,SJI_2796,1,0
sji,39530327,2018-05-05T07:17:39.55Z,SJI_1400,1,0
sji,39530330,2018-05-05T07:17:56.11Z,SJI_2796,1,1
sji,39530333,2018-05-05T07:18:12.66Z,SJI_1400,1,1
sji,39530336,2018-05-05T07:18:29.36Z,SJI_2796,1,0
sji,39530339,2018-05-05T07:18:45.86Z,SJI_1400,1,0
sji,39530342,2018-05-05T07:19:02.42Z,SJI_2796,1,0
sji,39530345,2018-05-05T07:19:19.05Z,SJI_1400,1,0
sji,39530348,2018-05-05T07:19:35.70Z,SJI_2796,1,0
sji,39530351,2018-05-05T07:19:52.17Z,SJI_1400,1,1
sji,39530354,2018-05-05T07:20:08.74Z,SJI_2796,1,0
sji,39530357,2018-05-05T07:20:25.30Z,SJI_1400,1,0
sji,39530360,2018-05-05T07:20:42.02Z,SJI_2796,1,0
sji,39530363,2018-05-05T07:20:58.49Z,SJI_1400,1,0
sji,39530366,2018-05-05T07:21:15.05Z,SJI_2796,1,1
sji,39530369,2018-05-05T07:21:31.71Z,SJI_1400,1,0
sji,39530372,2018-05-05T07:21:48.33Z,SJI_2796,1,0
sji,39530375,2018-05-05T07:22:04.80Z,SJI_1400,1,0
sji,39530378,2018-05-05T07:22:21.39Z,SJI_2796,1,4
sji,39530381,2018-05-05T07:22:37.99Z,SJI_1400,1,0
sji,39530384,2018-05-05T07:22:54.64Z,SJI_2796,1,0
sji,39530387,2018-05-05T07:23:11.14Z,SJI_1400,1,0
sji,39530390,2018-05-05T07:23:27.70Z,SJI_2796,1,0
sji,39530393,2018-05-05T07:23:44.33Z,SJI_1400,1,0
sji,39530396,2018-05-05T07:24:00.99Z,SJI_2796,1,0
sji,39530399,2018-05-05T07:24:17.45Z,SJI_1400,1,0
sji,39530402,2018-05-05T07:24:34.02Z,SJI_2796,1,0
sji,39530405,2018-05-05T07:24:50.60Z,SJI_1400,1,0
sji,39530408,2018-05-05T07:25:07.30Z,SJI_2796,1,0
sji,39530411,2018-05-05T07:25:23.77Z,SJI_1400,1,0
sji,39530414,2018-05-05T07:25:40.33Z,SJI_2796,1,1
sji,39530417,2018-05-05T07:25:56.95Z,SJI_1400,1,0
sji,39530420,2018-05-05T07:26:13.61Z,SJI_2796,1,1
sji,39530423,2018-05-05T07:26:30.11Z,SJI_1400,1,0
sji,39530426,2018-05-05T07:26:46.67Z,SJI_2796,1,1
sji,39530429,2018-05-05T07:27:03.31Z,SJI_1400,1,0
sji,39530432,2018-05-05T07:27:19.92Z,SJI_2796,1,0
sji,39530435,2018-05-05T07:27:36.42Z,SJI_1400,1,0
sji,39530438,2018-05-05T07:27:52.99Z,SJI_2796,1,0
sji,39530441,2018-05-05T07:28:09.58Z,SJI_1400,1,0
sji,39530444,2018-05-05T07:28:26.27Z,SJI_2796,1,0
sji,39530447,2018-05-05T07:28:42.74Z,SJI_1400,1,1
sji,39530450,2018-05-05T07:28:59.30Z,SJI_2796,1,0
sji,39530453,2018-05-05T07:29:15.89Z,SJI_1400,1,0
sji,39530456,2018-05-05T07:29:32.58Z,SJI_2796,1,0
sji,39530459,2018-05-05T07:29:49.05Z,SJI_1400,1,1
sji,39530462,2018-05-05T07:30:05.61Z,SJI_2796,1,0
sji,39530465,2018-05-05T07:30:22.20Z,SJI_1400,1,0
sji,39530468,2018-05-05T07:30:38.89Z,SJI_2796,1,0
sji,39530471,2018-05-05T07:30:55.36Z,SJI_1400,1,0
sji,39530474,2018-05-05T07:31:11.95Z,SJI_2796,1,0
sji,39530477,2018-05-05T07:31:28.54Z,SJI_1400,1,0
sji,39530480,2018-05-05T07:31:45.20Z,SJI_2796,1,0
sji,39530483,2018-05-05T07:32:01.70Z,SJI_1400,1,0
sji,39530486,2018-05-05T07:32:18.27Z,SJI_2796,1,0
sji,39530489,2018-05-05T07:32:34.86Z,SJI_1400,1,0
sji,39530492,2018-05-05T07:32:51.55Z,SJI_2796,1,0
sji,39530495,2018-05-05T07:33:08.02Z,SJI_1400,1,0
sji,39530498,2018-05-05T07:33:24.58Z,SJI_2796,1,0
sji,39530501,2018-05-05T07:33:41.15Z,SJI_1400,1,0
sji,39530504,2018-05-05T07:33:57.86Z,SJI_2796,1,0
sji,39530513,2018-05-05T07:34:47.53Z,SJI_1400,0,0
sji,39530528,2018-05-05T07:36:10.49Z,SJI_2796,0,0
sji,39530537,2018-05-05T07:37:00.16Z,SJI_1400,0,0
sji,39530552,2018-05-05T07:38:23.14Z,SJI_2796,0,0
sji,39530561,2018-05-05T07:39:12.81Z,SJI_1400,0,0
sji,39530576,2018-05-05T07:40:35.77Z,SJI_2796,0,0
sji,39530585,2018-05-05T07:41:25.45Z,SJI_1400,0,0
sji,39530600,2018-05-05T07:42:48.42Z,SJI_2796,0,0
sji,39530609,2018-05-05T07:43:38.11Z,SJI_1400,0,0
sji,39530624,2018-05-05T07:45:01.05Z,SJI_2796,0,0
sji,39530633,2018-05-05T07:45:50.71Z,SJI_1400,0,0
sji,39530648,2018-05-05T07:47:13.70Z,SJI_2796,0,0
sji,39530657,2018-05-05T07:48:03.33Z,SJI_1400,0,0
sji,39530672,2018-05-05T07:49:26.33Z,SJI_2796,0,0
sji,39530681,2018-05-05T07:50:15.99Z,SJI_1400,0,0
sji,39530696,2018-05-05T07:51:38.99Z,SJI_2796,0,0
sji,39530705,2018-05-05T07:52:28.66Z,SJI_1400,0,0
sji,39530720,2018-05-05T07:53:51.61Z,SJI_2796,0,0
sji,39530729,2018-05-05T07:54:41.28Z,SJI_1400,0,0
sji,39530744,2018-05-05T07:56:04.27Z,SJI_2796,0,0
sji,39530753,2018-05-05T07:56:53.91Z,SJI_1400,0,0
sji,39530768,2018-05-05T07:58:16.89Z,SJI_2796,0,0
sji,39530777,2018-05-05T07:59:06.59Z,SJI_1400,0,0
sji,39530792,2018-05-05T08:00:29.55Z,SJI_2796,0,0
sji,39530801,2018-05-05T08:01:19.22Z,SJI_1400,0,0
sji,39530816,2018-05-05T08:02:42.17Z,SJI_2796,0,0
sji,39530825,2018-05-05T08:03:31.81Z,SJI_1400,0,0
sji,39530840,2018-05-05T08:04:54.83Z,SJI_2796,0,0
sji,39530849,2018-05-05T08:05:44.49Z,SJI_1400,0,0
sji,39530864,2018-05-05T08:07:07.45Z,SJI_2796,0,0
sji,39530873,2018-05-05T08:07:57.13Z,SJI_1400,0,0
sji,39530888,2018-05-05T08:09:20.11Z,SJI_2796,0,0
sji,39530897,2018-05-05T08:10:09.84Z,SJI_1400,0,0
sji,39530912,2018-05-05T08:11:32.74Z,SJI_2796,0,0
sji,39530921,2018-05-05T08:12:22.44Z,SJI_1400,0,0
sji,39530936,2018-05-05T08:13:45.39Z,SJI_2796,0,0
sji,39530945,2018-05-05T08:14:35.05Z,SJI_1400,0,0
sji,39530960,2018-05-05T08:15:58.02Z,SJI_2796,0,0
sji,39530969,2018-05-05T08:16:47.68Z,SJI_1400,0,0
sji,39530984,2018-05-05T08:18:10.67Z,SJI_2796,0,0
sji,39530993,2018-05-05T08:19:00.30Z,SJI_1400,0,0
sji,39531008,2018-05-05T08:20:23.30Z,SJI_2796,0,0
sji,39531017,2018-05-05T08:21:12.96Z,SJI_1400,0,0
sji,39531032,2018-05-05T08:22:35.95Z,SJI_2796,0,0
sji,39531041,2018-05-05T08:23:25.59Z,SJI_1400,0,0
sji,39531056,2018-05-05T08:24:48.58Z,SJI_2796,0,0
sji,39531065,2018-05-05T08:25:38.30Z,SJI_1400,0,0
sji,39531080,2018-05-05T08:27:01.24Z,SJI_2796,0,0
sji,39531089,2018-05-05T08:27:50.91Z,SJI_1400,0,0
sji,39531104,2018-05-05T08:29:13.86Z,SJI_2796,0,0
sji,39531113,2018-05-05T08:30:03.56Z,SJI_1400,0,0
sji,39531128,2018-05-05T08:31:26.52Z,SJI_2796,0,0
sji,39531137,2018-05-05T08:32:16.14Z,SJI_1400,0,0
sji,39531152,2018-05-05T08:33:39.14Z,SJI_2796,0,0
sji,39531161,2018-05-05T08:34:28.80Z,SJI_1400,0,0
sji,39531176,2018-05-05T08:35:51.80Z,SJI_2796,0,0
sji,39531185,2018-05-05T08:36:41.42Z,SJI_1400,0,0
sji,39531200,2018-05-05T08:38:04.42Z,SJI_2796,0,0
sji,39531209,2018-05-05T08:38:54.06Z,SJI_1400,0,0
sji,39531224,2018-05-05T08:40:17.08Z,SJI_2796,0,0
sji,39531233,2018-05-05T08:41:06.71Z,SJI_1400,0,0
sji,39531248,2018-05-05T08:42:29.70Z,SJI_2796,0,0
sji,39531257,2018-05-05T08:43:19.39Z,SJI_1400,0,0
sji,39531272,2018-05-05T08:44:42.36Z,SJI_2796,0,0
sji,39531281,2018-05-05T08:45:31.95Z,SJI_1400,0,0
sji,39531296,2018-05-05T08:46:54.99Z,SJI_2796,0,0
sji,39531305,2018-05-05T08:47:44.65Z,SJI_1400,0,0
sji,39531320,2018-05-05T08:49:07.64Z,SJI_2796,0,0
sji,39531329,2018-05-05T08:49:57.28Z,SJI_1400,0,0
sji,39531344,2018-05-05T08:51:20.27Z,SJI_2796,0,0
sji,39531353,2018-05-05T08:52:09.91Z,SJI_1400,0,0
sji,39531362,2018-05-05T08:52:59.64Z,SJI_2796,1,0
sji,39531365,2018-05-05T08:53:16.23Z,SJI_1400,1,0
sji,39531368,2018-05-05T08:53:32.92Z,SJI_2796,1,0
sji,39531371,2018-05-05T08:53:49.39Z,SJI_1400,1,0
sji,39531374,2018-05-05T08:54:05.95Z,SJI_2796,1,0
sji,39531377,2018-05-05T08:54:22.55Z,SJI_1400,1,0
sji,39531380,2018-05-05T08:54:39.24Z,SJI_2796,1,0
sji,39531383,2018-05-05T08:54:55.70Z,SJI_1400,1,0
sji,39531386,2018-05-05T08:55:12.30Z,SJI_2796,1,0
sji,39531389,2018-05-05T08:55:28.91Z,SJI_1400,1,0
sji,39531392,2018-05-05T08:55:45.55Z,SJI_2796,1,1
sji,39531395,2018-05-05T08:56:02.05Z,SJI_1400,1,0
sji,39531398,2018-05-05T08:56:18.61Z,SJI_2796,1,2
sji,39531401,2018-05-05T08:56:35.18Z,SJI_1400,1,0
sji,39531404,2018-05-05T08:56:51.89Z,SJI_2796,1,1
sji,39531407,2018-05-05T08:57:08.36Z,SJI_1400,1,0
sji,39531410,2018-05-05T08:57:24.92Z,SJI_2796,1,0
sji,39531413,2018-05-05T08:57:41.53Z,SJI_1400,1,0
sji,39531416,2018-05-05T08:57:58.20Z,SJI_2796,1,0
sji,39531419,2018-05-05T08:58:14.67Z,SJI_1400,1,2
sji,39531422,2018-05-05T08:58:31.24Z,SJI_2796,1,1
sji,39531425,2018-05-05T08:58:47.84Z,SJI_1400,1,2
sji,39531428,2018-05-05T08:59:04.52Z,SJI_2796,1,1
sji,39531431,2018-05-05T08:59:21.02Z,SJI_1400,1,0
sji,39531434,2018-05-05T08:59:37.58Z,SJI_2796,1,3
sji,39531437,2018-05-05T08:59:54.16Z,SJI_1400,1,2
sji,39531440,2018-05-05T09:00:10.83Z,SJI_2796,1,3
sji,39531443,2018-05-05T09:00:27.33Z,SJI_1400,1,8
sji,39531446,2018-05-05T09:00:43.89Z,SJI_2796,1,2
sji,39531449,2018-05-05T09:01:00.49Z,SJI_1400,1,5
sji,39531452,2018-05-05T09:01:17.17Z,SJI_2796,1,3
sji,39531455,2018-05-05T09:01:33.64Z,SJI_1400,1,5
sji,39531458,2018-05-05T09:01:50.20Z,SJI_2796,1,6
sji,39531461,2018-05-05T09:02:06.76Z,SJI_1400,1,6
sji,39531464,2018-05-05T09:02:23.49Z,SJI_2796,1,3
sji,39531467,2018-05-05T09:02:39.95Z,SJI_1400,1,3
sji,39531470,2018-05-05T09:02:56.52Z,SJI_2796,1,2
sji,39531473,2018-05-05T09:03:13.14Z,SJI_1400,1,2
sji,39531476,2018-05-05T09:03:29.80Z,SJI_2796,1,2
sji,39531479,2018-05-05T09:03:46.30Z,SJI_1400,1,1
sji,39531482,2018-05-05T09:04:02.86Z,SJI_2796,1,1
sji,39531485,2018-05-05T09:04:19.44Z,SJI_1400,1,4
sji,39531488,2018-05-05T09:04:36.11Z,SJI_2796,1,7
sji,39531491,2018-05-05T09:04:52.61Z,SJI_1400,1,4
sji,39531494,2018-05-05T09:05:09.17Z,SJI_2796,1,2
sji,39531497,2018-05-05T09:05:25.80Z,SJI_1400,1,4
sji,39531500,2018-05-05T09:05:42.45Z,SJI_2796,1,1
sji,39531503,2018-05-05T09:05:58.92Z,SJI_1400,1,0
sji,39531506,2018-05-05T09:06:15.49Z,SJI_2796,1,1
sji,39531509,2018-05-05T09:06:32.07Z,SJI_1400,1,0
sji,39531512,2018-05-05T09:06:48.77Z,SJI_2796,1,0
sji,39531515,2018-05-05T09:07:05.24Z,SJI_1400,1,0
sji,39531518,2018-05-05T09:07:21.80Z,SJI_2796,1,0
sji,39531521,2018-05-05T09:07:38.41Z,SJI_1400,1,0
sji,39531524,2018-05-05T09:07:55.08Z,SJI_2796,1,0
sji,39531527,2018-05-05T09:08:11.58Z,SJI_1400,1,0
sji,39531530,2018-05-05T09:08:28.14Z,SJI_2796,1,0
sji,39531533,2018-05-05T09:08:44.76Z,SJI_1400,1,0
sji,39531536,2018-05-05T09:09:01.39Z,SJI_2796,1,0
sji,39531539,2018-05-05T09:09:17.89Z,SJI_1400,1,0
sji,39531542,2018-05-05T09:09:34.45Z,SJI_2796,1,0
sji,39531545,2018-05-05T09:09:51.03Z,SJI_1400,0,0
sji,39531560,2018-05-05T09:11:14.05Z,SJI_2796,0,0
sji,39531569,2018-05-05T09:12:03.64Z,SJI_1400,0,0
sji,39531584,2018-05-05T09:13:26.67Z,SJI_2796,0,0
sji,39531593,2018-05-05T09:14:16.31Z,SJI_1400,0,0
sji,39531608,2018-05-05T09:15:39.33Z,SJI_2796,0,0
sji,39531617,2018-05-05T09:16:28.96Z,SJI_1400,0,0
sji,39531632,2018-05-05T09:17:51.95Z,SJI_2796,0,0
sji,39531641,2018-05-05T09:18:41.61Z,SJI_1400,0,0
sji,39531656,2018-05-05T09:20:04.61Z,SJI_2796,0,0
sji,39531665,2018-05-05T09:20:54.28Z,SJI_1400,0,0
sji,39531680,2018-05-05T09:22:17.24Z,SJI_2796,0,0
sji,39531689,2018-05-05T09:23:06.91Z,SJI_1400,0,0
sji,39531704,2018-05-05T09:24:29.89Z,SJI_2796,0,0
sji,39531713,2018-05-05T09:25:19.55Z,SJI_1400,0,0
sji,39531728,2018-05-05T09:26:42.52Z,SJI_2796,0,0
sji,39531737,2018-05-05T09:27:32.24Z,SJI_1400,0,0
sji,39531752,2018-05-05T09:28:55.17Z,SJI_2796,0,0
sji,39531761,2018-05-05T09:29:44.87Z,SJI_1400,0,0
sji,39531776,2018-05-05T09:31:07.80Z,SJI_2796,0,0
sji,39531785,2018-05-05T09:31:57.49Z,SJI_1400,0,0
sji,39531800,2018-05-05T09:33:20.45Z,SJI_2796,0,0
sji,39531809,2018-05-05T09:34:10.14Z,SJI_1400,0,0
sji,39531824,2018-05-05T09:35:33.08Z,SJI_2796,0,0
sji,39531833,2018-05-05T09:36:22.75Z,SJI_1400,0,0
sji,39531848,2018-05-05T09:37:45.74Z,SJI_2796,0,0
sji,39531857,2018-05-05T09:38:35.37Z,SJI_1400,0,0
sji,39531872,2018-05-05T09:39:58.36Z,SJI_2796,0,0
sji,39531881,2018-05-05T09:40:47.99Z,SJI_1400,0,0
sji,39531896,2018-05-05T09:42:11.02Z,SJI_2796,0,0
sji,39531905,2018-05-05T09:43:00.63Z,SJI_1400,0,0
sji,39531920,2018-05-05T09:44:23.64Z,SJI_2796,0,0
sji,39531929,2018-05-05T09:45:13.27Z,SJI_1400,0,0
sji,39531944,2018-05-05T09:46:36.30Z,SJI_2796,0,0
sji,39531953,2018-05-05T09:47:25.90Z,SJI_1400,0,0
sji,39531968,2018-05-05T09:48:48.92Z,SJI_2796,0,0
sji,39531977,2018-05-05T09:49:38.59Z,SJI_1400,0,0
sji,39531992,2018-05-05T09:51:01.58Z,SJI_2796,0,0
sji,39532001,2018-05-05T09:51:51.17Z,SJI_1400,0,0
sji,39532016,2018-05-05T09:53:14.20Z,SJI_2796,0,0
sji,39532025,2018-05-05T09:54:03.92Z,SJI_1400,0,0
sji,39532040,2018-05-05T09:55:26.86Z,SJI_2796,0,0
sji,39532049,2018-05-05T09:56:16.45Z,SJI_1400,0,0
sji,39532064,2018-05-05T09:57:39.49Z,SJI_2796,0,0
sji,39532073,2018-05-05T09:58:29.12Z,SJI_1400,0,0
sji,39532088,2018-05-05T09:59:52.14Z,SJI_2796,0,0
sji,39532097,2018-05-05T10:00:41.77Z,SJI_1400,0,0
sji,39532112,2018-05-05T10:02:04.77Z,SJI_2796,0,0
sji,39532121,2018-05-05T10:02:54.42Z,SJI_1400,0,0
sji,39532136,2018-05-05T10:04:17.42Z,SJI_2796,0,0
sji,39532145,2018-05-05T10:05:07.05Z,SJI_1400,0,0
sji,39532160,2018-05-05T10:06:30.05Z,SJI_2796,0,0
sji,39532169,2018-05-05T10:07:19.72Z,SJI_1400,0,0
sji,39532184,2018-05-05T10:08:42.70Z,SJI_2796,0,0
sji,39532193,2018-05-05T10:09:32.34Z,SJI_1400,0,0
sji,39532208,2018-05-05T10:10:55.33Z,SJI_2796,0,0
sji,39532217,2018-05-05T10:11:45.04Z,SJI_1400,0,0
sji,39532232,2018-05-05T10:13:07.99Z,SJI_2796,0,0
sji,39532241,2018-05-05T10:13:57.59Z,SJI_1400,0,0
sji,39532256,2018-05-05T10:15:20.61Z,SJI_2796,0,0
sji,39532265,2018-05-05T10:16:10.24Z,SJI_1400,0,0
sji,39532280,2018-05-05T10:17:33.27Z,SJI_2796,0,0
sji,39532289,2018-05-05T10:18:22.87Z,SJI_1400,0,0
sji,39532304,2018-05-05T10:19:45.89Z,SJI_2796,0,0
sji,39532313,2018-05-05T10:20:35.52Z,SJI_1400,0,0
sji,39532328,2018-05-05T10:21:58.55Z,SJI_2796,0,0
sji,39532337,2018-05-05T10:22:48.15Z,SJI_1400,0,0
sji,39532352,2018-05-05T10:24:11.17Z,SJI_2796,0,0
sji,39532361,2018-05-05T10:25:00.80Z,SJI_1400,0,0
sji,39532376,2018-05-05T10:26:23.83Z,SJI_2796,0,0
sji,39532385,2018-05-05T10:27:13.44Z,SJI_1400,0,0
sji,39532400,2018-05-05T10:28:36.45Z,SJI_2796,0,0
sji,39532409,2018-05-05T10:29:26.07Z,SJI_1400,0,0
sji,39532424,2018-05-05T10:30:49.11Z,SJI_2796,0,0
sji,39532433,2018-05-05T10:31:38.74Z,SJI_1400,0,0
sji,39532436,2018-05-05T10:31:55.42Z,SJI_2796,1,1
sji,39532439,2018-05-05T10:32:11.92Z,SJI_1400,1,0
sji,39532442,2018-05-05T10:32:28.49Z,SJI_2796,1,0
sji,39532445,2018-05-05T10:32:45.12Z,SJI_1400,1,0
sji,39532448,2018-05-05T10:33:01.74Z,SJI_2796,1,1
sji,39532451,2018-05-05T10:33:18.24Z,SJI_1400,1,0
sji,39532454,2018-05-05T10:33:34.80Z,SJI_2796,1,0
sji,39532457,2018-05-05T10:33:51.34Z,SJI_1400,1,0
sji,39532460,2018-05-05T10:34:08.08Z,SJI_2796,1,0
sji,39532463,2018-05-05T10:34:24.55Z,SJI_1400,1,0
sji,39532466,2018-05-05T10:34:41.11Z,SJI_2796,1,0
sji,39532469,2018-05-05T10:34:57.74Z,SJI_1400,1,0
sji,39532472,2018-05-05T10:35:14.39Z,SJI_2796,1,0
sji,39532475,2018-05-05T10:35:30.86Z,SJI_1400,1,2
sji,39532478,2018-05-05T10:35:47.42Z,SJI_2796,1,1
sji,39532499,2018-05-05T10:37:43.52Z,SJI_1400,1,1
sji,39532502,2018-05-05T10:38:00.08Z,SJI_2796,1,0
sji,39532505,2018-05-05T10:38:16.67Z,SJI_1400,1,2
sji,39532508,2018-05-05T10:38:33.36Z,SJI_2796,1,3
sji,39532511,2018-05-05T10:38:49.83Z,SJI_1400,1,1
sji,39532514,2018-05-05T10:39:06.39Z,SJI_2796,1,1
sji,39532517,2018-05-05T10:39:23.05Z,SJI_1400,1,4
sji,39532520,2018-05-05T10:39:39.67Z,SJI_2796,1,3
sji,39532523,2018-05-05T10:39:56.14Z,SJI_1400,1,3
sji,39532526,2018-05-05T10:40:12.70Z,SJI_2796,1,4
sji,39532529,2018-05-05T10:40:29.28Z,SJI_1400,1,1
sji,39532532,2018-05-05T10:40:45.99Z,SJI_2796,1,2
sji,39532535,2018-05-05T10:41:02.45Z,SJI_1400,1,3
sji,39532538,2018-05-05T10:41:19.05Z,SJI_2796,1,2
sji,39532541,2018-05-05T10:41:35.67Z,SJI_1400,1,1
sji,39532544,2018-05-05T10:41:52.30Z,SJI_2796,1,0
sji,39532547,2018-05-05T10:42:08.80Z,SJI_1400,1,2
sji,39532550,2018-05-05T10:42:25.36Z,SJI_2796,1,0
sji,39532553,2018-05-05T10:42:41.95Z,SJI_1400,1,0
sji,39532556,2018-05-05T10:42:58.64Z,SJI_2796,1,0
sji,39532559,2018-05-05T10:43:15.11Z,SJI_1400,1,1
sji,39532562,2018-05-05T10:43:31.67Z,SJI_2796,1,0
sji,39532565,2018-05-05T10:43:48.31Z,SJI_1400,1,0
sji,39532568,2018-05-05T10:44:04.95Z,SJI_2796,1,0
sji,39532571,2018-05-05T10:44:21.42Z,SJI_1400,1,0
sji,39532574,2018-05-05T10:44:37.99Z,SJI_2796,1,0
sji,39532586,2018-05-05T10:45:44.33Z,SJI_2796,0,0
sji,39532595,2018-05-05T10:46:34.08Z,SJI_1400,0,0
sji,39532610,2018-05-05T10:47:56.95Z,SJI_2796,0,0
sji,39532619,2018-05-05T10:48:46.70Z,SJI_1400,0,0
sji,39532634,2018-05-05T10:50:09.61Z,SJI_2796,0,0
sji,39532643,2018-05-05T10:50:59.36Z,SJI_1400,0,0
sji,39532658,2018-05-05T10:52:22.24Z,SJI_2796,0,0
sji,39532667,2018-05-05T10:53:11.99Z,SJI_1400,0,0
sji,39532682,2018-05-05T10:54:34.89Z,SJI_2796,0,0
sji,39532691,2018-05-05T10:55:24.64Z,SJI_1400,0,0
sji,39532706,2018-05-05T10:56:47.52Z,SJI_2796,0,0
sji,39532715,2018-05-05T10:57:37.27Z,SJI_1400,0,0
sji,39532730,2018-05-05T10:59:00.18Z,SJI_2796,0,0
sji,39532739,2018-05-05T10:59:49.92Z,SJI_1400,0,0
sji,39532754,2018-05-05T11:01:12.80Z,SJI_2796,0,0
sji,39532763,2018-05-05T11:02:02.55Z,SJI_1400,0,0
sji,39532778,2018-05-05T11:03:25.45Z,SJI_2796,0,0
sji,39532787,2018-05-05T11:04:15.20Z,SJI_1400,0,0
sji,39532802,2018-05-05T11:05:38.08Z,SJI_2796,0,0
sji,39532811,2018-05-05T11:06:27.83Z,SJI_1400,0,0
sji,39532826,2018-05-05T11:07:50.74Z,SJI_2796,0,0
sji,39532835,2018-05-05T11:08:40.49Z,SJI_1400,0,0
sji,39532850,2018-05-05T11:10:03.36Z,SJI_2796,0,0
sji,39532859,2018-05-05T11:10:53.11Z,SJI_1400,0,0
sji,39532874,2018-05-05T11:12:16.02Z,SJI_2796,0,0
sji,39532883,2018-05-05T11:13:05.77Z,SJI_1400,0,0
sji,39532898,2018-05-05T11:14:28.64Z,SJI_2796,0,0
sji,39532907,2018-05-05T11:15:18.39Z,SJI_1400,0,0
sji,39532922,2018-05-05T11:16:41.30Z,SJI_2796,0,0
sji,39532931,2018-05-05T11:17:31.05Z,SJI_1400,0,0
sji,39532946,2018-05-05T11:18:53.92Z,SJI_2796,0,0
sji,39532955,2018-05-05T11:19:43.67Z,SJI_1400,0,0
sji,39532970,2018-05-05T11:21:06.58Z,SJI_2796,0,0
sji,39532979,2018-05-05T11:21:56.33Z,SJI_1400,0,0
sji,39532994,2018-05-05T11:23:19.20Z,SJI_2796,0,0
sji,39533003,2018-05-05T11:24:08.95Z,SJI_1400,0,0
sji,39533018,2018-05-05T11:25:31.86Z,SJI_2796,0,0
sji,39533027,2018-05-05T11:26:21.61Z,SJI_1400,0,0
sji,39533042,2018-05-05T11:27:44.49Z,SJI_2796,0,0
sji,39533051,2018-05-05T11:28:34.24Z,SJI_1400,0,0
sji,39533066,2018-05-05T11:29:57.14Z,SJI_2796,0,0
sji,39533075,2018-05-05T11:30:46.89Z,SJI_1400,0,0
sji,39533090,2018-05-05T11:32:09.77Z,SJI_2796,0,0
sji,39533099,2018-05-05T11:32:59.52Z,SJI_1400,0,0
sji,39533114,2018-05-05T11:34:22.42Z,SJI_2796,0,0
sji,39533123,2018-05-05T11:35:12.17Z,SJI_1400,0,0
sji,39533138,2018-05-05T11:36:35.05Z,SJI_2796,0,0
sji,39533147,2018-05-05T11:37:24.80Z,SJI_1400,0,0
sji,39533162,2018-05-05T11:38:47.70Z,SJI_2796,0,0
sji,39533171,2018-05-05T11:39:37.45Z,SJI_1400,0,0
sji,39533186,2018-05-05T11:41:00.33Z,SJI_2796,0,0
sji,39533195,2018-05-05T11:41:50.08Z,SJI_1400,0,0
sji,39533210,2018-05-05T11:43:12.99Z,SJI_2796,0,0
sji,39533219,2018-05-05T11:44:02.74Z,SJI_1400,0,0
sji,39533234,2018-05-05T11:45:25.61Z,SJI_2796,0,0
sji,39533243,2018-05-05T11:46:15.36Z,SJI_1400,0,0
sji,39533258,2018-05-05T11:47:38.27Z,SJI_2796,0,0
sji,39533267,2018-05-05T11:48:28.02Z,SJI_1400,0,0
sji,39533282,2018-05-05T11:49:50.89Z,SJI_2796,0,0
sji,39533291,2018-05-05T11:50:40.64Z,SJI_1400,0,0
sji,39533306,2018-05-05T11:52:03.55Z,SJI_2796,0,0
sji,39533315,2018-05-05T11:52:53.30Z,SJI_1400,0,0
sji,39533330,2018-05-05T11:54:16.17Z,SJI_2796,0,0
sji,39533339,2018-05-05T11:55:05.92Z,SJI_1400,0,0
sji,39533354,2018-05-05T11:56:28.83Z,SJI_2796,0,0
sji,39533363,2018-05-05T11:57:18.58Z,SJI_1400,0,0
sji,39533378,2018-05-05T11:58:41.45Z,SJI_2796,0,0
sji,39533387,2018-05-05T11:59:31.20Z,SJI_1400,0,0
sji,39533402,2018-05-05T12:00:54.11Z,SJI_2796,0,0
sji,39533411,2018-05-05T12:01:43.86Z,SJI_1400,0,0
sji,39533426,2018-05-05T12:03:06.74Z,SJI_2796,0,0
sji,39562817,2018-05-06T07:07:05.96Z,SJI_2796,0,0
sji,39562822,2018-05-06T07:07:58.08Z,SJI_1400,0,0
sji,39562837,2018-05-06T07:09:21.17Z,SJI_2796,0,0
sji,39562846,2018-05-06T07:10:10.80Z,SJI_1400,0,0
sji,39562861,2018-05-06T07:11:33.80Z,SJI_2796,0,0
sji,39562870,2018-05-06T07:12:23.46Z,SJI_1400,0,0
sji,39562885,2018-05-06T07:13:46.45Z,SJI_2796,0,0
sji,39562894,2018-05-06T07:14:36.07Z,SJI_1400,0,0
sji,39562909,2018-05-06T07:15:59.08Z,SJI_2796,0,0
sji,39562918,2018-05-06T07:16:48.74Z,SJI_1400,0,0
sji,39562933,2018-05-06T07:18:11.74Z,SJI_2796,0,0
sji,39562942,2018-05-06T07:19:01.38Z,SJI_1400,0,0
sji,39562957,2018-05-06T07:20:24.36Z,SJI_2796,0,0
sji,39562966,2018-05-06T07:21:14.00Z,SJI_1400,0,0
sji,39562981,2018-05-06T07:22:37.02Z,SJI_2796,0,0
sji,39562990,2018-05-06T07:23:26.64Z,SJI_1400,0,0
sji,39563005,2018-05-06T07:24:49.64Z,SJI_2796,0,0
sji,39563014,2018-05-06T07:25:39.33Z,SJI_1400,0,0
sji,39563029,2018-05-06T07:27:02.30Z,SJI_2796,0,0
sji,39563038,2018-05-06T07:27:51.97Z,SJI_1400,0,0
sji,39563053,2018-05-06T07:29:14.92Z,SJI_2796,0,0
sji,39563062,2018-05-06T07:30:04.56Z,SJI_1400,0,0
sji,39563077,2018-05-06T07:31:27.58Z,SJI_2796,0,0
sji,39563086,2018-05-06T07:32:17.27Z,SJI_1400,0,0
sji,39563101,2018-05-06T07:33:40.20Z,SJI_2796,0,0
sji,39563110,2018-05-06T07:34:29.87Z,SJI_1400,0,0
sji,39563125,2018-05-06T07:35:52.86Z,SJI_2796,0,0
sji,39563134,2018-05-06T07:36:42.52Z,SJI_1400,0,0
sji,39563146,2018-05-06T07:37:48.78Z,SJI_1400,1,0
sji,39563149,2018-05-06T07:38:05.49Z,SJI_2796,1,0
sji,39563152,2018-05-06T07:38:21.99Z,SJI_1400,1,0
sji,39563155,2018-05-06T07:38:38.55Z,SJI_2796,1,0
sji,39563158,2018-05-06T07:38:55.21Z,SJI_1400,1,0
sji,39563161,2018-05-06T07:39:11.83Z,SJI_2796,1,0
sji,39563164,2018-05-06T07:39:28.30Z,SJI_1400,1,0
sji,39563167,2018-05-06T07:39:44.86Z,SJI_2796,1,0
sji,39563170,2018-05-06T07:40:01.46Z,SJI_1400,1,0
sji,39563173,2018-05-06T07:40:18.14Z,SJI_2796,1,1
sji,39563176,2018-05-06T07:40:34.61Z,SJI_1400,1,0
sji,39563179,2018-05-06T07:40:51.17Z,SJI_2796,1,1
sji,39563182,2018-05-06T07:41:07.80Z,SJI_1400,1,0
sji,39563185,2018-05-06T07:41:24.45Z,SJI_2796,1,0
sji,39563188,2018-05-06T07:41:40.92Z,SJI_1400,1,0
sji,39563191,2018-05-06T07:41:57.52Z,SJI_2796,1,0
sji,39563194,2018-05-06T07:42:14.14Z,SJI_1400,1,0
sji,39563197,2018-05-06T07:42:30.77Z,SJI_2796,1,1
sji,39563200,2018-05-06T07:42:47.27Z,SJI_1400,1,0
sji,39563203,2018-05-06T07:43:03.83Z,SJI_2796,1,1
sji,39563206,2018-05-06T07:43:20.42Z,SJI_1400,1,1
sji,39563209,2018-05-06T07:43:37.11Z,SJI_2796,1,0
sji,39563212,2018-05-06T07:43:53.58Z,SJI_1400,1,1
sji,39563215,2018-05-06T07:44:10.14Z,SJI_2796,1,1
sji,39563218,2018-05-06T07:44:26.71Z,SJI_1400,1,0
sji,39563221,2018-05-06T07:44:43.42Z,SJI_2796,1,1
sji,39563224,2018-05-06T07:44:59.89Z,SJI_1400,1,0
sji,39563227,2018-05-06T07:45:16.45Z,SJI_2796,1,0
sji,39563230,2018-05-06T07:45:33.05Z,SJI_1400,1,0
sji,39563233,2018-05-06T07:45:49.74Z,SJI_2796,1,0
sji,39563236,2018-05-06T07:46:06.24Z,SJI_1400,1,0
sji,39563239,2018-05-06T07:46:22.80Z,SJI_2796,1,0
sji,39563242,2018-05-06T07:46:39.38Z,SJI_1400,1,0
sji,39563245,2018-05-06T07:46:56.05Z,SJI_2796,1,1
sji,39563248,2018-05-06T07:47:12.55Z,SJI_1400,1,1
sji,39563251,2018-05-06T07:47:29.11Z,SJI_2796,1,1
sji,39563254,2018-05-06T07:47:45.71Z,SJI_1400,1,1
sji,39563257,2018-05-06T07:48:02.39Z,SJI_2796,1,2
sji,39563260,2018-05-06T07:48:18.86Z,SJI_1400,1,1
sji,39563263,2018-05-06T07:48:35.42Z,SJI_2796,1,2
sji,39563266,2018-05-06T07:48:51.99Z,SJI_1400,1,1
sji,39563269,2018-05-06T07:49:08.70Z,SJI_2796,1,2
sji,39563272,2018-05-06T07:49:25.17Z,SJI_1400,1,2
sji,39563275,2018-05-06T07:49:41.74Z,SJI_2796,1,1
sji,39563278,2018-05-06T07:49:58.44Z,SJI_1400,1,1
sji,39563281,2018-05-06T07:50:15.02Z,SJI_2796,1,1
sji,39563284,2018-05-06T07:50:31.49Z,SJI_1400,1,0
sji,39563287,2018-05-06T07:50:48.08Z,SJI_2796,1,0
sji,39563290,2018-05-06T07:51:04.65Z,SJI_1400,1,0
sji,39563293,2018-05-06T07:51:21.33Z,SJI_2796,1,0
sji,39563296,2018-05-06T07:51:37.83Z,SJI_1400,1,0
sji,39563299,2018-05-06T07:51:54.39Z,SJI_2796,1,0
sji,39563302,2018-05-06T07:52:11.02Z,SJI_1400,1,0
sji,39563305,2018-05-06T07:52:27.67Z,SJI_2796,1,0
sji,39563308,2018-05-06T07:52:44.14Z,SJI_1400,1,0
sji,39563311,2018-05-06T07:53:00.70Z,SJI_2796,1,0
sji,39563314,2018-05-06T07:53:17.30Z,SJI_1400,1,0
sji,39563317,2018-05-06T07:53:33.99Z,SJI_2796,1,0
sji,39563320,2018-05-06T07:53:50.45Z,SJI_1400,1,0
sji,39563323,2018-05-06T07:54:07.02Z,SJI_2796,1,0
sji,39563326,2018-05-06T07:54:23.68Z,SJI_1400,1,0
sji,39563329,2018-05-06T07:54:40.30Z,SJI_2796,1,0
sji,39563332,2018-05-06T07:54:56.77Z,SJI_1400,1,1
sji,39563335,2018-05-06T07:55:13.36Z,SJI_2796,1,0
sji,39563338,2018-05-06T07:55:29.93Z,SJI_1400,1,0
sji,39563341,2018-05-06T07:55:46.61Z,SJI_2796,0,0
sji,39563350,2018-05-06T07:56:36.30Z,SJI_1400,0,0
sji,39563365,2018-05-06T07:57:59.27Z,SJI_2796,0,0
sji,39563374,2018-05-06T07:58:48.94Z,SJI_1400,0,0
sji,39563389,2018-05-06T08:00:11.89Z,SJI_2796,0,0
sji,39563398,2018-05-06T08:01:01.57Z,SJI_1400,0,0
sji,39563413,2018-05-06T08:02:24.55Z,SJI_2796,0,0
sji,39563422,2018-05-06T08:03:14.17Z,SJI_1400,0,0
sji,39563437,2018-05-06T08:04:37.17Z,SJI_2796,0,0
sji,39563446,2018-05-06T08:05:26.84Z,SJI_1400,0,0
sji,39563461,2018-05-06T08:06:49.83Z,SJI_2796,0,0
sji,39563470,2018-05-06T08:07:39.48Z,SJI_1400,0,0
sji,39563485,2018-05-06T08:09:02.45Z,SJI_2796,0,0
sji,39563494,2018-05-06T08:09:52.07Z,SJI_1400,0,0
sji,39563509,2018-05-06T08:11:15.11Z,SJI_2796,0,0
sji,39563518,2018-05-06T08:12:04.71Z,SJI_1400,0,0
sji,39563533,2018-05-06T08:13:27.74Z,SJI_2796,0,0
sji,39563542,2018-05-06T08:14:17.40Z,SJI_1400,0,0
sji,39563557,2018-05-06T08:15:40.39Z,SJI_2796,0,0
sji,39563566,2018-05-06T08:16:30.01Z,SJI_1400,0,0
sji,39563581,2018-05-06T08:17:53.02Z,SJI_2796,0,0
sji,39563590,2018-05-06T08:18:42.67Z,SJI_1400,0,0
sji,39563605,2018-05-06T08:20:05.67Z,SJI_2796,0,0
sji,39563614,2018-05-06T08:20:55.32Z,SJI_1400,0,0
sji,39563629,2018-05-06T08:22:18.30Z,SJI_2796,0,0
sji,39563638,2018-05-06T08:23:08.00Z,SJI_1400,0,0
sji,39563653,2018-05-06T08:24:30.95Z,SJI_2796,0,0
sji,39563662,2018-05-06T08:25:20.56Z,SJI_1400,0,0
sji,39563677,2018-05-06T08:26:43.58Z,SJI_2796,0,0
sji,39563686,2018-05-06T08:27:33.24Z,SJI_1400,0,0
sji,39563701,2018-05-06T08:28:56.24Z,SJI_2796,0,0
sji,39563710,2018-05-06T08:29:45.87Z,SJI_1400,0,0
sji,39563725,2018-05-06T08:31:08.86Z,SJI_2796,0,0
sji,39563734,2018-05-06T08:31:58.53Z,SJI_1400,0,0
sji,39563749,2018-05-06T08:33:21.52Z,SJI_2796,0,0
sji,39563758,2018-05-06T08:34:11.13Z,SJI_1400,0,0
sji,39563773,2018-05-06T08:35:34.14Z,SJI_2796,0,0
sji,39563782,2018-05-06T08:36:23.77Z,SJI_1400,0,0
sji,39563797,2018-05-06T08:37:46.80Z,SJI_2796,0,0
sji,39563806,2018-05-06T08:38:36.40Z,SJI_1400,0,0
sji,39563821,2018-05-06T08:39:59.42Z,SJI_2796,0,0
sji,39563830,2018-05-06T08:40:49.05Z,SJI_1400,0,0
sji,39563845,2018-05-06T08:42:12.08Z,SJI_2796,0,0
sji,39563854,2018-05-06T08:43:01.69Z,SJI_1400,0,0
sji,39563869,2018-05-06T08:44:24.70Z,SJI_2796,0,0
sji,39563878,2018-05-06T08:45:14.34Z,SJI_1400,0,0
sji,39563893,2018-05-06T08:46:37.36Z,SJI_2796,0,0
sji,39563902,2018-05-06T08:47:26.97Z,SJI_1400,0,0
sji,39563917,2018-05-06T08:48:49.99Z,SJI_2796,0,0
sji,39563926,2018-05-06T08:49:39.62Z,SJI_1400,0,0
sji,39563941,2018-05-06T08:51:02.64Z,SJI_2796,0,0
sji,39563950,2018-05-06T08:51:52.24Z,SJI_1400,0,0
sji,39563965,2018-05-06T08:53:15.27Z,SJI_2796,0,0
sji,39563974,2018-05-06T08:54:04.92Z,SJI_1400,0,0
sji,39563989,2018-05-06T08:55:27.93Z,SJI_2796,0,0
sji,39563998,2018-05-06T08:56:17.52Z,SJI_1400,0,0
sji,39564013,2018-05-06T08:57:40.55Z,SJI_2796,0,0
sji,39564022,2018-05-06T08:58:30.19Z,SJI_1400,0,0
sji,39564037,2018-05-06T08:59:53.20Z,SJI_2796,0,0
sji,39564046,2018-05-06T09:00:42.81Z,SJI_1400,0,0
sji,39564061,2018-05-06T09:02:05.83Z,SJI_2796,0,0
sji,39564070,2018-05-06T09:02:55.48Z,SJI_1400,0,0
sji,39564085,2018-05-06T09:04:18.49Z,SJI_2796,0,0
sji,39564094,2018-05-06T09:05:08.09Z,SJI_1400,0,0
sji,39564109,2018-05-06T09:06:31.11Z,SJI_2796,0,0
sji,39564118,2018-05-06T09:07:20.74Z,SJI_1400,0,0
sji,39564133,2018-05-06T09:08:43.77Z,SJI_2796,0,0
sji,39564142,2018-05-06T09:09:33.40Z,SJI_1400,0,0
sji,39564157,2018-05-06T09:10:56.39Z,SJI_2796,0,0
sji,39564166,2018-05-06T09:11:46.02Z,SJI_1400,0,0
sji,39564181,2018-05-06T09:13:09.05Z,SJI_2796,0,0
sji,39564190,2018-05-06T09:13:58.64Z,SJI_1400,0,0
sji,39564202,2018-05-06T09:15:05.02Z,SJI_1400,1,0
sji,39564205,2018-05-06T09:15:21.67Z,SJI_2796,1,0
sji,39564208,2018-05-06T09:15:38.17Z,SJI_1400,1,0
sji,39564211,2018-05-06T09:15:54.74Z,SJI_2796,1,0
sji,39564214,2018-05-06T09:16:11.30Z,SJI_1400,1,0
sji,39564217,2018-05-06T09:16:28.02Z,SJI_2796,1,1
sji,39564220,2018-05-06T09:16:44.49Z,SJI_1400,1,1
sji,39564223,2018-05-06T09:17:01.05Z,SJI_2796,1,1
sji,39564226,2018-05-06T09:17:17.68Z,SJI_1400,1,0
sji,39564229,2018-05-06T09:17:34.33Z,SJI_2796,1,0
sji,39564232,2018-05-06T09:17:50.80Z,SJI_1400,1,0
sji,39564235,2018-05-06T09:18:07.36Z,SJI_2796,1,1
sji,39564238,2018-05-06T09:18:23.92Z,SJI_1400,1,0
sji,39564241,2018-05-06T09:18:40.64Z,SJI_2796,1,1
sji,39564244,2018-05-06T09:18:57.14Z,SJI_1400,1,1
sji,39564247,2018-05-06T09:19:13.70Z,SJI_2796,1,0
sji,39564250,2018-05-06T09:19:30.37Z,SJI_1400,1,1
sji,39564253,2018-05-06T09:19:46.95Z,SJI_2796,1,3
sji,39564256,2018-05-06T09:20:03.45Z,SJI_1400,1,2
sji,39564259,2018-05-06T09:20:20.02Z,SJI_2796,1,0
sji,39564262,2018-05-06T09:20:36.59Z,SJI_1400,1,2
sji,39564265,2018-05-06T09:20:53.30Z,SJI_2796,1,1
sji,39564268,2018-05-06T09:21:09.77Z,SJI_1400,1,4
sji,39564271,2018-05-06T09:21:26.33Z,SJI_2796,1,2
sji,39564274,2018-05-06T09:21:42.93Z,SJI_1400,1,2
sji,39564277,2018-05-06T09:21:59.61Z,SJI_2796,1,0
sji,39564280,2018-05-06T09:22:16.08Z,SJI_1400,1,5
sji,39564283,2018-05-06T09:22:32.64Z,SJI_2796,1,4
sji,39564286,2018-05-06T09:22:49.24Z,SJI_1400,1,4
sji,39564289,2018-05-06T09:23:05.92Z,SJI_2796,1,4
sji,39564292,2018-05-06T09:23:22.42Z,SJI_1400,1,4
sji,39564295,2018-05-06T09:23:38.99Z,SJI_2796,1,5
sji,39564298,2018-05-06T09:23:55.62Z,SJI_1400,1,3
sji,39564301,2018-05-06T09:24:12.24Z,SJI_2796,1,7
sji,39564304,2018-05-06T09:24:28.74Z,SJI_1400,1,5
sji,39564307,2018-05-06T09:24:45.30Z,SJI_2796,1,2
sji,39564310,2018-05-06T09:25:01.87Z,SJI_1400,1,3
sji,39564313,2018-05-06T09:25:18.58Z,SJI_2796,1,5
sji,39564316,2018-05-06T09:25:35.05Z,SJI_1400,1,3
sji,39564319,2018-05-06T09:25:51.61Z,SJI_2796,1,4
sji,39564322,2018-05-06T09:26:08.24Z,SJI_1400,1,3
sji,39564325,2018-05-06T09:26:24.89Z,SJI_2796,1,2
sji,39564328,2018-05-06T09:26:41.36Z,SJI_1400,1,3
sji,39564331,2018-05-06T09:26:57.93Z,SJI_2796,1,0
sji,39564334,2018-05-06T09:27:14.52Z,SJI_1400,1,1
sji,39564337,2018-05-06T09:27:31.20Z,SJI_2796,1,1
sji,39564340,2018-05-06T09:27:47.67Z,SJI_1400,1,2
sji,39564343,2018-05-06T09:28:04.27Z,SJI_2796,1,0
sji,39564346,2018-05-06T09:28:20.91Z,SJI_1400,1,3
sji,39564349,2018-05-06T09:28:37.52Z,SJI_2796,1,0
sji,39564352,2018-05-06T09:28:54.02Z,SJI_1400,1,0
sji,39564355,2018-05-06T09:29:10.58Z,SJI_2796,1,1
sji,39564358,2018-05-06T09:29:27.16Z,SJI_1400,1,0
sji,39564361,2018-05-06T09:29:43.86Z,SJI_2796,1,0
sji,39564364,2018-05-06T09:30:00.33Z,SJI_1400,1,0
sji,39564367,2018-05-06T09:30:16.89Z,SJI_2796,1,1
sji,39564370,2018-05-06T09:30:33.55Z,SJI_1400,1,0
sji,39564373,2018-05-06T09:30:50.17Z,SJI_2796,1,0
sji,39564382,2018-05-06T09:31:39.75Z,SJI_1400,0,0
sji,39564397,2018-05-06T09:33:02.80Z,SJI_2796,0,0
sji,39564406,2018-05-06T09:33:52.42Z,SJI_1400,0,0
sji,39564421,2018-05-06T09:35:15.45Z,SJI_2796,0,0
sji,39564430,2018-05-06T09:36:05.05Z,SJI_1400,0,0
sji,39564445,2018-05-06T09:37:28.08Z,SJI_2796,0,0
sji,39564454,2018-05-06T09:38:17.71Z,SJI_1400,0,0
sji,39564469,2018-05-06T09:39:40.74Z,SJI_2796,0,0
sji,39564478,2018-05-06T09:40:30.34Z,SJI_1400,0,0
sji,39564493,2018-05-06T09:41:53.36Z,SJI_2796,0,0
sji,39564502,2018-05-06T09:42:43.02Z,SJI_1400,0,0
sji,39564517,2018-05-06T09:44:06.02Z,SJI_2796,0,0
sji,39564526,2018-05-06T09:44:55.64Z,SJI_1400,0,0
sji,39564541,2018-05-06T09:46:18.64Z,SJI_2796,0,0
sji,39564550,2018-05-06T09:47:08.28Z,SJI_1400,0,0
sji,39564565,2018-05-06T09:48:31.30Z,SJI_2796,0,0
sji,39564574,2018-05-06T09:49:20.90Z,SJI_1400,0,0
sji,39564589,2018-05-06T09:50:43.92Z,SJI_2796,0,0
sji,39564598,2018-05-06T09:51:33.55Z,SJI_1400,0,0
sji,39564613,2018-05-06T09:52:56.58Z,SJI_2796,0,0
sji,39564622,2018-05-06T09:53:46.19Z,SJI_1400,0,0
sji,39564637,2018-05-06T09:55:09.20Z,SJI_2796,0,0
sji,39564646,2018-05-06T09:55:58.86Z,SJI_1400,0,0
sji,39564661,2018-05-06T09:57:21.86Z,SJI_2796,0,0
sji,39564670,2018-05-06T09:58:11.50Z,SJI_1400,0,0
sji,39564685,2018-05-06T09:59:34.49Z,SJI_2796,0,0
sji,39564694,2018-05-06T10:00:24.14Z,SJI_1400,0,0
sji,39564709,2018-05-06T10:01:47.14Z,SJI_2796,0,0
sji,39564718,2018-05-06T10:02:36.77Z,SJI_1400,0,0
sji,39564733,2018-05-06T10:03:59.77Z,SJI_2796,0,0
sji,39564742,2018-05-06T10:04:49.45Z,SJI_1400,0,0
sji,39564757,2018-05-06T10:06:12.42Z,SJI_2796,0,0
sji,39564766,2018-05-06T10:07:02.05Z,SJI_1400,0,0
sji,39564781,2018-05-06T10:08:25.05Z,SJI_2796,0,0
sji,39564790,2018-05-06T10:09:14.70Z,SJI_1400,0,0
sji,39564805,2018-05-06T10:10:37.70Z,SJI_2796,0,0
sji,39564814,2018-05-06T10:11:27.32Z,SJI_1400,0,0
sji,39564829,2018-05-06T10:12:50.33Z,SJI_2796,0,0
sji,39564838,2018-05-06T10:13:40.00Z,SJI_1400,0,0
sji,39564853,2018-05-06T10:15:02.99Z,SJI_2796,0,0
sji,39564862,2018-05-06T10:15:52.62Z,SJI_1400,0,0
sji,39564877,2018-05-06T10:17:15.61Z,SJI_2796,0,0
sji,39564886,2018-05-06T10:18:05.27Z,SJI_1400,0,0
sji,39564907,2018-05-06T10:20:01.30Z,SJI_2796,0,0
sji,39564916,2018-05-06T10:20:51.05Z,SJI_1400,0,0
sji,39564931,2018-05-06T10:22:13.95Z,SJI_2796,0,0
sji,39564940,2018-05-06T10:23:03.70Z,SJI_1400,0,0
sji,39564955,2018-05-06T10:24:26.58Z,SJI_2796,0,0
sji,39564964,2018-05-06T10:25:16.36Z,SJI_1400,0,0
sji,39564979,2018-05-06T10:26:39.24Z,SJI_2796,0,0
sji,39564988,2018-05-06T10:27:28.99Z,SJI_1400,0,0
sji,39565009,2018-05-06T10:29:25.14Z,SJI_2796,0,0
sji,39565012,2018-05-06T10:29:41.64Z,SJI_1400,0,0
sji,39565033,2018-05-06T10:31:37.80Z,SJI_2796,0,0
sji,39565036,2018-05-06T10:31:54.27Z,SJI_1400,0,0
sji,39565057,2018-05-06T10:33:50.42Z,SJI_2796,0,0
sji,39565060,2018-05-06T10:34:06.92Z,SJI_1400,0,0
sji,39565081,2018-05-06T10:36:03.08Z,SJI_2796,0,0
sji,39565084,2018-05-06T10:36:19.55Z,SJI_1400,0,0
sji,39565105,2018-05-06T10:38:15.70Z,SJI_2796,0,0
sji,39565108,2018-05-06T10:38:32.17Z,SJI_1400,0,0
sji,39565129,2018-05-06T10:40:28.36Z,SJI_2796,0,0
sji,39565132,2018-05-06T10:40:44.83Z,SJI_1400,0,0
sji,39565153,2018-05-06T10:42:40.99Z,SJI_2796,0,0
sji,39565156,2018-05-06T10:42:57.49Z,SJI_1400,0,0
sji,39565177,2018-05-06T10:44:53.64Z,SJI_2796,0,0
sji,39565180,2018-05-06T10:45:10.11Z,SJI_1400,0,0
sji,39565201,2018-05-06T10:47:06.27Z,SJI_2796,0,0
sji,39565204,2018-05-06T10:47:22.74Z,SJI_1400,0,0
sji,39565225,2018-05-06T10:49:18.92Z,SJI_2796,0,0
sji,39565228,2018-05-06T10:49:35.39Z,SJI_1400,0,0
sji,39565249,2018-05-06T10:51:31.55Z,SJI_2796,0,0
sji,39565252,2018-05-06T10:51:48.05Z,SJI_1400,0,0
sji,39565273,2018-05-06T10:53:44.20Z,SJI_2796,0,0
sji,39565276,2018-05-06T10:54:00.67Z,SJI_1400,1,0
sji,39565279,2018-05-06T10:54:17.24Z,SJI_2796,1,0
sji,39565282,2018-05-06T10:54:33.87Z,SJI_1400,1,0
sji,39565285,2018-05-06T10:54:50.52Z,SJI_2796,1,1
sji,39565288,2018-05-06T10:55:06.98Z,SJI_1400,1,0
sji,39565291,2018-05-06T10:55:23.55Z,SJI_2796,1,0
sji,39565294,2018-05-06T10:55:40.16Z,SJI_1400,1,0
sji,39565297,2018-05-06T10:55:56.83Z,SJI_2796,1,1
sji,39565300,2018-05-06T10:56:13.30Z,SJI_1400,1,0
sji,39565303,2018-05-06T10:56:29.89Z,SJI_2796,1,0
sji,39565306,2018-05-06T10:56:46.50Z,SJI_1400,1,1
sji,39565309,2018-05-06T10:57:03.14Z,SJI_2796,1,0
sji,39565312,2018-05-06T10:57:19.64Z,SJI_1400,1,0
sji,39565315,2018-05-06T10:57:36.20Z,SJI_2796,1,0
sji,39565318,2018-05-06T10:57:52.78Z,SJI_1400,1,0
sji,39565321,2018-05-06T10:58:09.49Z,SJI_2796,1,0
sji,39565324,2018-05-06T10:58:25.95Z,SJI_1400,1,0
sji,39565327,2018-05-06T10:58:42.52Z,SJI_2796,1,1
sji,39565330,2018-05-06T10:58:59.16Z,SJI_1400,1,0
sji,39565333,2018-05-06T10:59:15.80Z,SJI_2796,1,1
sji,39565336,2018-05-06T10:59:32.27Z,SJI_1400,1,0
sji,39565339,2018-05-06T10:59:48.83Z,SJI_2796,1,1
sji,39565342,2018-05-06T11:00:05.39Z,SJI_1400,1,0
sji,39565345,2018-05-06T11:00:22.11Z,SJI_2796,1,1
sji,39565348,2018-05-06T11:00:38.58Z,SJI_1400,1,1
sji,39565351,2018-05-06T11:00:55.17Z,SJI_2796,1,4
sji,39565354,2018-05-06T11:01:11.78Z,SJI_1400,1,0
sji,39565357,2018-05-06T11:01:28.42Z,SJI_2796,1,1
sji,39565360,2018-05-06T11:01:44.92Z,SJI_1400,1,1
sji,39565363,2018-05-06T11:02:01.49Z,SJI_2796,1,1
sji,39565366,2018-05-06T11:02:18.08Z,SJI_1400,1,1
sji,39565369,2018-05-06T11:02:34.77Z,SJI_2796,1,0
sji,39565372,2018-05-06T11:02:51.24Z,SJI_1400,1,1
sji,39565375,2018-05-06T11:03:07.80Z,SJI_2796,1,1
sji,39565378,2018-05-06T11:03:24.40Z,SJI_1400,1,3
sji,39565381,2018-05-06T11:03:41.08Z,SJI_2796,1,2
sji,39565384,2018-05-06T11:03:57.55Z,SJI_1400,1,1
sji,39565387,2018-05-06T11:04:14.11Z,SJI_2796,1,0
sji,39565390,2018-05-06T11:04:30.69Z,SJI_1400,1,0
sji,39565393,2018-05-06T11:04:47.39Z,SJI_2796,1,1
sji,39565396,2018-05-06T11:05:03.86Z,SJI_1400,1,0
sji,39565417,2018-05-06T11:07:00.05Z,SJI_2796,0,0
sji,39565420,2018-05-06T11:07:16.52Z,SJI_1400,0,0
sji,39565441,2018-05-06T11:09:12.67Z,SJI_2796,0,0
sji,39565444,2018-05-06T11:09:29.17Z,SJI_1400,0,0
sji,39565465,2018-05-06T11:11:25.33Z,SJI_2796,0,0
sji,39565468,2018-05-06T11:11:41.80Z,SJI_1400,0,0
sji,39565489,2018-05-06T11:13:37.95Z,SJI_2796,0,0
sji,39565492,2018-05-06T11:13:54.42Z,SJI_1400,0,0
sji,39565513,2018-05-06T11:15:50.61Z,SJI_2796,0,0
sji,39565516,2018-05-06T11:16:07.08Z,SJI_1400,0,0
sji,39565537,2018-05-06T11:18:03.24Z,SJI_2796,0,0
sji,39565540,2018-05-06T11:18:19.70Z,SJI_1400,0,0
sji,39565561,2018-05-06T11:20:15.89Z,SJI_2796,0,0
sji,39565564,2018-05-06T11:20:32.36Z,SJI_1400,0,0
sji,39565585,2018-05-06T11:22:28.52Z,SJI_2796,0,0
sji,39565588,2018-05-06T11:22:45.02Z,SJI_1400,0,0
sji,39565609,2018-05-06T11:24:41.17Z,SJI_2796,0,0
sji,39565612,2018-05-06T11:24:57.64Z,SJI_1400,0,0
sji,39565633,2018-05-06T11:26:53.80Z,SJI_2796,0,0
sji,39565636,2018-05-06T11:27:10.30Z,SJI_1400,0,0
sji,39565657,2018-05-06T11:29:06.45Z,SJI_2796,0,0
sji,39565660,2018-05-06T11:29:22.93Z,SJI_1400,0,0
sji,39565681,2018-05-06T11:31:19.08Z,SJI_2796,0,0
sji,39565684,2018-05-06T11:31:35.58Z,SJI_1400,0,0
sji,39565705,2018-05-06T11:33:31.74Z,SJI_2796,0,0
sji,39565708,2018-05-06T11:33:48.20Z,SJI_1400,0,0
sji,39565729,2018-05-06T11:35:44.36Z,SJI_2796,0,0
sji,39565732,2018-05-06T11:36:00.83Z,SJI_1400,0,0
sji,39565753,2018-05-06T11:37:57.02Z,SJI_2796,0,0
sji,39565756,2018-05-06T11:38:13.49Z,SJI_1400,0,0
sji,39565777,2018-05-06T11:40:09.64Z,SJI_2796,0,0
sji,39565780,2018-05-06T11:40:26.11Z,SJI_1400,0,0
sji,39565801,2018-05-06T11:42:22.30Z,SJI_2796,0,0
sji,39565804,2018-05-06T11:42:38.77Z,SJI_1400,0,0
sji,39565825,2018-05-06T11:44:34.92Z,SJI_2796,0,0
sji,39565828,2018-05-06T11:44:51.42Z,SJI_1400,0,0
sji,39565849,2018-05-06T11:46:47.58Z,SJI_2796,0,0
sji,39565852,2018-05-06T11:47:04.05Z,SJI_1400,0,0
sji,39565873,2018-05-06T11:49:00.20Z,SJI_2796,0,0
sji,39565876,2018-05-06T11:49:16.70Z,SJI_1400,0,0
sji,39565897,2018-05-06T11:51:12.86Z,SJI_2796,0,0
sji,39565900,2018-05-06T11:51:29.33Z,SJI_1400,0,0
sji,39565921,2018-05-06T11:53:25.49Z,SJI_2796,0,0
sji,39565924,2018-05-06T11:53:41.95Z,SJI_1400,0,0
sji,39565945,2018-05-06T11:55:38.14Z,SJI_2796,0,0
sji,39565948,2018-05-06T11:55:54.61Z,SJI_1400,0,0
sji,39565969,2018-05-06T11:57:50.77Z,SJI_2796,0,0
sji,39565972,2018-05-06T11:58:07.24Z,SJI_1400,0,0
sji,39565993,2018-05-06T12:00:03.42Z,SJI_2796,0,0
sji,39565996,2018-05-06T12:00:19.89Z,SJI_1400,0,0
sji,39566017,2018-05-06T12:02:16.05Z,SJI_2796,0,0
sji,39566020,2018-05-06T12:02:32.55Z,SJI_1400,0,0
sji,39566041,2018-05-06T12:04:28.70Z,SJI_2796,0,0
sji,39566044,2018-05-06T12:04:45.17Z,SJI_1400,0,0
2013-12-27,3576768,2013-12-27T06:06:53.43Z,SJI_1400,0,0
2013-12-27,3576770,2013-12-27T06:06:53.50Z,FUV,0,0
2013-12-27,3576771,2013-12-27T06:07:09.80Z,SJI_2796,0,0
2013-12-27,3576776,2013-12-27T06:07:26.23Z,FUV,0,0
2013-12-27,3576780,2013-12-27T06:07:58.89Z,SJI_1400,0,0
2013-12-27,3576782,2013-12-27T06:07:58.96Z,FUV,0,0
2013-12-27,3576783,2013-12-27T06:08:15.24Z,SJI_2796,0,0
2013-12-27,3576788,2013-12-27T06:08:31.68Z,FUV,0,0
2013-12-27,3576792,2013-12-27T06:09:04.34Z,SJI_1400,0,0
2013-12-27,3576794,2013-12-27T06:09:04.41Z,FUV,0,0
2013-12-27,3576795,2013-12-27T06:09:20.70Z,SJI_2796,0,0
2013-12-27,3576800,2013-12-27T06:09:37.16Z,FUV,0,0
2013-12-27,3576804,2013-12-27T06:10:09.81Z,SJI_1400,0,0
2013-12-27,3576806,2013-12-27T06:10:09.88Z,FUV,0,0
2013-12-27,3576807,2013-12-27T06:10:26.14Z,SJI_2796,0,0
2013-12-27,3576812,2013-12-27T06:10:42.59Z,FUV,0,0
2013-12-27,3576816,2013-12-27T06:11:15.27Z,SJI_1400,0,0
2013-12-27,3576818,2013-12-27T06:11:15.34Z,FUV,0,0
2013-12-27,3576819,2013-12-27T06:11:31.61Z,SJI_2796,0,0
2013-12-27,3576824,2013-12-27T06:11:48.05Z,FUV,0,0
2013-12-27,3576828,2013-12-27T06:12:20.71Z,SJI_1400,0,0
2013-12-27,3576830,2013-12-27T06:12:20.78Z,FUV,0,0
2013-12-27,3576831,2013-12-27T06:12:37.05Z,SJI_2796,0,0
2013-12-27,3576836,2013-12-27T06:12:53.49Z,FUV,0,0
2013-12-27,3576840,2013-12-27T06:13:26.15Z,SJI_1400,0,0
2013-12-27,3576842,2013-12-27T06:13:26.22Z,FUV,0,0
2013-12-27,3576843,2013-12-27T06:13:42.52Z,SJI_2796,0,0
2013-12-27,3576848,2013-12-27T06:13:58.99Z,FUV,0,0
2013-12-27,3576852,2013-12-27T06:14:31.60Z,SJI_1400,0,0
2013-12-27,3576854,2013-12-27T06:14:31.67Z,FUV,0,0
2013-12-27,3576855,2013-12-27T06:14:47.95Z,SJI_2796,0,0
2013-12-27,3576860,2013-12-27T06:15:04.44Z,FUV,0,0
2013-12-27,3576864,2013-12-27T06:15:37.07Z,SJI_1400,0,0
2013-12-27,3576866,2013-12-27T06:15:37.14Z,FUV,0,0
2013-12-27,3576867,2013-12-27T06:15:53.42Z,SJI_2796,0,0
2013-12-27,3576872,2013-12-27T06:16:09.86Z,FUV,0,0
2013-12-27,3576876,2013-12-27T06:16:42.51Z,SJI_1400,0,0
2013-12-27,3576878,2013-12-27T06:16:42.58Z,FUV,0,0
2013-12-27,3576879,2013-12-27T06:16:58.86Z,SJI_2796,0,0
2013-12-27,3576884,2013-12-27T06:17:15.31Z,FUV,0,0
2013-12-27,3576888,2013-12-27T06:17:47.97Z,SJI_1400,0,0
2013-12-27,3576890,2013-12-27T06:17:48.04Z,FUV,0,0
2013-12-27,3576891,2013-12-27T06:18:04.33Z,SJI_2796,0,0
2013-12-27,3576896,2013-12-27T06:18:20.78Z,FUV,0,0
2013-12-27,3576900,2013-12-27T06:18:53.44Z,SJI_1400,0,0
2013-12-27,3576902,2013-12-27T06:18:53.51Z,FUV,0,0
2013-12-27,3576903,2013-12-27T06:19:09.77Z,SJI_2796,0,0
2013-12-27,3576908,2013-12-27T06:19:26.21Z,FUV,0,0
2013-12-27,3576912,2013-12-27T06:19:58.87Z,SJI_1400,0,0
2013-12-27,3576914,2013-12-27T06:19:58.94Z,FUV,0,0
2013-12-27,3576915,2013-12-27T06:20:15.24Z,SJI_2796,0,0
2013-12-27,3576920,2013-12-27T06:20:31.67Z,FUV,0,0
2013-12-27,3576924,2013-12-27T06:21:04.34Z,SJI_1400,0,0
2013-12-27,3576926,2013-12-27T06:21:04.42Z,FUV,0,0
2013-12-27,3576927,2013-12-27T06:21:20.67Z,SJI_2796,0,0
2013-12-27,3576932,2013-12-27T06:21:37.12Z,FUV,0,0
2013-12-27,3576936,2013-12-27T06:22:09.80Z,SJI_1400,0,0
2013-12-27,3576938,2013-12-27T06:22:09.87Z,FUV,0,0
2013-12-27,3576939,2013-12-27T06:22:26.14Z,SJI_2796,0,0
2013-12-27,3576944,2013-12-27T06:22:42.59Z,FUV,0,0
2013-12-27,3576948,2013-12-27T06:23:15.24Z,SJI_1400,0,0
2013-12-27,3576950,2013-12-27T06:23:15.31Z,FUV,0,0
2013-12-27,3576951,2013-12-27T06:23:31.58Z,SJI_2796,0,0
2013-12-27,3576956,2013-12-27T06:23:48.03Z,FUV,0,0
2013-12-27,3576960,2013-12-27T06:24:20.71Z,SJI_1400,0,0
2013-12-27,3576962,2013-12-27T06:24:20.78Z,FUV,0,0
2013-12-27,3576963,2013-12-27T06:24:37.08Z,SJI_2796,0,0
2013-12-27,3576968,2013-12-27T06:24:53.52Z,FUV,0,0
2013-12-27,3576972,2013-12-27T06:25:26.18Z,SJI_1400,0,0
2013-12-27,3576974,2013-12-27T06:25:26.25Z,FUV,0,0
2013-12-27,3576975,2013-12-27T06:25:42.55Z,SJI_2796,0,0
2013-12-27,3576980,2013-12-27T06:25:58.97Z,FUV,0,0
2013-12-27,3576984,2013-12-27T06:26:31.63Z,SJI_1400,0,0
2013-12-27,3576986,2013-12-27T06:26:31.70Z,FUV,0,0
2013-12-27,3576987,2013-12-27T06:26:47.99Z,SJI_2796,0,0
2013-12-27,3576992,2013-12-27T06:27:04.42Z,FUV,0,0
2013-12-27,3576996,2013-12-27T06:27:37.09Z,SJI_1400,0,0
2013-12-27,3576998,2013-12-27T06:27:37.17Z,FUV,0,0
2013-12-27,3576999,2013-12-27T06:27:53.45Z,SJI_2796,0,0
2013-12-27,3577004,2013-12-27T06:28:09.91Z,FUV,0,0
2013-12-27,3577008,2013-12-27T06:28:42.53Z,SJI_1400,0,0
2013-12-27,3577010,2013-12-27T06:28:42.60Z,FUV,0,0
2013-12-27,3577011,2013-12-27T06:28:58.89Z,SJI_2796,0,0
2013-12-27,3577016,2013-12-27T06:29:15.36Z,FUV,0,0
2013-12-27,3577020,2013-12-27T06:29:47.99Z,SJI_1400,0,0
2013-12-27,3577022,2013-12-27T06:29:48.06Z,FUV,0,0
2013-12-27,3577023,2013-12-27T06:30:04.36Z,SJI_2796,0,0
2013-12-27,3577028,2013-12-27T06:30:20.81Z,FUV,0,0
2013-12-27,3577032,2013-12-27T06:30:53.44Z,SJI_1400,0,0
2013-12-27,3577034,2013-12-27T06:30:53.51Z,FUV,0,0
2013-12-27,3577035,2013-12-27T06:31:09.80Z,SJI_2796,0,0
2013-12-27,3577040,2013-12-27T06:31:26.24Z,FUV,0,0
2013-12-27,3577044,2013-12-27T06:31:58.94Z,SJI_1400,0,0
2013-12-27,3577046,2013-12-27T06:31:59.01Z,FUV,0,0
2013-12-27,3577047,2013-12-27T06:32:15.24Z,SJI_2796,0,0
2013-12-27,3577052,2013-12-27T06:32:31.69Z,FUV,0,0
2013-12-27,3577056,2013-12-27T06:33:04.36Z,SJI_1400,0,0
2013-12-27,3577058,2013-12-27T06:33:04.43Z,FUV,0,0
2013-12-27,3577059,2013-12-27T06:33:20.70Z,SJI_2796,0,0
2013-12-27,3577064,2013-12-27T06:33:37.14Z,FUV,0,0
2013-12-27,3577068,2013-12-27T06:34:09.81Z,SJI_1400,0,0
2013-12-27,3577070,2013-12-27T06:34:09.88Z,FUV,0,0
2013-12-27,3577071,2013-12-27T06:34:26.17Z,SJI_2796,0,0
2013-12-27,3577076,2013-12-27T06:34:42.63Z,FUV,0,0
2013-12-27,3577080,2013-12-27T06:35:15.24Z,SJI_1400,0,0
2013-12-27,3577082,2013-12-27T06:35:15.31Z,FUV,0,0
2013-12-27,3577083,2013-12-27T06:35:31.61Z,SJI_2796,0,0
2013-12-27,3577088,2013-12-27T06:35:48.06Z,FUV,0,0
2013-12-27,3577092,2013-12-27T06:36:20.70Z,SJI_1400,0,0
2013-12-27,3577094,2013-12-27T06:36:20.77Z,FUV,0,0
2013-12-27,3577095,2013-12-27T06:36:37.08Z,SJI_2796,0,0
2013-12-27,3577100,2013-12-27T06:36:53.52Z,FUV,0,0
2013-12-27,3577104,2013-12-27T06:37:26.17Z,SJI_1400,0,0
2013-12-27,3577106,2013-12-27T06:37:26.24Z,FUV,0,0
2013-12-27,3577107,2013-12-27T06:37:42.52Z,SJI_2796,0,0
2013-12-27,3577112,2013-12-27T06:37:58.99Z,FUV,0,0
2013-12-27,3577116,2013-12-27T06:38:31.62Z,SJI_1400,0,0
2013-12-27,3577118,2013-12-27T06:38:31.69Z,FUV,0,0
2013-12-27,3577119,2013-12-27T06:38:47.99Z,SJI_2796,0,0
2013-12-27,3577124,2013-12-27T06:39:04.43Z,FUV,0,0
2013-12-27,3577128,2013-12-27T06:39:37.07Z,SJI_1400,0,0
2013-12-27,3577130,2013-12-27T06:39:37.14Z,FUV,0,0
2013-12-27,3577131,2013-12-27T06:39:53.42Z,SJI_2796,0,0
2013-12-27,3577136,2013-12-27T06:40:09.87Z,FUV,0,0
2013-12-27,3577140,2013-12-27T06:40:42.52Z,SJI_1400,0,0
2013-12-27,3577142,2013-12-27T06:40:42.59Z,FUV,0,0
2013-12-27,3577143,2013-12-27T06:40:58.89Z,SJI_2796,0,0
2013-12-27,3577148,2013-12-27T06:41:15.31Z,FUV,0,0
2013-12-27,3577152,2013-12-27T06:41:48.06Z,SJI_1400,0,0
2013-12-27,3577154,2013-12-27T06:41:48.13Z,FUV,0,0
2013-12-27,3577155,2013-12-27T06:42:04.36Z,SJI_2796,0,0
2013-12-27,3577160,2013-12-27T06:42:20.80Z,FUV,0,0
2013-12-27,3577164,2013-12-27T06:42:53.49Z,SJI_1400,0,0
2013-12-27,3577166,2013-12-27T06:42:53.56Z,FUV,0,0
2013-12-27,3577167,2013-12-27T06:43:09.83Z,SJI_2796,0,0
2013-12-27,3577172,2013-12-27T06:43:26.27Z,FUV,0,0
2013-12-27,3577176,2013-12-27T06:43:58.92Z,SJI_1400,0,0
2013-12-27,3577178,2013-12-27T06:43:58.99Z,FUV,0,0
2013-12-27,3577179,2013-12-27T06:44:15.27Z,SJI_2796,0,0
2013-12-27,3577184,2013-12-27T06:44:31.74Z,FUV,0,0
2013-12-27,3577188,2013-12-27T06:45:04.37Z,SJI_1400,0,0
2013-12-27,3577190,2013-12-27T06:45:04.44Z,FUV,0,0
2013-12-27,3577191,2013-12-27T06:45:20.74Z,SJI_2796,1,0
2013-12-27,3577193,2013-12-27T06:45:20.81Z,FUV,1,0
2013-12-27,3577194,2013-12-27T06:45:37.12Z,SJI_1400,1,0
2013-12-27,3577196,2013-12-27T06:45:37.19Z,FUV,1,0
2013-12-27,3577197,2013-12-27T06:45:53.45Z,SJI_2796,1,0
2013-12-27,3577199,2013-12-27T06:45:53.52Z,FUV,1,0
2013-12-27,3577200,2013-12-27T06:46:09.82Z,SJI_1400,1,0
2013-12-27,3577202,2013-12-27T06:46:09.89Z,FUV,1,0
2013-12-27,3577203,2013-12-27T06:46:26.17Z,SJI_2796,1,0
2013-12-27,3577205,2013-12-27T06:46:26.24Z,FUV,1,0
2013-12-27,3577206,2013-12-27T06:46:42.55Z,SJI_1400,1,0
2013-12-27,3577208,2013-12-27T06:46:42.62Z,FUV,1,0
2013-12-27,3577209,2013-12-27T06:46:58.92Z,SJI_2796,1,0
2013-12-27,3577211,2013-12-27T06:46:58.99Z,FUV,1,0
2013-12-27,3577212,2013-12-27T06:47:15.29Z,SJI_1400,1,0
2013-12-27,3577214,2013-12-27T06:47:15.36Z,FUV,1,0
2013-12-27,3577215,2013-12-27T06:47:31.64Z,SJI_2796,1,0
2013-12-27,3577217,2013-12-27T06:47:31.71Z,FUV,1,0
2013-12-27,3577218,2013-12-27T06:47:48.00Z,SJI_1400,1,1
2013-12-27,3577220,2013-12-27T06:47:48.07Z,FUV,1,0
2013-12-27,3577221,2013-12-27T06:48:04.36Z,SJI_2796,1,0
2013-12-27,3577223,2013-12-27T06:48:04.43Z,FUV,1,0
2013-12-27,3577224,2013-12-27T06:48:20.73Z,SJI_1400,1,1
2013-12-27,3577226,2013-12-27T06:48:20.80Z,FUV,1,0
2013-12-27,3577227,2013-12-27T06:48:37.08Z,SJI_2796,1,0
2013-12-27,3577229,2013-12-27T06:48:37.15Z,FUV,1,1
2013-12-27,3577230,2013-12-27T06:48:53.46Z,SJI_1400,1,0
2013-12-27,3577232,2013-12-27T06:48:53.53Z,FUV,1,0
2013-12-27,3577233,2013-12-27T06:49:09.83Z,SJI_2796,1,0
2013-12-27,3577235,2013-12-27T06:49:09.90Z,FUV,1,1
2013-12-27,3577236,2013-12-27T06:49:26.18Z,SJI_1400,1,1
2013-12-27,3577238,2013-12-27T06:49:26.25Z,FUV,1,1
2013-12-27,3577239,2013-12-27T06:49:42.55Z,SJI_2796,1,1
2013-12-27,3577241,2013-12-27T06:49:42.62Z,FUV,1,2
2013-12-27,3577242,2013-12-27T06:49:58.94Z,SJI_1400,1,2
2013-12-27,3577244,2013-12-27T06:49:59.01Z,FUV,1,1
2013-12-27,3577245,2013-12-27T06:50:15.27Z,SJI_2796,1,1
2013-12-27,3577247,2013-12-27T06:50:15.34Z,FUV,1,0
2013-12-27,3577248,2013-12-27T06:50:31.64Z,SJI_1400,1,2
2013-12-27,3577250,2013-12-27T06:50:31.71Z,FUV,1,0
2013-12-27,3577251,2013-12-27T06:50:47.99Z,SJI_2796,1,1
2013-12-27,3577253,2013-12-27T06:50:48.06Z,FUV,1,3
2013-12-27,3577254,2013-12-27T06:51:04.37Z,SJI_1400,1,1
2013-12-27,3577256,2013-12-27T06:51:04.44Z,FUV,1,3
2013-12-27,3577257,2013-12-27T06:51:20.74Z,SJI_2796,1,1
2013-12-27,3577259,2013-12-27T06:51:20.81Z,FUV,1,1
2013-12-27,3577260,2013-12-27T06:51:37.10Z,SJI_1400,1,1
2013-12-27,3577262,2013-12-27T06:51:37.17Z,FUV,1,2
2013-12-27,3577263,2013-12-27T06:51:53.45Z,SJI_2796,1,0
2013-12-27,3577265,2013-12-27T06:51:53.52Z,FUV,1,4
2013-12-27,3577266,2013-12-27T06:52:09.82Z,SJI_1400,1,1
2013-12-27,3577268,2013-12-27T06:52:09.89Z,FUV,1,8
2013-12-27,3577269,2013-12-27T06:52:26.17Z,SJI_2796,1,1
2013-12-27,3577271,2013-12-27T06:52:26.24Z,FUV,1,5
2013-12-27,3577272,2013-12-27T06:52:42.57Z,SJI_1400,1,0
2013-12-27,3577274,2013-12-27T06:52:42.64Z,FUV,1,2
2013-12-27,3577275,2013-12-27T06:52:58.89Z,SJI_2796,1,1
2013-12-27,3577277,2013-12-27T06:52:58.96Z,FUV,1,3
2013-12-27,3577278,2013-12-27T06:53:15.27Z,SJI_1400,1,0
2013-12-27,3577280,2013-12-27T06:53:15.34Z,FUV,1,1
2013-12-27,3577281,2013-12-27T06:53:31.64Z,SJI_2796,1,1
2013-12-27,3577283,2013-12-27T06:53:31.71Z,FUV,1,0
2013-12-27,3577284,2013-12-27T06:53:47.99Z,SJI_1400,1,1
2013-12-27,3577286,2013-12-27T06:53:48.06Z,FUV,1,0
2013-12-27,3577287,2013-12-27T06:54:04.36Z,SJI_2796,1,0
2013-12-27,3577289,2013-12-27T06:54:04.43Z,FUV,1,0
2013-12-27,3577290,2013-12-27T06:54:20.74Z,SJI_1400,1,0
2013-12-27,3577292,2013-12-27T06:54:20.81Z,FUV,1,0
2013-12-27,3577293,2013-12-27T06:54:37.08Z,SJI_2796,1,0
2013-12-27,3577295,2013-12-27T06:54:37.15Z,FUV,1,1
2013-12-27,3577296,2013-12-27T06:54:53.45Z,SJI_1400,1,0
2013-12-27,3577298,2013-12-27T06:54:53.52Z,FUV,1,0
2013-12-27,3577299,2013-12-27T06:55:09.80Z,SJI_2796,1,0
2013-12-27,3577301,2013-12-27T06:55:09.87Z,FUV,1,0
2013-12-27,3577302,2013-12-27T06:55:26.17Z,SJI_1400,1,0
2013-12-27,3577304,2013-12-27T06:55:26.24Z,FUV,1,0
2013-12-27,3577305,2013-12-27T06:55:42.55Z,SJI_2796,1,0
2013-12-27,3577307,2013-12-27T06:55:42.62Z,FUV,1,0
2013-12-27,3577308,2013-12-27T06:55:58.91Z,SJI_1400,1,0
2013-12-27,3577310,2013-12-27T06:55:58.98Z,FUV,1,0
2013-12-27,3577311,2013-12-27T06:56:15.27Z,SJI_2796,1,0
2013-12-27,3577313,2013-12-27T06:56:15.34Z,FUV,1,0
2013-12-27,3577314,2013-12-27T06:56:31.63Z,SJI_1400,1,0
2013-12-27,3577316,2013-12-27T06:56:31.70Z,FUV,1,0
2013-12-27,3577317,2013-12-27T06:56:47.99Z,SJI_2796,1,0
2013-12-27,3577319,2013-12-27T06:56:48.06Z,FUV,1,0
2013-12-27,3577320,2013-12-27T06:57:04.37Z,SJI_1400,1,0
2013-12-27,3577322,2013-12-27T06:57:04.44Z,FUV,1,0
2013-12-27,3577323,2013-12-27T06:57:20.70Z,SJI_2796,1,0
2013-12-27,3577325,2013-12-27T06:57:20.78Z,FUV,1,0
2013-12-27,3577326,2013-12-27T06:57:37.08Z,SJI_1400,1,0
2013-12-27,3577328,2013-12-27T06:57:37.15Z,FUV,1,0
2013-12-27,3577329,2013-12-27T06:57:53.45Z,SJI_2796,1,0
2013-12-27,3577331,2013-12-27T06:57:53.52Z,FUV,1,1
2013-12-27,3577332,2013-12-27T06:58:09.83Z,SJI_1400,1,0
2013-12-27,3577334,2013-12-27T06:58:09.90Z,FUV,1,0
2013-12-27,3577335,2013-12-27T06:58:26.17Z,SJI_2796,1,0
2013-12-27,3577337,2013-12-27T06:58:26.24Z,FUV,1,0
2013-12-27,3577338,2013-12-27T06:58:42.53Z,SJI_1400,1,1
2013-12-27,3577340,2013-12-27T06:58:42.60Z,FUV,1,0
2013-12-27,3577341,2013-12-27T06:58:58.89Z,SJI_2796,1,0
2013-12-27,3577343,2013-12-27T06:58:58.96Z,FUV,1,0
2013-12-27,3577344,2013-12-27T07:44:22.45Z,SJI_1400,0,0
2013-12-27,3577346,2013-12-27T07:44:22.52Z,FUV,0,0
2013-12-27,3577347,2013-12-27T07:44:38.80Z,SJI_2796,0,0
2013-12-27,3577352,2013-12-27T07:44:55.23Z,FUV,0,0
2013-12-27,3577356,2013-12-27T07:45:27.89Z,SJI_1400,0,0
2013-12-27,3577358,2013-12-27T07:45:27.96Z,FUV,0,0
2013-12-27,3577359,2013-12-27T07:45:44.24Z,SJI_2796,0,0
2013-12-27,3577364,2013-12-27T07:46:00.72Z,FUV,0,0
2013-12-27,3577368,2013-12-27T07:46:33.34Z,SJI_1400,0,0
2013-12-27,3577370,2013-12-27T07:46:33.41Z,FUV,0,0
2013-12-27,3577371,2013-12-27T07:46:49.70Z,SJI_2796,0,0
2013-12-27,3577376,2013-12-27T07:47:06.13Z,FUV,0,0
2013-12-27,3577380,2013-12-27T07:47:38.79Z,SJI_1400,0,0
2013-12-27,3577382,2013-12-27T07:47:38.86Z,FUV,0,0
2013-12-27,3577383,2013-12-27T07:47:55.14Z,SJI_2796,0,0
2013-12-27,3577388,2013-12-27T07:48:11.59Z,FUV,0,0
2013-12-27,3577392,2013-12-27T07:48:44.24Z,SJI_1400,0,0
2013-12-27,3577394,2013-12-27T07:48:44.31Z,FUV,0,0
2013-12-27,3577395,2013-12-27T07:49:00.61Z,SJI_2796,0,0
2013-12-27,3577400,2013-12-27T07:49:17.06Z,FUV,0,0
2013-12-27,3577404,2013-12-27T07:49:49.70Z,SJI_1400,0,0
2013-12-27,3577406,2013-12-27T07:49:49.77Z,FUV,0,0
2013-12-27,3577407,2013-12-27T07:50:06.05Z,SJI_2796,0,0
2013-12-27,3577412,2013-12-27T07:50:22.49Z,FUV,0,0
2013-12-27,3577416,2013-12-27T07:50:55.18Z,SJI_1400,0,0
2013-12-27,3577418,2013-12-27T07:50:55.25Z,FUV,0,0
2013-12-27,3577419,2013-12-27T07:51:11.52Z,SJI_2796,0,0
2013-12-27,3577424,2013-12-27T07:51:27.96Z,FUV,0,0
2013-12-27,3577428,2013-12-27T07:52:00.60Z,SJI_1400,0,0
2013-12-27,3577430,2013-12-27T07:52:00.67Z,FUV,0,0
2013-12-27,3577431,2013-12-27T07:52:16.95Z,SJI_2796,0,0
2013-12-27,3577436,2013-12-27T07:52:33.40Z,FUV,0,0
2013-12-27,3577440,2013-12-27T07:53:06.09Z,SJI_1400,0,0
2013-12-27,3577442,2013-12-27T07:53:06.16Z,FUV,0,0
2013-12-27,3577443,2013-12-27T07:53:22.42Z,SJI_2796,0,0
2013-12-27,3577448,2013-12-27T07:53:38.87Z,FUV,0,0
2013-12-27,3577452,2013-12-27T07:54:11.51Z,SJI_1400,0,0
2013-12-27,3577454,2013-12-27T07:54:11.58Z,FUV,0,0
2013-12-27,3577455,2013-12-27T07:54:27.86Z,SJI_2796,0,0
2013-12-27,3577460,2013-12-27T07:54:44.33Z,FUV,0,0
2013-12-27,3577464,2013-12-27T07:55:16.96Z,SJI_1400,0,0
2013-12-27,3577466,2013-12-27T07:55:17.03Z,FUV,0,0
2013-12-27,3577467,2013-12-27T07:55:33.33Z,SJI_2796,0,0
2013-12-27,3577472,2013-12-27T07:55:49.78Z,FUV,0,0
2013-12-27,3577476,2013-12-27T07:56:22.42Z,SJI_1400,0,0
2013-12-27,3577478,2013-12-27T07:56:22.49Z,FUV,0,0
2013-12-27,3577479,2013-12-27T07:56:38.77Z,SJI_2796,0,0
2013-12-27,3577484,2013-12-27T07:56:55.21Z,FUV,0,0
2013-12-27,3577488,2013-12-27T07:57:27.87Z,SJI_1400,0,0
2013-12-27,3577490,2013-12-27T07:57:27.94Z,FUV,0,0
2013-12-27,3577491,2013-12-27T07:57:44.24Z,SJI_2796,0,0
2013-12-27,3577496,2013-12-27T07:58:00.68Z,FUV,0,0
2013-12-27,3577500,2013-12-27T07:58:33.32Z,SJI_1400,0,0
2013-12-27,3577502,2013-12-27T07:58:33.39Z,FUV,0,0
2013-12-27,3577503,2013-12-27T07:58:49.67Z,SJI_2796,0,0
2013-12-27,3577508,2013-12-27T07:59:06.12Z,FUV,0,0
2013-12-27,3577512,2013-12-27T07:59:38.81Z,SJI_1400,0,0
2013-12-27,3577514,2013-12-27T07:59:38.88Z,FUV,0,0
2013-12-27,3577515,2013-12-27T07:59:55.14Z,SJI_2796,0,0
2013-12-27,3577520,2013-12-27T08:00:11.58Z,FUV,0,0
2013-12-27,3577524,2013-12-27T08:00:44.25Z,SJI_1400,0,0
2013-12-27,3577526,2013-12-27T08:00:44.32Z,FUV,0,0
2013-12-27,3577527,2013-12-27T08:01:00.58Z,SJI_2796,0,0
2013-12-27,3577532,2013-12-27T08:01:17.02Z,FUV,0,0
2013-12-27,3577536,2013-12-27T08:01:49.72Z,SJI_1400,0,0
2013-12-27,3577538,2013-12-27T08:01:49.79Z,FUV,0,0
2013-12-27,3577539,2013-12-27T08:02:06.08Z,SJI_2796,0,0
2013-12-27,3577544,2013-12-27T08:02:22.54Z,FUV,0,0
2013-12-27,3577548,2013-12-27T08:02:55.17Z,SJI_1400,0,0
2013-12-27,3577550,2013-12-27T08:02:55.24Z,FUV,0,0
2013-12-27,3577551,2013-12-27T08:03:11.55Z,SJI_2796,0,0
2013-12-27,3577556,2013-12-27T08:03:27.99Z,FUV,0,0
2013-12-27,3577560,2013-12-27T08:04:00.64Z,SJI_1400,0,0
2013-12-27,3577562,2013-12-27T08:04:00.71Z,FUV,0,0
2013-12-27,3577563,2013-12-27T08:04:16.99Z,SJI_2796,0,0
2013-12-27,3577568,2013-12-27T08:04:33.43Z,FUV,0,0
2013-12-27,3577572,2013-12-27T08:05:06.09Z,SJI_1400,0,0
2013-12-27,3577574,2013-12-27T08:05:06.16Z,FUV,0,0
2013-12-27,3577575,2013-12-27T08:05:22.45Z,SJI_2796,0,0
2013-12-27,3577580,2013-12-27T08:05:38.88Z,FUV,0,0
2013-12-27,3577584,2013-12-27T08:06:11.56Z,SJI_1400,0,0
2013-12-27,3577586,2013-12-27T08:06:11.63Z,FUV,0,0
2013-12-27,3577587,2013-12-27T08:06:27.89Z,SJI_2796,0,0
2013-12-27,3577592,2013-12-27T08:06:44.33Z,FUV,0,0
2013-12-27,3577596,2013-12-27T08:07:16.99Z,SJI_1400,0,0
2013-12-27,3577598,2013-12-27T08:07:17.06Z,FUV,0,0
2013-12-27,3577599,2013-12-27T08:07:33.36Z,SJI_2796,0,0
2013-12-27,3577604,2013-12-27T08:07:49.81Z,FUV,0,0
2013-12-27,3577608,2013-12-27T08:08:22.44Z,SJI_1400,0,0
2013-12-27,3577610,2013-12-27T08:08:22.51Z,FUV,0,0
2013-12-27,3577611,2013-12-27T08:08:38.80Z,SJI_2796,0,0
2013-12-27,3577616,2013-12-27T08:08:55.27Z,FUV,0,0
2013-12-27,3577620,2013-12-27T08:09:27.89Z,SJI_1400,0,0
2013-12-27,3577622,2013-12-27T08:09:27.96Z,FUV,0,0
2013-12-27,3577623,2013-12-27T08:09:44.27Z,SJI_2796,0,0
2013-12-27,3577628,2013-12-27T08:10:00.71Z,FUV,0,0
2013-12-27,3577632,2013-12-27T08:10:33.34Z,SJI_1400,0,0
2013-12-27,3577634,2013-12-27T08:10:33.42Z,FUV,0,0
2013-12-27,3577635,2013-12-27T08:10:49.70Z,SJI_2796,0,0
2013-12-27,3577640,2013-12-27T08:11:06.14Z,FUV,0,0
2013-12-27,3577644,2013-12-27T08:11:38.83Z,SJI_1400,0,0
2013-12-27,3577646,2013-12-27T08:11:38.90Z,FUV,0,0
2013-12-27,3577647,2013-12-27T08:11:55.17Z,SJI_2796,0,0
2013-12-27,3577652,2013-12-27T08:12:11.59Z,FUV,0,0
2013-12-27,3577656,2013-12-27T08:12:44.26Z,SJI_1400,0,0
2013-12-27,3577658,2013-12-27T08:12:44.33Z,FUV,0,0
2013-12-27,3577659,2013-12-27T08:13:00.61Z,SJI_2796,0,0
2013-12-27,3577664,2013-12-27T08:13:17.07Z,FUV,0,0
2013-12-27,3577668,2013-12-27T08:13:49.70Z,SJI_1400,0,0
2013-12-27,3577670,2013-12-27T08:13:49.77Z,FUV,0,0
2013-12-27,3577671,2013-12-27T08:14:06.08Z,SJI_2796,0,0
2013-12-27,3577676,2013-12-27T08:14:22.51Z,FUV,0,0
2013-12-27,3577680,2013-12-27T08:14:55.16Z,SJI_1400,0,0
2013-12-27,3577682,2013-12-27T08:14:55.23Z,FUV,0,0
2013-12-27,3577683,2013-12-27T08:15:11.52Z,SJI_2796,0,0
2013-12-27,3577688,2013-12-27T08:15:27.98Z,FUV,0,0
2013-12-27,3577692,2013-12-27T08:16:00.61Z,SJI_1400,0,0
2013-12-27,3577694,2013-12-27T08:16:00.68Z,FUV,0,0
2013-12-27,3577695,2013-12-27T08:16:16.99Z,SJI_2796,0,0
2013-12-27,3577700,2013-12-27T08:16:33.41Z,FUV,0,0
2013-12-27,3577704,2013-12-27T08:17:06.09Z,SJI_1400,0,0
2013-12-27,3577706,2013-12-27T08:17:06.17Z,FUV,0,0
2013-12-27,3577707,2013-12-27T08:17:22.42Z,SJI_2796,0,0
2013-12-27,3577712,2013-12-27T08:17:38.89Z,FUV,0,0
2013-12-27,3577716,2013-12-27T08:18:11.52Z,SJI_1400,0,0
2013-12-27,3577718,2013-12-27T08:18:11.59Z,FUV,0,0
2013-12-27,3577719,2013-12-27T08:18:27.89Z,SJI_2796,0,0
2013-12-27,3577724,2013-12-27T08:18:44.31Z,FUV,0,0
2013-12-27,3577728,2013-12-27T08:19:17.00Z,SJI_1400,0,0
2013-12-27,3577730,2013-12-27T08:19:17.07Z,FUV,0,0
2013-12-27,3577731,2013-12-27T08:19:33.36Z,SJI_2796,0,0
2013-12-27,3577736,2013-12-27T08:19:49.81Z,FUV,0,0
2013-12-27,3577740,2013-12-27T08:20:22.45Z,SJI_1400,0,0
2013-12-27,3577742,2013-12-27T08:20:22.52Z,FUV,0,0
2013-12-27,3577743,2013-12-27T08:20:38.83Z,SJI_2796,0,0
2013-12-27,3577748,2013-12-27T08:20:55.28Z,FUV,0,0
2013-12-27,3577749,2013-12-27T08:21:11.55Z,SJI_2796,1,0
2013-12-27,3577751,2013-12-27T08:21:11.62Z,FUV,1,0
2013-12-27,3577752,2013-12-27T08:21:27.93Z,SJI_1400,1,0
2013-12-27,3577754,2013-12-27T08:21:28.00Z,FUV,1,0
2013-12-27,3577755,2013-12-27T08:21:44.27Z,SJI_2796,1,1
2013-12-27,3577757,2013-12-27T08:21:44.34Z,FUV,1,0
2013-12-27,3577758,2013-12-27T08:22:00.64Z,SJI_1400,1,0
2013-12-27,3577760,2013-12-27T08:22:00.71Z,FUV,1,0
2013-12-27,3577761,2013-12-27T08:22:17.02Z,SJI_2796,1,2
2013-12-27,3577763,2013-12-27T08:22:17.09Z,FUV,1,1
2013-12-27,3577764,2013-12-27T08:22:33.37Z,SJI_1400,1,0
2013-12-27,3577766,2013-12-27T08:22:33.44Z,FUV,1,0
2013-12-27,3577767,2013-12-27T08:22:49.74Z,SJI_2796,1,0
2013-12-27,3577769,2013-12-27T08:22:49.81Z,FUV,1,1
2013-12-27,3577770,2013-12-27T08:23:06.12Z,SJI_1400,1,0
2013-12-27,3577772,2013-12-27T08:23:06.19Z,FUV,1,1
2013-12-27,3577773,2013-12-27T08:23:22.45Z,SJI_2796,1,0
2013-12-27,3577775,2013-12-27T08:23:22.52Z,FUV,1,0
2013-12-27,3577776,2013-12-27T08:23:38.83Z,SJI_1400,1,0
2013-12-27,3577778,2013-12-27T08:23:38.90Z,FUV,1,0
2013-12-27,3577779,2013-12-27T08:23:55.17Z,SJI_2796,1,1
2013-12-27,3577781,2013-12-27T08:23:55.24Z,FUV,1,0
2013-12-27,3577782,2013-12-27T08:24:11.56Z,SJI_1400,1,0
2013-12-27,3577784,2013-12-27T08:24:11.63Z,FUV,1,0
2013-12-27,3577785,2013-12-27T08:24:27.92Z,SJI_2796,1,0
2013-12-27,3577787,2013-12-27T08:24:27.99Z,FUV,1,0
2013-12-27,3577788,2013-12-27T08:24:44.27Z,SJI_1400,1,0
2013-12-27,3577790,2013-12-27T08:24:44.34Z,FUV,1,1
2013-12-27,3577791,2013-12-27T08:25:00.64Z,SJI_2796,1,0
2013-12-27,3577793,2013-12-27T08:25:00.71Z,FUV,1,0
2013-12-27,3577794,2013-12-27T08:25:17.00Z,SJI_1400,1,1
2013-12-27,3577796,2013-12-27T08:25:17.07Z,FUV,1,0
2013-12-27,3577797,2013-12-27T08:25:33.36Z,SJI_2796,1,0
2013-12-27,3577799,2013-12-27T08:25:33.43Z,FUV,1,1
2013-12-27,3577800,2013-12-27T08:25:49.73Z,SJI_1400,1,0
2013-12-27,3577802,2013-12-27T08:25:49.80Z,FUV,1,1
2013-12-27,3577803,2013-12-27T08:26:06.08Z,SJI_2796,1,1
2013-12-27,3577805,2013-12-27T08:26:06.15Z,FUV,1,3
2013-12-27,3577806,2013-12-27T08:26:22.45Z,SJI_1400,1,3
2013-12-27,3577808,2013-12-27T08:26:22.52Z,FUV,1,4
2013-12-27,3577809,2013-12-27T08:26:38.83Z,SJI_2796,1,4
2013-12-27,3577811,2013-12-27T08:26:38.90Z,FUV,1,4
2013-12-27,3577812,2013-12-27T08:26:55.22Z,SJI_1400,1,2
2013-12-27,3577814,2013-12-27T08:26:55.29Z,FUV,1,7
2013-12-27,3577815,2013-12-27T08:27:11.55Z,SJI_2796,1,3
2013-12-27,3577817,2013-12-27T08:27:11.62Z,FUV,1,5
2013-12-27,3577818,2013-12-27T08:27:27.93Z,SJI_1400,1,8
2013-12-27,3577820,2013-12-27T08:27:28.00Z,FUV,1,8
2013-12-27,3577821,2013-12-27T08:27:44.27Z,SJI_2796,1,6
2013-12-27,3577823,2013-12-27T08:27:44.34Z,FUV,1,8
2013-12-27,3577824,2013-12-27T08:28:00.65Z,SJI_1400,1,3
2013-12-27,3577826,2013-12-27T08:28:00.72Z,FUV,1,4
2013-12-27,3577827,2013-12-27T08:28:16.99Z,SJI_2796,1,9
2013-12-27,3577829,2013-12-27T08:28:17.06Z,FUV,1,12
2013-12-27,3577830,2013-12-27T08:28:33.37Z,SJI_1400,1,6
2013-12-27,3577832,2013-12-27T08:28:33.44Z,FUV,1,11
2013-12-27,3577833,2013-12-27T08:28:49.74Z,SJI_2796,1,9
2013-12-27,3577835,2013-12-27T08:28:49.81Z,FUV,1,9
2013-12-27,3577836,2013-12-27T08:29:06.09Z,SJI_1400,1,8
2013-12-27,3577838,2013-12-27T08:29:06.16Z,FUV,1,15
2013-12-27,3577839,2013-12-27T08:29:22.45Z,SJI_2796,1,8
2013-12-27,3577841,2013-12-27T08:29:22.52Z,FUV,1,17
2013-12-27,3577842,2013-12-27T08:29:38.81Z,SJI_1400,1,6
2013-12-27,3577844,2013-12-27T08:29:38.88Z,FUV,1,12
2013-12-27,3577845,2013-12-27T08:29:55.17Z,SJI_2796,1,5
2013-12-27,3577847,2013-12-27T08:29:55.24Z,FUV,1,12
2013-12-27,3577848,2013-12-27T08:30:11.56Z,SJI_1400,1,3
2013-12-27,3577850,2013-12-27T08:30:11.63Z,FUV,1,12
2013-12-27,3577851,2013-12-27T08:30:27.89Z,SJI_2796,1,9
2013-12-27,3577853,2013-12-27T08:30:27.96Z,FUV,1,8
2013-12-27,3577854,2013-12-27T08:30:44.29Z,SJI_1400,1,6
2013-12-27,3577856,2013-12-27T08:30:44.36Z,FUV,1,9
2013-12-27,3577857,2013-12-27T08:31:00.64Z,SJI_2796,1,3
2013-12-27,3577859,2013-12-27T08:31:00.71Z,FUV,1,11
2013-12-27,3577860,2013-12-27T08:31:16.99Z,SJI_1400,1,4
2013-12-27,3577862,2013-12-27T08:31:17.06Z,FUV,1,7
2013-12-27,3577863,2013-12-27T08:31:33.36Z,SJI_2796,1,1
2013-12-27,3577865,2013-12-27T08:31:33.43Z,FUV,1,7
2013-12-27,3577866,2013-12-27T08:31:49.73Z,SJI_1400,1,1
2013-12-27,3577868,2013-12-27T08:31:49.80Z,FUV,1,4
2013-12-27,3577869,2013-12-27T08:32:06.08Z,SJI_2796,1,2
2013-12-27,3577871,2013-12-27T08:32:06.15Z,FUV,1,3
2013-12-27,3577872,2013-12-27T08:32:22.45Z,SJI_1400,1,1
2013-12-27,3577874,2013-12-27T08:32:22.52Z,FUV,1,6
2013-12-27,3577875,2013-12-27T08:32:38.80Z,SJI_2796,1,2
2013-12-27,3577877,2013-12-27T08:32:38.87Z,FUV,1,2
2013-12-27,3577878,2013-12-27T08:32:55.20Z,SJI_1400,1,0
2013-12-27,3577880,2013-12-27T08:32:55.27Z,FUV,1,0
2013-12-27,3577881,2013-12-27T08:33:11.55Z,SJI_2796,1,0
2013-12-27,3577883,2013-12-27T08:33:11.62Z,FUV,1,1
2013-12-27,3577884,2013-12-27T08:33:27.91Z,SJI_1400,1,0
2013-12-27,3577886,2013-12-27T08:33:27.98Z,FUV,1,1
2013-12-27,3577887,2013-12-27T08:33:44.27Z,SJI_2796,1,0
2013-12-27,3577889,2013-12-27T08:33:44.34Z,FUV,1,0
2013-12-27,3577890,2013-12-27T08:34:00.67Z,SJI_1400,1,1
2013-12-27,3577892,2013-12-27T08:34:00.74Z,FUV,1,0
2013-12-27,3577893,2013-12-27T08:34:16.99Z,SJI_2796,1,0
2013-12-27,3577895,2013-12-27T08:34:17.06Z,FUV,1,0
2013-12-27,3577896,2013-12-27T08:34:33.35Z,SJI_1400,1,0
2013-12-27,3577898,2013-12-27T08:34:33.42Z,FUV,1,1
2013-12-27,3577899,2013-12-27T08:34:49.70Z,SJI_2796,1,2
2013-12-27,3577901,2013-12-27T08:34:49.77Z,FUV,1,0
2013-12-27,3577902,2013-12-27T08:35:06.09Z,SJI_1400,1,0
2013-12-27,3577904,2013-12-27T08:35:06.16Z,FUV,1,1
2013-12-27,3577905,2013-12-27T08:35:22.45Z,SJI_2796,1,0
2013-12-27,3577907,2013-12-27T08:35:22.52Z,FUV,1,0
2013-12-27,3577908,2013-12-27T08:35:38.81Z,SJI_1400,1,0
2013-12-27,3577910,2013-12-27T08:35:38.88Z,FUV,1,1
2013-12-27,3577911,2013-12-27T08:35:55.17Z,SJI_2796,1,0
2013-12-27,3577913,2013-12-27T08:35:55.24Z,FUV,1,0
2013-12-27,3577914,2013-12-27T08:36:11.53Z,SJI_1400,1,0
2013-12-27,3577916,2013-12-27T08:36:11.60Z,FUV,1,0
2013-12-27,3577917,2013-12-27T08:36:27.89Z,SJI_2796,1,2
2013-12-27,3577919,2013-12-27T08:36:27.96Z,FUV,1,1
2013-12-27,3577920,2013-12-27T09:29:25.30Z,SJI_2796,0,0
2013-12-27,3577922,2013-12-27T09:29:25.37Z,FUV,0,0
2013-12-27,3577925,2013-12-27T09:30:37.40Z,SJI_1400,0,0
2013-12-27,3577928,2013-12-27T09:30:53.77Z,SJI_2796,0,0
2013-12-27,3577930,2013-12-27T09:30:53.84Z,FUV,0,0
2013-12-27,3577936,2013-12-27T09:31:26.56Z,FUV,0,0
2013-12-27,3577937,2013-12-27T09:31:42.86Z,SJI_1400,0,0
2013-12-27,3577940,2013-12-27T09:31:59.20Z,SJI_2796,0,0
2013-12-27,3577942,2013-12-27T09:31:59.28Z,FUV,0,0
2013-12-27,3577948,2013-12-27T09:32:32.02Z,FUV,0,0
2013-12-27,3577949,2013-12-27T09:32:48.33Z,SJI_1400,0,0
2013-12-27,3577952,2013-12-27T09:33:04.67Z,SJI_2796,0,0
2013-12-27,3577954,2013-12-27T09:33:04.74Z,FUV,0,0
2013-12-27,3577960,2013-12-27T09:33:37.46Z,FUV,0,0
2013-12-27,3577961,2013-12-27T09:33:53.81Z,SJI_1400,0,0
2013-12-27,3577964,2013-12-27T09:34:10.14Z,SJI_2796,0,0
2013-12-27,3577966,2013-12-27T09:34:10.21Z,FUV,0,0
2013-12-27,3577972,2013-12-27T09:34:42.93Z,FUV,0,0
2013-12-27,3577973,2013-12-27T09:34:59.24Z,SJI_1400,0,0
2013-12-27,3577976,2013-12-27T09:35:15.58Z,SJI_2796,0,0
2013-12-27,3577978,2013-12-27T09:35:15.65Z,FUV,0,0
2013-12-27,3577984,2013-12-27T09:35:48.37Z,FUV,0,0
2013-12-27,3577985,2013-12-27T09:36:04.68Z,SJI_1400,0,0
2013-12-27,3577988,2013-12-27T09:36:21.05Z,SJI_2796,0,0
2013-12-27,3577990,2013-12-27T09:36:21.12Z,FUV,0,0
2013-12-27,3577996,2013-12-27T09:36:53.84Z,FUV,0,0
2013-12-27,3577997,2013-12-27T09:37:10.13Z,SJI_1400,0,0
2013-12-27,3578000,2013-12-27T09:37:26.49Z,SJI_2796,0,0
2013-12-27,3578002,2013-12-27T09:37:26.56Z,FUV,0,0
2013-12-27,3578008,2013-12-27T09:37:59.27Z,FUV,0,0
2013-12-27,3578009,2013-12-27T09:38:15.59Z,SJI_1400,0,0
2013-12-27,3578012,2013-12-27T09:38:31.92Z,SJI_2796,0,0
2013-12-27,3578014,2013-12-27T09:38:31.99Z,FUV,0,0
2013-12-27,3578020,2013-12-27T09:39:04.74Z,FUV,0,0
2013-12-27,3578021,2013-12-27T09:39:21.04Z,SJI_1400,0,0
2013-12-27,3578024,2013-12-27T09:39:37.39Z,SJI_2796,0,0
2013-12-27,3578026,2013-12-27T09:39:37.46Z,FUV,0,0
2013-12-27,3578032,2013-12-27T09:40:10.18Z,FUV,0,0
2013-12-27,3578033,2013-12-27T09:40:26.50Z,SJI_1400,0,0
2013-12-27,3578036,2013-12-27T09:40:42.86Z,SJI_2796,0,0
2013-12-27,3578038,2013-12-27T09:40:42.93Z,FUV,0,0
2013-12-27,3578044,2013-12-27T09:41:15.65Z,FUV,0,0
2013-12-27,3578045,2013-12-27T09:41:31.93Z,SJI_1400,0,0
2013-12-27,3578048,2013-12-27T09:41:48.30Z,SJI_2796,0,0
2013-12-27,3578050,2013-12-27T09:41:48.37Z,FUV,0,0
2013-12-27,3578056,2013-12-27T09:42:21.09Z,FUV,0,0
2013-12-27,3578057,2013-12-27T09:42:37.39Z,SJI_1400,0,0
2013-12-27,3578060,2013-12-27T09:42:53.77Z,SJI_2796,0,0
2013-12-27,3578062,2013-12-27T09:42:53.84Z,FUV,0,0
2013-12-27,3578068,2013-12-27T09:43:26.56Z,FUV,0,0
2013-12-27,3578069,2013-12-27T09:43:42.86Z,SJI_1400,0,0
2013-12-27,3578072,2013-12-27T09:43:59.20Z,SJI_2796,0,0
2013-12-27,3578074,2013-12-27T09:43:59.28Z,FUV,0,0
2013-12-27,3578080,2013-12-27T09:44:31.99Z,FUV,0,0
2013-12-27,3578081,2013-12-27T09:44:48.31Z,SJI_1400,0,0
2013-12-27,3578084,2013-12-27T09:45:04.67Z,SJI_2796,0,0
2013-12-27,3578086,2013-12-27T09:45:04.74Z,FUV,0,0
2013-12-27,3578092,2013-12-27T09:45:37.46Z,FUV,0,0
2013-12-27,3578093,2013-12-27T09:45:53.77Z,SJI_1400,0,0
2013-12-27,3578096,2013-12-27T09:46:10.11Z,SJI_2796,0,0
2013-12-27,3578098,2013-12-27T09:46:10.18Z,FUV,0,0
2013-12-27,3578104,2013-12-27T09:46:42.90Z,FUV,0,0
2013-12-27,3578105,2013-12-27T09:46:59.20Z,SJI_1400,0,0
2013-12-27,3578108,2013-12-27T09:47:15.58Z,SJI_2796,0,0
2013-12-27,3578110,2013-12-27T09:47:15.65Z,FUV,0,0
2013-12-27,3578116,2013-12-27T09:47:48.37Z,FUV,0,0
2013-12-27,3578117,2013-12-27T09:48:04.70Z,SJI_1400,0,0
2013-12-27,3578120,2013-12-27T09:48:21.05Z,SJI_2796,0,0
2013-12-27,3578122,2013-12-27T09:48:21.12Z,FUV,0,0
2013-12-27,3578128,2013-12-27T09:48:53.87Z,FUV,0,0
2013-12-27,3578129,2013-12-27T09:49:10.15Z,SJI_1400,0,0
2013-12-27,3578132,2013-12-27T09:49:26.52Z,SJI_2796,0,0
2013-12-27,3578134,2013-12-27T09:49:26.59Z,FUV,0,0
2013-12-27,3578140,2013-12-27T09:49:59.31Z,FUV,0,0
2013-12-27,3578141,2013-12-27T09:50:15.60Z,SJI_1400,0,0
2013-12-27,3578144,2013-12-27T09:50:31.95Z,SJI_2796,0,0
2013-12-27,3578146,2013-12-27T09:50:32.02Z,FUV,0,0
2013-12-27,3578152,2013-12-27T09:51:04.77Z,FUV,0,0
2013-12-27,3578153,2013-12-27T09:51:21.06Z,SJI_1400,0,0
2013-12-27,3578156,2013-12-27T09:51:37.42Z,SJI_2796,0,0
2013-12-27,3578158,2013-12-27T09:51:37.49Z,FUV,0,0
2013-12-27,3578164,2013-12-27T09:52:10.21Z,FUV,0,0
2013-12-27,3578165,2013-12-27T09:52:26.51Z,SJI_1400,0,0
2013-12-27,3578168,2013-12-27T09:52:42.86Z,SJI_2796,0,0
2013-12-27,3578170,2013-12-27T09:52:42.93Z,FUV,0,0
2013-12-27,3578176,2013-12-27T09:53:15.68Z,FUV,0,0
2013-12-27,3578177,2013-12-27T09:53:31.99Z,SJI_1400,0,0
2013-12-27,3578180,2013-12-27T09:53:48.33Z,SJI_2796,0,0
2013-12-27,3578182,2013-12-27T09:53:48.40Z,FUV,0,0
2013-12-27,3578188,2013-12-27T09:54:21.12Z,FUV,0,0
2013-12-27,3578189,2013-12-27T09:54:37.42Z,SJI_1400,0,0
2013-12-27,3578192,2013-12-27T09:54:53.77Z,SJI_2796,0,0
2013-12-27,3578194,2013-12-27T09:54:53.84Z,FUV,0,0
2013-12-27,3578200,2013-12-27T09:55:26.59Z,FUV,0,0
2013-12-27,3578201,2013-12-27T09:55:42.89Z,SJI_1400,0,0
2013-12-27,3578204,2013-12-27T09:55:59.24Z,SJI_2796,0,0
2013-12-27,3578206,2013-12-27T09:55:59.31Z,FUV,0,0
2013-12-27,3578212,2013-12-27T09:56:32.02Z,FUV,0,0
2013-12-27,3578213,2013-12-27T09:56:48.32Z,SJI_1400,0,0
2013-12-27,3578216,2013-12-27T09:57:04.67Z,SJI_2796,0,0
2013-12-27,3578218,2013-12-27T09:57:04.74Z,FUV,0,0
2013-12-27,3578224,2013-12-27T09:57:37.49Z,FUV,0,0
2013-12-27,3578225,2013-12-27T09:57:53.77Z,SJI_1400,0,0
2013-12-27,3578228,2013-12-27T09:58:10.14Z,SJI_2796,0,0
2013-12-27,3578230,2013-12-27T09:58:10.21Z,FUV,0,0
2013-12-27,3578236,2013-12-27T09:58:42.93Z,FUV,0,0
2013-12-27,3578237,2013-12-27T09:58:59.27Z,SJI_1400,0,0
2013-12-27,3578240,2013-12-27T09:59:15.58Z,SJI_2796,1,0
2013-12-27,3578242,2013-12-27T09:59:15.65Z,FUV,1,0
2013-12-27,3578243,2013-12-27T09:59:31.95Z,SJI_1400,1,3
2013-12-27,3578245,2013-12-27T09:59:32.02Z,FUV,1,0
2013-12-27,3578246,2013-12-27T09:59:48.33Z,SJI_2796,1,0
2013-12-27,3578248,2013-12-27T09:59:48.40Z,FUV,1,0
2013-12-27,3578249,2013-12-27T10:00:04.71Z,SJI_1400,1,0
2013-12-27,3578251,2013-12-27T10:00:04.78Z,FUV,1,0
2013-12-27,3578252,2013-12-27T10:00:21.05Z,SJI_2796,1,0
2013-12-27,3578254,2013-12-27T10:00:21.12Z,FUV,1,0
2013-12-27,3578255,2013-12-27T10:00:37.41Z,SJI_1400,1,0
2013-12-27,3578257,2013-12-27T10:00:37.48Z,FUV,1,1
2013-12-27,3578258,2013-12-27T10:00:53.77Z,SJI_2796,1,0
2013-12-27,3578260,2013-12-27T10:00:53.84Z,FUV,1,0
2013-12-27,3578261,2013-12-27T10:01:10.14Z,SJI_1400,1,1
2013-12-27,3578263,2013-12-27T10:01:10.21Z,FUV,1,0
2013-12-27,3578264,2013-12-27T10:01:26.49Z,SJI_2796,1,2
2013-12-27,3578266,2013-12-27T10:01:26.56Z,FUV,1,0
2013-12-27,3578267,2013-12-27T10:01:42.89Z,SJI_1400,1,1
2013-12-27,3578269,2013-12-27T10:01:42.96Z,FUV,1,2
2013-12-27,3578270,2013-12-27T10:01:59.24Z,SJI_2796,1,0
2013-12-27,3578272,2013-12-27T10:01:59.31Z,FUV,1,3
2013-12-27,3578273,2013-12-27T10:02:15.59Z,SJI_1400,1,1
2013-12-27,3578275,2013-12-27T10:02:15.66Z,FUV,1,2
2013-12-27,3578276,2013-12-27T10:02:31.95Z,SJI_2796,1,2
2013-12-27,3578278,2013-12-27T10:02:32.02Z,FUV,1,6
2013-12-27,3578279,2013-12-27T10:02:48.34Z,SJI_1400,1,6
2013-12-27,3578281,2013-12-27T10:02:48.41Z,FUV,1,8
2013-12-27,3578282,2013-12-27T10:03:04.67Z,SJI_2796,1,4
2013-12-27,3578284,2013-12-27T10:03:04.74Z,FUV,1,8
2013-12-27,3578285,2013-12-27T10:03:21.04Z,SJI_1400,1,4
2013-12-27,3578287,2013-12-27T10:03:21.11Z,FUV,1,6
2013-12-27,3578288,2013-12-27T10:03:37.39Z,SJI_2796,1,5
2013-12-27,3578290,2013-12-27T10:03:37.46Z,FUV,1,6
2013-12-27,3578291,2013-12-27T10:03:53.77Z,SJI_1400,1,2
2013-12-27,3578293,2013-12-27T10:03:53.84Z,FUV,1,13
2013-12-27,3578294,2013-12-27T10:04:10.14Z,SJI_2796,1,8
2013-12-27,3578296,2013-12-27T10:04:10.21Z,FUV,1,12
2013-12-27,3578297,2013-12-27T10:04:26.52Z,SJI_1400,1,8
2013-12-27,3578299,2013-12-27T10:04:26.59Z,FUV,1,16
2013-12-27,3578300,2013-12-27T10:04:42.86Z,SJI_2796,1,3
2013-12-27,3578302,2013-12-27T10:04:42.93Z,FUV,1,12
2013-12-27,3578303,2013-12-27T10:04:59.22Z,SJI_1400,1,9
2013-12-27,3578305,2013-12-27T10:04:59.29Z,FUV,1,15
2013-12-27,3578306,2013-12-27T10:05:15.58Z,SJI_2796,1,7
2013-12-27,3578308,2013-12-27T10:05:15.65Z,FUV,1,9
2013-12-27,3578309,2013-12-27T10:59:34.40Z,SJI_1400,0,0
2013-12-27,3578312,2013-12-27T10:59:50.77Z,SJI_2796,0,0
2013-12-27,3578314,2013-12-27T10:59:50.84Z,FUV,0,0
2013-12-27,3578320,2013-12-27T11:00:23.56Z,FUV,0,0
2013-12-27,3578321,2013-12-27T11:00:39.89Z,SJI_1400,0,0
2013-12-27,3578324,2013-12-27T11:00:56.24Z,SJI_2796,0,0
2013-12-27,3578326,2013-12-27T11:00:56.31Z,FUV,0,0
2013-12-27,3578332,2013-12-27T11:01:29.02Z,FUV,0,0
2013-12-27,3578333,2013-12-27T11:01:45.34Z,SJI_1400,0,0
2013-12-27,3578336,2013-12-27T11:02:01.67Z,SJI_2796,0,0
2013-12-27,3578338,2013-12-27T11:02:01.74Z,FUV,0,0
2013-12-27,3578344,2013-12-27T11:02:34.46Z,FUV,0,0
2013-12-27,3578345,2013-12-27T11:02:50.77Z,SJI_1400,0,0
2013-12-27,3578348,2013-12-27T11:03:07.14Z,SJI_2796,0,0
2013-12-27,3578350,2013-12-27T11:03:07.21Z,FUV,0,0
2013-12-27,3578356,2013-12-27T11:03:39.93Z,FUV,0,0
2013-12-27,3578357,2013-12-27T11:03:56.24Z,SJI_1400,0,0
2013-12-27,3578360,2013-12-27T11:04:12.58Z,SJI_2796,0,0
2013-12-27,3578362,2013-12-27T11:04:12.65Z,FUV,0,0
2013-12-27,3578368,2013-12-27T11:04:45.37Z,FUV,0,0
2013-12-27,3578369,2013-12-27T11:05:01.69Z,SJI_1400,0,0
2013-12-27,3578372,2013-12-27T11:05:18.05Z,SJI_2796,0,0
2013-12-27,3578374,2013-12-27T11:05:18.12Z,FUV,0,0
2013-12-27,3578380,2013-12-27T11:05:50.84Z,FUV,0,0
2013-12-27,3578381,2013-12-27T11:06:07.15Z,SJI_1400,0,0
2013-12-27,3578384,2013-12-27T11:06:23.49Z,SJI_2796,0,0
2013-12-27,3578386,2013-12-27T11:06:23.56Z,FUV,0,0
2013-12-27,3578392,2013-12-27T11:06:56.27Z,FUV,0,0
2013-12-27,3578393,2013-12-27T11:07:12.58Z,SJI_1400,0,0
2013-12-27,3578396,2013-12-27T11:07:28.92Z,SJI_2796,0,0
2013-12-27,3578398,2013-12-27T11:07:28.99Z,FUV,0,0
2013-12-27,3578404,2013-12-27T11:08:01.74Z,FUV,0,0
2013-12-27,3578405,2013-12-27T11:08:18.07Z,SJI_1400,0,0
2013-12-27,3578408,2013-12-27T11:08:34.39Z,SJI_2796,0,0
2013-12-27,3578410,2013-12-27T11:08:34.46Z,FUV,0,0
2013-12-27,3578416,2013-12-27T11:09:07.18Z,FUV,0,0
2013-12-27,3578417,2013-12-27T11:09:23.49Z,SJI_1400,0,0
2013-12-27,3578420,2013-12-27T11:09:39.86Z,SJI_2796,0,0
2013-12-27,3578422,2013-12-27T11:09:39.93Z,FUV,0,0
2013-12-27,3578428,2013-12-27T11:10:12.65Z,FUV,0,0
2013-12-27,3578429,2013-12-27T11:10:28.94Z,SJI_1400,0,0
2013-12-27,3578432,2013-12-27T11:10:45.30Z,SJI_2796,0,0
2013-12-27,3578434,2013-12-27T11:10:45.37Z,FUV,0,0
2013-12-27,3578440,2013-12-27T11:11:18.09Z,FUV,0,0
2013-12-27,3578441,2013-12-27T11:11:34.43Z,SJI_1400,0,0
2013-12-27,3578444,2013-12-27T11:11:50.77Z,SJI_2796,0,0
2013-12-27,3578446,2013-12-27T11:11:50.84Z,FUV,0,0
2013-12-27,3578452,2013-12-27T11:12:23.56Z,FUV,0,0
2013-12-27,3578453,2013-12-27T11:12:39.89Z,SJI_1400,0,0
2013-12-27,3578456,2013-12-27T11:12:56.20Z,SJI_2796,0,0
2013-12-27,3578458,2013-12-27T11:12:56.27Z,FUV,0,0
2013-12-27,3578464,2013-12-27T11:13:28.99Z,FUV,0,0
2013-12-27,3578465,2013-12-27T11:13:45.30Z,SJI_1400,0,0
2013-12-27,3578468,2013-12-27T11:14:01.67Z,SJI_2796,0,0
2013-12-27,3578470,2013-12-27T11:14:01.74Z,FUV,0,0
2013-12-27,3578476,2013-12-27T11:14:34.46Z,FUV,0,0
2013-12-27,3578477,2013-12-27T11:14:50.75Z,SJI_1400,0,0
2013-12-27,3578480,2013-12-27T11:15:07.11Z,SJI_2796,0,0
2013-12-27,3578482,2013-12-27T11:15:07.18Z,FUV,0,0
2013-12-27,3578488,2013-12-27T11:15:39.90Z,FUV,0,0
2013-12-27,3578489,2013-12-27T11:15:56.21Z,SJI_1400,0,0
2013-12-27,3578492,2013-12-27T11:16:12.58Z,SJI_2796,0,0
2013-12-27,3578494,2013-12-27T11:16:12.65Z,FUV,0,0
2013-12-27,3578500,2013-12-27T11:16:45.37Z,FUV,0,0
2013-12-27,3578501,2013-12-27T11:17:01.72Z,SJI_1400,0,0
2013-12-27,3578504,2013-12-27T11:17:18.05Z,SJI_2796,0,0
2013-12-27,3578506,2013-12-27T11:17:18.12Z,FUV,0,0
2013-12-27,3578512,2013-12-27T11:17:50.87Z,FUV,0,0
2013-12-27,3578513,2013-12-27T11:18:07.17Z,SJI_1400,0,0
2013-12-27,3578516,2013-12-27T11:18:23.52Z,SJI_2796,0,0
2013-12-27,3578518,2013-12-27T11:18:23.59Z,FUV,0,0
2013-12-27,3578524,2013-12-27T11:18:56.31Z,FUV,0,0
2013-12-27,3578525,2013-12-27T11:19:12.62Z,SJI_1400,0,0
2013-12-27,3578528,2013-12-27T11:19:28.95Z,SJI_2796,0,0
2013-12-27,3578530,2013-12-27T11:19:29.02Z,FUV,0,0
2013-12-27,3578536,2013-12-27T11:20:01.74Z,FUV,0,0
2013-12-27,3578537,2013-12-27T11:20:18.06Z,SJI_1400,0,0
2013-12-27,3578540,2013-12-27T11:20:34.42Z,SJI_2796,0,0
2013-12-27,3578542,2013-12-27T11:20:34.49Z,FUV,0,0
2013-12-27,3578548,2013-12-27T11:21:07.21Z,FUV,0,0
2013-12-27,3578549,2013-12-27T11:21:23.51Z,SJI_1400,0,0
2013-12-27,3578552,2013-12-27T11:21:39.86Z,SJI_2796,0,0
2013-12-27,3578554,2013-12-27T11:21:39.93Z,FUV,0,0
2013-12-27,3578560,2013-12-27T11:22:12.68Z,FUV,0,0
2013-12-27,3578561,2013-12-27T11:22:28.98Z,SJI_1400,0,0
2013-12-27,3578564,2013-12-27T11:22:45.33Z,SJI_2796,0,0
2013-12-27,3578566,2013-12-27T11:22:45.40Z,FUV,0,0
2013-12-27,3578572,2013-12-27T11:23:18.12Z,FUV,0,0
2013-12-27,3578573,2013-12-27T11:23:34.42Z,SJI_1400,0,0
2013-12-27,3578576,2013-12-27T11:23:50.77Z,SJI_2796,0,0
2013-12-27,3578578,2013-12-27T11:23:50.84Z,FUV,0,0
2013-12-27,3578584,2013-12-27T11:24:23.59Z,FUV,0,0
2013-12-27,3578585,2013-12-27T11:24:39.87Z,SJI_1400,0,0
2013-12-27,3578588,2013-12-27T11:24:56.24Z,SJI_2796,0,0
2013-12-27,3578590,2013-12-27T11:24:56.31Z,FUV,0,0
2013-12-27,3578596,2013-12-27T11:25:29.02Z,FUV,0,0
2013-12-27,3578597,2013-12-27T11:25:45.34Z,SJI_1400,0,0
2013-12-27,3578600,2013-12-27T11:26:01.67Z,SJI_2796,0,0
2013-12-27,3578602,2013-12-27T11:26:01.74Z,FUV,0,0
2013-12-27,3578608,2013-12-27T11:26:34.49Z,FUV,0,0
2013-12-27,3578609,2013-12-27T11:26:50.77Z,SJI_1400,0,0
2013-12-27,3578612,2013-12-27T11:27:07.14Z,SJI_2796,0,0
2013-12-27,3578614,2013-12-27T11:27:07.21Z,FUV,0,0
2013-12-27,3578620,2013-12-27T11:27:39.93Z,FUV,0,0
2013-12-27,3578621,2013-12-27T11:27:56.23Z,SJI_1400,0,0
2013-12-27,3578624,2013-12-27T11:28:12.58Z,SJI_2796,0,0
2013-12-27,3578626,2013-12-27T11:28:12.65Z,FUV,0,0
2013-12-27,3578632,2013-12-27T11:28:45.40Z,FUV,0,0
2013-12-27,3578633,2013-12-27T11:29:01.68Z,SJI_1400,0,0
2013-12-27,3578636,2013-12-27T11:29:18.05Z,SJI_2796,0,0
2013-12-27,3578638,2013-12-27T11:29:18.12Z,FUV,0,0
2013-12-27,3578644,2013-12-27T11:29:50.84Z,FUV,0,0
2013-12-27,3578645,2013-12-27T11:30:07.17Z,SJI_1400,0,0
2013-12-27,3578648,2013-12-27T11:30:23.49Z,SJI_2796,0,0
2013-12-27,3578650,2013-12-27T11:30:23.56Z,FUV,0,0
2013-12-27,3578656,2013-12-27T11:30:56.31Z,FUV,0,0
2013-12-27,3578657,2013-12-27T11:31:12.61Z,SJI_1400,0,0
2013-12-27,3578660,2013-12-27T11:31:28.95Z,SJI_2796,0,0
2013-12-27,3578662,2013-12-27T11:31:29.02Z,FUV,0,0
2013-12-27,3578668,2013-12-27T11:32:01.74Z,FUV,0,0
2013-12-27,3578669,2013-12-27T11:32:18.06Z,SJI_1400,0,0
2013-12-27,3578672,2013-12-27T11:32:34.39Z,SJI_2796,0,0
2013-12-27,3578674,2013-12-27T11:32:34.46Z,FUV,0,0
2013-12-27,3578680,2013-12-27T11:33:07.21Z,FUV,0,0
2013-12-27,3578681,2013-12-27T11:33:23.49Z,SJI_1400,0,0
2013-12-27,3578684,2013-12-27T11:33:39.86Z,SJI_2796,0,0
2013-12-27,3578686,2013-12-27T11:33:39.93Z,FUV,0,0
2013-12-27,3578692,2013-12-27T11:34:12.65Z,FUV,0,0
2013-12-27,3578693,2013-12-27T11:34:28.99Z,SJI_1400,0,0
2013-12-27,3578696,2013-12-27T11:34:45.36Z,SJI_2796,0,0
2013-12-27,3578698,2013-12-27T11:34:45.43Z,FUV,0,0
2013-12-27,3578704,2013-12-27T11:35:18.15Z,FUV,0,0
2013-12-27,3578705,2013-12-27T11:35:34.43Z,SJI_1400,0,0
2013-12-27,3578708,2013-12-27T11:35:50.80Z,SJI_2796,0,0
2013-12-27,3578710,2013-12-27T11:35:50.87Z,FUV,0,0
2013-12-27,3578716,2013-12-27T11:36:23.59Z,FUV,0,0
2013-12-27,3578717,2013-12-27T11:36:39.90Z,SJI_1400,0,0
2013-12-27,3578720,2013-12-27T11:36:56.27Z,SJI_2796,0,0
2013-12-27,3578722,2013-12-27T11:36:56.34Z,FUV,0,0
2013-12-27,3578728,2013-12-27T11:37:29.06Z,FUV,0,0
2013-12-27,3578729,2013-12-27T11:37:45.37Z,SJI_1400,0,0
2013-12-27,3578732,2013-12-27T11:38:01.70Z,SJI_2796,0,0
2013-12-27,3578734,2013-12-27T11:38:01.77Z,FUV,0,0
2013-12-27,3578735,2013-12-27T11:38:18.08Z,SJI_1400,1,0
2013-12-27,3578737,2013-12-27T11:38:18.15Z,FUV,1,0
2013-12-27,3578738,2013-12-27T11:38:34.42Z,SJI_2796,1,0
2013-12-27,3578740,2013-12-27T11:38:34.49Z,FUV,1,0
2013-12-27,3578741,2013-12-27T11:38:50.82Z,SJI_1400,1,2
2013-12-27,3578743,2013-12-27T11:38:50.89Z,FUV,1,0
2013-12-27,3578744,2013-12-27T11:39:07.17Z,SJI_2796,1,0
2013-12-27,3578746,2013-12-27T11:39:07.24Z,FUV,1,0
2013-12-27,3578747,2013-12-27T11:39:23.53Z,SJI_1400,1,3
2013-12-27,3578749,2013-12-27T11:39:23.60Z,FUV,1,1
2013-12-27,3578750,2013-12-27T11:39:39.89Z,SJI_2796,1,0
2013-12-27,3578752,2013-12-27T11:39:39.96Z,FUV,1,0
2013-12-27,3578753,2013-12-27T11:39:56.25Z,SJI_1400,1,1
2013-12-27,3578755,2013-12-27T11:39:56.32Z,FUV,1,0
2013-12-27,3578756,2013-12-27T11:40:12.61Z,SJI_2796,1,1
2013-12-27,3578758,2013-12-27T11:40:12.68Z,FUV,1,0
2013-12-27,3578759,2013-12-27T11:40:28.99Z,SJI_1400,1,2
2013-12-27,3578761,2013-12-27T11:40:29.06Z,FUV,1,0
2013-12-27,3578762,2013-12-27T11:40:45.33Z,SJI_2796,1,0
2013-12-27,3578764,2013-12-27T11:40:45.40Z,FUV,1,0
2013-12-27,3578765,2013-12-27T11:41:01.71Z,SJI_1400,1,0
2013-12-27,3578767,2013-12-27T11:41:01.78Z,FUV,1,1
2013-12-27,3578768,2013-12-27T11:41:18.08Z,SJI_2796,1,0
2013-12-27,3578770,2013-12-27T11:41:18.15Z,FUV,1,0
2013-12-27,3578771,2013-12-27T11:41:34.44Z,SJI_1400,1,0
2013-12-27,3578773,2013-12-27T11:41:34.51Z,FUV,1,0
2013-12-27,3578774,2013-12-27T11:41:50.80Z,SJI_2796,1,1
2013-12-27,3578776,2013-12-27T11:41:50.87Z,FUV,1,1
2013-12-27,3578777,2013-12-27T11:42:07.17Z,SJI_1400,1,1
2013-12-27,3578779,2013-12-27T11:42:07.24Z,FUV,1,0
2013-12-27,3578780,2013-12-27T11:42:23.52Z,SJI_2796,1,1
2013-12-27,3578782,2013-12-27T11:42:23.59Z,FUV,1,0
2013-12-27,3578783,2013-12-27T11:42:39.89Z,SJI_1400,1,2
2013-12-27,3578785,2013-12-27T11:42:39.96Z,FUV,1,1
2013-12-27,3578786,2013-12-27T11:42:56.24Z,SJI_2796,1,0
2013-12-27,3578788,2013-12-27T11:42:56.31Z,FUV,1,0
2013-12-27,3578789,2013-12-27T11:43:12.67Z,SJI_1400,1,2
2013-12-27,3578791,2013-12-27T11:43:12.74Z,FUV,1,0
2013-12-27,3578792,2013-12-27T11:43:28.99Z,SJI_2796,1,0
2013-12-27,3578794,2013-12-27T11:43:29.06Z,FUV,1,0
2013-12-27,3578795,2013-12-27T11:43:45.34Z,SJI_1400,1,1
2013-12-27,3578797,2013-12-27T11:43:45.41Z,FUV,1,0
2013-12-27,3578798,2013-12-27T11:44:01.70Z,SJI_2796,1,0
2013-12-27,3578800,2013-12-27T11:44:01.77Z,FUV,1,0
2013-12-27,3578801,2013-12-27T11:44:18.06Z,SJI_1400,1,2
2013-12-27,3578803,2013-12-27T11:44:18.13Z,FUV,1,0
2013-12-27,3578804,2013-12-27T11:44:34.42Z,SJI_2796,1,0
2013-12-27,3578806,2013-12-27T11:44:34.49Z,FUV,1,0
2013-12-27,3578807,2013-12-27T11:44:50.83Z,SJI_1400,1,0
2013-12-27,3578809,2013-12-27T11:44:50.90Z,FUV,1,0
2013-12-27,3578810,2013-12-27T11:45:07.14Z,SJI_2796,1,0
2013-12-27,3578812,2013-12-27T11:45:07.21Z,FUV,1,0
2013-12-27,3578813,2013-12-27T11:45:23.52Z,SJI_1400,1,0
2013-12-27,3578815,2013-12-27T11:45:23.59Z,FUV,1,1
2013-12-27,3578816,2013-12-27T11:45:39.89Z,SJI_2796,1,0
2013-12-27,3578818,2013-12-27T11:45:39.96Z,FUV,1,0
2013-12-27,3578819,2013-12-27T11:45:56.27Z,SJI_1400,1,2
2013-12-27,3578821,2013-12-27T11:45:56.34Z,FUV,1,0
2013-12-27,3578822,2013-12-27T11:46:12.61Z,SJI_2796,1,2
2013-12-27,3578824,2013-12-27T11:46:12.68Z,FUV,1,1
2013-12-27,3578825,2013-12-27T11:46:28.97Z,SJI_1400,1,0
2013-12-27,3578827,2013-12-27T11:46:29.04Z,FUV,1,0
2013-12-27,3578828,2013-12-27T11:46:45.33Z,SJI_2796,1,0
2013-12-27,3578830,2013-12-27T11:46:45.40Z,FUV,1,0
2013-12-27,3578831,2013-12-27T11:47:01.71Z,SJI_1400,1,0
2013-12-27,3578833,2013-12-27T11:47:01.78Z,FUV,1,0
2013-12-27,3578834,2013-12-27T11:47:18.05Z,SJI_2796,1,0
2013-12-27,3578836,2013-12-27T11:47:18.12Z,FUV,1,0
2013-12-27,3578837,2013-12-27T11:47:34.44Z,SJI_1400,1,1
2013-12-27,3578839,2013-12-27T11:47:34.51Z,FUV,1,0
2013-12-27,3578840,2013-12-27T11:47:50.80Z,SJI_2796,1,0
2013-12-27,3578842,2013-12-27T11:47:50.87Z,FUV,1,0
2013-12-27,3578848,2013-12-27T11:48:23.59Z,FUV,0,0
2013-12-27,3578849,2013-12-27T11:48:39.91Z,SJI_1400,0,0
2013-12-27,3578852,2013-12-27T11:48:56.24Z,SJI_2796,0,0
2013-12-27,3578854,2013-12-27T11:48:56.31Z,FUV,0,0
2013-12-27,3578860,2013-12-27T11:49:29.02Z,FUV,0,0
2013-12-27,3578861,2013-12-27T11:49:45.33Z,SJI_1400,0,0
2013-12-27,3578864,2013-12-27T11:50:01.67Z,SJI_2796,0,0
2013-12-27,3578866,2013-12-27T11:50:01.74Z,FUV,0,0
2013-12-27,3578872,2013-12-27T11:50:34.49Z,FUV,0,0
2013-12-27,3578873,2013-12-27T11:50:50.79Z,SJI_1400,0,0
2013-12-27,3578876,2013-12-27T11:51:07.14Z,SJI_2796,0,0
2013-12-27,3578878,2013-12-27T11:51:07.21Z,FUV,0,0
2013-12-27,3578884,2013-12-27T11:51:39.93Z,FUV,0,0
2014-04-16,5141374,2014-04-16T07:50:31.31Z,SJI_1400,0,0
2014-04-16,5141376,2014-04-16T07:50:31.38Z,FUV,0,0
2014-04-16,5141377,2014-04-16T07:50:48.09Z,SJI_2796,0,0
2014-04-16,5141382,2014-04-16T07:51:04.63Z,FUV,0,0
2014-04-16,5141386,2014-04-16T07:51:37.62Z,SJI_1400,0,0
2014-04-16,5141388,2014-04-16T07:51:37.69Z,FUV,0,0
2014-04-16,5141389,2014-04-16T07:51:54.18Z,SJI_2796,0,0
2014-04-16,5141394,2014-04-16T07:52:10.72Z,FUV,0,0
2014-04-16,5141398,2014-04-16T07:52:43.81Z,SJI_1400,0,0
2014-04-16,5141400,2014-04-16T07:52:43.88Z,FUV,0,0
2014-04-16,5141401,2014-04-16T07:53:00.49Z,SJI_2796,0,0
2014-04-16,5141406,2014-04-16T07:53:17.03Z,FUV,0,0
2014-04-16,5141410,2014-04-16T07:53:50.02Z,SJI_1400,0,0
2014-04-16,5141412,2014-04-16T07:53:50.10Z,FUV,0,0
2014-04-16,5141413,2014-04-16T07:54:06.59Z,SJI_2796,0,0
2014-04-16,5141418,2014-04-16T07:54:23.13Z,FUV,0,0
2014-04-16,5141422,2014-04-16T07:54:56.23Z,SJI_1400,0,0
2014-04-16,5141424,2014-04-16T07:54:56.30Z,FUV,0,0
2014-04-16,5141425,2014-04-16T07:55:12.90Z,SJI_2796,0,0
2014-04-16,5141430,2014-04-16T07:55:29.44Z,FUV,0,0
2014-04-16,5141434,2014-04-16T07:56:02.43Z,SJI_1400,0,0
2014-04-16,5141436,2014-04-16T07:56:02.50Z,FUV,0,0
2014-04-16,5141437,2014-04-16T07:56:18.99Z,SJI_2796,0,0
2014-04-16,5141442,2014-04-16T07:56:35.53Z,FUV,0,0
2014-04-16,5141446,2014-04-16T07:57:08.65Z,SJI_1400,0,0
2014-04-16,5141448,2014-04-16T07:57:08.72Z,FUV,0,0
2014-04-16,5141449,2014-04-16T07:57:25.31Z,SJI_2796,0,0
2014-04-16,5141454,2014-04-16T07:57:41.85Z,FUV,0,0
2014-04-16,5141458,2014-04-16T07:58:14.84Z,SJI_1400,0,0
2014-04-16,5141460,2014-04-16T07:58:14.91Z,FUV,0,0
2014-04-16,5141461,2014-04-16T07:58:31.40Z,SJI_2796,0,0
2014-04-16,5141466,2014-04-16T07:58:47.94Z,FUV,0,0
2014-04-16,5141470,2014-04-16T07:59:21.02Z,SJI_1400,0,0
2014-04-16,5141472,2014-04-16T07:59:21.09Z,FUV,0,0
2014-04-16,5141473,2014-04-16T07:59:37.71Z,SJI_2796,0,0
2014-04-16,5141478,2014-04-16T07:59:54.25Z,FUV,0,0
2014-04-16,5141482,2014-04-16T08:00:27.24Z,SJI_1400,0,0
2014-04-16,5141484,2014-04-16T08:00:27.31Z,FUV,0,0
2014-04-16,5141485,2014-04-16T08:00:43.81Z,SJI_2796,0,0
2014-04-16,5141490,2014-04-16T08:01:00.35Z,FUV,0,0
2014-04-16,5141494,2014-04-16T08:01:33.42Z,SJI_1400,0,0
2014-04-16,5141496,2014-04-16T08:01:33.49Z,FUV,0,0
2014-04-16,5141497,2014-04-16T08:01:50.12Z,SJI_2796,0,0
2014-04-16,5141502,2014-04-16T08:02:06.66Z,FUV,0,0
2014-04-16,5141506,2014-04-16T08:02:39.65Z,SJI_1400,0,0
2014-04-16,5141508,2014-04-16T08:02:39.72Z,FUV,0,0
2014-04-16,5141509,2014-04-16T08:02:56.21Z,SJI_2796,0,0
2014-04-16,5141514,2014-04-16T08:03:12.75Z,FUV,0,0
2014-04-16,5141518,2014-04-16T08:03:45.85Z,SJI_1400,0,0
2014-04-16,5141520,2014-04-16T08:03:45.92Z,FUV,0,0
2014-04-16,5141521,2014-04-16T08:04:02.53Z,SJI_2796,0,0
2014-04-16,5141526,2014-04-16T08:04:19.06Z,FUV,0,0
2014-04-16,5141530,2014-04-16T08:04:52.06Z,SJI_1400,0,0
2014-04-16,5141532,2014-04-16T08:04:52.13Z,FUV,0,0
2014-04-16,5141533,2014-04-16T08:05:08.62Z,SJI_2796,1,0
2014-04-16,5141535,2014-04-16T08:05:08.69Z,FUV,1,0
2014-04-16,5141536,2014-04-16T08:05:25.09Z,SJI_1400,1,0
2014-04-16,5141538,2014-04-16T08:05:25.16Z,FUV,1,0
2014-04-16,5141539,2014-04-16T08:05:41.65Z,SJI_2796,1,0
2014-04-16,5141541,2014-04-16T08:05:41.72Z,FUV,1,0
2014-04-16,5141542,2014-04-16T08:05:58.24Z,SJI_1400,1,0
2014-04-16,5141544,2014-04-16T08:05:58.31Z,FUV,1,1
2014-04-16,5141545,2014-04-16T08:06:14.93Z,SJI_2796,1,0
2014-04-16,5141547,2014-04-16T08:06:15.00Z,FUV,1,0
2014-04-16,5141548,2014-04-16T08:06:31.40Z,SJI_1400,1,0
2014-04-16,5141550,2014-04-16T08:06:31.47Z,FUV,1,0
2014-04-16,5141551,2014-04-16T08:06:47.99Z,SJI_2796,1,0
2014-04-16,5141553,2014-04-16T08:06:48.06Z,FUV,1,0
2014-04-16,5141554,2014-04-16T08:07:04.46Z,SJI_1400,1,0
2014-04-16,5141556,2014-04-16T08:07:04.53Z,FUV,1,0
2014-04-16,5141557,2014-04-16T08:07:21.02Z,SJI_2796,1,0
2014-04-16,5141559,2014-04-16T08:07:21.10Z,FUV,1,0
2014-04-16,5141560,2014-04-16T08:07:37.49Z,SJI_1400,1,0
2014-04-16,5141562,2014-04-16T08:07:37.56Z,FUV,1,0
2014-04-16,5141563,2014-04-16T08:07:54.06Z,SJI_2796,1,0
2014-04-16,5141565,2014-04-16T08:07:54.13Z,FUV,1,0
2014-04-16,5141566,2014-04-16T08:08:10.69Z,SJI_1400,1,2
2014-04-16,5141568,2014-04-16T08:08:10.76Z,FUV,1,2
2014-04-16,5141569,2014-04-16T08:08:27.34Z,SJI_2796,1,0
2014-04-16,5141571,2014-04-16T08:08:27.41Z,FUV,1,0
2014-04-16,5141572,2014-04-16T08:08:43.81Z,SJI_1400,1,0
2014-04-16,5141574,2014-04-16T08:08:43.88Z,FUV,1,0
2014-04-16,5141575,2014-04-16T08:09:00.40Z,SJI_2796,1,0
2014-04-16,5141577,2014-04-16T08:09:00.47Z,FUV,1,0
2014-04-16,5141578,2014-04-16T08:09:16.87Z,SJI_1400,1,1
2014-04-16,5141580,2014-04-16T08:09:16.94Z,FUV,1,0
2014-04-16,5141581,2014-04-16T08:09:33.43Z,SJI_2796,1,0
2014-04-16,5141583,2014-04-16T08:09:33.50Z,FUV,1,1
2014-04-16,5141584,2014-04-16T08:09:49.90Z,SJI_1400,1,0
2014-04-16,5141586,2014-04-16T08:09:49.97Z,FUV,1,2
2014-04-16,5141587,2014-04-16T08:10:06.46Z,SJI_2796,1,0
2014-04-16,5141589,2014-04-16T08:10:06.53Z,FUV,1,0
2014-04-16,5141590,2014-04-16T08:10:23.06Z,SJI_1400,1,1
2014-04-16,5141592,2014-04-16T08:10:23.13Z,FUV,1,2
2014-04-16,5141593,2014-04-16T08:10:39.74Z,SJI_2796,1,0
2014-04-16,5141595,2014-04-16T08:10:39.81Z,FUV,1,2
2014-04-16,5141596,2014-04-16T08:10:56.21Z,SJI_1400,1,0
2014-04-16,5141598,2014-04-16T08:10:56.28Z,FUV,1,1
2014-04-16,5141599,2014-04-16T08:11:12.81Z,SJI_2796,1,1
2014-04-16,5141601,2014-04-16T08:11:12.88Z,FUV,1,0
2014-04-16,5141602,2014-04-16T08:11:29.27Z,SJI_1400,1,0
2014-04-16,5141604,2014-04-16T08:11:29.35Z,FUV,1,0
2014-04-16,5141605,2014-04-16T08:11:45.84Z,SJI_2796,1,0
2014-04-16,5141607,2014-04-16T08:11:45.91Z,FUV,1,1
2014-04-16,5141608,2014-04-16T08:12:02.31Z,SJI_1400,1,0
2014-04-16,5141610,2014-04-16T08:12:02.38Z,FUV,1,3
2014-04-16,5141611,2014-04-16T08:12:18.87Z,SJI_2796,1,1
2014-04-16,5141613,2014-04-16T08:12:18.94Z,FUV,1,1
2014-04-16,5141614,2014-04-16T08:12:35.49Z,SJI_1400,1,0
2014-04-16,5141616,2014-04-16T08:12:35.56Z,FUV,1,1
2014-04-16,5141617,2014-04-16T08:12:52.15Z,SJI_2796,1,0
2014-04-16,5141619,2014-04-16T08:12:52.22Z,FUV,1,3
2014-04-16,5141620,2014-04-16T08:13:08.62Z,SJI_1400,1,0
2014-04-16,5141622,2014-04-16T08:13:08.69Z,FUV,1,8
2014-04-16,5141623,2014-04-16T08:13:25.21Z,SJI_2796,1,1
2014-04-16,5141625,2014-04-16T08:13:25.28Z,FUV,1,2
2014-04-16,5141626,2014-04-16T08:13:41.68Z,SJI_1400,1,0
2014-04-16,5141628,2014-04-16T08:13:41.75Z,FUV,1,4
2014-04-16,5141629,2014-04-16T08:13:58.24Z,SJI_2796,1,0
2014-04-16,5141631,2014-04-16T08:13:58.31Z,FUV,1,3
2014-04-16,5141632,2014-04-16T08:14:14.71Z,SJI_1400,1,1
2014-04-16,5141634,2014-04-16T08:14:14.78Z,FUV,1,4
2014-04-16,5141635,2014-04-16T08:14:31.27Z,SJI_2796,1,1
2014-04-16,5141637,2014-04-16T08:14:31.35Z,FUV,1,3
2014-04-16,5141638,2014-04-16T08:14:47.89Z,SJI_1400,1,2
2014-04-16,5141640,2014-04-16T08:14:47.96Z,FUV,1,3
2014-04-16,5141641,2014-04-16T08:15:04.56Z,SJI_2796,1,2
2014-04-16,5141643,2014-04-16T08:15:04.63Z,FUV,1,7
2014-04-16,5141644,2014-04-16T08:15:21.02Z,SJI_1400,1,1
2014-04-16,5141646,2014-04-16T08:15:21.10Z,FUV,1,7
2014-04-16,5141647,2014-04-16T08:15:37.62Z,SJI_2796,1,2
2014-04-16,5141649,2014-04-16T08:15:37.69Z,FUV,1,5
2014-04-16,5141650,2014-04-16T08:15:54.09Z,SJI_1400,1,2
2014-04-16,5141652,2014-04-16T08:15:54.16Z,FUV,1,5
2014-04-16,5141653,2014-04-16T08:16:10.65Z,SJI_2796,1,2
2014-04-16,5141655,2014-04-16T08:16:10.72Z,FUV,1,3
2014-04-16,5141656,2014-04-16T08:16:27.12Z,SJI_1400,1,1
2014-04-16,5141658,2014-04-16T08:16:27.19Z,FUV,1,4
2014-04-16,5141659,2014-04-16T08:16:43.68Z,SJI_2796,1,0
2014-04-16,5141661,2014-04-16T08:16:43.75Z,FUV,1,3
2014-04-16,5141662,2014-04-16T08:17:00.27Z,SJI_1400,1,0
2014-04-16,5141664,2014-04-16T08:17:00.34Z,FUV,1,4
2014-04-16,5141665,2014-04-16T08:17:16.96Z,SJI_2796,1,0
2014-04-16,5141667,2014-04-16T08:17:17.03Z,FUV,1,5
2014-04-16,5141668,2014-04-16T08:17:33.43Z,SJI_1400,1,0
2014-04-16,5141670,2014-04-16T08:17:33.50Z,FUV,1,2
2014-04-16,5141671,2014-04-16T08:17:50.02Z,SJI_2796,1,0
2014-04-16,5141673,2014-04-16T08:17:50.10Z,FUV,1,1
2014-04-16,5141674,2014-04-16T08:18:06.49Z,SJI_1400,1,0
2014-04-16,5141676,2014-04-16T08:18:06.56Z,FUV,1,1
2014-04-16,5141677,2014-04-16T08:18:23.06Z,SJI_2796,1,0
2014-04-16,5141679,2014-04-16T08:18:23.13Z,FUV,1,0
2014-04-16,5141680,2014-04-16T08:18:39.52Z,SJI_1400,1,0
2014-04-16,5141682,2014-04-16T08:18:39.60Z,FUV,1,0
2014-04-16,5141683,2014-04-16T08:18:56.09Z,SJI_2796,1,0
2014-04-16,5141685,2014-04-16T08:18:56.16Z,FUV,1,0
2014-04-16,5141686,2014-04-16T08:19:12.70Z,SJI_1400,1,0
2014-04-16,5141688,2014-04-16T08:19:12.77Z,FUV,1,2
2014-04-16,5141689,2014-04-16T08:19:29.37Z,SJI_2796,1,0
2014-04-16,5141691,2014-04-16T08:19:29.44Z,FUV,1,0
2014-04-16,5141692,2014-04-16T08:19:45.84Z,SJI_1400,1,0
2014-04-16,5141694,2014-04-16T08:19:45.91Z,FUV,1,1
2014-04-16,5141695,2014-04-16T08:20:02.43Z,SJI_2796,1,0
2014-04-16,5141697,2014-04-16T08:20:02.50Z,FUV,1,0
2014-04-16,5141698,2014-04-16T08:20:18.90Z,SJI_1400,1,0
2014-04-16,5141700,2014-04-16T08:20:18.97Z,FUV,1,1
2014-04-16,5141701,2014-04-16T08:20:35.46Z,SJI_2796,1,0
2014-04-16,5141703,2014-04-16T08:20:35.53Z,FUV,1,0
2014-04-16,5141704,2014-04-16T08:20:51.93Z,SJI_1400,1,0
2014-04-16,5141706,2014-04-16T08:20:52.00Z,FUV,1,0
2014-04-16,5141707,2014-04-16T08:21:08.49Z,SJI_2796,1,0
2014-04-16,5141709,2014-04-16T08:21:08.56Z,FUV,1,0
2014-04-16,5141710,2014-04-16T08:21:25.14Z,SJI_1400,1,0
2014-04-16,5141712,2014-04-16T08:21:25.21Z,FUV,1,1
2014-04-16,5141713,2014-04-16T08:21:41.77Z,SJI_2796,1,0
2014-04-16,5141715,2014-04-16T08:21:41.85Z,FUV,1,0
2014-04-16,5141716,2014-04-16T08:21:58.24Z,SJI_1400,1,1
2014-04-16,5141718,2014-04-16T08:21:58.31Z,FUV,1,0
2014-04-16,5141719,2014-04-16T08:22:14.84Z,SJI_2796,1,0
2014-04-16,5141721,2014-04-16T08:22:14.91Z,FUV,1,0
2014-04-16,5141722,2014-04-16T08:22:31.31Z,SJI_1400,1,0
2014-04-16,5141724,2014-04-16T08:22:31.38Z,FUV,1,0
2014-04-16,5141725,2014-04-16T08:22:47.87Z,SJI_2796,0,0
2014-04-16,5141730,2014-04-16T08:23:04.41Z,FUV,0,0
2014-04-16,5141734,2014-04-16T08:23:37.53Z,SJI_1400,0,0
2014-04-16,5141736,2014-04-16T08:23:37.60Z,FUV,0,0
2014-04-16,5141737,2014-04-16T08:23:54.18Z,SJI_2796,0,0
2014-04-16,5141742,2014-04-16T08:24:10.72Z,FUV,0,0
2014-04-16,5141746,2014-04-16T08:24:43.71Z,SJI_1400,0,0
2014-04-16,5141748,2014-04-16T08:24:43.78Z,FUV,0,0
2014-04-16,5141749,2014-04-16T08:25:00.27Z,SJI_2796,0,0
2014-04-16,5141754,2014-04-16T08:25:16.81Z,FUV,0,0
2014-04-16,5141758,2014-04-16T08:25:49.90Z,SJI_1400,0,0
2014-04-16,5141760,2014-04-16T08:25:49.97Z,FUV,0,0
2014-04-16,5141761,2014-04-16T08:26:06.59Z,SJI_2796,0,0
2014-04-16,5141766,2014-04-16T08:26:23.13Z,FUV,0,0
2014-04-16,5141770,2014-04-16T08:26:56.12Z,SJI_1400,0,0
2014-04-16,5141772,2014-04-16T08:26:56.19Z,FUV,0,0
2014-04-16,5141773,2014-04-16T08:27:12.68Z,SJI_2796,0,0
2014-04-16,5141778,2014-04-16T08:27:29.22Z,FUV,0,0
2014-04-16,5141782,2014-04-16T08:28:02.31Z,SJI_1400,0,0
2014-04-16,5141784,2014-04-16T08:28:02.39Z,FUV,0,0
2014-04-16,5141785,2014-04-16T08:28:18.99Z,SJI_2796,0,0
2014-04-16,5141790,2014-04-16T08:28:35.53Z,FUV,0,0
2014-04-16,5141794,2014-04-16T08:29:08.52Z,SJI_1400,0,0
2014-04-16,5141796,2014-04-16T08:29:08.60Z,FUV,0,0
2014-04-16,5141797,2014-04-16T08:29:25.09Z,SJI_2796,0,0
2014-04-16,5141802,2014-04-16T08:29:41.63Z,FUV,0,0
2014-04-16,5141806,2014-04-16T08:30:14.74Z,SJI_1400,0,0
2014-04-16,5141808,2014-04-16T08:30:14.81Z,FUV,0,0
2014-04-16,5141809,2014-04-16T08:30:31.40Z,SJI_2796,0,0
2014-04-16,5141814,2014-04-16T08:30:47.94Z,FUV,0,0
2014-04-16,5141818,2014-04-16T08:31:20.93Z,SJI_1400,0,0
2014-04-16,5141820,2014-04-16T08:31:21.00Z,FUV,0,0
2014-04-16,5141821,2014-04-16T08:31:37.49Z,SJI_2796,0,0
2014-04-16,5141826,2014-04-16T08:31:54.03Z,FUV,0,0
2014-04-16,5141830,2014-04-16T08:32:27.11Z,SJI_1400,0,0
2014-04-16,5141832,2014-04-16T08:32:27.18Z,FUV,0,0
2014-04-16,5141833,2014-04-16T08:32:43.81Z,SJI_2796,0,0
2014-04-16,5141838,2014-04-16T08:33:00.35Z,FUV,0,0
2014-04-16,5141842,2014-04-16T08:33:33.34Z,SJI_1400,0,0
2014-04-16,5141844,2014-04-16T08:33:33.41Z,FUV,0,0
2014-04-16,5141845,2014-04-16T08:33:49.90Z,SJI_2796,0,0
2014-04-16,5141850,2014-04-16T08:34:06.44Z,FUV,0,0
2014-04-16,5141854,2014-04-16T08:34:39.52Z,SJI_1400,0,0
2014-04-16,5141856,2014-04-16T08:34:39.59Z,FUV,0,0
2014-04-16,5141857,2014-04-16T08:34:56.21Z,SJI_2796,0,0
2014-04-16,5141865,2014-04-16T08:35:29.35Z,FUV,0,0
2014-04-16,5141866,2014-04-16T08:35:45.74Z,SJI_1400,0,0
2014-04-16,5141869,2014-04-16T08:36:02.31Z,SJI_2796,0,0
2014-04-16,5141871,2014-04-16T08:36:02.38Z,FUV,0,0
2014-04-16,5141877,2014-04-16T08:36:35.41Z,FUV,0,0
2014-04-16,5141878,2014-04-16T08:36:51.92Z,SJI_1400,0,0
2014-04-16,5141881,2014-04-16T08:37:08.62Z,SJI_2796,0,0
2014-04-16,5141883,2014-04-16T08:37:08.69Z,FUV,0,0
2014-04-16,5141889,2014-04-16T08:37:41.75Z,FUV,0,0
2014-04-16,5141890,2014-04-16T08:37:58.15Z,SJI_1400,0,0
2014-04-16,5141893,2014-04-16T08:38:14.71Z,SJI_2796,0,0
2014-04-16,5141895,2014-04-16T08:38:14.78Z,FUV,0,0
2014-04-16,5141901,2014-04-16T08:38:47.81Z,FUV,0,0
2014-04-16,5141902,2014-04-16T08:39:04.34Z,SJI_1400,0,0
2014-04-16,5141905,2014-04-16T08:39:21.02Z,SJI_2796,0,0
2014-04-16,5141907,2014-04-16T08:39:21.10Z,FUV,0,0
2014-04-16,5141913,2014-04-16T08:39:54.16Z,FUV,0,0
2014-04-16,5141914,2014-04-16T08:40:10.56Z,SJI_1400,0,0
2014-04-16,5141917,2014-04-16T08:40:27.12Z,SJI_2796,0,0
2014-04-16,5141919,2014-04-16T08:40:27.19Z,FUV,0,0
2014-04-16,5141925,2014-04-16T08:41:00.22Z,FUV,0,0
2014-04-16,5141926,2014-04-16T08:41:16.76Z,SJI_1400,0,0
2014-04-16,5141929,2014-04-16T08:41:33.43Z,SJI_2796,0,0
2014-04-16,5141931,2014-04-16T08:41:33.50Z,FUV,0,0
2014-04-16,5141937,2014-04-16T08:42:06.56Z,FUV,0,0
2014-04-16,5141938,2014-04-16T08:42:22.96Z,SJI_1400,0,0
2014-04-16,5141941,2014-04-16T08:42:39.52Z,SJI_2796,0,0
2014-04-16,5141943,2014-04-16T08:42:39.60Z,FUV,0,0
2014-04-16,5141949,2014-04-16T08:43:12.63Z,FUV,0,0
2014-04-16,5141950,2014-04-16T08:43:29.17Z,SJI_1400,0,0
2014-04-16,5141953,2014-04-16T08:43:45.84Z,SJI_2796,0,0
2014-04-16,5141955,2014-04-16T08:43:45.91Z,FUV,0,0
2014-04-16,5141961,2014-04-16T08:44:18.97Z,FUV,0,0
2014-04-16,5141962,2014-04-16T08:44:35.37Z,SJI_1400,0,0
2014-04-16,5141965,2014-04-16T08:44:51.93Z,SJI_2796,0,0
2014-04-16,5141967,2014-04-16T08:44:52.00Z,FUV,0,0
2014-04-16,5141973,2014-04-16T08:45:25.03Z,FUV,0,0
2014-04-16,5141974,2014-04-16T08:45:41.58Z,SJI_1400,0,0
2014-04-16,5141977,2014-04-16T08:45:58.24Z,SJI_2796,0,0
2014-04-16,5141979,2014-04-16T08:45:58.31Z,FUV,0,0
2014-04-16,5141985,2014-04-16T08:46:31.38Z,FUV,0,0
2014-04-16,5141986,2014-04-16T08:46:47.77Z,SJI_1400,0,0
2014-04-16,5141989,2014-04-16T08:47:04.34Z,SJI_2796,0,0
2014-04-16,5141991,2014-04-16T08:47:04.41Z,FUV,0,0
2014-04-16,5141997,2014-04-16T08:47:37.44Z,FUV,0,0
2014-04-16,5141998,2014-04-16T08:47:53.98Z,SJI_1400,0,0
2014-04-16,5142001,2014-04-16T08:48:10.65Z,SJI_2796,0,0
2014-04-16,5142003,2014-04-16T08:48:10.72Z,FUV,0,0
2014-04-16,5142009,2014-04-16T08:48:43.78Z,FUV,0,0
2014-04-16,5142010,2014-04-16T08:49:00.18Z,SJI_1400,0,0
2014-04-16,5142013,2014-04-16T08:49:16.74Z,SJI_2796,0,0
2014-04-16,5142015,2014-04-16T08:49:16.81Z,FUV,0,0
2014-04-16,5142021,2014-04-16T08:49:49.85Z,FUV,0,0
2014-04-16,5142022,2014-04-16T08:50:06.36Z,SJI_1400,0,0
2014-04-16,5142025,2014-04-16T08:50:23.06Z,SJI_2796,0,0
2014-04-16,5142027,2014-04-16T08:50:23.13Z,FUV,0,0
2014-04-16,5142033,2014-04-16T08:50:56.19Z,FUV,0,0
2014-04-16,5142034,2014-04-16T08:51:12.59Z,SJI_1400,0,0
2014-04-16,5142037,2014-04-16T08:51:29.15Z,SJI_2796,0,0
2014-04-16,5142039,2014-04-16T08:51:29.22Z,FUV,0,0
2014-04-16,5142045,2014-04-16T08:52:02.25Z,FUV,0,0
2014-04-16,5142046,2014-04-16T08:52:18.79Z,SJI_1400,0,0
2014-04-16,5142049,2014-04-16T08:52:35.46Z,SJI_2796,0,0
2014-04-16,5142051,2014-04-16T08:52:35.53Z,FUV,0,0
2014-04-16,5142057,2014-04-16T08:53:08.60Z,FUV,0,0
2014-04-16,5142058,2014-04-16T08:53:24.99Z,SJI_1400,0,0
2014-04-16,5142061,2014-04-16T08:53:41.56Z,SJI_2796,0,0
2014-04-16,5142063,2014-04-16T08:53:41.63Z,FUV,0,0
2014-04-16,5142069,2014-04-16T08:54:14.66Z,FUV,0,0
2014-04-16,5142070,2014-04-16T08:54:31.20Z,SJI_1400,0,0
2014-04-16,5142073,2014-04-16T08:54:47.87Z,SJI_2796,0,0
2014-04-16,5142078,2014-04-16T08:55:04.41Z,FUV,0,0
2014-04-16,5142082,2014-04-16T08:55:37.40Z,SJI_1400,0,0
2014-04-16,5142084,2014-04-16T08:55:37.47Z,FUV,0,0
2014-04-16,5142085,2014-04-16T08:55:53.96Z,SJI_2796,0,0
2014-04-16,5142090,2014-04-16T08:56:10.50Z,FUV,0,0
2014-04-16,5142094,2014-04-16T08:56:43.62Z,SJI_1400,0,0
2014-04-16,5142096,2014-04-16T08:56:43.69Z,FUV,0,0
2014-04-16,5142097,2014-04-16T08:57:00.27Z,SJI_2796,0,0
2014-04-16,5142102,2014-04-16T08:57:16.81Z,FUV,0,0
2014-04-16,5142108,2014-04-16T08:57:49.88Z,FUV,0,0
2014-04-16,5142109,2014-04-16T08:58:06.37Z,SJI_2796,0,0
2014-04-16,5142112,2014-04-16T08:58:22.84Z,SJI_1400,0,0
2014-04-16,5142114,2014-04-16T08:58:22.91Z,FUV,0,0
2014-04-16,5142120,2014-04-16T08:58:56.12Z,FUV,0,0
2014-04-16,5142121,2014-04-16T08:59:12.68Z,SJI_2796,0,0
2014-04-16,5142124,2014-04-16T08:59:29.15Z,SJI_1400,0,0
2014-04-16,5142126,2014-04-16T08:59:29.22Z,FUV,0,0
2014-04-16,5142132,2014-04-16T09:00:02.28Z,FUV,0,0
2014-04-16,5142133,2014-04-16T09:00:18.77Z,SJI_2796,0,0
2014-04-16,5142136,2014-04-16T09:00:35.24Z,SJI_1400,0,0
2014-04-16,5142138,2014-04-16T09:00:35.31Z,FUV,0,0
2014-04-16,5142144,2014-04-16T09:01:08.49Z,FUV,0,0
2014-04-16,5142145,2014-04-16T09:01:25.09Z,SJI_2796,0,0
2014-04-16,5142148,2014-04-16T09:01:41.56Z,SJI_1400,0,0
2014-04-16,5142150,2014-04-16T09:01:41.63Z,FUV,0,0
2014-04-16,5142156,2014-04-16T09:02:14.69Z,FUV,0,0
2014-04-16,5142157,2014-04-16T09:02:31.18Z,SJI_2796,0,0
2014-04-16,5142160,2014-04-16T09:02:47.65Z,SJI_1400,0,0
2014-04-16,5142162,2014-04-16T09:02:47.72Z,FUV,0,0
2014-04-16,5142168,2014-04-16T09:03:20.88Z,FUV,0,0
2014-04-16,5142169,2014-04-16T09:03:37.49Z,SJI_2796,0,0
2014-04-16,5142172,2014-04-16T09:03:53.96Z,SJI_1400,0,0
2014-04-16,5142174,2014-04-16T09:03:54.03Z,FUV,0,0
2014-04-16,5142180,2014-04-16T09:04:27.10Z,FUV,0,0
2014-04-16,5142181,2014-04-16T09:04:43.59Z,SJI_2796,0,0
2014-04-16,5142184,2014-04-16T09:05:00.06Z,SJI_1400,0,0
2014-04-16,5142186,2014-04-16T09:05:00.13Z,FUV,0,0
2014-04-16,5142192,2014-04-16T09:05:33.34Z,FUV,0,0
2014-04-16,5142193,2014-04-16T09:05:49.90Z,SJI_2796,0,0
2014-04-16,5142196,2014-04-16T09:06:06.37Z,SJI_1400,0,0
2014-04-16,5142198,2014-04-16T09:06:06.44Z,FUV,0,0
2014-04-16,5142204,2014-04-16T09:06:39.50Z,FUV,0,0
2014-04-16,5142205,2014-04-16T09:06:55.99Z,SJI_2796,0,0
2014-04-16,5142208,2014-04-16T09:07:12.46Z,SJI_1400,0,0
2014-04-16,5142210,2014-04-16T09:07:12.53Z,FUV,0,0
2014-04-16,5142216,2014-04-16T09:07:45.71Z,FUV,0,0
2014-04-16,5142217,2014-04-16T09:08:02.31Z,SJI_2796,0,0
2014-04-16,5142220,2014-04-16T09:08:18.77Z,SJI_1400,0,0
2014-04-16,5142222,2014-04-16T09:08:18.85Z,FUV,0,0
2014-04-16,5142228,2014-04-16T09:08:51.91Z,FUV,0,0
2014-04-16,5142229,2014-04-16T09:09:08.40Z,SJI_2796,0,0
2014-04-16,5142232,2014-04-16T09:09:24.87Z,SJI_1400,0,0
2014-04-16,5142234,2014-04-16T09:09:24.94Z,FUV,0,0
2014-04-16,5142240,2014-04-16T09:09:58.11Z,FUV,0,0
2014-04-16,5142241,2014-04-16T09:10:14.71Z,SJI_2796,0,0
2014-04-16,5142244,2014-04-16T09:10:31.18Z,SJI_1400,0,0
2014-04-16,5142246,2014-04-16T09:10:31.25Z,FUV,0,0
2014-04-16,5142252,2014-04-16T09:11:04.31Z,FUV,0,0
2014-04-16,5142253,2014-04-16T09:11:20.81Z,SJI_2796,0,0
2014-04-16,5142256,2014-04-16T09:11:37.27Z,SJI_1400,0,0
2014-04-16,5142258,2014-04-16T09:11:37.35Z,FUV,0,0
2014-04-16,5142264,2014-04-16T09:12:10.55Z,FUV,0,0
2014-04-16,5142265,2014-04-16T09:12:27.12Z,SJI_2796,0,0
2014-04-16,5142268,2014-04-16T09:12:43.59Z,SJI_1400,0,0
2014-04-16,5142270,2014-04-16T09:12:43.66Z,FUV,0,0
2014-04-16,5142276,2014-04-16T09:13:16.72Z,FUV,0,0
2014-04-16,5142277,2014-04-16T09:13:33.21Z,SJI_2796,0,0
2014-04-16,5142280,2014-04-16T09:13:49.68Z,SJI_1400,0,0
2014-04-16,5142282,2014-04-16T09:13:49.75Z,FUV,0,0
2014-04-16,5142288,2014-04-16T09:14:22.94Z,FUV,0,0
2014-04-16,5142289,2014-04-16T09:14:39.52Z,SJI_2796,0,0
2014-04-16,5142292,2014-04-16T09:14:55.99Z,SJI_1400,0,0
2014-04-16,5142294,2014-04-16T09:14:56.06Z,FUV,0,0
2014-04-16,5142300,2014-04-16T09:15:29.13Z,FUV,0,0
2014-04-16,5142301,2014-04-16T09:15:45.62Z,SJI_2796,0,0
2014-04-16,5142304,2014-04-16T09:16:02.09Z,SJI_1400,0,0
2014-04-16,5142306,2014-04-16T09:16:02.16Z,FUV,0,0
2014-04-16,5142312,2014-04-16T09:16:35.31Z,FUV,0,0
2014-04-16,5142313,2014-04-16T09:16:51.93Z,SJI_2796,0,0
2014-04-16,5142316,2014-04-16T09:17:08.40Z,SJI_1400,0,0
2014-04-16,5142318,2014-04-16T09:17:08.47Z,FUV,0,0
2014-04-16,5142324,2014-04-16T09:17:41.53Z,FUV,0,0
2014-04-16,5142325,2014-04-16T09:17:58.02Z,SJI_2796,0,0
2014-04-16,5142328,2014-04-16T09:18:14.49Z,SJI_1400,0,0
2014-04-16,5142330,2014-04-16T09:18:14.56Z,FUV,0,0
2014-04-16,5142336,2014-04-16T09:18:47.74Z,FUV,0,0
2014-04-16,5142337,2014-04-16T09:19:04.34Z,SJI_2796,0,0
2014-04-16,5142340,2014-04-16T09:19:20.81Z,SJI_1400,0,0
2014-04-16,5142342,2014-04-16T09:19:20.88Z,FUV,0,0
2014-04-16,5142348,2014-04-16T09:19:53.94Z,FUV,0,0
2014-04-16,5142349,2014-04-16T09:20:10.43Z,SJI_2796,0,0
2014-04-16,5142352,2014-04-16T09:20:26.90Z,SJI_1400,0,0
2014-04-16,5142354,2014-04-16T09:20:26.97Z,FUV,0,0
2014-04-16,5142360,2014-04-16T09:21:00.13Z,FUV,0,0
2014-04-16,5142361,2014-04-16T09:21:16.74Z,SJI_2796,0,0
2014-04-16,5142364,2014-04-16T09:21:33.21Z,SJI_1400,0,0
2014-04-16,5142366,2014-04-16T09:21:33.28Z,FUV,0,0
2014-04-16,5142372,2014-04-16T09:22:06.35Z,FUV,0,0
2014-04-16,5142373,2014-04-16T09:22:22.84Z,SJI_2796,0,0
2014-04-16,5142376,2014-04-16T09:22:39.31Z,SJI_1400,0,0
2014-04-16,5142378,2014-04-16T09:22:39.38Z,FUV,0,0
2014-04-16,5142384,2014-04-16T09:23:12.58Z,FUV,0,0
2014-04-16,5142385,2014-04-16T09:23:29.15Z,SJI_2796,0,0
2014-04-16,5142388,2014-04-16T09:23:45.62Z,SJI_1400,0,0
2014-04-16,5142390,2014-04-16T09:23:45.69Z,FUV,0,0
2014-04-16,5142396,2014-04-16T09:24:18.75Z,FUV,0,0
2014-04-16,5142397,2014-04-16T09:24:35.24Z,SJI_2796,0,0
2014-04-16,5142400,2014-04-16T09:24:51.71Z,SJI_1400,0,0
2014-04-16,5142402,2014-04-16T09:24:51.78Z,FUV,0,0
2014-04-16,5142408,2014-04-16T09:25:24.92Z,FUV,0,0
2014-04-16,5142409,2014-04-16T09:25:41.56Z,SJI_2796,0,0
2014-04-16,5142412,2014-04-16T09:25:58.02Z,SJI_1400,0,0
2014-04-16,5142414,2014-04-16T09:25:58.10Z,FUV,0,0
2014-04-16,5142420,2014-04-16T09:26:31.16Z,FUV,0,0
2014-04-16,5142421,2014-04-16T09:26:47.65Z,SJI_2796,0,0
2014-04-16,5142424,2014-04-16T09:27:04.12Z,SJI_1400,0,0
2014-04-16,5142426,2014-04-16T09:27:04.19Z,FUV,0,0
2014-04-16,5142432,2014-04-16T09:27:37.35Z,FUV,0,0
2014-04-16,5142433,2014-04-16T09:27:53.96Z,SJI_2796,0,0
2014-04-16,5142436,2014-04-16T09:28:10.43Z,SJI_1400,0,0
2014-04-16,5142438,2014-04-16T09:28:10.50Z,FUV,0,0
2014-04-16,5142444,2014-04-16T09:28:43.56Z,FUV,0,0
2014-04-16,5142445,2014-04-16T09:29:00.06Z,SJI_2796,0,0
2014-04-16,5142448,2014-04-16T09:29:16.52Z,SJI_1400,0,0
2014-04-16,5142450,2014-04-16T09:29:16.60Z,FUV,0,0
2014-04-16,5142456,2014-04-16T09:29:49.81Z,FUV,0,0
2014-04-16,5142457,2014-04-16T09:30:06.37Z,SJI_2796,0,0
2014-04-16,5142460,2014-04-16T09:30:22.84Z,SJI_1400,0,0
2014-04-16,5142462,2014-04-16T09:30:22.91Z,FUV,0,0
2014-04-16,5142468,2014-04-16T09:30:55.97Z,FUV,0,0
2014-04-16,5142469,2014-04-16T09:31:12.46Z,SJI_2796,0,0
2014-04-16,5142472,2014-04-16T09:31:28.93Z,SJI_1400,0,0
2014-04-16,5142474,2014-04-16T09:31:29.00Z,FUV,0,0
2014-04-16,5142480,2014-04-16T09:32:02.17Z,FUV,0,0
2014-04-16,5142481,2014-04-16T09:32:18.77Z,SJI_2796,0,0
2014-04-16,5142484,2014-04-16T09:32:35.24Z,SJI_1400,0,0
2014-04-16,5142486,2014-04-16T09:32:35.31Z,FUV,0,0
2014-04-16,5142492,2014-04-16T09:33:08.38Z,FUV,0,0
2014-04-16,5142493,2014-04-16T09:33:24.87Z,SJI_2796,0,0
2014-04-16,5142496,2014-04-16T09:33:41.34Z,SJI_1400,0,0
2014-04-16,5142498,2014-04-16T09:33:41.41Z,FUV,0,0
2014-04-16,5142504,2014-04-16T09:34:14.58Z,FUV,0,0
2014-04-16,5142505,2014-04-16T09:34:31.18Z,SJI_2796,0,0
2014-04-16,5142508,2014-04-16T09:34:47.65Z,SJI_1400,0,0
2014-04-16,5142510,2014-04-16T09:34:47.72Z,FUV,0,0
2014-04-16,5142516,2014-04-16T09:35:20.78Z,FUV,0,0
2014-04-16,5142517,2014-04-16T09:35:37.27Z,SJI_2796,0,0
2014-04-16,5142520,2014-04-16T09:35:53.74Z,SJI_1400,0,0
2014-04-16,5142522,2014-04-16T09:35:53.81Z,FUV,0,0
2014-04-16,5142528,2014-04-16T09:36:26.99Z,FUV,0,0
2014-04-16,5142529,2014-04-16T09:36:43.59Z,SJI_2796,0,0
2014-04-16,5142532,2014-04-16T09:37:00.06Z,SJI_1400,0,0
2014-04-16,5142534,2014-04-16T09:37:00.13Z,FUV,0,0
2014-04-16,5142540,2014-04-16T09:37:33.19Z,FUV,0,0
2014-04-16,5142541,2014-04-16T09:37:49.68Z,SJI_2796,0,0
2014-04-16,5142544,2014-04-16T09:38:06.15Z,SJI_1400,0,0
2014-04-16,5142546,2014-04-16T09:38:06.22Z,FUV,0,0
2014-04-16,5142552,2014-04-16T09:38:39.40Z,FUV,0,0
2014-04-16,5142553,2014-04-16T09:38:55.99Z,SJI_2796,0,0
2014-04-16,5142556,2014-04-16T09:39:12.46Z,SJI_1400,0,0
2014-04-16,5142558,2014-04-16T09:39:12.53Z,FUV,0,0
2014-04-16,5142564,2014-04-16T09:39:45.60Z,FUV,0,0
2014-04-16,5142565,2014-04-16T09:40:02.09Z,SJI_2796,0,0
2014-04-16,5142568,2014-04-16T09:40:18.56Z,SJI_1400,0,0
2014-04-16,5142570,2014-04-16T09:40:18.63Z,FUV,0,0
2014-04-16,5142576,2014-04-16T09:40:51.82Z,FUV,0,0
2014-04-16,5142577,2014-04-16T09:41:08.40Z,SJI_2796,0,0
2014-04-16,5142580,2014-04-16T09:41:24.87Z,SJI_1400,0,0
2014-04-16,5142582,2014-04-16T09:41:24.94Z,FUV,0,0
2014-04-16,5142588,2014-04-16T09:41:58.00Z,FUV,0,0
2014-04-16,5142589,2014-04-16T09:42:14.49Z,SJI_2796,0,0
2014-04-16,5142592,2014-04-16T09:42:30.96Z,SJI_1400,0,0
2014-04-16,5142594,2014-04-16T09:42:31.03Z,FUV,0,0
2014-04-16,5142595,2014-04-16T09:42:47.52Z,SJI_2796,1,0
2014-04-16,5142597,2014-04-16T09:42:47.60Z,FUV,1,0
2014-04-16,5142598,2014-04-16T09:43:04.08Z,SJI_1400,1,0
2014-04-16,5142600,2014-04-16T09:43:04.15Z,FUV,1,2
2014-04-16,5142601,2014-04-16T09:43:20.81Z,SJI_2796,1,0
2014-04-16,5142603,2014-04-16T09:43:20.88Z,FUV,1,0
2014-04-16,5142604,2014-04-16T09:43:37.28Z,SJI_1400,1,0
2014-04-16,5142606,2014-04-16T09:43:37.35Z,FUV,1,0
2014-04-16,5142607,2014-04-16T09:43:53.87Z,SJI_2796,1,1
2014-04-16,5142609,2014-04-16T09:43:53.94Z,FUV,1,1
2014-04-16,5142610,2014-04-16T09:44:10.34Z,SJI_1400,1,0
2014-04-16,5142612,2014-04-16T09:44:10.41Z,FUV,1,0
2014-04-16,5142613,2014-04-16T09:44:26.90Z,SJI_2796,1,0
2014-04-16,5142615,2014-04-16T09:44:26.97Z,FUV,1,0
2014-04-16,5142616,2014-04-16T09:44:43.37Z,SJI_1400,1,0
2014-04-16,5142618,2014-04-16T09:44:43.44Z,FUV,1,0
2014-04-16,5142619,2014-04-16T09:44:59.93Z,SJI_2796,1,1
2014-04-16,5142621,2014-04-16T09:45:00.00Z,FUV,1,1
2014-04-16,5142622,2014-04-16T09:45:16.52Z,SJI_1400,1,0
2014-04-16,5142624,2014-04-16T09:45:16.60Z,FUV,1,1
2014-04-16,5142625,2014-04-16T09:45:33.21Z,SJI_2796,1,0
2014-04-16,5142627,2014-04-16T09:45:33.28Z,FUV,1,3
2014-04-16,5142628,2014-04-16T09:45:49.68Z,SJI_1400,1,0
2014-04-16,5142630,2014-04-16T09:45:49.75Z,FUV,1,3
2014-04-16,5142631,2014-04-16T09:46:06.27Z,SJI_2796,1,0
2014-04-16,5142633,2014-04-16T09:46:06.35Z,FUV,1,0
2014-04-16,5142634,2014-04-16T09:46:22.74Z,SJI_1400,1,0
2014-04-16,5142636,2014-04-16T09:46:22.81Z,FUV,1,0
2014-04-16,5142637,2014-04-16T09:46:39.31Z,SJI_2796,1,1
2014-04-16,5142639,2014-04-16T09:46:39.38Z,FUV,1,0
2014-04-16,5142640,2014-04-16T09:46:55.77Z,SJI_1400,1,1
2014-04-16,5142642,2014-04-16T09:46:55.85Z,FUV,1,3
2014-04-16,5142643,2014-04-16T09:47:12.34Z,SJI_2796,1,0
2014-04-16,5142645,2014-04-16T09:47:12.41Z,FUV,1,1
2014-04-16,5142646,2014-04-16T09:47:28.96Z,SJI_1400,1,0
2014-04-16,5142648,2014-04-16T09:47:29.03Z,FUV,1,2
2014-04-16,5142649,2014-04-16T09:47:45.62Z,SJI_2796,1,2
2014-04-16,5142651,2014-04-16T09:47:45.69Z,FUV,1,8
2014-04-16,5142652,2014-04-16T09:48:02.09Z,SJI_1400,1,1
2014-04-16,5142654,2014-04-16T09:48:02.16Z,FUV,1,9
2014-04-16,5142655,2014-04-16T09:48:18.68Z,SJI_2796,1,2
2014-04-16,5142657,2014-04-16T09:48:18.75Z,FUV,1,8
2014-04-16,5142658,2014-04-16T09:48:35.15Z,SJI_1400,1,4
2014-04-16,5142660,2014-04-16T09:48:35.22Z,FUV,1,5
2014-04-16,5142661,2014-04-16T09:48:51.71Z,SJI_2796,1,4
2014-04-16,5142663,2014-04-16T09:48:51.78Z,FUV,1,10
2014-04-16,5142664,2014-04-16T09:49:08.18Z,SJI_1400,1,2
2014-04-16,5142666,2014-04-16T09:49:08.25Z,FUV,1,12
2014-04-16,5142667,2014-04-16T09:49:24.74Z,SJI_2796,1,8
2014-04-16,5142669,2014-04-16T09:49:24.81Z,FUV,1,15
2014-04-16,5142670,2014-04-16T09:49:41.36Z,SJI_1400,1,3
2014-04-16,5142672,2014-04-16T09:49:41.43Z,FUV,1,21
2014-04-16,5142673,2014-04-16T09:49:58.03Z,SJI_2796,1,13
2014-04-16,5142675,2014-04-16T09:49:58.10Z,FUV,1,19
2014-04-16,5142676,2014-04-16T09:50:14.49Z,SJI_1400,1,6
2014-04-16,5142678,2014-04-16T09:50:14.56Z,FUV,1,14
2014-04-16,5142679,2014-04-16T09:50:31.09Z,SJI_2796,1,4
2014-04-16,5142681,2014-04-16T09:50:31.16Z,FUV,1,19
2014-04-16,5142682,2014-04-16T09:50:47.56Z,SJI_1400,1,6
2014-04-16,5142684,2014-04-16T09:50:47.63Z,FUV,1,26
2014-04-16,5142685,2014-04-16T09:51:04.12Z,SJI_2796,1,5
2014-04-16,5142687,2014-04-16T09:51:04.19Z,FUV,1,24
2014-04-16,5142688,2014-04-16T09:51:20.59Z,SJI_1400,1,5
2014-04-16,5142690,2014-04-16T09:51:20.66Z,FUV,1,27
2014-04-16,5142691,2014-04-16T09:51:37.15Z,SJI_2796,1,6
2014-04-16,5142693,2014-04-16T09:51:37.22Z,FUV,1,23
2014-04-16,5142694,2014-04-16T09:51:53.81Z,SJI_1400,1,4
2014-04-16,5142696,2014-04-16T09:51:53.88Z,FUV,1,20
2014-04-16,5142697,2014-04-16T09:52:10.43Z,SJI_2796,1,5
2014-04-16,5142699,2014-04-16T09:52:10.50Z,FUV,1,16
2014-04-16,5142700,2014-04-16T09:52:26.90Z,SJI_1400,1,4
2014-04-16,5142702,2014-04-16T09:52:26.97Z,FUV,1,21
2014-04-16,5142703,2014-04-16T09:52:43.49Z,SJI_2796,1,3
2014-04-16,5142705,2014-04-16T09:52:43.56Z,FUV,1,20
2014-04-16,5142706,2014-04-16T09:52:59.96Z,SJI_1400,1,3
2014-04-16,5142708,2014-04-16T09:53:00.03Z,FUV,1,14
2014-04-16,5142709,2014-04-16T09:53:16.52Z,SJI_2796,1,4
2014-04-16,5142711,2014-04-16T09:53:16.60Z,FUV,1,12
2014-04-16,5142712,2014-04-16T09:53:32.99Z,SJI_1400,1,6
2014-04-16,5142714,2014-04-16T09:53:33.06Z,FUV,1,9
2014-04-16,5142715,2014-04-16T09:53:49.56Z,SJI_2796,1,2
2014-04-16,5142717,2014-04-16T09:53:49.63Z,FUV,1,9
2014-04-16,5142718,2014-04-16T09:54:06.17Z,SJI_1400,1,3
2014-04-16,5142720,2014-04-16T09:54:06.24Z,FUV,1,5
2014-04-16,5142721,2014-04-16T09:54:22.84Z,SJI_2796,1,2
2014-04-16,5142723,2014-04-16T09:54:22.91Z,FUV,1,7
2014-04-16,5142724,2014-04-16T09:54:39.31Z,SJI_1400,1,0
2014-04-16,5142726,2014-04-16T09:54:39.38Z,FUV,1,2
2014-04-16,5142727,2014-04-16T09:54:55.90Z,SJI_2796,1,1
2014-04-16,5142729,2014-04-16T09:54:55.97Z,FUV,1,2
2014-04-16,5142730,2014-04-16T09:55:12.37Z,SJI_1400,1,1
2014-04-16,5142732,2014-04-16T09:55:12.44Z,FUV,1,0
2014-04-16,5142733,2014-04-16T09:55:28.93Z,SJI_2796,1,1
2014-04-16,5142735,2014-04-16T09:55:29.00Z,FUV,1,2
2014-04-16,5142736,2014-04-16T09:55:45.40Z,SJI_1400,1,0
2014-04-16,5142738,2014-04-16T09:55:45.47Z,FUV,1,0
2014-04-16,5142739,2014-04-16T09:56:01.96Z,SJI_2796,1,0
2014-04-16,5142741,2014-04-16T09:56:02.03Z,FUV,1,0
2014-04-16,5142742,2014-04-16T09:56:18.57Z,SJI_1400,1,0
2014-04-16,5142744,2014-04-16T09:56:18.64Z,FUV,1,1
2014-04-16,5142745,2014-04-16T09:56:35.24Z,SJI_2796,1,0
2014-04-16,5142747,2014-04-16T09:56:35.31Z,FUV,1,1
2014-04-16,5142748,2014-04-16T09:56:51.71Z,SJI_1400,1,0
2014-04-16,5142750,2014-04-16T09:56:51.78Z,FUV,1,0
2014-04-16,5142751,2014-04-16T09:57:08.31Z,SJI_2796,1,0
2014-04-16,5142753,2014-04-16T09:57:08.38Z,FUV,1,0
2014-04-16,5142754,2014-04-16T09:57:24.77Z,SJI_1400,1,0
2014-04-16,5142756,2014-04-16T09:57:24.85Z,FUV,1,0
2014-04-16,5142757,2014-04-16T09:57:41.34Z,SJI_2796,1,0
2014-04-16,5142759,2014-04-16T09:57:41.41Z,FUV,1,0
2014-04-16,5142760,2014-04-16T09:57:57.81Z,SJI_1400,1,0
2014-04-16,5142762,2014-04-16T09:57:57.88Z,FUV,1,0
2014-04-16,5142763,2014-04-16T09:58:14.37Z,SJI_2796,1,0
2014-04-16,5142765,2014-04-16T09:58:14.44Z,FUV,1,0
2014-04-16,5142768,2014-04-16T09:58:31.02Z,FUV,0,0
2014-04-16,5142769,2014-04-16T09:58:47.65Z,SJI_2796,0,0
2014-04-16,5142772,2014-04-16T09:59:04.12Z,SJI_1400,0,0
2014-04-16,5142774,2014-04-16T09:59:04.19Z,FUV,0,0
2014-04-16,5142780,2014-04-16T09:59:37.25Z,FUV,0,0
2014-04-16,5142781,2014-04-16T09:59:53.74Z,SJI_2796,0,0
2014-04-16,5142784,2014-04-16T10:00:10.21Z,SJI_1400,0,0
2014-04-16,5142786,2014-04-16T10:00:10.28Z,FUV,0,0
2014-04-16,5142792,2014-04-16T10:00:43.47Z,FUV,0,0
2014-04-16,5142793,2014-04-16T10:01:00.06Z,SJI_2796,0,0
2014-04-16,5142796,2014-04-16T10:01:16.52Z,SJI_1400,0,0
2014-04-16,5142798,2014-04-16T10:01:16.60Z,FUV,0,0
2014-04-16,5142804,2014-04-16T10:01:49.66Z,FUV,0,0
2014-04-16,5142805,2014-04-16T10:02:06.15Z,SJI_2796,0,0
2014-04-16,5142808,2014-04-16T10:02:22.62Z,SJI_1400,0,0
2014-04-16,5142810,2014-04-16T10:02:22.69Z,FUV,0,0
2014-04-16,5142816,2014-04-16T10:02:55.87Z,FUV,0,0
2014-04-16,5142817,2014-04-16T10:03:12.46Z,SJI_2796,0,0
2014-04-16,5142820,2014-04-16T10:03:28.93Z,SJI_1400,0,0
2014-04-16,5142822,2014-04-16T10:03:29.00Z,FUV,0,0
2014-04-16,5142828,2014-04-16T10:04:02.06Z,FUV,0,0
2014-04-16,5142829,2014-04-16T10:04:18.56Z,SJI_2796,0,0
2014-04-16,5142832,2014-04-16T10:04:35.02Z,SJI_1400,0,0
2014-04-16,5142834,2014-04-16T10:04:35.10Z,FUV,0,0
2014-04-16,5142840,2014-04-16T10:05:08.27Z,FUV,0,0
2014-04-16,5142841,2014-04-16T10:05:24.87Z,SJI_2796,0,0
2014-04-16,5142844,2014-04-16T10:05:41.37Z,SJI_1400,0,0
2014-04-16,5142846,2014-04-16T10:05:41.44Z,FUV,0,0
2014-04-16,5142852,2014-04-16T10:06:14.47Z,FUV,0,0
2014-04-16,5142853,2014-04-16T10:06:30.96Z,SJI_2796,0,0
2014-04-16,5142856,2014-04-16T10:06:47.43Z,SJI_1400,0,0
2014-04-16,5142858,2014-04-16T10:06:47.50Z,FUV,0,0
2014-04-16,5142864,2014-04-16T10:07:20.67Z,FUV,0,0
2014-04-16,5142865,2014-04-16T10:07:37.27Z,SJI_2796,0,0
2014-04-16,5142868,2014-04-16T10:07:53.74Z,SJI_1400,0,0
2014-04-16,5142870,2014-04-16T10:07:53.81Z,FUV,0,0
2014-04-16,5142876,2014-04-16T10:08:26.88Z,FUV,0,0
2014-04-16,5142877,2014-04-16T10:08:43.37Z,SJI_2796,0,0
2014-04-16,5142880,2014-04-16T10:08:59.84Z,SJI_1400,0,0
2014-04-16,5142882,2014-04-16T10:08:59.91Z,FUV,0,0
2014-04-16,5142888,2014-04-16T10:09:33.09Z,FUV,0,0
2014-04-16,5142889,2014-04-16T10:09:49.68Z,SJI_2796,0,0
2014-04-16,5142892,2014-04-16T10:10:06.15Z,SJI_1400,0,0
2014-04-16,5142894,2014-04-16T10:10:06.22Z,FUV,0,0
2014-04-16,5142900,2014-04-16T10:10:39.28Z,FUV,0,0
2014-04-16,5142901,2014-04-16T10:10:55.77Z,SJI_2796,0,0
2014-04-16,5142904,2014-04-16T10:11:12.24Z,SJI_1400,0,0
2014-04-16,5142906,2014-04-16T10:11:12.31Z,FUV,0,0
2014-04-16,5142912,2014-04-16T10:11:45.47Z,FUV,0,0
2014-04-16,5142913,2014-04-16T10:12:02.09Z,SJI_2796,0,0
2014-04-16,5142916,2014-04-16T10:12:18.56Z,SJI_1400,0,0
2014-04-16,5142918,2014-04-16T10:12:18.63Z,FUV,0,0
2014-04-16,5142924,2014-04-16T10:12:51.69Z,FUV,0,0
2014-04-16,5142925,2014-04-16T10:13:08.18Z,SJI_2796,0,0
2014-04-16,5142928,2014-04-16T10:13:24.65Z,SJI_1400,0,0
2014-04-16,5142930,2014-04-16T10:13:24.72Z,FUV,0,0
2014-04-16,5142936,2014-04-16T10:13:57.88Z,FUV,0,0
2014-04-16,5142937,2014-04-16T10:14:14.49Z,SJI_2796,0,0
2014-04-16,5142940,2014-04-16T10:14:30.96Z,SJI_1400,0,0
2014-04-16,5142942,2014-04-16T10:14:31.03Z,FUV,0,0
2014-04-16,5142948,2014-04-16T10:15:04.10Z,FUV,0,0
2014-04-16,5142949,2014-04-16T10:15:20.59Z,SJI_2796,0,0
2014-04-16,5142952,2014-04-16T10:15:37.06Z,SJI_1400,0,0
2014-04-16,5142954,2014-04-16T10:15:37.13Z,FUV,0,0
2014-04-16,5142960,2014-04-16T10:16:10.28Z,FUV,0,0
2014-04-16,5142961,2014-04-16T10:16:26.90Z,SJI_2796,0,0
2014-04-16,5142964,2014-04-16T10:16:43.37Z,SJI_1400,0,0
2014-04-16,5142966,2014-04-16T10:16:43.44Z,FUV,0,0
2014-04-16,5142972,2014-04-16T10:17:16.50Z,FUV,0,0
2014-04-16,5142973,2014-04-16T10:17:32.99Z,SJI_2796,0,0
2014-04-16,5142976,2014-04-16T10:17:49.46Z,SJI_1400,0,0
2014-04-16,5142978,2014-04-16T10:17:49.53Z,FUV,0,0
2014-04-16,5142984,2014-04-16T10:18:22.68Z,FUV,0,0
2014-04-16,5142985,2014-04-16T10:18:39.31Z,SJI_2796,0,0
2014-04-16,5142988,2014-04-16T10:18:55.77Z,SJI_1400,0,0
2014-04-16,5142990,2014-04-16T10:18:55.85Z,FUV,0,0
2014-04-16,5142996,2014-04-16T10:19:28.91Z,FUV,0,0
2014-04-16,5142997,2014-04-16T10:19:45.40Z,SJI_2796,0,0
2014-04-16,5143000,2014-04-16T10:20:01.87Z,SJI_1400,0,0
2014-04-16,5143002,2014-04-16T10:20:01.94Z,FUV,0,0
2014-04-16,5143008,2014-04-16T10:20:35.07Z,FUV,0,0
2014-04-16,5143009,2014-04-16T10:20:51.71Z,SJI_2796,0,0
2014-04-16,5143012,2014-04-16T10:21:08.18Z,SJI_1400,0,0
2014-04-16,5143014,2014-04-16T10:21:08.25Z,FUV,0,0
2014-04-16,5143020,2014-04-16T10:21:41.31Z,FUV,0,0
2014-04-16,5143021,2014-04-16T10:21:57.81Z,SJI_2796,0,0
2014-04-16,5143024,2014-04-16T10:22:14.27Z,SJI_1400,0,0
2014-04-16,5143026,2014-04-16T10:22:14.35Z,FUV,0,0
2014-04-16,5143032,2014-04-16T10:22:47.56Z,FUV,0,0
2014-04-16,5143033,2014-04-16T10:23:04.12Z,SJI_2796,0,0
2014-04-16,5143036,2014-04-16T10:23:20.59Z,SJI_1400,0,0
2014-04-16,5143038,2014-04-16T10:23:20.66Z,FUV,0,0
2014-04-16,5143044,2014-04-16T10:23:53.72Z,FUV,0,0
2014-04-16,5143045,2014-04-16T10:24:10.21Z,SJI_2796,0,0
2014-04-16,5143048,2014-04-16T10:24:26.68Z,SJI_1400,0,0
2014-04-16,5143050,2014-04-16T10:24:26.75Z,FUV,0,0
2014-04-16,5143056,2014-04-16T10:24:59.96Z,FUV,0,0
2014-04-16,5143057,2014-04-16T10:25:16.52Z,SJI_2796,0,0
2014-04-16,5143060,2014-04-16T10:25:32.99Z,SJI_1400,0,0
2014-04-16,5143062,2014-04-16T10:25:33.06Z,FUV,0,0
2014-04-16,5143068,2014-04-16T10:26:06.13Z,FUV,0,0
2014-04-16,5143069,2014-04-16T10:26:22.62Z,SJI_2796,0,0
2014-04-16,5143072,2014-04-16T10:26:39.09Z,SJI_1400,0,0
2014-04-16,5143074,2014-04-16T10:26:39.16Z,FUV,0,0
2014-04-16,5143080,2014-04-16T10:27:12.33Z,FUV,0,0
2014-04-16,5143081,2014-04-16T10:27:28.93Z,SJI_2796,0,0
2014-04-16,5143084,2014-04-16T10:27:45.40Z,SJI_1400,0,0
2014-04-16,5143086,2014-04-16T10:27:45.47Z,FUV,0,0
2014-04-16,5143092,2014-04-16T10:28:18.53Z,FUV,0,0
2014-04-16,5143093,2014-04-16T10:28:35.02Z,SJI_2796,0,0
2014-04-16,5143096,2014-04-16T10:28:51.49Z,SJI_1400,0,0
2014-04-16,5143098,2014-04-16T10:28:51.56Z,FUV,0,0
2014-04-16,5143104,2014-04-16T10:29:24.70Z,FUV,0,0
2014-04-16,5143105,2014-04-16T10:29:41.34Z,SJI_2796,0,0
2014-04-16,5143108,2014-04-16T10:29:57.81Z,SJI_1400,0,0
2014-04-16,5143110,2014-04-16T10:29:57.88Z,FUV,0,0
2014-04-16,5143116,2014-04-16T10:30:30.94Z,FUV,0,0
2014-04-16,5143117,2014-04-16T10:30:47.43Z,SJI_2796,0,0
2014-04-16,5143120,2014-04-16T10:31:03.90Z,SJI_1400,0,0
2014-04-16,5143122,2014-04-16T10:31:03.97Z,FUV,0,0
2014-04-16,5143128,2014-04-16T10:31:37.10Z,FUV,0,0
2014-04-16,5143129,2014-04-16T10:31:53.74Z,SJI_2796,0,0
2014-04-16,5143132,2014-04-16T10:32:10.21Z,SJI_1400,0,0
2014-04-16,5143134,2014-04-16T10:32:10.28Z,FUV,0,0
2014-04-16,5143140,2014-04-16T10:32:43.35Z,FUV,0,0
2014-04-16,5143141,2014-04-16T10:32:59.84Z,SJI_2796,0,0
2014-04-16,5143144,2014-04-16T10:33:16.31Z,SJI_1400,0,0
2014-04-16,5143146,2014-04-16T10:33:16.38Z,FUV,0,0
2014-04-16,5143152,2014-04-16T10:33:49.59Z,FUV,0,0
2014-04-16,5143153,2014-04-16T10:34:06.15Z,SJI_2796,0,0
2014-04-16,5143156,2014-04-16T10:34:22.62Z,SJI_1400,0,0
2014-04-16,5143158,2014-04-16T10:34:22.69Z,FUV,0,0
2014-04-16,5143164,2014-04-16T10:34:55.75Z,FUV,0,0
2014-04-16,5143165,2014-04-16T10:35:12.24Z,SJI_2796,0,0
2014-04-16,5143168,2014-04-16T10:35:28.71Z,SJI_1400,0,0
2014-04-16,5143170,2014-04-16T10:35:28.78Z,FUV,0,0
2014-04-16,5143176,2014-04-16T10:36:01.98Z,FUV,0,0
2014-04-16,5143177,2014-04-16T10:36:18.56Z,SJI_2796,0,0
2014-04-16,5143180,2014-04-16T10:36:35.02Z,SJI_1400,0,0
2014-04-16,5143182,2014-04-16T10:36:35.10Z,FUV,0,0
2014-04-16,5143188,2014-04-16T10:37:08.16Z,FUV,0,0
2014-04-16,5143189,2014-04-16T10:37:24.65Z,SJI_2796,0,0
2014-04-16,5143192,2014-04-16T10:37:41.12Z,SJI_1400,0,0
2014-04-16,5143194,2014-04-16T10:37:41.19Z,FUV,0,0
2014-04-16,5143200,2014-04-16T10:38:14.37Z,FUV,0,0
2014-04-16,5143201,2014-04-16T10:38:30.96Z,SJI_2796,0,0
2014-04-16,5143204,2014-04-16T10:38:47.43Z,SJI_1400,0,0
2014-04-16,5143206,2014-04-16T10:38:47.50Z,FUV,0,0
2014-04-16,5143212,2014-04-16T10:39:20.56Z,FUV,0,0
2014-04-16,5143213,2014-04-16T10:39:37.06Z,SJI_2796,0,0
2014-04-16,5143216,2014-04-16T10:39:53.52Z,SJI_1400,0,0
2014-04-16,5143218,2014-04-16T10:39:53.60Z,FUV,0,0
2014-04-16,5143224,2014-04-16T10:40:26.77Z,FUV,0,0
2014-04-16,5143225,2014-04-16T10:40:43.37Z,SJI_2796,0,0
2014-04-16,5143228,2014-04-16T10:40:59.84Z,SJI_1400,0,0
2014-04-16,5143230,2014-04-16T10:40:59.91Z,FUV,0,0
2014-04-16,5143236,2014-04-16T10:41:32.97Z,FUV,0,0
2014-04-16,5143237,2014-04-16T10:41:49.46Z,SJI_2796,0,0
2014-04-16,5143240,2014-04-16T10:42:05.93Z,SJI_1400,0,0
2014-04-16,5143242,2014-04-16T10:42:06.00Z,FUV,0,0
2014-04-16,5143248,2014-04-16T10:42:39.16Z,FUV,0,0
2014-04-16,5143249,2014-04-16T10:42:55.77Z,SJI_2796,0,0
2014-04-16,5143252,2014-04-16T10:43:12.24Z,SJI_1400,0,0
2014-04-16,5143254,2014-04-16T10:43:12.31Z,FUV,0,0
2014-04-16,5143260,2014-04-16T10:43:45.38Z,FUV,0,0
2014-04-16,5143261,2014-04-16T10:44:01.87Z,SJI_2796,0,0
2014-04-16,5143264,2014-04-16T10:44:18.34Z,SJI_1400,0,0
2014-04-16,5143266,2014-04-16T10:44:18.41Z,FUV,0,0
2014-04-16,5143272,2014-04-16T10:44:51.56Z,FUV,0,0
2014-04-16,5143273,2014-04-16T10:45:08.18Z,SJI_2796,0,0
2014-04-16,5143276,2014-04-16T10:45:24.65Z,SJI_1400,0,0
2014-04-16,5143278,2014-04-16T10:45:24.72Z,FUV,0,0
2014-04-16,5143284,2014-04-16T10:45:57.78Z,FUV,0,0
2014-04-16,5143285,2014-04-16T10:46:14.27Z,SJI_2796,0,0
2014-04-16,5143288,2014-04-16T10:46:30.74Z,SJI_1400,0,0
2014-04-16,5143290,2014-04-16T10:46:30.81Z,FUV,0,0
2014-04-16,5143296,2014-04-16T10:47:03.99Z,FUV,0,0
2014-04-16,5143297,2014-04-16T10:47:20.59Z,SJI_2796,0,0
2014-04-16,5143300,2014-04-16T10:47:37.09Z,SJI_1400,0,0
2014-04-16,5143302,2014-04-16T10:47:37.16Z,FUV,0,0
2014-04-16,5143308,2014-04-16T10:48:10.19Z,FUV,0,0
2014-04-16,5143309,2014-04-16T10:48:26.68Z,SJI_2796,0,0
2014-04-16,5143312,2014-04-16T10:48:43.15Z,SJI_1400,0,0
2014-04-16,5143314,2014-04-16T10:48:43.22Z,FUV,0,0
2014-04-16,5143320,2014-04-16T10:49:16.40Z,FUV,0,0
2014-04-16,5143321,2014-04-16T10:49:32.99Z,SJI_2796,0,0
2014-04-16,5143324,2014-04-16T10:49:49.46Z,SJI_1400,0,0
2014-04-16,5143326,2014-04-16T10:49:49.53Z,FUV,0,0
2014-04-16,5143332,2014-04-16T10:50:22.60Z,FUV,0,0
2014-04-16,5143333,2014-04-16T10:50:39.09Z,SJI_2796,0,0
2014-04-16,5143336,2014-04-16T10:50:55.56Z,SJI_1400,0,0
2014-04-16,5143338,2014-04-16T10:50:55.63Z,FUV,0,0
2014-04-16,5143344,2014-04-16T10:51:28.81Z,FUV,0,0
2014-04-16,5143345,2014-04-16T10:51:45.40Z,SJI_2796,0,0
2014-04-16,5143348,2014-04-16T10:52:01.87Z,SJI_1400,0,0
2014-04-16,5143350,2014-04-16T10:52:01.94Z,FUV,0,0
2014-04-16,5143356,2014-04-16T10:52:35.00Z,FUV,0,0
2014-04-16,5143357,2014-04-16T10:52:51.49Z,SJI_2796,0,0
2014-04-16,5143360,2014-04-16T10:53:07.96Z,SJI_1400,0,0
2014-04-16,5143362,2014-04-16T10:53:08.03Z,FUV,0,0
2014-04-16,5143368,2014-04-16T10:53:41.24Z,FUV,0,0
2014-04-16,5143369,2014-04-16T10:53:57.81Z,SJI_2796,0,0
2014-04-16,5143372,2014-04-16T10:54:14.27Z,SJI_1400,0,0
2014-04-16,5143374,2014-04-16T10:54:14.35Z,FUV,0,0
2014-04-16,5143380,2014-04-16T10:54:47.41Z,FUV,0,0
2014-04-16,5143381,2014-04-16T10:55:03.90Z,SJI_2796,0,0
2014-04-16,5143384,2014-04-16T10:55:20.37Z,SJI_1400,0,0
2014-04-16,5143386,2014-04-16T10:55:20.44Z,FUV,0,0
2014-04-16,5143392,2014-04-16T10:55:53.60Z,FUV,0,0
2014-04-16,5143393,2014-04-16T10:56:10.21Z,SJI_2796,0,0
2014-04-16,5143396,2014-04-16T10:56:26.68Z,SJI_1400,0,0
2014-04-16,5143398,2014-04-16T10:56:26.75Z,FUV,0,0
2014-04-16,5143404,2014-04-16T10:56:59.81Z,FUV,0,0
2014-04-16,5143405,2014-04-16T10:57:16.31Z,SJI_2796,0,0
2014-04-16,5143408,2014-04-16T10:57:32.77Z,SJI_1400,0,0
2014-04-16,5143410,2014-04-16T10:57:32.85Z,FUV,0,0
2014-04-16,5143416,2014-04-16T10:58:05.99Z,FUV,0,0
2014-04-16,5143417,2014-04-16T10:58:22.62Z,SJI_2796,0,0
2014-04-16,5143420,2014-04-16T10:58:39.09Z,SJI_1400,0,0
2014-04-16,5143422,2014-04-16T10:58:39.16Z,FUV,0,0
2014-04-16,5143428,2014-04-16T10:59:12.22Z,FUV,0,0
2014-04-16,5143429,2014-04-16T10:59:28.71Z,SJI_2796,0,0
2014-04-16,5143432,2014-04-16T10:59:45.18Z,SJI_1400,0,0
2014-04-16,5143434,2014-04-16T10:59:45.25Z,FUV,0,0
2014-04-16,5143440,2014-04-16T11:00:18.42Z,FUV,0,0
2014-04-16,5143441,2014-04-16T11:00:35.02Z,SJI_2796,0,0
2014-04-16,5143444,2014-04-16T11:00:51.49Z,SJI_1400,0,0
2014-04-16,5143446,2014-04-16T11:00:51.56Z,FUV,0,0
2014-04-16,5143452,2014-04-16T11:01:24.63Z,FUV,0,0
2014-04-16,5143453,2014-04-16T11:01:41.12Z,SJI_2796,0,0
2014-04-16,5143456,2014-04-16T11:01:57.59Z,SJI_1400,0,0
2014-04-16,5143458,2014-04-16T11:01:57.66Z,FUV,0,0
2014-04-16,5143464,2014-04-16T11:02:30.83Z,FUV,0,0
2014-04-16,5143465,2014-04-16T11:02:47.43Z,SJI_2796,0,0
2014-04-16,5143468,2014-04-16T11:03:03.90Z,SJI_1400,0,0
2014-04-16,5143470,2014-04-16T11:03:03.97Z,FUV,0,0
2014-04-16,5143476,2014-04-16T11:03:37.03Z,FUV,0,0
2014-04-16,5143477,2014-04-16T11:03:53.52Z,SJI_2796,0,0
2014-04-16,5143480,2014-04-16T11:04:09.99Z,SJI_1400,0,0
2014-04-16,5143482,2014-04-16T11:04:10.06Z,FUV,0,0
2014-04-16,5143488,2014-04-16T11:04:43.21Z,FUV,0,0
2014-04-16,5143489,2014-04-16T11:04:59.84Z,SJI_2796,0,0
2014-04-16,5143492,2014-04-16T11:05:16.31Z,SJI_1400,0,0
2014-04-16,5143494,2014-04-16T11:05:16.38Z,FUV,0,0
2014-04-16,5143500,2014-04-16T11:05:49.44Z,FUV,0,0
2014-04-16,5143501,2014-04-16T11:06:05.93Z,SJI_2796,0,0
2014-04-16,5143504,2014-04-16T11:06:22.40Z,SJI_1400,0,0
2014-04-16,5143506,2014-04-16T11:06:22.47Z,FUV,0,0
2014-04-16,5143512,2014-04-16T11:06:55.64Z,FUV,0,0
2014-04-16,5143513,2014-04-16T11:07:12.24Z,SJI_2796,0,0
2014-04-16,5143516,2014-04-16T11:07:28.71Z,SJI_1400,0,0
2014-04-16,5143518,2014-04-16T11:07:28.78Z,FUV,0,0
2014-04-16,5143524,2014-04-16T11:08:01.85Z,FUV,0,0
2014-04-16,5143525,2014-04-16T11:08:18.34Z,SJI_2796,0,0
2014-04-16,5143528,2014-04-16T11:08:34.81Z,SJI_1400,0,0
2014-04-16,5143530,2014-04-16T11:08:34.88Z,FUV,0,0
2014-04-16,5143536,2014-04-16T11:09:08.03Z,FUV,0,0
2014-04-16,5143537,2014-04-16T11:09:24.65Z,SJI_2796,0,0
2014-04-16,5143540,2014-04-16T11:09:41.12Z,SJI_1400,0,0
2014-04-16,5143542,2014-04-16T11:09:41.19Z,FUV,0,0
2014-04-16,5143548,2014-04-16T11:10:14.25Z,FUV,0,0
2014-04-16,5143549,2014-04-16T11:10:30.74Z,SJI_2796,0,0
2014-04-16,5143552,2014-04-16T11:10:47.21Z,SJI_1400,0,0
2014-04-16,5143554,2014-04-16T11:10:47.28Z,FUV,0,0
2014-04-16,5143560,2014-04-16T11:11:20.43Z,FUV,0,0
2014-04-16,5143561,2014-04-16T11:11:37.06Z,SJI_2796,0,0
2014-04-16,5143564,2014-04-16T11:11:53.52Z,SJI_1400,0,0
2014-04-16,5143566,2014-04-16T11:11:53.60Z,FUV,0,0
2014-04-16,5143572,2014-04-16T11:12:26.66Z,FUV,0,0
2014-04-16,5143573,2014-04-16T11:12:43.15Z,SJI_2796,0,0
2014-04-16,5143576,2014-04-16T11:12:59.62Z,SJI_1400,0,0
2014-04-16,5143578,2014-04-16T11:12:59.69Z,FUV,0,0
2014-04-16,5143584,2014-04-16T11:13:32.85Z,FUV,0,0
2014-04-16,5143585,2014-04-16T11:13:49.46Z,SJI_2796,0,0
2014-04-16,5143588,2014-04-16T11:14:05.93Z,SJI_1400,0,0
2014-04-16,5143590,2014-04-16T11:14:06.00Z,FUV,0,0
2014-04-16,5143596,2014-04-16T11:14:39.06Z,FUV,0,0
2014-04-16,5143597,2014-04-16T11:14:55.56Z,SJI_2796,0,0
2014-04-16,5143600,2014-04-16T11:15:12.02Z,SJI_1400,0,0
2014-04-16,5143602,2014-04-16T11:15:12.10Z,FUV,0,0
2014-04-16,5143608,2014-04-16T11:15:45.24Z,FUV,0,0
2014-04-16,5143609,2014-04-16T11:16:01.87Z,SJI_2796,0,0
2014-04-16,5143612,2014-04-16T11:16:18.34Z,SJI_1400,0,0
2014-04-16,5143614,2014-04-16T11:16:18.41Z,FUV,0,0
2014-04-16,5143620,2014-04-16T11:16:51.47Z,FUV,0,0
2014-04-16,5143621,2014-04-16T11:17:07.96Z,SJI_2796,0,0
2014-04-16,5143624,2014-04-16T11:17:24.43Z,SJI_1400,0,0
2014-04-16,5143626,2014-04-16T11:17:24.50Z,FUV,0,0
2014-04-16,5143632,2014-04-16T11:17:57.65Z,FUV,0,0
2014-04-16,5143633,2014-04-16T11:18:14.27Z,SJI_2796,0,0
2014-04-16,5143636,2014-04-16T11:18:30.74Z,SJI_1400,0,0
2014-04-16,5143638,2014-04-16T11:18:30.81Z,FUV,0,0
2014-04-16,5143644,2014-04-16T11:19:03.88Z,FUV,0,0
2014-04-16,5143645,2014-04-16T11:19:20.37Z,SJI_2796,0,0
2014-04-16,5143648,2014-04-16T11:19:36.84Z,SJI_1400,0,0
2014-04-16,5143650,2014-04-16T11:19:36.91Z,FUV,0,0
2014-08-23,7981376,2014-08-23T07:54:33.50Z,SJI_1400,0,0
2014-08-23,7981378,2014-08-23T07:54:33.57Z,FUV,0,0
2014-08-23,7981379,2014-08-23T07:54:43.23Z,SJI_2796,0,0
2014-08-23,7981384,2014-08-23T07:54:52.88Z,FUV,0,0
2014-08-23,7981388,2014-08-23T07:55:12.06Z,SJI_1400,0,0
2014-08-23,7981390,2014-08-23T07:55:12.13Z,FUV,0,0
2014-08-23,7981391,2014-08-23T07:55:21.70Z,SJI_2796,0,0
2014-08-23,7981396,2014-08-23T07:55:31.37Z,FUV,0,0
2014-08-23,7981400,2014-08-23T07:55:50.51Z,SJI_1400,0,0
2014-08-23,7981402,2014-08-23T07:55:50.58Z,FUV,0,0
2014-08-23,7981403,2014-08-23T07:56:00.14Z,SJI_2796,0,0
2014-08-23,7981408,2014-08-23T07:56:09.81Z,FUV,0,0
2014-08-23,7981412,2014-08-23T07:56:28.99Z,SJI_1400,0,0
2014-08-23,7981414,2014-08-23T07:56:29.06Z,FUV,0,0
2014-08-23,7981415,2014-08-23T07:56:38.61Z,SJI_2796,0,0
2014-08-23,7981420,2014-08-23T07:56:48.27Z,FUV,0,0
2014-08-23,7981424,2014-08-23T07:57:07.43Z,SJI_1400,0,0
2014-08-23,7981426,2014-08-23T07:57:07.50Z,FUV,0,0
2014-08-23,7981427,2014-08-23T07:57:17.05Z,SJI_2796,0,0
2014-08-23,7981432,2014-08-23T07:57:26.71Z,FUV,0,0
2014-08-23,7981436,2014-08-23T07:57:45.89Z,SJI_1400,0,0
2014-08-23,7981438,2014-08-23T07:57:45.96Z,FUV,0,0
2014-08-23,7981439,2014-08-23T07:57:55.52Z,SJI_2796,0,0
2014-08-23,7981444,2014-08-23T07:58:05.19Z,FUV,0,0
2014-08-23,7981448,2014-08-23T07:58:24.33Z,SJI_1400,0,0
2014-08-23,7981450,2014-08-23T07:58:24.40Z,FUV,0,0
2014-08-23,7981451,2014-08-23T07:58:33.95Z,SJI_2796,0,0
2014-08-23,7981456,2014-08-23T07:58:43.61Z,FUV,0,0
2014-08-23,7981460,2014-08-23T07:59:02.79Z,SJI_1400,0,0
2014-08-23,7981462,2014-08-23T07:59:02.86Z,FUV,0,0
2014-08-23,7981463,2014-08-23T07:59:12.42Z,SJI_2796,0,0
2014-08-23,7981468,2014-08-23T07:59:22.08Z,FUV,0,0
2014-08-23,7981472,2014-08-23T07:59:41.23Z,SJI_1400,0,0
2014-08-23,7981474,2014-08-23T07:59:41.31Z,FUV,0,0
2014-08-23,7981475,2014-08-23T07:59:50.86Z,SJI_2796,0,0
2014-08-23,7981480,2014-08-23T08:00:00.52Z,FUV,0,0
2014-08-23,7981484,2014-08-23T08:00:19.69Z,SJI_1400,0,0
2014-08-23,7981486,2014-08-23T08:00:19.77Z,FUV,0,0
2014-08-23,7981487,2014-08-23T08:00:29.33Z,SJI_2796,0,0
2014-08-23,7981492,2014-08-23T08:00:39.00Z,FUV,0,0
2014-08-23,7981496,2014-08-23T08:00:58.14Z,SJI_1400,0,0
2014-08-23,7981498,2014-08-23T08:00:58.21Z,FUV,0,0
2014-08-23,7981499,2014-08-23T08:01:07.77Z,SJI_2796,0,0
2014-08-23,7981504,2014-08-23T08:01:17.43Z,FUV,0,0
2014-08-23,7981508,2014-08-23T08:01:36.60Z,SJI_1400,0,0
2014-08-23,7981510,2014-08-23T08:01:36.67Z,FUV,0,0
2014-08-23,7981511,2014-08-23T08:01:46.23Z,SJI_2796,0,0
2014-08-23,7981516,2014-08-23T08:01:55.90Z,FUV,0,0
2014-08-23,7981520,2014-08-23T08:02:15.05Z,SJI_1400,0,0
2014-08-23,7981522,2014-08-23T08:02:15.12Z,FUV,0,0
2014-08-23,7981523,2014-08-23T08:02:24.67Z,SJI_2796,0,0
2014-08-23,7981528,2014-08-23T08:02:34.34Z,FUV,0,0
2014-08-23,7981532,2014-08-23T08:02:53.55Z,SJI_1400,0,0
2014-08-23,7981534,2014-08-23T08:02:53.62Z,FUV,0,0
2014-08-23,7981535,2014-08-23T08:03:03.14Z,SJI_2796,0,0
2014-08-23,7981540,2014-08-23T08:03:12.81Z,FUV,0,0
2014-08-23,7981544,2014-08-23T08:03:31.96Z,SJI_1400,0,0
2014-08-23,7981546,2014-08-23T08:03:32.03Z,FUV,0,0
2014-08-23,7981547,2014-08-23T08:03:41.58Z,SJI_2796,0,0
2014-08-23,7981552,2014-08-23T08:03:51.24Z,FUV,0,0
2014-08-23,7981556,2014-08-23T08:04:10.42Z,SJI_1400,0,0
2014-08-23,7981558,2014-08-23T08:04:10.49Z,FUV,0,0
2014-08-23,7981559,2014-08-23T08:04:20.05Z,SJI_2796,0,0
2014-08-23,7981564,2014-08-23T08:04:29.72Z,FUV,0,0
2014-08-23,7981568,2014-08-23T08:04:48.87Z,SJI_1400,0,0
2014-08-23,7981570,2014-08-23T08:04:48.94Z,FUV,0,0
2014-08-23,7981571,2014-08-23T08:04:58.48Z,SJI_2796,0,0
2014-08-23,7981576,2014-08-23T08:05:08.13Z,FUV,0,0
2014-08-23,7981580,2014-08-23T08:05:27.33Z,SJI_1400,0,0
2014-08-23,7981582,2014-08-23T08:05:27.41Z,FUV,0,0
2014-08-23,7981583,2014-08-23T08:05:36.95Z,SJI_2796,0,0
2014-08-23,7981588,2014-08-23T08:05:46.62Z,FUV,0,0
2014-08-23,7981592,2014-08-23T08:06:05.77Z,SJI_1400,0,0
2014-08-23,7981594,2014-08-23T08:06:05.84Z,FUV,0,0
2014-08-23,7981595,2014-08-23T08:06:15.39Z,SJI_2796,0,0
2014-08-23,7981600,2014-08-23T08:06:25.06Z,FUV,0,0
2014-08-23,7981604,2014-08-23T08:06:44.23Z,SJI_1400,0,0
2014-08-23,7981606,2014-08-23T08:06:44.30Z,FUV,0,0
2014-08-23,7981607,2014-08-23T08:06:53.86Z,SJI_2796,0,0
2014-08-23,7981612,2014-08-23T08:07:03.52Z,FUV,0,0
2014-08-23,7981616,2014-08-23T08:07:22.68Z,SJI_1400,0,0
2014-08-23,7981618,2014-08-23T08:07:22.75Z,FUV,0,0
2014-08-23,7981619,2014-08-23T08:07:32.30Z,SJI_2796,0,0
2014-08-23,7981624,2014-08-23T08:07:41.96Z,FUV,0,0
2014-08-23,7981628,2014-08-23T08:08:01.13Z,SJI_1400,0,0
2014-08-23,7981630,2014-08-23T08:08:01.20Z,FUV,0,0
2014-08-23,7981631,2014-08-23T08:08:10.77Z,SJI_2796,0,0
2014-08-23,7981636,2014-08-23T08:08:20.43Z,FUV,0,0
2014-08-23,7981640,2014-08-23T08:08:39.58Z,SJI_1400,0,0
2014-08-23,7981642,2014-08-23T08:08:39.66Z,FUV,0,0
2014-08-23,7981643,2014-08-23T08:08:49.20Z,SJI_2796,0,0
2014-08-23,7981648,2014-08-23T08:08:58.87Z,FUV,0,0
2014-08-23,7981652,2014-08-23T08:09:18.04Z,SJI_1400,0,0
2014-08-23,7981654,2014-08-23T08:09:18.11Z,FUV,0,0
2014-08-23,7981655,2014-08-23T08:09:27.67Z,SJI_2796,0,0
2014-08-23,7981660,2014-08-23T08:09:37.34Z,FUV,0,0
2014-08-23,7981664,2014-08-23T08:09:56.49Z,SJI_1400,1,0
2014-08-23,7981666,2014-08-23T08:09:56.56Z,FUV,1,0
2014-08-23,7981667,2014-08-23T08:10:06.11Z,SJI_2796,1,0
2014-08-23,7981669,2014-08-23T08:10:06.18Z,FUV,1,0
2014-08-23,7981670,2014-08-23T08:10:15.70Z,SJI_1400,1,0
2014-08-23,7981672,2014-08-23T08:10:15.77Z,FUV,1,0
2014-08-23,7981673,2014-08-23T08:10:25.36Z,SJI_2796,1,0
2014-08-23,7981675,2014-08-23T08:10:25.43Z,FUV,1,0
2014-08-23,7981676,2014-08-23T08:10:34.96Z,SJI_1400,1,1
2014-08-23,7981678,2014-08-23T08:10:35.03Z,FUV,1,0
2014-08-23,7981679,2014-08-23T08:10:44.58Z,SJI_2796,1,0
2014-08-23,7981681,2014-08-23T08:10:44.65Z,FUV,1,0
2014-08-23,7981682,2014-08-23T08:10:54.17Z,SJI_1400,1,0
2014-08-23,7981684,2014-08-23T08:10:54.24Z,FUV,1,0
2014-08-23,7981685,2014-08-23T08:11:03.80Z,SJI_2796,1,0
2014-08-23,7981687,2014-08-23T08:11:03.87Z,FUV,1,0
2014-08-23,7981688,2014-08-23T08:11:13.39Z,SJI_1400,1,1
2014-08-23,7981690,2014-08-23T08:11:13.46Z,FUV,1,0
2014-08-23,7981691,2014-08-23T08:11:23.02Z,SJI_2796,1,0
2014-08-23,7981693,2014-08-23T08:11:23.09Z,FUV,1,0
2014-08-23,7981694,2014-08-23T08:11:32.61Z,SJI_1400,1,1
2014-08-23,7981696,2014-08-23T08:11:32.68Z,FUV,1,0
2014-08-23,7981697,2014-08-23T08:11:42.27Z,SJI_2796,1,0
2014-08-23,7981699,2014-08-23T08:11:42.34Z,FUV,1,0
2014-08-23,7981700,2014-08-23T08:11:51.86Z,SJI_1400,1,0
2014-08-23,7981702,2014-08-23T08:11:51.93Z,FUV,1,1
2014-08-23,7981703,2014-08-23T08:12:01.48Z,SJI_2796,1,0
2014-08-23,7981705,2014-08-23T08:12:01.56Z,FUV,1,1
2014-08-23,7981706,2014-08-23T08:12:11.06Z,SJI_1400,1,1
2014-08-23,7981708,2014-08-23T08:12:11.13Z,FUV,1,0
2014-08-23,7981709,2014-08-23T08:12:20.70Z,SJI_2796,1,0
2014-08-23,7981711,2014-08-23T08:12:20.77Z,FUV,1,0
2014-08-23,7981712,2014-08-23T08:12:30.30Z,SJI_1400,1,0
2014-08-23,7981714,2014-08-23T08:12:30.37Z,FUV,1,0
2014-08-23,7981715,2014-08-23T08:12:39.92Z,SJI_2796,1,0
2014-08-23,7981717,2014-08-23T08:12:39.99Z,FUV,1,0
2014-08-23,7981718,2014-08-23T08:12:49.52Z,SJI_1400,1,0
2014-08-23,7981720,2014-08-23T08:12:49.59Z,FUV,1,1
2014-08-23,7981721,2014-08-23T08:12:59.17Z,SJI_2796,1,0
2014-08-23,7981723,2014-08-23T08:12:59.24Z,FUV,1,1
2014-08-23,7981724,2014-08-23T08:13:08.76Z,SJI_1400,1,0
2014-08-23,7981726,2014-08-23T08:13:08.83Z,FUV,1,0
2014-08-23,7981727,2014-08-23T08:13:18.39Z,SJI_2796,1,0
2014-08-23,7981729,2014-08-23T08:13:18.46Z,FUV,1,1
2014-08-23,7981730,2014-08-23T08:13:27.99Z,SJI_1400,1,0
2014-08-23,7981732,2014-08-23T08:13:28.06Z,FUV,1,0
2014-08-23,7981733,2014-08-23T08:13:37.61Z,SJI_2796,1,0
2014-08-23,7981735,2014-08-23T08:13:37.68Z,FUV,1,0
2014-08-23,7981736,2014-08-23T08:13:47.19Z,SJI_1400,1,0
2014-08-23,7981738,2014-08-23T08:13:47.27Z,FUV,1,0
2014-08-23,7981739,2014-08-23T08:13:56.83Z,SJI_2796,1,0
2014-08-23,7981741,2014-08-23T08:13:56.90Z,FUV,1,1
2014-08-23,7981742,2014-08-23T08:14:06.42Z,SJI_1400,1,0
2014-08-23,7981744,2014-08-23T08:14:06.49Z,FUV,1,1
2014-08-23,7981745,2014-08-23T08:14:16.08Z,SJI_2796,1,1
2014-08-23,7981747,2014-08-23T08:14:16.15Z,FUV,1,1
2014-08-23,7981748,2014-08-23T08:14:25.68Z,SJI_1400,1,0
2014-08-23,7981750,2014-08-23T08:14:25.75Z,FUV,1,0
2014-08-23,7981751,2014-08-23T08:14:35.30Z,SJI_2796,1,0
2014-08-23,7981753,2014-08-23T08:14:35.37Z,FUV,1,2
2014-08-23,7981754,2014-08-23T08:14:44.89Z,SJI_1400,1,1
2014-08-23,7981756,2014-08-23T08:14:44.96Z,FUV,1,2
2014-08-23,7981757,2014-08-23T08:14:54.52Z,SJI_2796,1,3
2014-08-23,7981759,2014-08-23T08:14:54.59Z,FUV,1,1
2014-08-23,7981760,2014-08-23T08:15:04.12Z,SJI_1400,1,1
2014-08-23,7981762,2014-08-23T08:15:04.19Z,FUV,1,0
2014-08-23,7981763,2014-08-23T08:15:13.73Z,SJI_2796,1,3
2014-08-23,7981765,2014-08-23T08:15:13.81Z,FUV,1,7
2014-08-23,7981766,2014-08-23T08:15:23.33Z,SJI_1400,1,1
2014-08-23,7981768,2014-08-23T08:15:23.40Z,FUV,1,4
2014-08-23,7981769,2014-08-23T08:15:32.99Z,SJI_2796,1,6
2014-08-23,7981771,2014-08-23T08:15:33.06Z,FUV,1,4
2014-08-23,7981772,2014-08-23T08:15:42.58Z,SJI_1400,1,5
2014-08-23,7981774,2014-08-23T08:15:42.66Z,FUV,1,3
2014-08-23,7981775,2014-08-23T08:15:52.20Z,SJI_2796,1,3
2014-08-23,7981777,2014-08-23T08:15:52.27Z,FUV,1,9
2014-08-23,7981778,2014-08-23T08:16:01.80Z,SJI_1400,1,1
2014-08-23,7981780,2014-08-23T08:16:01.87Z,FUV,1,9
2014-08-23,7981781,2014-08-23T08:16:11.42Z,SJI_2796,1,6
2014-08-23,7981783,2014-08-23T08:16:11.49Z,FUV,1,7
2014-08-23,7981784,2014-08-23T08:16:21.02Z,SJI_1400,1,4
2014-08-23,7981786,2014-08-23T08:16:21.09Z,FUV,1,7
2014-08-23,7981787,2014-08-23T08:16:30.67Z,SJI_2796,1,1
2014-08-23,7981789,2014-08-23T08:16:30.74Z,FUV,1,8
2014-08-23,7981790,2014-08-23T08:16:40.27Z,SJI_1400,1,5
2014-08-23,7981792,2014-08-23T08:16:40.34Z,FUV,1,11
2014-08-23,7981793,2014-08-23T08:16:49.89Z,SJI_2796,1,7
2014-08-23,7981795,2014-08-23T08:16:49.96Z,FUV,1,13
2014-08-23,7981796,2014-08-23T08:16:59.49Z,SJI_1400,1,4
2014-08-23,7981798,2014-08-23T08:16:59.56Z,FUV,1,10
2014-08-23,7981799,2014-08-23T08:17:09.11Z,SJI_2796,1,19
2014-08-23,7981801,2014-08-23T08:17:09.18Z,FUV,1,14
2014-08-23,7981802,2014-08-23T08:17:18.70Z,SJI_1400,1,9
2014-08-23,7981804,2014-08-23T08:17:18.77Z,FUV,1,17
2014-08-23,7981805,2014-08-23T08:17:28.33Z,SJI_2796,1,10
2014-08-23,7981807,2014-08-23T08:17:28.40Z,FUV,1,9
2014-08-23,7981808,2014-08-23T08:17:37.93Z,SJI_1400,1,13
2014-08-23,7981810,2014-08-23T08:17:38.00Z,FUV,1,21
2014-08-23,7981811,2014-08-23T08:17:47.55Z,SJI_2796,1,15
2014-08-23,7981813,2014-08-23T08:17:47.62Z,FUV,1,22
2014-08-23,7981814,2014-08-23T08:17:57.14Z,SJI_1400,1,8
2014-08-23,7981816,2014-08-23T08:17:57.21Z,FUV,1,24
2014-08-23,7981817,2014-08-23T08:18:06.80Z,SJI_2796,1,10
2014-08-23,7981819,2014-08-23T08:18:06.87Z,FUV,1,19
2014-08-23,7981820,2014-08-23T08:18:16.39Z,SJI_1400,1,8
2014-08-23,7981822,2014-08-23T08:18:16.46Z,FUV,1,19
2014-08-23,7981823,2014-08-23T08:18:26.02Z,SJI_2796,1,14
2014-08-23,7981825,2014-08-23T08:18:26.09Z,FUV,1,16
2014-08-23,7981826,2014-08-23T08:18:35.61Z,SJI_1400,1,3
2014-08-23,7981828,2014-08-23T08:18:35.68Z,FUV,1,25
2014-08-23,7981829,2014-08-23T08:18:45.23Z,SJI_2796,1,10
2014-08-23,7981831,2014-08-23T08:18:45.31Z,FUV,1,18
2014-08-23,7981832,2014-08-23T08:18:54.84Z,SJI_1400,1,6
2014-08-23,7981834,2014-08-23T08:18:54.91Z,FUV,1,9
2014-08-23,7981835,2014-08-23T08:19:04.45Z,SJI_2796,1,12
2014-08-23,7981837,2014-08-23T08:19:04.52Z,FUV,1,8
2014-08-23,7981838,2014-08-23T08:19:14.04Z,SJI_1400,1,3
2014-08-23,7981840,2014-08-23T08:19:14.11Z,FUV,1,14
2014-08-23,7981841,2014-08-23T08:19:23.70Z,SJI_2796,1,13
2014-08-23,7981843,2014-08-23T08:19:23.77Z,FUV,1,16
2014-08-23,7981844,2014-08-23T08:19:33.30Z,SJI_1400,1,5
2014-08-23,7981846,2014-08-23T08:19:33.37Z,FUV,1,12
2014-08-23,7981847,2014-08-23T08:19:42.92Z,SJI_2796,1,9
2014-08-23,7981849,2014-08-23T08:19:42.99Z,FUV,1,15
2014-08-23,7981850,2014-08-23T08:19:52.52Z,SJI_1400,1,1
2014-08-23,7981852,2014-08-23T08:19:52.59Z,FUV,1,11
2014-08-23,7981853,2014-08-23T08:20:02.14Z,SJI_2796,1,6
2014-08-23,7981855,2014-08-23T08:20:02.21Z,FUV,1,3
2014-08-23,7981856,2014-08-23T08:20:11.73Z,SJI_1400,1,5
2014-08-23,7981858,2014-08-23T08:20:11.80Z,FUV,1,4
2014-08-23,7981859,2014-08-23T08:20:21.36Z,SJI_2796,1,3
2014-08-23,7981861,2014-08-23T08:20:21.43Z,FUV,1,6
2014-08-23,7981862,2014-08-23T08:20:30.95Z,SJI_1400,1,5
2014-08-23,7981864,2014-08-23T08:20:31.02Z,FUV,1,1
2014-08-23,7981865,2014-08-23T08:20:40.61Z,SJI_2796,1,3
2014-08-23,7981867,2014-08-23T08:20:40.68Z,FUV,1,6
2014-08-23,7981868,2014-08-23T08:20:50.21Z,SJI_1400,1,2
2014-08-23,7981870,2014-08-23T08:20:50.28Z,FUV,1,1
2014-08-23,7981871,2014-08-23T08:20:59.83Z,SJI_2796,1,1
2014-08-23,7981873,2014-08-23T08:20:59.90Z,FUV,1,1
2014-08-23,7981874,2014-08-23T08:21:09.43Z,SJI_1400,1,3
2014-08-23,7981876,2014-08-23T08:21:09.50Z,FUV,1,0
2014-08-23,7981877,2014-08-23T08:21:19.05Z,SJI_2796,1,2
2014-08-23,7981879,2014-08-23T08:21:19.12Z,FUV,1,1
2014-08-23,7981880,2014-08-23T08:21:28.63Z,SJI_1400,1,0
2014-08-23,7981882,2014-08-23T08:21:28.70Z,FUV,1,2
2014-08-23,7981883,2014-08-23T08:21:38.27Z,SJI_2796,1,1
2014-08-23,7981885,2014-08-23T08:21:38.34Z,FUV,1,1
2014-08-23,7981886,2014-08-23T08:21:47.85Z,SJI_1400,1,0
2014-08-23,7981888,2014-08-23T08:21:47.92Z,FUV,1,1
2014-08-23,7981889,2014-08-23T08:21:57.52Z,SJI_2796,1,0
2014-08-23,7981891,2014-08-23T08:21:57.59Z,FUV,1,1
2014-08-23,7981892,2014-08-23T08:22:07.11Z,SJI_1400,1,0
2014-08-23,7981894,2014-08-23T08:22:07.18Z,FUV,1,1
2014-08-23,7981895,2014-08-23T08:22:16.73Z,SJI_2796,1,0
2014-08-23,7981897,2014-08-23T08:22:16.81Z,FUV,1,0
2014-08-23,7981898,2014-08-23T08:22:26.33Z,SJI_1400,1,0
2014-08-23,7981900,2014-08-23T08:22:26.40Z,FUV,1,0
2014-08-23,7981901,2014-08-23T08:22:35.95Z,SJI_2796,1,0
2014-08-23,7981903,2014-08-23T08:22:36.02Z,FUV,1,1
2014-08-23,7981904,2014-08-23T08:22:45.55Z,SJI_1400,1,0
2014-08-23,7981906,2014-08-23T08:22:45.62Z,FUV,1,1
2014-08-23,7981907,2014-08-23T08:22:55.17Z,SJI_2796,1,0
2014-08-23,7981909,2014-08-23T08:22:55.24Z,FUV,1,1
2014-08-23,7981910,2014-08-23T08:23:04.77Z,SJI_1400,1,0
2014-08-23,7981912,2014-08-23T08:23:04.84Z,FUV,1,1
2014-08-23,7981913,2014-08-23T08:23:14.42Z,SJI_2796,1,0
2014-08-23,7981915,2014-08-23T08:23:14.49Z,FUV,1,0
2014-08-23,7981916,2014-08-23T08:23:24.01Z,SJI_1400,1,0
2014-08-23,7981918,2014-08-23T08:23:24.08Z,FUV,1,1
2014-08-23,7981919,2014-08-23T08:23:33.64Z,SJI_2796,1,0
2014-08-23,7981921,2014-08-23T08:23:33.71Z,FUV,1,0
2014-08-23,7981922,2014-08-23T08:23:43.23Z,SJI_1400,1,0
2014-08-23,7981924,2014-08-23T08:23:43.31Z,FUV,1,0
2014-08-23,7981925,2014-08-23T08:23:52.86Z,SJI_2796,1,0
2014-08-23,7981927,2014-08-23T08:23:52.93Z,FUV,1,1
2014-08-23,7981928,2014-08-23T08:24:02.45Z,SJI_1400,1,0
2014-08-23,7981930,2014-08-23T08:24:02.52Z,FUV,1,0
2014-08-23,7981931,2014-08-23T08:24:12.08Z,SJI_2796,1,0
2014-08-23,7981933,2014-08-23T08:24:12.15Z,FUV,1,0
2014-08-23,7981934,2014-08-23T08:24:21.68Z,SJI_1400,1,0
2014-08-23,7981936,2014-08-23T08:24:21.75Z,FUV,1,0
2014-08-23,7981937,2014-08-23T08:24:31.33Z,SJI_2796,1,0
2014-08-23,7981939,2014-08-23T08:24:31.40Z,FUV,1,0
2014-08-23,7981940,2014-08-23T08:24:40.92Z,SJI_1400,1,0
2014-08-23,7981942,2014-08-23T08:24:40.99Z,FUV,1,0
2014-08-23,7981943,2014-08-23T08:24:50.55Z,SJI_2796,1,0
2014-08-23,7981945,2014-08-23T08:24:50.62Z,FUV,1,0
2014-08-23,7981946,2014-08-23T08:25:00.16Z,SJI_1400,1,0
2014-08-23,7981948,2014-08-23T08:25:00.23Z,FUV,1,0
2014-08-23,7981949,2014-08-23T08:25:09.77Z,SJI_2796,1,0
2014-08-23,7981951,2014-08-23T08:25:09.84Z,FUV,1,0
2014-08-23,7981952,2014-08-23T08:25:19.36Z,SJI_1400,1,0
2014-08-23,7981954,2014-08-23T08:25:19.43Z,FUV,1,0
2014-08-23,7981955,2014-08-23T08:25:28.99Z,SJI_2796,1,1
2014-08-23,7981957,2014-08-23T08:25:29.06Z,FUV,1,0
2014-08-23,7981958,2014-08-23T08:25:38.58Z,SJI_1400,1,0
2014-08-23,7981960,2014-08-23T08:25:38.65Z,FUV,1,0
2014-08-23,7981961,2014-08-23T08:25:48.23Z,SJI_2796,1,0
2014-08-23,7981963,2014-08-23T08:25:48.31Z,FUV,1,0
2014-08-23,7981964,2014-08-23T08:25:57.81Z,SJI_1400,1,0
2014-08-23,7981966,2014-08-23T08:25:57.88Z,FUV,1,0
2014-08-23,7981967,2014-08-23T08:26:07.45Z,SJI_2796,1,0
2014-08-23,7981969,2014-08-23T08:26:07.52Z,FUV,1,0
2014-08-23,7981970,2014-08-23T08:26:17.05Z,SJI_1400,1,0
2014-08-23,7981972,2014-08-23T08:26:17.12Z,FUV,1,0
2014-08-23,7981973,2014-08-23T08:26:26.67Z,SJI_2796,1,0
2014-08-23,7981975,2014-08-23T08:26:26.74Z,FUV,1,0
2014-08-23,7981976,2014-08-23T08:26:36.27Z,SJI_1400,1,0
2014-08-23,7981978,2014-08-23T08:26:36.34Z,FUV,1,0
2014-08-23,7981979,2014-08-23T08:26:45.89Z,SJI_2796,1,0
2014-08-23,7981981,2014-08-23T08:26:45.96Z,FUV,1,0
2014-08-23,7981982,2014-08-23T08:26:55.49Z,SJI_1400,1,0
2014-08-23,7981984,2014-08-23T08:26:55.56Z,FUV,1,0
2014-08-23,7981985,2014-08-23T08:27:05.14Z,SJI_2796,1,0
2014-08-23,7981987,2014-08-23T08:27:05.21Z,FUV,1,0
2014-08-23,7981988,2014-08-23T08:27:14.73Z,SJI_1400,1,0
2014-08-23,7981990,2014-08-23T08:27:14.81Z,FUV,1,0
2014-08-23,7981991,2014-08-23T08:27:24.36Z,SJI_2796,1,0
2014-08-23,7981993,2014-08-23T08:27:24.43Z,FUV,1,0
2014-08-23,7981994,2014-08-23T08:27:33.95Z,SJI_1400,1,1
2014-08-23,7981996,2014-08-23T08:27:34.02Z,FUV,1,0
2014-08-23,7982000,2014-08-23T08:27:53.18Z,SJI_1400,0,0
2014-08-23,7982002,2014-08-23T08:27:53.25Z,FUV,0,0
2014-08-23,7982003,2014-08-23T08:28:02.80Z,SJI_2796,0,0
2014-08-23,7982008,2014-08-23T08:28:12.46Z,FUV,0,0
2014-08-23,7982012,2014-08-23T08:28:31.65Z,SJI_1400,0,0
2014-08-23,7982014,2014-08-23T08:28:31.72Z,FUV,0,0
2014-08-23,7982015,2014-08-23T08:28:41.27Z,SJI_2796,0,0
2014-08-23,7982020,2014-08-23T08:28:50.93Z,FUV,0,0
2014-08-23,7982024,2014-08-23T08:29:10.08Z,SJI_1400,0,0
2014-08-23,7982026,2014-08-23T08:29:10.16Z,FUV,0,0
2014-08-23,7982027,2014-08-23T08:29:19.70Z,SJI_2796,0,0
2014-08-23,7982032,2014-08-23T08:29:29.37Z,FUV,0,0
2014-08-23,7982036,2014-08-23T08:29:48.54Z,SJI_1400,0,0
2014-08-23,7982038,2014-08-23T08:29:48.61Z,FUV,0,0
2014-08-23,7982039,2014-08-23T08:29:58.17Z,SJI_2796,0,0
2014-08-23,7982044,2014-08-23T08:30:07.84Z,FUV,0,0
2014-08-23,7982048,2014-08-23T08:30:26.99Z,SJI_1400,0,0
2014-08-23,7982050,2014-08-23T08:30:27.06Z,FUV,0,0
2014-08-23,7982051,2014-08-23T08:30:36.61Z,SJI_2796,0,0
2014-08-23,7982056,2014-08-23T08:30:46.29Z,FUV,0,0
2014-08-23,7982060,2014-08-23T08:31:05.44Z,SJI_1400,0,0
2014-08-23,7982062,2014-08-23T08:31:05.52Z,FUV,0,0
2014-08-23,7982063,2014-08-23T08:31:15.08Z,SJI_2796,0,0
2014-08-23,7982068,2014-08-23T08:31:24.75Z,FUV,0,0
2014-08-23,7982072,2014-08-23T08:31:43.90Z,SJI_1400,0,0
2014-08-23,7982074,2014-08-23T08:31:43.97Z,FUV,0,0
2014-08-23,7982075,2014-08-23T08:31:53.52Z,SJI_2796,0,0
2014-08-23,7982080,2014-08-23T08:32:03.16Z,FUV,0,0
2014-08-23,7982084,2014-08-23T08:32:22.35Z,SJI_1400,0,0
2014-08-23,7982086,2014-08-23T08:32:22.42Z,FUV,0,0
2014-08-23,7982087,2014-08-23T08:32:31.99Z,SJI_2796,0,0
2014-08-23,7982092,2014-08-23T08:32:41.65Z,FUV,0,0
2014-08-23,7982096,2014-08-23T08:33:00.80Z,SJI_1400,0,0
2014-08-23,7982098,2014-08-23T08:33:00.87Z,FUV,0,0
2014-08-23,7982099,2014-08-23T08:33:10.42Z,SJI_2796,0,0
2014-08-23,7982104,2014-08-23T08:33:20.09Z,FUV,0,0
2014-08-23,7982108,2014-08-23T08:33:39.27Z,SJI_1400,0,0
2014-08-23,7982111,2014-08-23T08:33:48.89Z,SJI_2796,0,0
2014-08-23,7982113,2014-08-23T08:33:48.96Z,FUV,0,0
2014-08-23,7982119,2014-08-23T08:34:08.18Z,FUV,0,0
2014-08-23,7982120,2014-08-23T08:34:17.70Z,SJI_1400,0,0
2014-08-23,7982123,2014-08-23T08:34:27.33Z,SJI_2796,0,0
2014-08-23,7982125,2014-08-23T08:34:27.40Z,FUV,0,0
2014-08-23,7982131,2014-08-23T08:34:46.65Z,FUV,0,0
2014-08-23,7982132,2014-08-23T08:34:56.16Z,SJI_1400,0,0
2014-08-23,7982135,2014-08-23T08:35:05.80Z,SJI_2796,0,0
2014-08-23,7982137,2014-08-23T08:35:05.87Z,FUV,0,0
2014-08-23,7982143,2014-08-23T08:35:25.09Z,FUV,0,0
2014-08-23,7982144,2014-08-23T08:35:34.59Z,SJI_1400,0,0
2014-08-23,7982147,2014-08-23T08:35:44.23Z,SJI_2796,0,0
2014-08-23,7982149,2014-08-23T08:35:44.31Z,FUV,0,0
2014-08-23,7982155,2014-08-23T08:36:03.56Z,FUV,0,0
2014-08-23,7982156,2014-08-23T08:36:13.08Z,SJI_1400,0,0
2014-08-23,7982159,2014-08-23T08:36:22.70Z,SJI_2796,0,0
2014-08-23,7982161,2014-08-23T08:36:22.77Z,FUV,0,0
2014-08-23,7982167,2014-08-23T08:36:41.99Z,FUV,0,0
2014-08-23,7982168,2014-08-23T08:36:51.52Z,SJI_1400,0,0
2014-08-23,7982171,2014-08-23T08:37:01.14Z,SJI_2796,0,0
2014-08-23,7982173,2014-08-23T08:37:01.21Z,FUV,0,0
2014-08-23,7982179,2014-08-23T08:37:20.46Z,FUV,0,0
2014-08-23,7982180,2014-08-23T08:37:29.99Z,SJI_1400,0,0
2014-08-23,7982183,2014-08-23T08:37:39.61Z,SJI_2796,0,0
2014-08-23,7982185,2014-08-23T08:37:39.68Z,FUV,0,0
2014-08-23,7982191,2014-08-23T08:37:58.90Z,FUV,0,0
2014-08-23,7982192,2014-08-23T08:38:08.42Z,SJI_1400,0,0
2014-08-23,7982195,2014-08-23T08:38:18.05Z,SJI_2796,0,0
2014-08-23,7982197,2014-08-23T08:38:18.12Z,FUV,0,0
2014-08-23,7982203,2014-08-23T08:38:37.37Z,FUV,0,0
2014-08-23,7982204,2014-08-23T08:38:46.89Z,SJI_1400,0,0
2014-08-23,7982207,2014-08-23T08:38:56.52Z,SJI_2796,0,0
2014-08-23,7982209,2014-08-23T08:38:56.59Z,FUV,0,0
2014-08-23,7982215,2014-08-23T08:39:15.81Z,FUV,0,0
2014-08-23,7982216,2014-08-23T08:39:25.33Z,SJI_1400,0,0
2014-08-23,7982219,2014-08-23T08:39:34.95Z,SJI_2796,0,0
2014-08-23,7982221,2014-08-23T08:39:35.02Z,FUV,0,0
2014-08-23,7982227,2014-08-23T08:39:54.28Z,FUV,0,0
2014-08-23,7982228,2014-08-23T08:40:03.79Z,SJI_1400,0,0
2014-08-23,7982231,2014-08-23T08:40:13.42Z,SJI_2796,0,0
2014-08-23,7982233,2014-08-23T08:40:13.49Z,FUV,0,0
2014-08-23,7982239,2014-08-23T08:40:32.71Z,FUV,0,0
2014-08-23,7982240,2014-08-23T08:40:42.23Z,SJI_1400,0,0
2014-08-23,7982243,2014-08-23T08:40:51.86Z,SJI_2796,0,0
2014-08-23,7982245,2014-08-23T08:40:51.93Z,FUV,0,0
2014-08-23,7982251,2014-08-23T08:41:11.18Z,FUV,0,0
2014-08-23,7982252,2014-08-23T08:41:20.69Z,SJI_1400,0,0
2014-08-23,7982255,2014-08-23T08:41:30.33Z,SJI_2796,0,0
2014-08-23,7982257,2014-08-23T08:41:30.40Z,FUV,0,0
2014-08-23,7982263,2014-08-23T08:41:49.62Z,FUV,0,0
2014-08-23,7982264,2014-08-23T08:41:59.15Z,SJI_1400,0,0
2014-08-23,7982267,2014-08-23T08:42:08.77Z,SJI_2796,0,0
2014-08-23,7982269,2014-08-23T08:42:08.84Z,FUV,0,0
2014-08-23,7982275,2014-08-23T08:42:28.09Z,FUV,0,0
2014-08-23,7982276,2014-08-23T08:42:37.60Z,SJI_1400,0,0
2014-08-23,7982279,2014-08-23T08:42:47.23Z,SJI_2796,0,0
2014-08-23,7982281,2014-08-23T08:42:47.31Z,FUV,0,0
2014-08-23,7982287,2014-08-23T08:43:06.52Z,FUV,0,0
2014-08-23,7982288,2014-08-23T08:43:16.05Z,SJI_1400,0,0
2014-08-23,7982291,2014-08-23T08:43:25.67Z,SJI_2796,0,0
2014-08-23,7982293,2014-08-23T08:43:25.74Z,FUV,0,0
2014-08-23,7982299,2014-08-23T08:43:44.99Z,FUV,0,0
2014-08-23,7982300,2014-08-23T08:43:54.52Z,SJI_1400,0,0
2014-08-23,7982303,2014-08-23T08:44:04.14Z,SJI_2796,0,0
2014-08-23,7982305,2014-08-23T08:44:04.21Z,FUV,0,0
2014-08-23,7982311,2014-08-23T08:44:23.43Z,FUV,0,0
2014-08-23,7982312,2014-08-23T08:44:32.96Z,SJI_1400,0,0
2014-08-23,7982315,2014-08-23T08:44:42.58Z,SJI_2796,0,0
2014-08-23,7982317,2014-08-23T08:44:42.65Z,FUV,0,0
2014-08-23,7982323,2014-08-23T08:45:01.90Z,FUV,0,0
2014-08-23,7982324,2014-08-23T08:45:11.42Z,SJI_1400,0,0
2014-08-23,7982327,2014-08-23T08:45:21.05Z,SJI_2796,0,0
2014-08-23,7982329,2014-08-23T08:45:21.12Z,FUV,0,0
2014-08-23,7982335,2014-08-23T08:45:40.34Z,FUV,0,0
2014-08-23,7982336,2014-08-23T08:45:49.87Z,SJI_1400,0,0
2014-08-23,7982339,2014-08-23T08:45:59.48Z,SJI_2796,0,0
2014-08-23,7982341,2014-08-23T08:45:59.56Z,FUV,0,0
2014-08-23,7982347,2014-08-23T08:46:18.81Z,FUV,0,0
2014-08-23,7982348,2014-08-23T08:46:28.33Z,SJI_1400,0,0
2014-08-23,7982351,2014-08-23T08:46:37.95Z,SJI_2796,0,0
2014-08-23,7982353,2014-08-23T08:46:38.02Z,FUV,0,0
2014-08-23,7982359,2014-08-23T08:46:57.24Z,FUV,0,0
2014-08-23,7982360,2014-08-23T08:47:06.77Z,SJI_1400,0,0
2014-08-23,7982363,2014-08-23T08:47:16.39Z,SJI_2796,0,0
2014-08-23,7982365,2014-08-23T08:47:16.46Z,FUV,0,0
2014-08-23,7982371,2014-08-23T08:47:35.71Z,FUV,0,0
2014-08-23,7982372,2014-08-23T08:47:45.23Z,SJI_1400,0,0
2014-08-23,7982375,2014-08-23T08:47:54.86Z,SJI_2796,0,0
2014-08-23,7982377,2014-08-23T08:47:54.93Z,FUV,0,0
2014-08-23,7982383,2014-08-23T08:48:14.15Z,FUV,0,0
2014-08-23,7982384,2014-08-23T08:48:23.68Z,SJI_1400,0,0
2014-08-23,7982387,2014-08-23T08:48:33.30Z,SJI_2796,0,0
2014-08-23,7982389,2014-08-23T08:48:33.37Z,FUV,0,0
2014-08-23,7982395,2014-08-23T08:48:52.62Z,FUV,0,0
2014-08-23,7982396,2014-08-23T08:49:02.13Z,SJI_1400,0,0
2014-08-23,7982399,2014-08-23T08:49:11.77Z,SJI_2796,0,0
2014-08-23,7982401,2014-08-23T08:49:11.84Z,FUV,0,0
2014-08-23,7982407,2014-08-23T08:49:31.06Z,FUV,0,0
2014-08-23,7982408,2014-08-23T08:49:40.59Z,SJI_1400,0,0
2014-08-23,7982411,2014-08-23T08:49:50.20Z,SJI_2796,0,0
2014-08-23,7982413,2014-08-23T08:49:50.27Z,FUV,0,0
2014-08-23,7982419,2014-08-23T08:50:09.52Z,FUV,0,0
2014-08-23,7982420,2014-08-23T08:50:19.04Z,SJI_1400,0,0
2014-08-23,7982423,2014-08-23T08:50:28.67Z,SJI_2796,0,0
2014-08-23,7982425,2014-08-23T08:50:28.74Z,FUV,0,0
2014-08-23,7982431,2014-08-23T08:50:47.96Z,FUV,0,0
2014-08-23,7982432,2014-08-23T08:50:57.48Z,SJI_1400,0,0
2014-08-23,7982435,2014-08-23T08:51:07.11Z,SJI_2796,0,0
2014-08-23,7982437,2014-08-23T08:51:07.18Z,FUV,0,0
2014-08-23,7982443,2014-08-23T08:51:26.43Z,FUV,0,0
2014-08-23,7982444,2014-08-23T08:51:35.94Z,SJI_1400,0,0
2014-08-23,7982447,2014-08-23T08:51:45.58Z,SJI_2796,0,0
2014-08-23,7982449,2014-08-23T08:51:45.65Z,FUV,0,0
2014-08-23,7982455,2014-08-23T08:52:04.87Z,FUV,0,0
2014-08-23,7982456,2014-08-23T08:52:14.39Z,SJI_1400,0,0
2014-08-23,7982459,2014-08-23T08:52:24.02Z,SJI_2796,0,0
2014-08-23,7982461,2014-08-23T08:52:24.09Z,FUV,0,0
2014-08-23,7982467,2014-08-23T08:52:43.34Z,FUV,0,0
2014-08-23,7982468,2014-08-23T08:52:52.86Z,SJI_1400,0,0
2014-08-23,7982471,2014-08-23T08:53:02.48Z,SJI_2796,0,0
2014-08-23,7982473,2014-08-23T08:53:02.56Z,FUV,0,0
2014-08-23,7982479,2014-08-23T08:53:21.77Z,FUV,0,0
2014-08-23,7982480,2014-08-23T08:53:31.30Z,SJI_1400,0,0
2014-08-23,7982483,2014-08-23T08:53:40.92Z,SJI_2796,0,0
2014-08-23,7982485,2014-08-23T08:53:40.99Z,FUV,0,0
2014-08-23,7982491,2014-08-23T08:54:00.24Z,FUV,0,0
2014-08-23,7982492,2014-08-23T08:54:09.76Z,SJI_1400,0,0
2014-08-23,7982495,2014-08-23T08:54:19.39Z,SJI_2796,0,0
2014-08-23,7982497,2014-08-23T08:54:19.46Z,FUV,0,0
2014-08-23,7982503,2014-08-23T08:54:38.68Z,FUV,0,0
2014-08-23,7982504,2014-08-23T08:54:48.21Z,SJI_1400,0,0
2014-08-23,7982507,2014-08-23T08:54:57.83Z,SJI_2796,0,0
2014-08-23,7982509,2014-08-23T08:54:57.90Z,FUV,0,0
2014-08-23,7982515,2014-08-23T08:55:17.15Z,FUV,0,0
2014-08-23,7982516,2014-08-23T08:55:26.68Z,SJI_1400,0,0
2014-08-23,7982519,2014-08-23T08:55:36.30Z,SJI_2796,0,0
2014-08-23,7982521,2014-08-23T08:55:36.37Z,FUV,0,0
2014-08-23,7982527,2014-08-23T08:55:55.59Z,FUV,0,0
2014-08-23,7982528,2014-08-23T08:56:05.12Z,SJI_1400,0,0
2014-08-23,7982531,2014-08-23T08:56:14.73Z,SJI_2796,0,0
2014-08-23,7982533,2014-08-23T08:56:14.81Z,FUV,0,0
2014-08-23,7982539,2014-08-23T08:56:34.06Z,FUV,0,0
2014-08-23,7982540,2014-08-23T08:56:43.58Z,SJI_1400,0,0
2014-08-23,7982543,2014-08-23T08:56:53.20Z,SJI_2796,0,0
2014-08-23,7982545,2014-08-23T08:56:53.27Z,FUV,0,0
2014-08-23,7982551,2014-08-23T08:57:12.49Z,FUV,0,0
2014-08-23,7982552,2014-08-23T08:57:22.02Z,SJI_1400,0,0
2014-08-23,7982555,2014-08-23T08:57:31.67Z,SJI_2796,0,0
2014-08-23,7982557,2014-08-23T08:57:31.74Z,FUV,0,0
2014-08-23,7982563,2014-08-23T08:57:50.96Z,FUV,0,0
2014-08-23,7982564,2014-08-23T08:58:00.48Z,SJI_1400,0,0
2014-08-23,7982567,2014-08-23T08:58:10.11Z,SJI_2796,0,0
2014-08-23,7982569,2014-08-23T08:58:10.18Z,FUV,0,0
2014-08-23,7982575,2014-08-23T08:58:29.40Z,FUV,0,0
2014-08-23,7982576,2014-08-23T08:58:38.93Z,SJI_1400,0,0
2014-08-23,7982579,2014-08-23T08:58:48.55Z,SJI_2796,0,0
2014-08-23,7982581,2014-08-23T08:58:48.62Z,FUV,0,0
2014-08-23,7982587,2014-08-23T08:59:07.87Z,FUV,0,0
2014-08-23,7982588,2014-08-23T08:59:17.38Z,SJI_1400,0,0
2014-08-23,7982591,2014-08-23T08:59:27.02Z,SJI_2796,0,0
2014-08-23,7982593,2014-08-23T08:59:27.09Z,FUV,0,0
2014-08-23,7982599,2014-08-23T08:59:46.31Z,FUV,0,0
2014-08-23,7982600,2014-08-23T08:59:55.83Z,SJI_1400,0,0
2014-08-23,7982603,2014-08-23T09:00:05.45Z,SJI_2796,0,0
2014-08-23,7982605,2014-08-23T09:00:05.52Z,FUV,0,0
2014-08-23,7982611,2014-08-23T09:00:24.77Z,FUV,0,0
2014-08-23,7982612,2014-08-23T09:00:34.29Z,SJI_1400,0,0
2014-08-23,7982615,2014-08-23T09:00:43.92Z,SJI_2796,0,0
2014-08-23,7982617,2014-08-23T09:00:43.99Z,FUV,0,0
2014-08-23,7982623,2014-08-23T09:01:03.21Z,FUV,0,0
2014-08-23,7982624,2014-08-23T09:01:12.73Z,SJI_1400,0,0
2014-08-23,7982627,2014-08-23T09:01:22.36Z,SJI_2796,0,0
2014-08-23,7982629,2014-08-23T09:01:22.43Z,FUV,0,0
2014-08-23,7982635,2014-08-23T09:01:41.68Z,FUV,0,0
2014-08-23,7982636,2014-08-23T09:01:51.19Z,SJI_1400,0,0
2014-08-23,7982639,2014-08-23T09:02:00.83Z,SJI_2796,0,0
2014-08-23,7982641,2014-08-23T09:02:00.90Z,FUV,0,0
2014-08-23,7982647,2014-08-23T09:02:20.12Z,FUV,0,0
2014-08-23,7982648,2014-08-23T09:02:29.64Z,SJI_1400,0,0
2014-08-23,7982651,2014-08-23T09:02:39.27Z,SJI_2796,0,0
2014-08-23,7982653,2014-08-23T09:02:39.34Z,FUV,0,0
2014-08-23,7982659,2014-08-23T09:02:58.59Z,FUV,0,0
2014-08-23,7982660,2014-08-23T09:03:08.12Z,SJI_1400,0,0
2014-08-23,7982663,2014-08-23T09:03:17.73Z,SJI_2796,0,0
2014-08-23,7982665,2014-08-23T09:03:17.81Z,FUV,0,0
2014-08-23,7982671,2014-08-23T09:03:37.02Z,FUV,0,0
2014-08-23,7982672,2014-08-23T09:03:46.55Z,SJI_1400,0,0
2014-08-23,7982675,2014-08-23T09:03:56.17Z,SJI_2796,0,0
2014-08-23,7982677,2014-08-23T09:03:56.24Z,FUV,0,0
2014-08-23,7982683,2014-08-23T09:04:15.49Z,FUV,0,0
2014-08-23,7982684,2014-08-23T09:04:25.02Z,SJI_1400,0,0
2014-08-23,7982687,2014-08-23T09:04:34.64Z,SJI_2796,0,0
2014-08-23,7982689,2014-08-23T09:04:34.71Z,FUV,0,0
2014-08-23,7982695,2014-08-23T09:04:53.93Z,FUV,0,0
2014-08-23,7982696,2014-08-23T09:05:03.46Z,SJI_1400,0,0
2014-08-23,7982699,2014-08-23T09:05:13.08Z,SJI_2796,0,0
2014-08-23,7982701,2014-08-23T09:05:13.15Z,FUV,0,0
2014-08-23,7982707,2014-08-23T09:05:32.40Z,FUV,0,0
2014-08-23,7982708,2014-08-23T09:05:41.91Z,SJI_1400,0,0
2014-08-23,7982711,2014-08-23T09:05:51.55Z,SJI_2796,0,0
2014-08-23,7982713,2014-08-23T09:05:51.62Z,FUV,0,0
2014-08-23,7982719,2014-08-23T09:06:10.84Z,FUV,0,0
2014-08-23,7982720,2014-08-23T09:06:20.36Z,SJI_1400,0,0
2014-08-23,7982723,2014-08-23T09:06:29.99Z,SJI_2796,0,0
2014-08-23,7982725,2014-08-23T09:06:30.06Z,FUV,0,0
2014-08-23,7982731,2014-08-23T09:06:49.31Z,FUV,0,0
2014-08-23,7982732,2014-08-23T09:06:58.84Z,SJI_1400,0,0
2014-08-23,7982735,2014-08-23T09:07:08.45Z,SJI_2796,0,0
2014-08-23,7982737,2014-08-23T09:07:08.52Z,FUV,0,0
2014-08-23,7982743,2014-08-23T09:07:27.74Z,FUV,0,0
2014-08-23,7982744,2014-08-23T09:07:37.27Z,SJI_1400,0,0
2014-08-23,7982747,2014-08-23T09:07:46.89Z,SJI_2796,0,0
2014-08-23,7982749,2014-08-23T09:07:46.96Z,FUV,0,0
2014-08-23,7982755,2014-08-23T09:08:06.21Z,FUV,0,0
2014-08-23,7982756,2014-08-23T09:08:15.74Z,SJI_1400,0,0
2014-08-23,7982759,2014-08-23T09:08:25.36Z,SJI_2796,0,0
2014-08-23,7982761,2014-08-23T09:08:25.43Z,FUV,0,0
2014-08-23,7982767,2014-08-23T09:08:44.65Z,FUV,0,0
2014-08-23,7982768,2014-08-23T09:08:54.18Z,SJI_1400,0,0
2014-08-23,7982771,2014-08-23T09:09:03.80Z,SJI_2796,0,0
2014-08-23,7982773,2014-08-23T09:09:03.87Z,FUV,0,0
2014-08-23,7982779,2014-08-23T09:09:23.12Z,FUV,0,0
2014-08-23,7982780,2014-08-23T09:09:32.62Z,SJI_1400,0,0
2014-08-23,7982783,2014-08-23T09:09:42.27Z,SJI_2796,0,0
2014-08-23,7982785,2014-08-23T09:09:42.34Z,FUV,0,0
2014-08-23,7982791,2014-08-23T09:10:01.56Z,FUV,0,0
2014-08-23,7982792,2014-08-23T09:10:11.08Z,SJI_1400,0,0
2014-08-23,7982795,2014-08-23T09:10:20.70Z,SJI_2796,0,0
2014-08-23,7982797,2014-08-23T09:10:20.77Z,FUV,0,0
2014-08-23,7982803,2014-08-23T09:10:40.02Z,FUV,0,0
2014-08-23,7982804,2014-08-23T09:10:49.55Z,SJI_1400,0,0
2014-08-23,7982807,2014-08-23T09:10:59.17Z,SJI_2796,0,0
2014-08-23,7982809,2014-08-23T09:10:59.24Z,FUV,0,0
2014-08-23,7982815,2014-08-23T09:11:18.46Z,FUV,0,0
2014-08-23,7982816,2014-08-23T09:11:27.99Z,SJI_1400,0,0
2014-08-23,7982819,2014-08-23T09:11:37.61Z,SJI_2796,0,0
2014-08-23,7982821,2014-08-23T09:11:37.68Z,FUV,0,0
2014-08-23,7982827,2014-08-23T09:11:56.93Z,FUV,0,0
2014-08-23,7982828,2014-08-23T09:12:06.44Z,SJI_1400,0,0
2014-08-23,7982831,2014-08-23T09:12:16.08Z,SJI_2796,0,0
2014-08-23,7982833,2014-08-23T09:12:16.15Z,FUV,0,0
2014-08-23,7982839,2014-08-23T09:12:35.37Z,FUV,0,0
2014-08-23,7982840,2014-08-23T09:12:44.90Z,SJI_1400,0,0
2014-08-23,7982843,2014-08-23T09:12:54.52Z,SJI_2796,0,0
2014-08-23,7982845,2014-08-23T09:12:54.59Z,FUV,0,0
2014-08-23,7982851,2014-08-23T09:13:13.84Z,FUV,0,0
2014-08-23,7982852,2014-08-23T09:13:23.35Z,SJI_1400,0,0
2014-08-23,7982855,2014-08-23T09:13:32.99Z,SJI_2796,0,0
2014-08-23,7982857,2014-08-23T09:13:33.06Z,FUV,0,0
2014-08-23,7982863,2014-08-23T09:13:52.27Z,FUV,0,0
2014-08-23,7982864,2014-08-23T09:14:01.80Z,SJI_1400,0,0
2014-08-23,7982867,2014-08-23T09:14:11.42Z,SJI_2796,0,0
2014-08-23,7982869,2014-08-23T09:14:11.49Z,FUV,0,0
2014-08-23,7982875,2014-08-23T09:14:30.74Z,FUV,0,0
2014-08-23,7982876,2014-08-23T09:14:40.27Z,SJI_1400,0,0
2014-08-23,7982879,2014-08-23T09:14:49.89Z,SJI_2796,0,0
2014-08-23,7982881,2014-08-23T09:14:49.96Z,FUV,0,0
2014-08-23,7982887,2014-08-23T09:15:09.18Z,FUV,0,0
2014-08-23,7982888,2014-08-23T09:15:18.71Z,SJI_1400,0,0
2014-08-23,7982891,2014-08-23T09:15:28.33Z,SJI_2796,0,0
2014-08-23,7982893,2014-08-23T09:15:28.40Z,FUV,0,0
2014-08-23,7982899,2014-08-23T09:15:47.65Z,FUV,0,0
2014-08-23,7982900,2014-08-23T09:15:57.18Z,SJI_1400,0,0
2014-08-23,7982903,2014-08-23T09:16:06.80Z,SJI_2796,0,0
2014-08-23,7982905,2014-08-23T09:16:06.87Z,FUV,0,0
2014-08-23,7982911,2014-08-23T09:16:26.09Z,FUV,0,0
2014-08-23,7982912,2014-08-23T09:16:35.60Z,SJI_1400,0,0
2014-08-23,7982915,2014-08-23T09:16:45.23Z,SJI_2796,0,0
2014-08-23,7982917,2014-08-23T09:16:45.31Z,FUV,0,0
2014-08-23,7982923,2014-08-23T09:17:04.56Z,FUV,0,0
2014-08-23,7982924,2014-08-23T09:17:14.09Z,SJI_1400,0,0
2014-08-23,7982927,2014-08-23T09:17:23.70Z,SJI_2796,0,0
2014-08-23,7982929,2014-08-23T09:17:23.77Z,FUV,0,0
2014-08-23,7982935,2014-08-23T09:17:42.99Z,FUV,0,0
2014-08-23,7982936,2014-08-23T09:17:52.51Z,SJI_1400,0,0
2014-08-23,7982939,2014-08-23T09:18:02.14Z,SJI_2796,0,0
2014-08-23,7982941,2014-08-23T09:18:02.21Z,FUV,0,0
2014-08-23,7982947,2014-08-23T09:18:21.46Z,FUV,0,0
2014-08-23,7982948,2014-08-23T09:18:30.99Z,SJI_1400,0,0
2014-08-23,7982951,2014-08-23T09:18:40.61Z,SJI_2796,0,0
2014-08-23,7982953,2014-08-23T09:18:40.68Z,FUV,0,0
2014-08-23,7982959,2014-08-23T09:18:59.90Z,FUV,0,0
2014-08-23,7982960,2014-08-23T09:19:09.42Z,SJI_1400,0,0
2014-08-23,7982963,2014-08-23T09:19:19.05Z,SJI_2796,0,0
2014-08-23,7982965,2014-08-23T09:19:19.12Z,FUV,0,0
2014-08-23,7982971,2014-08-23T09:19:38.37Z,FUV,0,0
2014-08-23,7982972,2014-08-23T09:19:47.89Z,SJI_1400,0,0
2014-08-23,7982975,2014-08-23T09:19:57.52Z,SJI_2796,0,0
2014-08-23,7982977,2014-08-23T09:19:57.59Z,FUV,0,0
2014-08-23,7982983,2014-08-23T09:20:16.81Z,FUV,0,0
2014-08-23,7982984,2014-08-23T09:20:26.33Z,SJI_1400,0,0
2014-08-23,7982987,2014-08-23T09:20:35.95Z,SJI_2796,0,0
2014-08-23,7982989,2014-08-23T09:20:36.02Z,FUV,0,0
2014-08-23,7982995,2014-08-23T09:20:55.27Z,FUV,0,0
2014-08-23,7982996,2014-08-23T09:21:04.80Z,SJI_1400,0,0
2014-08-23,7982999,2014-08-23T09:21:14.42Z,SJI_2796,0,0
2014-08-23,7983001,2014-08-23T09:21:14.49Z,FUV,0,0
2014-08-23,7983007,2014-08-23T09:21:33.71Z,FUV,0,0
2014-08-23,7983008,2014-08-23T09:21:43.23Z,SJI_1400,0,0
2014-08-23,7983011,2014-08-23T09:21:52.86Z,SJI_2796,0,0
2014-08-23,7983013,2014-08-23T09:21:52.93Z,FUV,0,0
2014-08-23,7983019,2014-08-23T09:22:12.18Z,FUV,0,0
2014-08-23,7983020,2014-08-23T09:22:21.71Z,SJI_1400,0,0
2014-08-23,7983023,2014-08-23T09:22:31.33Z,SJI_2796,0,0
2014-08-23,7983025,2014-08-23T09:22:31.40Z,FUV,0,0
2014-08-23,7983031,2014-08-23T09:22:50.62Z,FUV,0,0
2014-08-23,7983032,2014-08-23T09:23:00.15Z,SJI_1400,0,0
2014-08-23,7983035,2014-08-23T09:23:09.77Z,SJI_2796,0,0
2014-08-23,7983037,2014-08-23T09:23:09.84Z,FUV,0,0
2014-08-23,7983043,2014-08-23T09:23:29.09Z,FUV,0,0
2014-08-23,7983044,2014-08-23T09:23:38.61Z,SJI_1400,0,0
2014-08-23,7983047,2014-08-23T09:23:48.23Z,SJI_2796,0,0
2014-08-23,7983049,2014-08-23T09:23:48.31Z,FUV,0,0
2014-08-23,7983055,2014-08-23T09:24:07.52Z,FUV,0,0
2014-08-23,7983056,2014-08-23T09:24:17.05Z,SJI_1400,0,0
2014-08-23,7983059,2014-08-23T09:24:26.67Z,SJI_2796,0,0
2014-08-23,7983061,2014-08-23T09:24:26.74Z,FUV,0,0
2014-08-23,7983067,2014-08-23T09:24:45.99Z,FUV,0,0
2014-08-23,7983068,2014-08-23T09:24:55.51Z,SJI_1400,0,0
2014-08-23,7983071,2014-08-23T09:25:05.14Z,SJI_2796,0,0
2014-08-23,7983073,2014-08-23T09:25:05.21Z,FUV,0,0
2014-08-23,7983079,2014-08-23T09:25:24.43Z,FUV,0,0
2014-08-23,7983080,2014-08-23T09:25:33.96Z,SJI_1400,0,0
2014-08-23,7983083,2014-08-23T09:25:43.58Z,SJI_2796,0,0
2014-08-23,7983085,2014-08-23T09:25:43.65Z,FUV,0,0
2014-08-23,7983091,2014-08-23T09:26:02.90Z,FUV,0,0
2014-08-23,7983092,2014-08-23T09:26:12.42Z,SJI_1400,0,0
2014-08-23,7983095,2014-08-23T09:26:22.05Z,SJI_2796,0,0
2014-08-23,7983097,2014-08-23T09:26:22.12Z,FUV,0,0
2014-08-23,7983103,2014-08-23T09:26:41.34Z,FUV,0,0
2014-08-23,7983104,2014-08-23T09:26:50.86Z,SJI_1400,0,0
2014-08-23,7983107,2014-08-23T09:27:00.48Z,SJI_2796,0,0
2014-08-23,7983109,2014-08-23T09:27:00.56Z,FUV,0,0
2014-08-23,7983115,2014-08-23T09:27:19.81Z,FUV,0,0
2014-08-23,7983116,2014-08-23T09:27:29.33Z,SJI_1400,0,0
2014-08-23,7983119,2014-08-23T09:27:38.95Z,SJI_2796,0,0
2014-08-23,7983121,2014-08-23T09:27:39.02Z,FUV,0,0
2014-08-23,7983127,2014-08-23T09:27:58.24Z,FUV,0,0
2014-08-23,7983128,2014-08-23T09:28:07.77Z,SJI_1400,0,0
2014-08-23,7983131,2014-08-23T09:28:17.39Z,SJI_2796,0,0
2014-08-23,7983133,2014-08-23T09:28:17.46Z,FUV,0,0
2014-08-23,7983139,2014-08-23T09:28:36.71Z,FUV,0,0
2014-08-23,7983140,2014-08-23T09:28:46.23Z,SJI_1400,0,0
2014-08-23,7983143,2014-08-23T09:28:55.86Z,SJI_2796,0,0
2014-08-23,7983145,2014-08-23T09:28:55.93Z,FUV,0,0
2014-08-23,7983151,2014-08-23T09:29:15.15Z,FUV,0,0
2014-08-23,7983152,2014-08-23T09:29:24.68Z,SJI_1400,0,0
2014-08-23,7983155,2014-08-23T09:29:34.30Z,SJI_2796,0,0
2014-08-23,7983157,2014-08-23T09:29:34.37Z,FUV,0,0
2014-08-23,7983163,2014-08-23T09:29:53.62Z,FUV,0,0
2014-08-23,7983164,2014-08-23T09:30:03.13Z,SJI_1400,0,0
2014-08-23,7983167,2014-08-23T09:30:12.77Z,SJI_2796,0,0
2014-08-23,7983169,2014-08-23T09:30:12.84Z,FUV,0,0
2014-08-23,7983175,2014-08-23T09:30:32.06Z,FUV,0,0
2014-08-23,7983176,2014-08-23T09:30:41.58Z,SJI_1400,0,0
2014-08-23,7983179,2014-08-23T09:30:51.20Z,SJI_2796,0,0
2014-08-23,7983181,2014-08-23T09:30:51.27Z,FUV,0,0
2014-08-23,7983187,2014-08-23T09:31:10.52Z,FUV,0,0
2014-08-23,7983188,2014-08-23T09:31:20.05Z,SJI_1400,0,0
2014-08-23,7983191,2014-08-23T09:31:29.67Z,SJI_2796,0,0
2014-08-23,7983193,2014-08-23T09:31:29.74Z,FUV,0,0
2014-08-23,7983199,2014-08-23T09:31:48.96Z,FUV,0,0
2014-08-23,7983200,2014-08-23T09:31:58.49Z,SJI_1400,0,0
2014-08-23,7983203,2014-08-23T09:32:08.11Z,SJI_2796,0,0
2014-08-23,7983205,2014-08-23T09:32:08.18Z,FUV,0,0
2014-08-23,7983211,2014-08-23T09:32:27.43Z,FUV,0,0
2014-08-23,7983212,2014-08-23T09:32:36.95Z,SJI_1400,0,0
2014-08-23,7983215,2014-08-23T09:32:46.58Z,SJI_2796,0,0
2014-08-23,7983217,2014-08-23T09:32:46.65Z,FUV,0,0
2014-08-23,7983223,2014-08-23T09:33:05.87Z,FUV,0,0
2014-08-23,7983224,2014-08-23T09:33:15.39Z,SJI_1400,0,0
2014-08-23,7983227,2014-08-23T09:33:25.02Z,SJI_2796,0,0
2014-08-23,7983229,2014-08-23T09:33:25.09Z,FUV,0,0
2014-08-23,7983235,2014-08-23T09:33:44.34Z,FUV,0,0
2014-08-23,7983236,2014-08-23T09:33:53.85Z,SJI_1400,0,0
2014-08-23,7983239,2014-08-23T09:34:03.48Z,SJI_2796,0,0
2014-08-23,7983241,2014-08-23T09:34:03.56Z,FUV,0,0
2014-08-23,7983247,2014-08-23T09:34:22.77Z,FUV,0,0
2014-08-23,7983248,2014-08-23T09:34:32.30Z,SJI_1400,0,0
2014-08-23,7983251,2014-08-23T09:34:41.92Z,SJI_2796,0,0
2014-08-23,7983253,2014-08-23T09:34:41.99Z,FUV,0,0
2014-08-23,7983259,2014-08-23T09:35:01.24Z,FUV,0,0
2014-08-23,7983260,2014-08-23T09:35:10.76Z,SJI_1400,0,0
2014-08-23,7983263,2014-08-23T09:35:20.39Z,SJI_2796,0,0
2014-08-23,7983265,2014-08-23T09:35:20.46Z,FUV,0,0
2014-08-23,7983271,2014-08-23T09:35:39.68Z,FUV,0,0
2014-08-23,7983272,2014-08-23T09:35:49.21Z,SJI_1400,0,0
2014-08-23,7983275,2014-08-23T09:35:58.83Z,SJI_2796,0,0
2014-08-23,7983277,2014-08-23T09:35:58.90Z,FUV,0,0
2014-08-23,7983283,2014-08-23T09:36:18.15Z,FUV,0,0
2014-08-23,7983284,2014-08-23T09:36:27.67Z,SJI_1400,0,0
2014-08-23,7983287,2014-08-23T09:36:37.30Z,SJI_2796,0,0
2014-08-23,7983289,2014-08-23T09:36:37.37Z,FUV,0,0
2014-08-23,7983296,2014-08-23T09:37:06.11Z,SJI_1400,0,0
2014-08-23,7983298,2014-08-23T09:37:06.18Z,FUV,0,0
2014-08-23,7983299,2014-08-23T09:37:15.73Z,SJI_2796,0,0
2014-08-23,7983304,2014-08-23T09:37:25.40Z,FUV,0,0
2014-08-23,7983308,2014-08-23T09:37:44.58Z,SJI_1400,0,0
2014-08-23,7983310,2014-08-23T09:37:44.66Z,FUV,0,0
2014-08-23,7983311,2014-08-23T09:37:54.20Z,SJI_2796,0,0
2014-08-23,7983316,2014-08-23T09:38:03.87Z,FUV,0,0
2014-08-23,7983320,2014-08-23T09:38:23.02Z,SJI_1400,0,0
2014-08-23,7983322,2014-08-23T09:38:23.09Z,FUV,0,0
2014-08-23,7983323,2014-08-23T09:38:32.67Z,SJI_2796,0,0
2014-08-23,7983328,2014-08-23T09:38:42.34Z,FUV,0,0
2014-08-23,7983332,2014-08-23T09:39:01.48Z,SJI_1400,0,0
2014-08-23,7983334,2014-08-23T09:39:01.56Z,FUV,0,0
2014-08-23,7983335,2014-08-23T09:39:11.11Z,SJI_2796,0,0
2014-08-23,7983340,2014-08-23T09:39:20.77Z,FUV,0,0
2014-08-23,7983344,2014-08-23T09:39:39.93Z,SJI_1400,0,0
2014-08-23,7983346,2014-08-23T09:39:40.00Z,FUV,0,0
2014-08-23,7983347,2014-08-23T09:39:49.55Z,SJI_2796,0,0
2014-08-23,7983352,2014-08-23T09:39:59.21Z,FUV,0,0
2014-08-23,7983356,2014-08-23T09:40:18.40Z,SJI_1400,0,0
2014-08-23,7983358,2014-08-23T09:40:18.47Z,FUV,0,0
2014-08-23,7983359,2014-08-23T09:40:28.02Z,SJI_2796,0,0
2014-08-23,7983364,2014-08-23T09:40:37.66Z,FUV,0,0
2014-08-23,7983368,2014-08-23T09:40:56.83Z,SJI_1400,0,0
2014-08-23,7983370,2014-08-23T09:40:56.90Z,FUV,0,0
2014-08-23,7983371,2014-08-23T09:41:06.45Z,SJI_2796,0,0
2014-08-23,7983376,2014-08-23T09:41:16.12Z,FUV,0,0
2014-08-23,7983380,2014-08-23T09:41:35.29Z,SJI_1400,0,0
2014-08-23,7983382,2014-08-23T09:41:35.36Z,FUV,0,0
2014-08-23,7983383,2014-08-23T09:41:44.92Z,SJI_2796,0,0
2014-08-23,7983388,2014-08-23T09:41:54.59Z,FUV,0,0
2014-08-23,7983392,2014-08-23T09:42:13.73Z,SJI_1400,0,0
2014-08-23,7983394,2014-08-23T09:42:13.81Z,FUV,0,0
2014-08-23,7983395,2014-08-23T09:42:23.36Z,SJI_2796,0,0
2014-08-23,7983400,2014-08-23T09:42:33.03Z,FUV,0,0
2014-08-23,7983404,2014-08-23T09:42:52.19Z,SJI_1400,0,0
2014-08-23,7983406,2014-08-23T09:42:52.27Z,FUV,0,0
2014-08-23,7983407,2014-08-23T09:43:01.83Z,SJI_2796,0,0
2014-08-23,7983412,2014-08-23T09:43:11.48Z,FUV,0,0
2014-08-23,7983416,2014-08-23T09:43:30.64Z,SJI_1400,0,0
2014-08-23,7983418,2014-08-23T09:43:30.71Z,FUV,0,0
2014-08-23,7983419,2014-08-23T09:43:40.27Z,SJI_2796,0,0
2014-08-23,7983424,2014-08-23T09:43:49.94Z,FUV,0,0
2014-08-23,7983428,2014-08-23T09:44:09.10Z,SJI_1400,0,0
2014-08-23,7983430,2014-08-23T09:44:09.17Z,FUV,0,0
2014-08-23,7983431,2014-08-23T09:44:18.73Z,SJI_2796,0,0
2014-08-23,7983436,2014-08-23T09:44:28.40Z,FUV,0,0
2014-08-23,7983440,2014-08-23T09:44:47.55Z,SJI_1400,0,0
2014-08-23,7983442,2014-08-23T09:44:47.62Z,FUV,0,0
2014-08-23,7983443,2014-08-23T09:44:57.17Z,SJI_2796,0,0
2014-08-23,7983448,2014-08-23T09:45:06.84Z,FUV,0,0
2014-08-23,7983452,2014-08-23T09:45:26.01Z,SJI_1400,0,0
2014-08-23,7983454,2014-08-23T09:45:26.08Z,FUV,0,0
2014-08-23,7983455,2014-08-23T09:45:35.64Z,SJI_2796,0,0
2014-08-23,7983460,2014-08-23T09:45:45.31Z,FUV,0,0
2014-08-23,7983464,2014-08-23T09:46:04.46Z,SJI_1400,0,0
2014-08-23,7983466,2014-08-23T09:46:04.53Z,FUV,0,0
2014-08-23,7983467,2014-08-23T09:46:14.08Z,SJI_2796,0,0
2014-08-23,7983472,2014-08-23T09:46:23.75Z,FUV,0,0
2015-01-01,10844780,2015-01-01T20:54:15.55Z,SJI_1400,1,0
2015-01-01,10844782,2015-01-01T20:54:15.63Z,FUV,1,0
2015-01-01,10844783,2015-01-01T20:54:25.42Z,SJI_2796,1,1
2015-01-01,10844785,2015-01-01T20:54:25.49Z,FUV,1,1
2015-01-01,10844786,2015-01-01T20:54:35.15Z,SJI_1400,1,0
2015-01-01,10844788,2015-01-01T20:54:35.22Z,FUV,1,1
2015-01-01,10844789,2015-01-01T20:54:44.89Z,SJI_2796,1,0
2015-01-01,10844791,2015-01-01T20:54:44.96Z,FUV,1,0
2015-01-01,10844792,2015-01-01T20:54:54.63Z,SJI_1400,1,0
2015-01-01,10844794,2015-01-01T20:54:54.70Z,FUV,1,4
2015-01-01,10844795,2015-01-01T20:55:04.36Z,SJI_2796,1,1
2015-01-01,10844797,2015-01-01T20:55:04.43Z,FUV,1,1
2015-01-01,10844798,2015-01-01T20:55:14.05Z,SJI_1400,1,0
2015-01-01,10844800,2015-01-01T20:55:14.12Z,FUV,1,3
2015-01-01,10844801,2015-01-01T20:55:23.83Z,SJI_2796,1,1
2015-01-01,10844803,2015-01-01T20:55:23.90Z,FUV,1,3
2015-01-01,10844804,2015-01-01T20:55:33.55Z,SJI_1400,1,1
2015-01-01,10844806,2015-01-01T20:55:33.62Z,FUV,1,3
2015-01-01,10844807,2015-01-01T20:55:43.30Z,SJI_2796,1,2
2015-01-01,10844809,2015-01-01T20:55:43.37Z,FUV,1,4
2015-01-01,10844810,2015-01-01T20:55:53.03Z,SJI_1400,1,1
2015-01-01,10844812,2015-01-01T20:55:53.10Z,FUV,1,2
2015-01-01,10844813,2015-01-01T20:56:02.77Z,SJI_2796,1,1
2015-01-01,10844815,2015-01-01T20:56:02.84Z,FUV,1,4
2015-01-01,10844816,2015-01-01T20:56:12.44Z,SJI_1400,1,0
2015-01-01,10844818,2015-01-01T20:56:12.51Z,FUV,1,3
2015-01-01,10844819,2015-01-01T20:56:22.24Z,SJI_2796,1,0
2015-01-01,10844821,2015-01-01T20:56:22.31Z,FUV,1,3
2015-01-01,10844822,2015-01-01T20:56:31.96Z,SJI_1400,1,0
2015-01-01,10844824,2015-01-01T20:56:32.03Z,FUV,1,5
2015-01-01,10844825,2015-01-01T20:56:41.70Z,SJI_2796,1,1
2015-01-01,10844827,2015-01-01T20:56:41.77Z,FUV,1,2
2015-01-01,10844828,2015-01-01T20:56:51.43Z,SJI_1400,1,0
2015-01-01,10844830,2015-01-01T20:56:51.50Z,FUV,1,2
2015-01-01,10844831,2015-01-01T20:57:01.17Z,SJI_2796,1,1
2015-01-01,10844833,2015-01-01T20:57:01.24Z,FUV,1,3
2015-01-01,10844834,2015-01-01T20:57:10.89Z,SJI_1400,1,2
2015-01-01,10844836,2015-01-01T20:57:10.96Z,FUV,1,2
2015-01-01,10844837,2015-01-01T20:57:20.64Z,SJI_2796,1,0
2015-01-01,10844839,2015-01-01T20:57:20.71Z,FUV,1,1
2015-01-01,10844840,2015-01-01T20:57:30.37Z,SJI_1400,1,0
2015-01-01,10844842,2015-01-01T20:57:30.44Z,FUV,1,3
2015-01-01,10844843,2015-01-01T20:57:40.11Z,SJI_2796,1,1
2015-01-01,10844845,2015-01-01T20:57:40.18Z,FUV,1,2
2015-01-01,10844846,2015-01-01T20:57:49.83Z,SJI_1400,1,0
2015-01-01,10844848,2015-01-01T20:57:49.91Z,FUV,1,3
2015-01-01,10844849,2015-01-01T20:57:59.58Z,SJI_2796,1,0
2015-01-01,10844851,2015-01-01T20:57:59.65Z,FUV,1,3
2015-01-01,10844852,2015-01-01T20:58:09.30Z,SJI_1400,1,1
2015-01-01,10844854,2015-01-01T20:58:09.37Z,FUV,1,7
2015-01-01,10844855,2015-01-01T20:58:19.05Z,SJI_2796,1,3
2015-01-01,10844857,2015-01-01T20:58:19.12Z,FUV,1,2
2015-01-01,10844858,2015-01-01T20:58:28.77Z,SJI_1400,1,0
2015-01-01,10844860,2015-01-01T20:58:28.84Z,FUV,1,4
2015-01-01,10844861,2015-01-01T20:58:38.52Z,SJI_2796,1,1
2015-01-01,10844863,2015-01-01T20:58:38.59Z,FUV,1,6
2015-01-01,10844864,2015-01-01T20:58:48.21Z,SJI_1400,1,1
2015-01-01,10844866,2015-01-01T20:58:48.28Z,FUV,1,1
2015-01-01,10844867,2015-01-01T20:58:57.98Z,SJI_2796,1,1
2015-01-01,10844869,2015-01-01T20:58:58.06Z,FUV,1,3
2015-01-01,10844870,2015-01-01T20:59:07.71Z,SJI_1400,1,2
2015-01-01,10844872,2015-01-01T20:59:07.78Z,FUV,1,5
2015-01-01,10844873,2015-01-01T20:59:17.45Z,SJI_2796,1,0
2015-01-01,10844875,2015-01-01T20:59:17.52Z,FUV,1,5
2015-01-01,10844876,2015-01-01T20:59:27.18Z,SJI_1400,1,0
2015-01-01,10844878,2015-01-01T20:59:27.25Z,FUV,1,6
2015-01-01,10844879,2015-01-01T20:59:36.92Z,SJI_2796,1,0
2015-01-01,10844881,2015-01-01T20:59:36.99Z,FUV,1,3
2015-01-01,10844882,2015-01-01T20:59:46.66Z,SJI_1400,1,1
2015-01-01,10844884,2015-01-01T20:59:46.73Z,FUV,1,6
2015-01-01,10844885,2015-01-01T20:59:56.39Z,SJI_2796,1,0
2015-01-01,10844887,2015-01-01T20:59:56.46Z,FUV,1,11
2015-01-01,10844888,2015-01-01T21:00:06.09Z,SJI_1400,1,2
2015-01-01,10844890,2015-01-01T21:00:06.16Z,FUV,1,7
2015-01-01,10844891,2015-01-01T21:00:15.86Z,SJI_2796,1,1
2015-01-01,10844893,2015-01-01T21:00:15.93Z,FUV,1,11
2015-01-01,10844894,2015-01-01T21:00:25.56Z,SJI_1400,1,0
2015-01-01,10844896,2015-01-01T21:00:25.63Z,FUV,1,7
2015-01-01,10844897,2015-01-01T21:00:35.33Z,SJI_2796,1,0
2015-01-01,10844899,2015-01-01T21:00:35.40Z,FUV,1,12
2015-01-01,10844900,2015-01-01T21:00:45.02Z,SJI_1400,1,3
2015-01-01,10844902,2015-01-01T21:00:45.09Z,FUV,1,7
2015-01-01,10844903,2015-01-01T21:00:54.80Z,SJI_2796,1,1
2015-01-01,10844905,2015-01-01T21:00:54.87Z,FUV,1,7
2015-01-01,10844906,2015-01-01T21:01:04.52Z,SJI_1400,1,0
2015-01-01,10844908,2015-01-01T21:01:04.59Z,FUV,1,13
2015-01-01,10844909,2015-01-01T21:01:14.27Z,SJI_2796,1,0
2015-01-01,10844911,2015-01-01T21:01:14.34Z,FUV,1,17
2015-01-01,10844912,2015-01-01T21:01:23.98Z,SJI_1400,1,1
2015-01-01,10844914,2015-01-01T21:01:24.05Z,FUV,1,12
2015-01-01,10844915,2015-01-01T21:01:33.73Z,SJI_2796,1,2
2015-01-01,10844917,2015-01-01T21:01:33.81Z,FUV,1,12
2015-01-01,10844918,2015-01-01T21:01:43.47Z,SJI_1400,1,0
2015-01-01,10844920,2015-01-01T21:01:43.54Z,FUV,1,17
2015-01-01,10844921,2015-01-01T21:01:53.20Z,SJI_2796,1,1
2015-01-01,10844923,2015-01-01T21:01:53.27Z,FUV,1,15
2015-01-01,10844924,2015-01-01T21:02:02.93Z,SJI_1400,1,2
2015-01-01,10844926,2015-01-01T21:02:03.00Z,FUV,1,11
2015-01-01,10844927,2015-01-01T21:02:12.67Z,SJI_2796,1,3
2015-01-01,10844929,2015-01-01T21:02:12.74Z,FUV,1,10
2015-01-01,10844930,2015-01-01T21:02:22.38Z,SJI_1400,1,1
2015-01-01,10844932,2015-01-01T21:02:22.45Z,FUV,1,11
2015-01-01,10844933,2015-01-01T21:02:32.14Z,SJI_2796,1,2
2015-01-01,10844935,2015-01-01T21:02:32.21Z,FUV,1,18
2015-01-01,10844936,2015-01-01T21:02:41.83Z,SJI_1400,1,4
2015-01-01,10844938,2015-01-01T21:02:41.91Z,FUV,1,15
2015-01-01,10844939,2015-01-01T21:02:51.61Z,SJI_2796,1,1
2015-01-01,10844941,2015-01-01T21:02:51.68Z,FUV,1,13
2015-01-01,10844944,2015-01-01T21:03:01.41Z,FUV,1,10
2015-01-01,10844945,2015-01-01T21:03:11.08Z,SJI_2796,1,1
2015-01-01,10844947,2015-01-01T21:03:11.15Z,FUV,1,14
2015-01-01,10844948,2015-01-01T21:03:20.80Z,SJI_1400,1,5
2015-01-01,10844950,2015-01-01T21:03:20.87Z,FUV,1,8
2015-01-01,10844951,2015-01-01T21:03:30.55Z,SJI_2796,1,2
2015-01-01,10844953,2015-01-01T21:03:30.62Z,FUV,1,14
2015-01-01,10844954,2015-01-01T21:03:40.27Z,SJI_1400,1,2
2015-01-01,10844956,2015-01-01T21:03:40.34Z,FUV,1,6
2015-01-01,10844957,2015-01-01T21:03:50.02Z,SJI_2796,1,0
2015-01-01,10844959,2015-01-01T21:03:50.09Z,FUV,1,5
2015-01-01,10844960,2015-01-01T21:03:59.74Z,SJI_1400,1,1
2015-01-01,10844962,2015-01-01T21:03:59.81Z,FUV,1,9
2015-01-01,10844963,2015-01-01T21:04:09.48Z,SJI_2796,1,0
2015-01-01,10844965,2015-01-01T21:04:09.56Z,FUV,1,3
2015-01-01,10844966,2015-01-01T21:04:19.21Z,SJI_1400,1,1
2015-01-01,10844968,2015-01-01T21:04:19.28Z,FUV,1,4
2015-01-01,10844969,2015-01-01T21:04:28.95Z,SJI_2796,1,1
2015-01-01,10844971,2015-01-01T21:04:29.02Z,FUV,1,4
2015-01-01,10844972,2015-01-01T21:04:38.68Z,SJI_1400,1,0
2015-01-01,10844974,2015-01-01T21:04:38.75Z,FUV,1,5
2015-01-01,10844975,2015-01-01T21:04:48.42Z,SJI_2796,1,0
2015-01-01,10844977,2015-01-01T21:04:48.49Z,FUV,1,4
2015-01-01,10844978,2015-01-01T21:04:58.15Z,SJI_1400,1,1
2015-01-01,10844980,2015-01-01T21:04:58.22Z,FUV,1,4
2015-01-01,10844981,2015-01-01T21:05:07.89Z,SJI_2796,1,2
2015-01-01,10844983,2015-01-01T21:05:07.96Z,FUV,1,1
2015-01-01,10844984,2015-01-01T21:05:17.61Z,SJI_1400,1,0
2015-01-01,10844986,2015-01-01T21:05:17.68Z,FUV,1,1
2015-01-01,10844987,2015-01-01T21:05:27.36Z,SJI_2796,1,0
2015-01-01,10844989,2015-01-01T21:05:27.43Z,FUV,1,0
2015-01-01,10844990,2015-01-01T21:05:37.06Z,SJI_1400,1,0
2015-01-01,10844992,2015-01-01T21:05:37.13Z,FUV,1,0
2015-01-01,10844993,2015-01-01T21:05:46.83Z,SJI_2796,1,0
2015-01-01,10844995,2015-01-01T21:05:46.90Z,FUV,1,0
2015-01-01,10844996,2015-01-01T21:05:56.55Z,SJI_1400,1,1
2015-01-01,10844998,2015-01-01T21:05:56.62Z,FUV,1,0
2015-01-01,10844999,2015-01-01T21:06:06.30Z,SJI_2796,1,0
2015-01-01,10845001,2015-01-01T21:06:06.37Z,FUV,1,0
2015-01-01,10845002,2015-01-01T21:06:16.02Z,SJI_1400,1,2
2015-01-01,10845004,2015-01-01T21:06:16.09Z,FUV,1,2
2015-01-01,10845005,2015-01-01T21:06:25.77Z,SJI_2796,1,1
2015-01-01,10845007,2015-01-01T21:06:25.84Z,FUV,1,0
2015-01-01,10845008,2015-01-01T21:06:35.52Z,SJI_1400,1,1
2015-01-01,10845010,2015-01-01T21:06:35.59Z,FUV,1,0
2015-01-01,10845011,2015-01-01T21:06:45.24Z,SJI_2796,1,0
2015-01-01,10845013,2015-01-01T21:06:45.31Z,FUV,1,0
2015-01-01,10845014,2015-01-01T21:06:54.93Z,SJI_1400,1,1
2015-01-01,10845016,2015-01-01T21:06:55.00Z,FUV,1,0
2015-01-01,10845017,2015-01-01T21:07:04.70Z,SJI_2796,1,0
2015-01-01,10845019,2015-01-01T21:07:04.77Z,FUV,1,0
2015-01-01,10845020,2015-01-01T21:07:14.43Z,SJI_1400,1,1
2015-01-01,10845022,2015-01-01T21:07:14.50Z,FUV,1,0
2015-01-01,10845023,2015-01-01T21:07:24.17Z,SJI_2796,0,0
2015-01-01,10845025,2015-01-01T21:07:24.24Z,FUV,0,0
2015-01-01,10845026,2015-01-01T21:07:33.90Z,SJI_1400,0,0
2015-01-01,10845028,2015-01-01T21:07:33.97Z,FUV,0,0
2015-01-01,10845029,2015-01-01T21:07:43.64Z,SJI_2796,0,0
2015-01-01,10845031,2015-01-01T21:07:43.71Z,FUV,0,0
2015-01-01,10845032,2015-01-01T21:07:53.34Z,SJI_1400,0,0
2015-01-01,10845034,2015-01-01T21:07:53.41Z,FUV,0,0
2015-01-01,10845035,2015-01-01T21:08:03.11Z,SJI_2796,0,0
2015-01-01,10845037,2015-01-01T21:08:03.18Z,FUV,0,0
2015-01-01,10845038,2015-01-01T21:08:12.81Z,SJI_1400,0,0
2015-01-01,10845040,2015-01-01T21:08:12.88Z,FUV,0,0
2015-01-01,10845041,2015-01-01T21:08:22.58Z,SJI_2796,0,0
2015-01-01,10845043,2015-01-01T21:08:22.65Z,FUV,0,0
2015-01-01,10845044,2015-01-01T21:08:32.33Z,SJI_1400,0,0
2015-01-01,10845046,2015-01-01T21:08:32.40Z,FUV,0,0
2015-01-01,10845047,2015-01-01T21:08:42.05Z,SJI_2796,0,0
2015-01-01,10845049,2015-01-01T21:08:42.12Z,FUV,0,0
2015-01-01,10845050,2015-01-01T21:08:51.77Z,SJI_1400,0,0
2015-01-01,10845052,2015-01-01T21:08:51.84Z,FUV,0,0
2015-01-01,10845053,2015-01-01T21:09:01.52Z,SJI_2796,0,0
2015-01-01,10845055,2015-01-01T21:09:01.59Z,FUV,0,0
2015-01-01,10845056,2015-01-01T21:09:11.21Z,SJI_1400,0,0
2015-01-01,10845058,2015-01-01T21:09:11.28Z,FUV,0,0
2015-01-01,10845059,2015-01-01T21:09:20.98Z,SJI_2796,0,0
2015-01-01,10845061,2015-01-01T21:09:21.06Z,FUV,0,0
2015-01-01,10845062,2015-01-01T21:09:30.69Z,SJI_1400,0,0
2015-01-01,10845064,2015-01-01T21:09:30.76Z,FUV,0,0
2015-01-01,10845065,2015-01-01T21:09:40.45Z,SJI_2796,0,0
2015-01-01,10845067,2015-01-01T21:09:40.52Z,FUV,0,0
2015-01-01,10845068,2015-01-01T21:09:50.18Z,SJI_1400,0,0
2015-01-01,10845070,2015-01-01T21:09:50.25Z,FUV,0,0
2015-01-01,10845071,2015-01-01T21:09:59.92Z,SJI_2796,0,0
2015-01-01,10845073,2015-01-01T21:09:59.99Z,FUV,0,0
2015-01-01,10845074,2015-01-01T21:10:09.66Z,SJI_1400,0,0
2015-01-01,10845076,2015-01-01T21:10:09.73Z,FUV,0,0
2015-01-01,10845077,2015-01-01T21:10:19.39Z,SJI_2796,0,0
2015-01-01,10845079,2015-01-01T21:10:19.46Z,FUV,0,0
2015-01-01,10845080,2015-01-01T21:10:29.12Z,SJI_1400,0,0
2015-01-01,10845082,2015-01-01T21:10:29.19Z,FUV,0,0
2015-01-01,10845083,2015-01-01T21:10:38.86Z,SJI_2796,0,0
2015-01-01,10845085,2015-01-01T21:10:38.93Z,FUV,0,0
2015-01-01,10845086,2015-01-01T21:10:48.58Z,SJI_1400,0,0
2015-01-01,10845088,2015-01-01T21:10:48.66Z,FUV,0,0
2015-01-01,10845089,2015-01-01T21:10:58.33Z,SJI_2796,0,0
2015-01-01,10845091,2015-01-01T21:10:58.40Z,FUV,0,0
2015-01-01,10845092,2015-01-01T21:11:08.03Z,SJI_1400,0,0
2015-01-01,10845094,2015-01-01T21:11:08.10Z,FUV,0,0
2015-01-01,10845095,2015-01-01T21:11:17.80Z,SJI_2796,0,0
2015-01-01,10845097,2015-01-01T21:11:17.87Z,FUV,0,0
2015-01-01,10845098,2015-01-01T21:11:27.52Z,SJI_1400,0,0
2015-01-01,10845100,2015-01-01T21:11:27.59Z,FUV,0,0
2015-01-01,10845101,2015-01-01T21:11:37.27Z,SJI_2796,0,0
2015-01-01,10845103,2015-01-01T21:11:37.34Z,FUV,0,0
2015-01-01,10845104,2015-01-01T21:11:46.99Z,SJI_1400,0,0
2015-01-01,10845106,2015-01-01T21:11:47.06Z,FUV,0,0
2015-01-01,10845107,2015-01-01T21:11:56.73Z,SJI_2796,0,0
2015-01-01,10845109,2015-01-01T21:11:56.81Z,FUV,0,0
2015-01-01,10845110,2015-01-01T21:12:06.44Z,SJI_1400,0,0
2015-01-01,10845112,2015-01-01T21:12:06.51Z,FUV,0,0
2015-01-01,10845113,2015-01-01T21:12:16.20Z,SJI_2796,0,0
2015-01-01,10845115,2015-01-01T21:12:16.27Z,FUV,0,0
2015-01-01,10845116,2015-01-01T21:12:25.93Z,SJI_1400,0,0
2015-01-01,10845118,2015-01-01T21:12:26.00Z,FUV,0,0
2015-01-01,10845119,2015-01-01T21:12:35.67Z,SJI_2796,0,0
2015-01-01,10845121,2015-01-01T21:12:35.74Z,FUV,0,0
2015-01-01,10845122,2015-01-01T21:12:45.40Z,SJI_1400,0,0
2015-01-01,10845124,2015-01-01T21:12:45.47Z,FUV,0,0
2015-01-01,10845125,2015-01-01T21:12:55.14Z,SJI_2796,0,0
2015-01-01,10845127,2015-01-01T21:12:55.21Z,FUV,0,0
2015-01-01,10845128,2015-01-01T21:13:04.86Z,SJI_1400,0,0
2015-01-01,10845130,2015-01-01T21:13:04.93Z,FUV,0,0
2015-01-01,10845131,2015-01-01T21:13:14.61Z,SJI_2796,0,0
2015-01-01,10845133,2015-01-01T21:13:14.68Z,FUV,0,0
2015-01-01,10845134,2015-01-01T21:13:24.33Z,SJI_1400,0,0
2015-01-01,10845136,2015-01-01T21:13:24.41Z,FUV,0,0
2015-01-01,10845137,2015-01-01T21:13:34.08Z,SJI_2796,0,0
2015-01-01,10845139,2015-01-01T21:13:34.15Z,FUV,0,0
2015-01-01,10845140,2015-01-01T21:13:43.80Z,SJI_1400,0,0
2015-01-01,10845142,2015-01-01T21:13:43.87Z,FUV,0,0
2015-01-01,10845143,2015-01-01T21:13:53.55Z,SJI_2796,0,0
2015-01-01,10845145,2015-01-01T21:13:53.62Z,FUV,0,0
2015-01-01,10845146,2015-01-01T21:14:03.27Z,SJI_1400,0,0
2015-01-01,10845148,2015-01-01T21:14:03.34Z,FUV,0,0
2015-01-01,10845149,2015-01-01T21:14:13.02Z,SJI_2796,0,0
2015-01-01,10845151,2015-01-01T21:14:13.09Z,FUV,0,0
2015-01-01,10845152,2015-01-01T21:14:22.73Z,SJI_1400,0,0
2015-01-01,10845154,2015-01-01T21:14:22.81Z,FUV,0,0
2015-01-01,10845155,2015-01-01T21:14:32.48Z,SJI_2796,0,0
2015-01-01,10845157,2015-01-01T21:14:32.56Z,FUV,0,0
2015-01-01,10845158,2015-01-01T21:14:42.21Z,SJI_1400,0,0
2015-01-01,10845160,2015-01-01T21:14:42.28Z,FUV,0,0
2015-01-01,10845161,2015-01-01T21:14:51.95Z,SJI_2796,0,0
2015-01-01,10845163,2015-01-01T21:14:52.02Z,FUV,0,0
2015-01-01,10845164,2015-01-01T21:15:01.68Z,SJI_1400,0,0
2015-01-01,10845166,2015-01-01T21:15:01.75Z,FUV,0,0
2015-01-01,10845167,2015-01-01T21:15:11.42Z,SJI_2796,0,0
2015-01-01,10845169,2015-01-01T21:15:11.49Z,FUV,0,0
2015-01-01,10845170,2015-01-01T21:15:21.15Z,SJI_1400,0,0
2015-01-01,10845172,2015-01-01T21:15:21.22Z,FUV,0,0
2015-01-01,10845173,2015-01-01T21:15:30.89Z,SJI_2796,0,0
2015-01-01,10845175,2015-01-01T21:15:30.96Z,FUV,0,0
2015-01-01,10845176,2015-01-01T21:15:40.59Z,SJI_1400,0,0
2015-01-01,10845178,2015-01-01T21:15:40.66Z,FUV,0,0
2015-01-01,10845179,2015-01-01T21:15:50.36Z,SJI_2796,0,0
2015-01-01,10845181,2015-01-01T21:15:50.43Z,FUV,0,0
2015-01-01,10845182,2015-01-01T21:16:00.08Z,SJI_1400,0,0
2015-01-01,10845184,2015-01-01T21:16:00.16Z,FUV,0,0
2015-01-01,10845185,2015-01-01T21:16:09.83Z,SJI_2796,0,0
2015-01-01,10845187,2015-01-01T21:16:09.90Z,FUV,0,0
2015-01-01,10845188,2015-01-01T21:16:19.55Z,SJI_1400,0,0
2015-01-01,10845190,2015-01-01T21:16:19.62Z,FUV,0,0
2015-01-01,10845191,2015-01-01T21:16:29.30Z,SJI_2796,0,0
2015-01-01,10845193,2015-01-01T21:16:29.37Z,FUV,0,0
2015-01-01,10845194,2015-01-01T21:16:39.02Z,SJI_1400,0,0
2015-01-01,10845196,2015-01-01T21:16:39.09Z,FUV,0,0
2015-01-01,10845197,2015-01-01T21:16:48.77Z,SJI_2796,0,0
2015-01-01,10845199,2015-01-01T21:16:48.84Z,FUV,0,0
2015-01-01,10845200,2015-01-01T21:16:58.48Z,SJI_1400,0,0
2015-01-01,10845202,2015-01-01T21:16:58.56Z,FUV,0,0
2015-01-01,10845203,2015-01-01T21:17:08.24Z,SJI_2796,0,0
2015-01-01,10845205,2015-01-01T21:17:08.31Z,FUV,0,0
2015-01-01,10845206,2015-01-01T21:17:17.94Z,SJI_1400,0,0
2015-01-01,10845208,2015-01-01T21:17:18.01Z,FUV,0,0
2015-01-01,10845209,2015-01-01T21:17:27.70Z,SJI_2796,0,0
2015-01-01,10845211,2015-01-01T21:17:27.77Z,FUV,0,0
2015-01-01,10845212,2015-01-01T21:17:37.41Z,SJI_1400,0,0
2015-01-01,10845214,2015-01-01T21:17:37.48Z,FUV,0,0
2015-01-01,10845215,2015-01-01T21:17:47.17Z,SJI_2796,0,0
2015-01-01,10845217,2015-01-01T21:17:47.24Z,FUV,0,0
2015-01-01,10845218,2015-01-01T21:17:56.90Z,SJI_1400,0,0
2015-01-01,10845220,2015-01-01T21:17:56.97Z,FUV,0,0
2015-01-01,10845221,2015-01-01T21:18:06.64Z,SJI_2796,0,0
2015-01-01,10845223,2015-01-01T21:18:06.71Z,FUV,0,0
2015-01-01,10845224,2015-01-01T21:18:16.36Z,SJI_1400,0,0
2015-01-01,10845226,2015-01-01T21:18:16.43Z,FUV,0,0
2015-01-01,10845227,2015-01-01T21:18:26.11Z,SJI_2796,0,0
2015-01-01,10845229,2015-01-01T21:18:26.18Z,FUV,0,0
2015-01-01,10845230,2015-01-01T21:18:35.84Z,SJI_1400,0,0
2015-01-01,10845232,2015-01-01T21:18:35.91Z,FUV,0,0
2015-01-01,10845233,2015-01-01T21:18:45.58Z,SJI_2796,0,0
2015-01-01,10845235,2015-01-01T21:18:45.65Z,FUV,0,0
2015-01-01,10845236,2015-01-01T21:18:55.30Z,SJI_1400,0,0
2015-01-01,10845238,2015-01-01T21:18:55.37Z,FUV,0,0
2015-01-01,10845239,2015-01-01T21:19:05.05Z,SJI_2796,0,0
2015-01-01,10845241,2015-01-01T21:19:05.12Z,FUV,0,0
2015-01-01,10845242,2015-01-01T21:19:14.76Z,SJI_1400,0,0
2015-01-01,10845244,2015-01-01T21:19:14.83Z,FUV,0,0
2015-01-01,10845245,2015-01-01T21:19:24.52Z,SJI_2796,0,0
2015-01-01,10845247,2015-01-01T21:19:24.59Z,FUV,0,0
2015-01-01,10845248,2015-01-01T21:19:34.25Z,SJI_1400,0,0
2015-01-01,10845250,2015-01-01T21:19:34.32Z,FUV,0,0
2015-01-01,10845251,2015-01-01T21:19:43.98Z,SJI_2796,0,0
2015-01-01,10845253,2015-01-01T21:19:44.06Z,FUV,0,0
2015-01-01,10845254,2015-01-01T21:19:53.71Z,SJI_1400,0,0
2015-01-01,10845256,2015-01-01T21:19:53.78Z,FUV,0,0
2015-01-01,10845257,2015-01-01T21:20:03.45Z,SJI_2796,0,0
2015-01-01,10845259,2015-01-01T21:20:03.52Z,FUV,0,0
2015-01-01,10845260,2015-01-01T21:20:13.18Z,SJI_1400,0,0
2015-01-01,10845262,2015-01-01T21:20:13.25Z,FUV,0,0
2015-01-01,10845263,2015-01-01T21:20:22.92Z,SJI_2796,0,0
2015-01-01,10845265,2015-01-01T21:20:22.99Z,FUV,0,0
2015-01-01,10845266,2015-01-01T21:20:32.62Z,SJI_1400,0,0
2015-01-01,10845268,2015-01-01T21:20:32.69Z,FUV,0,0
2015-01-01,10845269,2015-01-01T21:20:42.39Z,SJI_2796,0,0
2015-01-01,10845271,2015-01-01T21:20:42.47Z,FUV,0,0
2015-01-01,10845272,2015-01-01T21:20:52.12Z,SJI_1400,0,0
2015-01-01,10845274,2015-01-01T21:20:52.19Z,FUV,0,0
2015-01-01,10845275,2015-01-01T21:21:01.86Z,SJI_2796,0,0
2015-01-01,10845277,2015-01-01T21:21:01.93Z,FUV,0,0
2015-01-01,10845278,2015-01-01T21:21:11.58Z,SJI_1400,0,0
2015-01-01,10845280,2015-01-01T21:21:11.66Z,FUV,0,0
2015-01-01,10845281,2015-01-01T21:21:21.33Z,SJI_2796,0,0
2015-01-01,10845283,2015-01-01T21:21:21.40Z,FUV,0,0
2015-01-01,10845284,2015-01-01T21:21:31.02Z,SJI_1400,0,0
2015-01-01,10845286,2015-01-01T21:21:31.09Z,FUV,0,0
2015-01-01,10845287,2015-01-01T21:21:40.80Z,SJI_2796,0,0
2015-01-01,10845289,2015-01-01T21:21:40.87Z,FUV,0,0
2015-01-01,10845290,2015-01-01T21:21:50.52Z,SJI_1400,0,0
2015-01-01,10845292,2015-01-01T21:21:50.59Z,FUV,0,0
2015-01-01,10845293,2015-01-01T21:22:00.27Z,SJI_2796,0,0
2015-01-01,10845295,2015-01-01T21:22:00.34Z,FUV,0,0
2015-01-01,10845296,2015-01-01T21:22:10.00Z,SJI_1400,0,0
2015-01-01,10845298,2015-01-01T21:22:10.07Z,FUV,0,0
2015-01-01,10845299,2015-01-01T21:22:19.73Z,SJI_2796,0,0
2015-01-01,10845301,2015-01-01T21:22:19.81Z,FUV,0,0
2015-01-01,10845302,2015-01-01T21:22:29.44Z,SJI_1400,0,0
2015-01-01,10845304,2015-01-01T21:22:29.51Z,FUV,0,0
2015-01-01,10845305,2015-01-01T21:22:39.20Z,SJI_2796,0,0
2015-01-01,10845307,2015-01-01T21:22:39.27Z,FUV,0,0
2015-01-01,10845308,2015-01-01T21:22:48.93Z,SJI_1400,0,0
2015-01-01,10845310,2015-01-01T21:22:49.00Z,FUV,0,0
2015-01-01,10845311,2015-01-01T21:22:58.67Z,SJI_2796,0,0
2015-01-01,10845313,2015-01-01T21:22:58.74Z,FUV,0,0
2015-01-01,10845314,2015-01-01T21:23:08.40Z,SJI_1400,0,0
2015-01-01,10845316,2015-01-01T21:23:08.47Z,FUV,0,0
2015-01-01,10845317,2015-01-01T21:23:18.14Z,SJI_2796,0,0
2015-01-01,10845319,2015-01-01T21:23:18.21Z,FUV,0,0
2015-01-01,10845320,2015-01-01T21:23:27.87Z,SJI_1400,0,0
2015-01-01,10845322,2015-01-01T21:23:27.94Z,FUV,0,0
2015-01-01,10845323,2015-01-01T21:23:37.61Z,SJI_2796,0,0
2015-01-01,10845325,2015-01-01T21:23:37.68Z,FUV,0,0
2015-01-01,10845326,2015-01-01T21:23:47.33Z,SJI_1400,0,0
2015-01-01,10845328,2015-01-01T21:23:47.41Z,FUV,0,0
2015-01-01,10845329,2015-01-01T21:23:57.08Z,SJI_2796,0,0
2015-01-01,10845331,2015-01-01T21:23:57.15Z,FUV,0,0
2015-01-01,10845332,2015-01-01T21:24:06.80Z,SJI_1400,0,0
2015-01-01,10845334,2015-01-01T21:24:06.87Z,FUV,0,0
2015-01-01,10845335,2015-01-01T21:24:16.55Z,SJI_2796,0,0
2015-01-01,10845337,2015-01-01T21:24:16.62Z,FUV,0,0
2015-01-01,10845338,2015-01-01T21:24:26.27Z,SJI_1400,0,0
2015-01-01,10845340,2015-01-01T21:24:26.34Z,FUV,0,0
2015-01-01,10845341,2015-01-01T21:24:36.02Z,SJI_2796,0,0
2015-01-01,10845343,2015-01-01T21:24:36.09Z,FUV,0,0
2015-01-01,10845344,2015-01-01T21:24:45.73Z,SJI_1400,0,0
2015-01-01,10845346,2015-01-01T21:24:45.81Z,FUV,0,0
2015-01-01,10845347,2015-01-01T21:24:55.49Z,SJI_2796,0,0
2015-01-01,10845349,2015-01-01T21:24:55.56Z,FUV,0,0
2015-01-01,10845350,2015-01-01T21:25:05.21Z,SJI_1400,0,0
2015-01-01,10845352,2015-01-01T21:25:05.28Z,FUV,0,0
2015-01-01,10845353,2015-01-01T21:25:14.95Z,SJI_2796,0,0
2015-01-01,10845355,2015-01-01T21:25:15.02Z,FUV,0,0
2015-01-01,10845356,2015-01-01T21:25:24.68Z,SJI_1400,0,0
2015-01-01,10845358,2015-01-01T21:25:24.75Z,FUV,0,0
2015-01-01,10845359,2015-01-01T21:25:34.42Z,SJI_2796,0,0
2015-01-01,10845361,2015-01-01T21:25:34.49Z,FUV,0,0
2015-01-01,10845362,2015-01-01T21:25:44.15Z,SJI_1400,0,0
2015-01-01,10845364,2015-01-01T21:25:44.22Z,FUV,0,0
2015-01-01,10845365,2015-01-01T21:25:53.89Z,SJI_2796,0,0
2015-01-01,10845367,2015-01-01T21:25:53.96Z,FUV,0,0
2015-01-01,10845368,2015-01-01T21:26:03.61Z,SJI_1400,0,0
2015-01-01,10845370,2015-01-01T21:26:03.68Z,FUV,0,0
2015-01-01,10845371,2015-01-01T21:26:13.36Z,SJI_2796,0,0
2015-01-01,10845373,2015-01-01T21:26:13.43Z,FUV,0,0
2015-01-01,10845374,2015-01-01T21:26:23.06Z,SJI_1400,0,0
2015-01-01,10845376,2015-01-01T21:26:23.13Z,FUV,0,0
2015-01-01,10845377,2015-01-01T21:26:32.83Z,SJI_2796,0,0
2015-01-01,10845379,2015-01-01T21:26:32.90Z,FUV,0,0
2015-01-01,10845380,2015-01-01T21:26:42.55Z,SJI_1400,0,0
2015-01-01,10845382,2015-01-01T21:26:42.62Z,FUV,0,0
2015-01-01,10845383,2015-01-01T21:26:52.30Z,SJI_2796,0,0
2015-01-01,10845385,2015-01-01T21:26:52.37Z,FUV,0,0
2015-01-01,10845386,2015-01-01T21:27:02.01Z,SJI_1400,0,0
2015-01-01,10845388,2015-01-01T21:27:02.08Z,FUV,0,0
2015-01-01,10845389,2015-01-01T21:27:11.77Z,SJI_2796,0,0
2015-01-01,10845391,2015-01-01T21:27:11.84Z,FUV,0,0
2015-01-01,10845392,2015-01-01T21:27:21.49Z,SJI_1400,0,0
2015-01-01,10845394,2015-01-01T21:27:21.56Z,FUV,0,0
2015-01-01,10845395,2015-01-01T21:27:31.24Z,SJI_2796,0,0
2015-01-01,10845397,2015-01-01T21:27:31.31Z,FUV,0,0
2015-01-01,10845398,2015-01-01T21:27:40.96Z,SJI_1400,0,0
2015-01-01,10845400,2015-01-01T21:27:41.03Z,FUV,0,0
2015-01-01,10845401,2015-01-01T21:27:50.70Z,SJI_2796,0,0
2015-01-01,10845403,2015-01-01T21:27:50.77Z,FUV,0,0
2015-01-01,10845404,2015-01-01T21:28:00.43Z,SJI_1400,0,0
2015-01-01,10845406,2015-01-01T21:28:00.50Z,FUV,0,0
2015-01-01,10845407,2015-01-01T21:28:10.17Z,SJI_2796,0,0
2015-01-01,10845409,2015-01-01T21:28:10.24Z,FUV,0,0
2015-01-01,10845410,2015-01-01T21:28:19.91Z,SJI_1400,0,0
2015-01-01,10845412,2015-01-01T21:28:19.98Z,FUV,0,0
2015-01-01,10845413,2015-01-01T21:28:29.64Z,SJI_2796,0,0
2015-01-01,10845415,2015-01-01T21:28:29.71Z,FUV,0,0
2015-01-01,10845416,2015-01-01T21:28:39.37Z,SJI_1400,0,0
2015-01-01,10845418,2015-01-01T21:28:39.44Z,FUV,0,0
2015-01-01,10845419,2015-01-01T21:28:49.11Z,SJI_2796,0,0
2015-01-01,10845421,2015-01-01T21:28:49.18Z,FUV,0,0
2015-01-01,10845422,2015-01-01T21:28:58.80Z,SJI_1400,0,0
2015-01-01,10845424,2015-01-01T21:28:58.87Z,FUV,0,0
2015-01-01,10845425,2015-01-01T21:29:08.58Z,SJI_2796,0,0
2015-01-01,10845427,2015-01-01T21:29:08.65Z,FUV,0,0
2015-01-01,10845428,2015-01-01T21:29:18.30Z,SJI_1400,0,0
2015-01-01,10845430,2015-01-01T21:29:18.37Z,FUV,0,0
2015-01-01,10845431,2015-01-01T21:29:28.05Z,SJI_2796,0,0
2015-01-01,10845433,2015-01-01T21:29:28.12Z,FUV,0,0
2015-01-01,10845434,2015-01-01T21:29:37.77Z,SJI_1400,0,0
2015-01-01,10845436,2015-01-01T21:29:37.84Z,FUV,0,0
2015-01-01,10845437,2015-01-01T21:29:47.52Z,SJI_2796,0,0
2015-01-01,10845439,2015-01-01T21:29:47.59Z,FUV,0,0
2015-01-01,10845440,2015-01-01T21:29:57.21Z,SJI_1400,0,0
2015-01-01,10845442,2015-01-01T21:29:57.28Z,FUV,0,0
2015-01-01,10845443,2015-01-01T21:30:06.98Z,SJI_2796,0,0
2015-01-01,10845445,2015-01-01T21:30:07.06Z,FUV,0,0
2015-01-01,10845446,2015-01-01T21:30:16.70Z,SJI_1400,0,0
2015-01-01,10845448,2015-01-01T21:30:16.77Z,FUV,0,0
2015-01-01,10845449,2015-01-01T21:30:26.45Z,SJI_2796,0,0
2015-01-01,10845451,2015-01-01T21:30:26.52Z,FUV,0,0
2015-01-01,10845452,2015-01-01T21:30:36.18Z,SJI_1400,0,0
2015-01-01,10845454,2015-01-01T21:30:36.25Z,FUV,0,0
2015-01-01,10845455,2015-01-01T21:30:45.92Z,SJI_2796,0,0
2015-01-01,10845457,2015-01-01T21:30:45.99Z,FUV,0,0
2015-01-01,10845458,2015-01-01T21:30:55.65Z,SJI_1400,0,0
2015-01-01,10845460,2015-01-01T21:30:55.72Z,FUV,0,0
2015-01-01,10845461,2015-01-01T21:31:05.39Z,SJI_2796,0,0
2015-01-01,10845463,2015-01-01T21:31:05.46Z,FUV,0,0
2015-01-01,10845464,2015-01-01T21:31:15.09Z,SJI_1400,0,0
2015-01-01,10845466,2015-01-01T21:31:15.16Z,FUV,0,0
2015-01-01,10845467,2015-01-01T21:31:24.86Z,SJI_2796,0,0
2015-01-01,10845469,2015-01-01T21:31:24.93Z,FUV,0,0
2015-01-01,10845470,2015-01-01T21:31:34.53Z,SJI_1400,0,0
2015-01-01,10845472,2015-01-01T21:31:34.60Z,FUV,0,0
2015-01-01,10845473,2015-01-01T21:31:44.33Z,SJI_2796,0,0
2015-01-01,10845475,2015-01-01T21:31:44.40Z,FUV,0,0
2015-01-01,10845476,2015-01-01T21:31:54.05Z,SJI_1400,0,0
2015-01-01,10845478,2015-01-01T21:31:54.12Z,FUV,0,0
2015-01-01,10845479,2015-01-01T21:32:03.80Z,SJI_2796,0,0
2015-01-01,10845481,2015-01-01T21:32:03.87Z,FUV,0,0
2015-01-01,10845482,2015-01-01T21:32:13.52Z,SJI_1400,0,0
2015-01-01,10845484,2015-01-01T21:32:13.59Z,FUV,0,0
2015-01-01,10845485,2015-01-01T21:32:23.27Z,SJI_2796,0,0
2015-01-01,10845487,2015-01-01T21:32:23.34Z,FUV,0,0
2015-01-01,10845488,2015-01-01T21:32:32.98Z,SJI_1400,0,0
2015-01-01,10845490,2015-01-01T21:32:33.05Z,FUV,0,0
2015-01-01,10845491,2015-01-01T21:32:42.73Z,SJI_2796,0,0
2015-01-01,10845493,2015-01-01T21:32:42.81Z,FUV,0,0
2015-01-01,10845494,2015-01-01T21:32:52.43Z,SJI_1400,0,0
2015-01-01,10845496,2015-01-01T21:32:52.50Z,FUV,0,0
2015-01-01,10845497,2015-01-01T21:33:02.20Z,SJI_2796,0,0
2015-01-01,10845499,2015-01-01T21:33:02.27Z,FUV,0,0
2015-01-01,10845500,2015-01-01T21:33:11.93Z,SJI_1400,0,0
2015-01-01,10845502,2015-01-01T21:33:12.00Z,FUV,0,0
2015-01-01,10845503,2015-01-01T21:33:21.67Z,SJI_2796,0,0
2015-01-01,10845505,2015-01-01T21:33:21.74Z,FUV,0,0
2015-01-01,10845506,2015-01-01T21:33:31.40Z,SJI_1400,0,0
2015-01-01,10845508,2015-01-01T21:33:31.47Z,FUV,0,0
2015-01-01,10845509,2015-01-01T21:33:41.14Z,SJI_2796,0,0
2015-01-01,10845511,2015-01-01T21:33:41.21Z,FUV,0,0
2015-01-01,10845512,2015-01-01T21:33:50.84Z,SJI_1400,0,0
2015-01-01,10845514,2015-01-01T21:33:50.91Z,FUV,0,0
2015-01-01,10845515,2015-01-01T21:34:00.61Z,SJI_2796,0,0
2015-01-01,10845517,2015-01-01T21:34:00.68Z,FUV,0,0
2015-01-01,10845518,2015-01-01T21:34:10.33Z,SJI_1400,0,0
2015-01-01,10845520,2015-01-01T21:34:10.41Z,FUV,0,0
2015-01-01,10845521,2015-01-01T21:34:20.08Z,SJI_2796,0,0
2015-01-01,10845523,2015-01-01T21:34:20.15Z,FUV,0,0
2015-01-01,10845524,2015-01-01T21:34:29.80Z,SJI_1400,0,0
2015-01-01,10845526,2015-01-01T21:34:29.87Z,FUV,0,0
2015-01-01,10845527,2015-01-01T21:34:39.55Z,SJI_2796,0,0
2015-01-01,10845529,2015-01-01T21:34:39.62Z,FUV,0,0
2015-01-01,10845530,2015-01-01T21:34:49.25Z,SJI_1400,0,0
2015-01-01,10845532,2015-01-01T21:34:49.32Z,FUV,0,0
2015-01-01,10845533,2015-01-01T21:34:59.02Z,SJI_2796,0,0
2015-01-01,10845535,2015-01-01T21:34:59.09Z,FUV,0,0
2015-01-01,10845536,2015-01-01T21:35:08.73Z,SJI_1400,0,0
2015-01-01,10845538,2015-01-01T21:35:08.80Z,FUV,0,0
2015-01-01,10845539,2015-01-01T21:35:18.48Z,SJI_2796,0,0
2015-01-01,10845541,2015-01-01T21:35:18.56Z,FUV,0,0
2015-01-01,10845542,2015-01-01T21:35:28.21Z,SJI_1400,0,0
2015-01-01,10845544,2015-01-01T21:35:28.28Z,FUV,0,0
2015-01-01,10845545,2015-01-01T21:35:37.95Z,SJI_2796,0,0
2015-01-01,10845547,2015-01-01T21:35:38.02Z,FUV,0,0
2015-01-01,10845548,2015-01-01T21:35:47.69Z,SJI_1400,0,0
2015-01-01,10845550,2015-01-01T21:35:47.76Z,FUV,0,0
2015-01-01,10845551,2015-01-01T21:35:57.42Z,SJI_2796,0,0
2015-01-01,10845553,2015-01-01T21:35:57.49Z,FUV,0,0
2015-01-01,10845554,2015-01-01T21:36:07.16Z,SJI_1400,0,0
2015-01-01,10845556,2015-01-01T21:36:07.23Z,FUV,0,0
2015-01-01,10845557,2015-01-01T21:36:16.89Z,SJI_2796,0,0
2015-01-01,10845559,2015-01-01T21:36:16.96Z,FUV,0,0
2015-01-01,10845560,2015-01-01T21:36:26.58Z,SJI_1400,0,0
2015-01-01,10845562,2015-01-01T21:36:26.66Z,FUV,0,0
2015-01-01,10845563,2015-01-01T21:36:36.36Z,SJI_2796,0,0
2015-01-01,10845565,2015-01-01T21:36:36.43Z,FUV,0,0
2015-01-01,10845566,2015-01-01T21:36:46.09Z,SJI_1400,0,0
2015-01-01,10845568,2015-01-01T21:36:46.16Z,FUV,0,0
2015-01-01,10845569,2015-01-01T21:36:55.83Z,SJI_2796,0,0
2015-01-01,10845571,2015-01-01T21:36:55.90Z,FUV,0,0
2015-01-01,10845572,2015-01-01T21:37:05.55Z,SJI_1400,0,0
2015-01-01,10845574,2015-01-01T21:37:05.62Z,FUV,0,0
2015-01-01,10845575,2015-01-01T21:37:15.30Z,SJI_2796,0,0
2015-01-01,10845577,2015-01-01T21:37:15.37Z,FUV,0,0
2015-01-01,10845578,2015-01-01T21:37:25.01Z,SJI_1400,0,0
2015-01-01,10845580,2015-01-01T21:37:25.08Z,FUV,0,0
2015-01-01,10845581,2015-01-01T21:37:34.77Z,SJI_2796,0,0
2015-01-01,10845583,2015-01-01T21:37:34.84Z,FUV,0,0
2015-01-01,10845584,2015-01-01T21:37:44.50Z,SJI_1400,0,0
2015-01-01,10845586,2015-01-01T21:37:44.57Z,FUV,0,0
2015-01-01,10845587,2015-01-01T21:37:54.24Z,SJI_2796,0,0
2015-01-01,10845589,2015-01-01T21:37:54.31Z,FUV,0,0
2015-01-01,10845590,2015-01-01T21:38:03.96Z,SJI_1400,0,0
2015-01-01,10845592,2015-01-01T21:38:04.03Z,FUV,0,0
2015-01-01,10845593,2015-01-01T21:38:13.70Z,SJI_2796,0,0
2015-01-01,10845595,2015-01-01T21:38:13.77Z,FUV,0,0
2015-01-01,10845596,2015-01-01T21:38:23.41Z,SJI_1400,0,0
2015-01-01,10845598,2015-01-01T21:38:23.48Z,FUV,0,0
2015-01-01,10845599,2015-01-01T21:38:33.17Z,SJI_2796,0,0
2015-01-01,10845601,2015-01-01T21:38:33.24Z,FUV,0,0
2015-01-01,10845602,2015-01-01T21:38:42.87Z,SJI_1400,0,0
2015-01-01,10845604,2015-01-01T21:38:42.94Z,FUV,0,0
2015-01-01,10845605,2015-01-01T21:38:52.64Z,SJI_2796,0,0
2015-01-01,10845607,2015-01-01T21:38:52.71Z,FUV,0,0
2015-01-01,10845608,2015-01-01T21:39:02.34Z,SJI_1400,0,0
2015-01-01,10845610,2015-01-01T21:39:02.41Z,FUV,0,0
2015-01-01,10845611,2015-01-01T21:39:12.11Z,SJI_2796,0,0
2015-01-01,10845613,2015-01-01T21:39:12.18Z,FUV,0,0
2015-01-01,10845614,2015-01-01T21:39:21.84Z,SJI_1400,0,0
2015-01-01,10845616,2015-01-01T21:39:21.91Z,FUV,0,0
2015-01-01,10845617,2015-01-01T21:39:31.58Z,SJI_2796,0,0
2015-01-01,10845619,2015-01-01T21:39:31.65Z,FUV,0,0
2015-01-01,10845620,2015-01-01T21:39:41.28Z,SJI_1400,0,0
2015-01-01,10845622,2015-01-01T21:39:41.35Z,FUV,0,0
2015-01-01,10845623,2015-01-01T21:39:51.05Z,SJI_2796,0,0
2015-01-01,10845625,2015-01-01T21:39:51.12Z,FUV,0,0
2015-01-01,10845626,2015-01-01T21:40:00.78Z,SJI_1400,0,0
2015-01-01,10845628,2015-01-01T21:40:00.85Z,FUV,0,0
2015-01-01,10845629,2015-01-01T21:40:10.52Z,SJI_2796,0,0
2015-01-01,10845631,2015-01-01T21:40:10.59Z,FUV,0,0
2015-01-01,10845632,2015-01-01T21:40:20.21Z,SJI_1400,0,0
2015-01-01,10845634,2015-01-01T21:40:20.28Z,FUV,0,0
2015-01-01,10845635,2015-01-01T21:40:29.98Z,SJI_2796,0,0
2015-01-01,10845637,2015-01-01T21:40:30.06Z,FUV,0,0
2015-01-01,10845638,2015-01-01T21:40:39.71Z,SJI_1400,0,0
2015-01-01,10845640,2015-01-01T21:40:39.78Z,FUV,0,0
2015-01-01,10845641,2015-01-01T21:40:49.45Z,SJI_2796,0,0
2015-01-01,10845643,2015-01-01T21:40:49.52Z,FUV,0,0
2015-01-01,10845644,2015-01-01T21:40:59.18Z,SJI_1400,0,0
2015-01-01,10845646,2015-01-01T21:40:59.25Z,FUV,0,0
2015-01-01,10845647,2015-01-01T21:41:08.92Z,SJI_2796,0,0
2015-01-01,10845649,2015-01-01T21:41:08.99Z,FUV,0,0
2015-01-01,10845650,2015-01-01T21:41:18.64Z,SJI_1400,0,0
2015-01-01,10845652,2015-01-01T21:41:18.71Z,FUV,0,0
2015-01-01,10845653,2015-01-01T21:41:28.39Z,SJI_2796,0,0
2015-01-01,10845655,2015-01-01T21:41:28.46Z,FUV,0,0
2015-01-01,10845656,2015-01-01T21:41:38.12Z,SJI_1400,0,0
2015-01-01,10845658,2015-01-01T21:41:38.19Z,FUV,0,0
2015-01-01,10845659,2015-01-01T21:41:47.86Z,SJI_2796,0,0
2015-01-01,10845661,2015-01-01T21:41:47.93Z,FUV,0,0
2015-01-01,10845662,2015-01-01T21:41:57.59Z,SJI_1400,0,0
2015-01-01,10845664,2015-01-01T21:41:57.66Z,FUV,0,0
2015-01-01,10845665,2015-01-01T21:42:07.33Z,SJI_2796,0,0
2015-01-01,10845667,2015-01-01T21:42:07.40Z,FUV,0,0
2015-01-01,10845668,2015-01-01T21:42:17.05Z,SJI_1400,0,0
2015-01-01,10845670,2015-01-01T21:42:17.12Z,FUV,0,0
2015-01-01,10845671,2015-01-01T21:42:26.80Z,SJI_2796,0,0
2015-01-01,10845673,2015-01-01T21:42:26.87Z,FUV,0,0
2015-01-01,10845674,2015-01-01T22:21:23.56Z,SJI_1400,0,0
2015-01-01,10845676,2015-01-01T22:21:23.63Z,FUV,0,0
2015-01-01,10845677,2015-01-01T22:21:33.45Z,SJI_2796,0,0
2015-01-01,10845679,2015-01-01T22:21:33.52Z,FUV,0,0
2015-01-01,10845680,2015-01-01T22:21:43.12Z,SJI_1400,0,0
2015-01-01,10845682,2015-01-01T22:21:43.19Z,FUV,0,0
2015-01-01,10845683,2015-01-01T22:21:52.92Z,SJI_2796,0,0
2015-01-01,10845685,2015-01-01T22:21:52.99Z,FUV,0,0
2015-01-01,10845686,2015-01-01T22:22:02.62Z,SJI_1400,0,0
2015-01-01,10845688,2015-01-01T22:22:02.69Z,FUV,0,0
2015-01-01,10845689,2015-01-01T22:22:12.39Z,SJI_2796,0,0
2015-01-01,10845691,2015-01-01T22:22:12.47Z,FUV,0,0
2015-01-01,10845692,2015-01-01T22:22:22.12Z,SJI_1400,0,0
2015-01-01,10845694,2015-01-01T22:22:22.19Z,FUV,0,0
2015-01-01,10845695,2015-01-01T22:22:31.86Z,SJI_2796,0,0
2015-01-01,10845697,2015-01-01T22:22:31.93Z,FUV,0,0
2015-01-01,10845698,2015-01-01T22:22:41.58Z,SJI_1400,0,0
2015-01-01,10845700,2015-01-01T22:22:41.66Z,FUV,0,0
2015-01-01,10845701,2015-01-01T22:22:51.33Z,SJI_2796,0,0
2015-01-01,10845703,2015-01-01T22:22:51.40Z,FUV,0,0
2015-01-01,10845704,2015-01-01T22:23:01.05Z,SJI_1400,0,0
2015-01-01,10845706,2015-01-01T22:23:01.12Z,FUV,0,0
2015-01-01,10845707,2015-01-01T22:23:10.80Z,SJI_2796,0,0
2015-01-01,10845709,2015-01-01T22:23:10.87Z,FUV,0,0
2015-01-01,10845710,2015-01-01T22:23:20.52Z,SJI_1400,0,0
2015-01-01,10845712,2015-01-01T22:23:20.59Z,FUV,0,0
2015-01-01,10845713,2015-01-01T22:23:30.27Z,SJI_2796,0,0
2015-01-01,10845715,2015-01-01T22:23:30.34Z,FUV,0,0
2015-01-01,10845716,2015-01-01T22:23:39.98Z,SJI_1400,0,0
2015-01-01,10845718,2015-01-01T22:23:40.06Z,FUV,0,0
2015-01-01,10845719,2015-01-01T22:23:49.73Z,SJI_2796,0,0
2015-01-01,10845721,2015-01-01T22:23:49.81Z,FUV,0,0
2015-01-01,10845722,2015-01-01T22:23:59.46Z,SJI_1400,0,0
2015-01-01,10845724,2015-01-01T22:23:59.53Z,FUV,0,0
2015-01-01,10845725,2015-01-01T22:24:09.20Z,SJI_2796,0,0
2015-01-01,10845727,2015-01-01T22:24:09.27Z,FUV,0,0
2015-01-01,10845728,2015-01-01T22:24:18.93Z,SJI_1400,0,0
2015-01-01,10845730,2015-01-01T22:24:19.00Z,FUV,0,0
2015-01-01,10845731,2015-01-01T22:24:28.67Z,SJI_2796,0,0
2015-01-01,10845733,2015-01-01T22:24:28.74Z,FUV,0,0
2015-01-01,10845734,2015-01-01T22:24:38.40Z,SJI_1400,0,0
2015-01-01,10845736,2015-01-01T22:24:38.47Z,FUV,0,0
2015-01-01,10845737,2015-01-01T22:24:48.14Z,SJI_2796,0,0
2015-01-01,10845739,2015-01-01T22:24:48.21Z,FUV,0,0
2015-01-01,10845740,2015-01-01T22:24:57.84Z,SJI_1400,0,0
2015-01-01,10845742,2015-01-01T22:24:57.91Z,FUV,0,0
2015-01-01,10845743,2015-01-01T22:25:07.61Z,SJI_2796,0,0
2015-01-01,10845745,2015-01-01T22:25:07.68Z,FUV,0,0
2015-01-01,10845746,2015-01-01T22:25:17.30Z,SJI_1400,0,0
2015-01-01,10845748,2015-01-01T22:25:17.37Z,FUV,0,0
2015-01-01,10845749,2015-01-01T22:25:27.08Z,SJI_2796,0,0
2015-01-01,10845751,2015-01-01T22:25:27.15Z,FUV,0,0
2015-01-01,10845752,2015-01-01T22:25:36.80Z,SJI_1400,0,0
2015-01-01,10845754,2015-01-01T22:25:36.87Z,FUV,0,0
2015-01-01,10845755,2015-01-01T22:25:46.55Z,SJI_2796,0,0
2015-01-01,10845757,2015-01-01T22:25:46.62Z,FUV,0,0
2015-01-01,10845758,2015-01-01T22:25:56.24Z,SJI_1400,0,0
2015-01-01,10845760,2015-01-01T22:25:56.31Z,FUV,0,0
2015-01-01,10845761,2015-01-01T22:26:06.02Z,SJI_2796,0,0
2015-01-01,10845763,2015-01-01T22:26:06.09Z,FUV,0,0
2015-01-01,10845764,2015-01-01T22:26:15.75Z,SJI_1400,0,0
2015-01-01,10845766,2015-01-01T22:26:15.82Z,FUV,0,0
2015-01-01,10845767,2015-01-01T22:26:25.49Z,SJI_2796,0,0
2015-01-01,10845769,2015-01-01T22:26:25.56Z,FUV,0,0
2015-01-01,10845770,2015-01-01T22:26:35.21Z,SJI_1400,0,0
2015-01-01,10845772,2015-01-01T22:26:35.28Z,FUV,0,0
2015-01-01,10845773,2015-01-01T22:26:44.95Z,SJI_2796,0,0
2015-01-01,10845775,2015-01-01T22:26:45.02Z,FUV,0,0
2015-01-01,10845776,2015-01-01T22:26:54.69Z,SJI_1400,0,0
2015-01-01,10845778,2015-01-01T22:26:54.76Z,FUV,0,0
2015-01-01,10845779,2015-01-01T22:27:04.42Z,SJI_2796,0,0
2015-01-01,10845781,2015-01-01T22:27:04.49Z,FUV,0,0
2015-01-01,10845782,2015-01-01T22:27:14.14Z,SJI_1400,0,0
2015-01-01,10845784,2015-01-01T22:27:14.21Z,FUV,0,0
2015-01-01,10845785,2015-01-01T22:27:23.89Z,SJI_2796,0,0
2015-01-01,10845787,2015-01-01T22:27:23.96Z,FUV,0,0
2015-01-01,10845788,2015-01-01T22:27:33.62Z,SJI_1400,0,0
2015-01-01,10845790,2015-01-01T22:27:33.69Z,FUV,0,0
2015-01-01,10845791,2015-01-01T22:27:43.36Z,SJI_2796,0,0
2015-01-01,10845793,2015-01-01T22:27:43.43Z,FUV,0,0
2015-01-01,10845794,2015-01-01T22:27:53.03Z,SJI_1400,0,0
2015-01-01,10845796,2015-01-01T22:27:53.10Z,FUV,0,0
2015-01-01,10845797,2015-01-01T22:28:02.83Z,SJI_2796,0,0
2015-01-01,10845799,2015-01-01T22:28:02.90Z,FUV,0,0
2015-01-01,10845800,2015-01-01T22:28:12.55Z,SJI_1400,0,0
2015-01-01,10845802,2015-01-01T22:28:12.62Z,FUV,0,0
2015-01-01,10845803,2015-01-01T22:28:22.30Z,SJI_2796,0,0
2015-01-01,10845805,2015-01-01T22:28:22.37Z,FUV,0,0
2015-01-01,10845806,2015-01-01T22:28:32.02Z,SJI_1400,0,0
2015-01-01,10845808,2015-01-01T22:28:32.09Z,FUV,0,0
2015-01-01,10845809,2015-01-01T22:28:41.77Z,SJI_2796,0,0
2015-01-01,10845811,2015-01-01T22:28:41.84Z,FUV,0,0
2015-01-01,10845812,2015-01-01T22:28:51.50Z,SJI_1400,0,0
2015-01-01,10845814,2015-01-01T22:28:51.57Z,FUV,0,0
2015-01-01,10845815,2015-01-01T22:29:01.24Z,SJI_2796,0,0
2015-01-01,10845817,2015-01-01T22:29:01.31Z,FUV,0,0
2015-01-01,10845818,2015-01-01T22:29:10.96Z,SJI_1400,0,0
2015-01-01,10845820,2015-01-01T22:29:11.03Z,FUV,0,0
2015-01-01,10845821,2015-01-01T22:29:20.70Z,SJI_2796,0,0
2015-01-01,10845823,2015-01-01T22:29:20.77Z,FUV,0,0
2015-01-01,10845824,2015-01-01T22:29:30.43Z,SJI_1400,0,0
2015-01-01,10845826,2015-01-01T22:29:30.50Z,FUV,0,0
2015-01-01,10845827,2015-01-01T22:29:40.17Z,SJI_2796,0,0
2015-01-01,10845829,2015-01-01T22:29:40.24Z,FUV,0,0
2015-01-01,10845830,2015-01-01T22:29:49.91Z,SJI_1400,0,0
2015-01-01,10845832,2015-01-01T22:29:49.98Z,FUV,0,0
2015-01-01,10845833,2015-01-01T22:29:59.64Z,SJI_2796,0,0
2015-01-01,10845835,2015-01-01T22:29:59.71Z,FUV,0,0
2015-01-01,10845836,2015-01-01T22:30:09.37Z,SJI_1400,1,0
2015-01-01,10845838,2015-01-01T22:30:09.44Z,FUV,1,0
2015-01-01,10845839,2015-01-01T22:30:19.11Z,SJI_2796,1,0
2015-01-01,10845841,2015-01-01T22:30:19.18Z,FUV,1,0
2015-01-01,10845842,2015-01-01T22:30:28.80Z,SJI_1400,1,0
2015-01-01,10845844,2015-01-01T22:30:28.87Z,FUV,1,0
2015-01-01,10845845,2015-01-01T22:30:38.58Z,SJI_2796,1,0
2015-01-01,10845847,2015-01-01T22:30:38.65Z,FUV,1,0
2015-01-01,10845848,2015-01-01T22:30:48.30Z,SJI_1400,1,0
2015-01-01,10845850,2015-01-01T22:30:48.37Z,FUV,1,0
2015-01-01,10845851,2015-01-01T22:30:58.05Z,SJI_2796,1,0
2015-01-01,10845853,2015-01-01T22:30:58.12Z,FUV,1,0
2015-01-01,10845854,2015-01-01T22:31:07.77Z,SJI_1400,1,1
2015-01-01,10845856,2015-01-01T22:31:07.84Z,FUV,1,0
2015-01-01,10845857,2015-01-01T22:31:17.52Z,SJI_2796,1,0
2015-01-01,10845859,2015-01-01T22:31:17.59Z,FUV,1,0
2015-01-01,10845860,2015-01-01T22:31:27.25Z,SJI_1400,1,0
2015-01-01,10845862,2015-01-01T22:31:27.32Z,FUV,1,0
2015-01-01,10845863,2015-01-01T22:31:36.98Z,SJI_2796,1,0
2015-01-01,10845865,2015-01-01T22:31:37.06Z,FUV,1,0
2015-01-01,10845866,2015-01-01T22:31:46.68Z,SJI_1400,1,1
2015-01-01,10845868,2015-01-01T22:31:46.75Z,FUV,1,0
2015-01-01,10845869,2015-01-01T22:31:56.45Z,SJI_2796,1,0
2015-01-01,10845871,2015-01-01T22:31:56.52Z,FUV,1,0
2015-01-01,10845872,2015-01-01T22:32:06.18Z,SJI_1400,1,1
2015-01-01,10845874,2015-01-01T22:32:06.25Z,FUV,1,0
2015-01-01,10845875,2015-01-01T22:32:15.92Z,SJI_2796,1,0
2015-01-01,10845877,2015-01-01T22:32:15.99Z,FUV,1,0
2015-01-01,10845878,2015-01-01T22:32:25.66Z,SJI_1400,1,2
2015-01-01,10845880,2015-01-01T22:32:25.73Z,FUV,1,1
2015-01-01,10845881,2015-01-01T22:32:35.39Z,SJI_2796,1,0
2015-01-01,10845883,2015-01-01T22:32:35.46Z,FUV,1,0
2015-01-01,10845884,2015-01-01T22:32:45.12Z,SJI_1400,1,1
2015-01-01,10845886,2015-01-01T22:32:45.19Z,FUV,1,2
2015-01-01,10845887,2015-01-01T22:32:54.86Z,SJI_2796,1,0
2015-01-01,10845889,2015-01-01T22:32:54.93Z,FUV,1,1
2015-01-01,10845890,2015-01-01T22:33:04.59Z,SJI_1400,1,0
2015-01-01,10845892,2015-01-01T22:33:04.66Z,FUV,1,0
2015-01-01,10845893,2015-01-01T22:33:14.33Z,SJI_2796,1,0
2015-01-01,10845895,2015-01-01T22:33:14.40Z,FUV,1,0
2015-01-01,10845896,2015-01-01T22:33:24.06Z,SJI_1400,1,0
2015-01-01,10845898,2015-01-01T22:33:24.13Z,FUV,1,0
2015-01-01,10845899,2015-01-01T22:33:33.80Z,SJI_2796,1,2
2015-01-01,10845901,2015-01-01T22:33:33.87Z,FUV,1,4
2015-01-01,10845902,2015-01-01T22:33:43.52Z,SJI_1400,1,2
2015-01-01,10845904,2015-01-01T22:33:43.59Z,FUV,1,1
2015-01-01,10845905,2015-01-01T22:33:53.27Z,SJI_2796,1,1
2015-01-01,10845907,2015-01-01T22:33:53.34Z,FUV,1,1
2015-01-01,10845908,2015-01-01T22:34:02.96Z,SJI_1400,1,1
2015-01-01,10845910,2015-01-01T22:34:03.03Z,FUV,1,2
2015-01-01,10845911,2015-01-01T22:34:12.73Z,SJI_2796,1,1
2015-01-01,10845913,2015-01-01T22:34:12.81Z,FUV,1,3
2015-01-01,10845914,2015-01-01T22:34:22.47Z,SJI_1400,1,0
2015-01-01,10845916,2015-01-01T22:34:22.54Z,FUV,1,0
2015-01-01,10845917,2015-01-01T22:34:32.20Z,SJI_2796,1,0
2015-01-01,10845919,2015-01-01T22:34:32.27Z,FUV,1,0
2015-01-01,10845920,2015-01-01T22:34:41.93Z,SJI_1400,1,0
2015-01-01,10845922,2015-01-01T22:34:42.00Z,FUV,1,1
2015-01-01,10845923,2015-01-01T22:34:51.67Z,SJI_2796,1,0
2015-01-01,10845925,2015-01-01T22:34:51.74Z,FUV,1,3
2015-01-01,10845926,2015-01-01T22:35:01.40Z,SJI_1400,1,1
2015-01-01,10845928,2015-01-01T22:35:01.47Z,FUV,1,1
2015-01-01,10845929,2015-01-01T22:35:11.14Z,SJI_2796,1,0
2015-01-01,10845931,2015-01-01T22:35:11.21Z,FUV,1,0
2015-01-01,10845932,2015-01-01T22:35:20.85Z,SJI_1400,1,2
2015-01-01,10845934,2015-01-01T22:35:20.92Z,FUV,1,0
2015-01-01,10845935,2015-01-01T22:35:30.61Z,SJI_2796,1,0
2015-01-01,10845937,2015-01-01T22:35:30.68Z,FUV,1,3
2015-01-01,10845938,2015-01-01T22:35:40.33Z,SJI_1400,1,0
2015-01-01,10845940,2015-01-01T22:35:40.41Z,FUV,1,0
2015-01-01,10845941,2015-01-01T22:35:50.08Z,SJI_2796,1,1
2015-01-01,10845943,2015-01-01T22:35:50.15Z,FUV,1,1
2015-01-01,10845944,2015-01-01T22:35:59.80Z,SJI_1400,1,0
2015-01-01,10845946,2015-01-01T22:35:59.87Z,FUV,1,1
2015-01-01,10845947,2015-01-01T22:36:09.55Z,SJI_2796,1,0
2015-01-01,10845949,2015-01-01T22:36:09.62Z,FUV,1,1
2015-01-01,10845950,2015-01-01T22:36:19.27Z,SJI_1400,1,1
2015-01-01,10845952,2015-01-01T22:36:19.34Z,FUV,1,3
2015-01-01,10845953,2015-01-01T22:36:29.02Z,SJI_2796,1,0
2015-01-01,10845955,2015-01-01T22:36:29.09Z,FUV,1,2
2015-01-01,10845956,2015-01-01T22:36:38.75Z,SJI_1400,1,1
2015-01-01,10845958,2015-01-01T22:36:38.82Z,FUV,1,1
2015-01-01,10845959,2015-01-01T22:36:48.48Z,SJI_2796,1,0
2015-01-01,10845961,2015-01-01T22:36:48.56Z,FUV,1,0
2015-01-01,10845962,2015-01-01T22:36:58.21Z,SJI_1400,1,0
2015-01-01,10845964,2015-01-01T22:36:58.28Z,FUV,1,2
2015-01-01,10845965,2015-01-01T22:37:07.95Z,SJI_2796,1,0
2015-01-01,10845967,2015-01-01T22:37:08.02Z,FUV,1,0
2015-01-01,10845968,2015-01-01T22:37:17.69Z,SJI_1400,1,0
2015-01-01,10845970,2015-01-01T22:37:17.76Z,FUV,1,1
2015-01-01,10845971,2015-01-01T22:37:27.42Z,SJI_2796,1,0
2015-01-01,10845973,2015-01-01T22:37:27.49Z,FUV,1,1
2015-01-01,10845974,2015-01-01T22:37:37.12Z,SJI_1400,1,0
2015-01-01,10845976,2015-01-01T22:37:37.19Z,FUV,1,0
2015-01-01,10845977,2015-01-01T22:37:46.89Z,SJI_2796,1,0
2015-01-01,10845979,2015-01-01T22:37:46.96Z,FUV,1,0
2015-01-01,10845980,2015-01-01T22:37:56.62Z,SJI_1400,1,2
2015-01-01,10845982,2015-01-01T22:37:56.69Z,FUV,1,1
2015-01-01,10845983,2015-01-01T22:38:06.36Z,SJI_2796,1,0
2015-01-01,10845985,2015-01-01T22:38:06.43Z,FUV,1,0
2015-01-01,10845986,2015-01-01T22:38:16.08Z,SJI_1400,1,0
2015-01-01,10845988,2015-01-01T22:38:16.16Z,FUV,1,1
2015-01-01,10845989,2015-01-01T22:38:25.83Z,SJI_2796,1,0
2015-01-01,10845991,2015-01-01T22:38:25.90Z,FUV,1,1
2015-01-01,10845992,2015-01-01T22:38:35.53Z,SJI_1400,1,0
2015-01-01,10845994,2015-01-01T22:38:35.60Z,FUV,1,0
2015-01-01,10845995,2015-01-01T22:38:45.30Z,SJI_2796,1,0
2015-01-01,10845997,2015-01-01T22:38:45.37Z,FUV,1,0
2015-01-01,10845998,2015-01-01T22:38:54.98Z,SJI_1400,1,0
2015-01-01,10846000,2015-01-01T22:38:55.06Z,FUV,1,0
2015-01-01,10846001,2015-01-01T22:39:04.77Z,SJI_2796,1,0
2015-01-01,10846003,2015-01-01T22:39:04.84Z,FUV,1,1
2015-01-01,10846004,2015-01-01T22:39:14.46Z,SJI_1400,1,0
2015-01-01,10846006,2015-01-01T22:39:14.53Z,FUV,1,0
2015-01-01,10846007,2015-01-01T22:39:24.24Z,SJI_2796,1,0
2015-01-01,10846009,2015-01-01T22:39:24.31Z,FUV,1,3
2015-01-01,10846010,2015-01-01T22:39:33.93Z,SJI_1400,1,0
2015-01-01,10846012,2015-01-01T22:39:34.00Z,FUV,1,1
2015-01-01,10846013,2015-01-01T22:39:43.70Z,SJI_2796,1,0
2015-01-01,10846015,2015-01-01T22:39:43.77Z,FUV,1,0
2015-01-01,10846016,2015-01-01T22:39:53.44Z,SJI_1400,1,0
2015-01-01,10846018,2015-01-01T22:39:53.51Z,FUV,1,0
2015-01-01,10846019,2015-01-01T22:40:03.17Z,SJI_2796,1,0
2015-01-01,10846021,2015-01-01T22:40:03.24Z,FUV,1,0
2015-01-01,10846022,2015-01-01T22:40:12.87Z,SJI_1400,1,0
2015-01-01,10846024,2015-01-01T22:40:12.94Z,FUV,1,0
2015-01-01,10846025,2015-01-01T22:40:22.64Z,SJI_2796,1,0
2015-01-01,10846027,2015-01-01T22:40:22.71Z,FUV,1,0
2015-01-01,10846028,2015-01-01T22:40:32.34Z,SJI_1400,1,0
2015-01-01,10846030,2015-01-01T22:40:32.41Z,FUV,1,0
2015-01-01,10846031,2015-01-01T22:40:42.11Z,SJI_2796,1,0
2015-01-01,10846033,2015-01-01T22:40:42.18Z,FUV,1,0
2015-01-01,10846034,2015-01-01T22:40:51.83Z,SJI_1400,1,1
2015-01-01,10846036,2015-01-01T22:40:51.91Z,FUV,1,0
2015-01-01,10846037,2015-01-01T22:41:01.58Z,SJI_2796,1,0
2015-01-01,10846039,2015-01-01T22:41:01.65Z,FUV,1,0
2015-01-01,10846040,2015-01-01T22:41:11.31Z,SJI_1400,1,0
2015-01-01,10846042,2015-01-01T22:41:11.38Z,FUV,1,0
2015-01-01,10846043,2015-01-01T22:41:21.05Z,SJI_2796,1,0
2015-01-01,10846045,2015-01-01T22:41:21.12Z,FUV,1,0
2015-01-01,10846046,2015-01-01T22:41:30.77Z,SJI_1400,1,1
2015-01-01,10846048,2015-01-01T22:41:30.84Z,FUV,1,0
2015-01-01,10846049,2015-01-01T22:41:40.52Z,SJI_2796,1,0
2015-01-01,10846051,2015-01-01T22:41:40.59Z,FUV,1,0
2015-01-01,10846052,2015-01-01T22:41:50.25Z,SJI_1400,1,1
2015-01-01,10846054,2015-01-01T22:41:50.32Z,FUV,1,0
2015-01-01,10846055,2015-01-01T22:41:59.98Z,SJI_2796,1,1
2015-01-01,10846057,2015-01-01T22:42:00.06Z,FUV,1,1
2015-01-01,10846058,2015-01-01T22:42:09.68Z,SJI_1400,1,0
2015-01-01,10846060,2015-01-01T22:42:09.75Z,FUV,1,0
2015-01-01,10846061,2015-01-01T22:42:19.45Z,SJI_2796,1,0
2015-01-01,10846063,2015-01-01T22:42:19.52Z,FUV,1,1
2015-01-01,10846064,2015-01-01T22:42:29.18Z,SJI_1400,1,0
2015-01-01,10846066,2015-01-01T22:42:29.25Z,FUV,1,0
2015-01-01,10846067,2015-01-01T22:42:38.92Z,SJI_2796,1,0
2015-01-01,10846069,2015-01-01T22:42:38.99Z,FUV,1,0
2015-01-01,10846070,2015-01-01T22:42:48.66Z,SJI_1400,1,0
2015-01-01,10846072,2015-01-01T22:42:48.73Z,FUV,1,0
2015-01-01,10846073,2015-01-01T22:42:58.39Z,SJI_2796,1,0
2015-01-01,10846075,2015-01-01T22:42:58.46Z,FUV,1,0
2015-01-01,10846076,2015-01-01T22:43:08.12Z,SJI_1400,1,0
2015-01-01,10846078,2015-01-01T22:43:08.19Z,FUV,1,0
2015-01-01,10846079,2015-01-01T22:43:17.86Z,SJI_2796,0,0
2015-01-01,10846081,2015-01-01T22:43:17.93Z,FUV,0,0
2015-01-01,10846082,2015-01-01T22:43:27.57Z,SJI_1400,0,0
2015-01-01,10846084,2015-01-01T22:43:27.64Z,FUV,0,0
2015-01-01,10846085,2015-01-01T22:43:37.33Z,SJI_2796,0,0
2015-01-01,10846087,2015-01-01T22:43:37.40Z,FUV,0,0
2015-01-01,10846088,2015-01-01T22:43:47.02Z,SJI_1400,0,0
2015-01-01,10846090,2015-01-01T22:43:47.09Z,FUV,0,0
2015-01-01,10846091,2015-01-01T22:43:56.80Z,SJI_2796,0,0
2015-01-01,10846093,2015-01-01T22:43:56.87Z,FUV,0,0
2015-01-01,10846094,2015-01-01T22:44:06.52Z,SJI_1400,0,0
2015-01-01,10846096,2015-01-01T22:44:06.59Z,FUV,0,0
2015-01-01,10846097,2015-01-01T22:44:16.27Z,SJI_2796,0,0
2015-01-01,10846099,2015-01-01T22:44:16.34Z,FUV,0,0
2015-01-01,10846100,2015-01-01T22:44:25.98Z,SJI_1400,0,0
2015-01-01,10846102,2015-01-01T22:44:26.05Z,FUV,0,0
2015-01-01,10846103,2015-01-01T22:44:35.73Z,SJI_2796,0,0
2015-01-01,10846105,2015-01-01T22:44:35.81Z,FUV,0,0
2015-01-01,10846106,2015-01-01T22:44:45.48Z,SJI_1400,0,0
2015-01-01,10846108,2015-01-01T22:44:45.55Z,FUV,0,0
2015-01-01,10846109,2015-01-01T22:44:55.20Z,SJI_2796,0,0
2015-01-01,10846111,2015-01-01T22:44:55.27Z,FUV,0,0
2015-01-01,10846112,2015-01-01T22:45:04.93Z,SJI_1400,0,0
2015-01-01,10846114,2015-01-01T22:45:05.00Z,FUV,0,0
2015-01-01,10846115,2015-01-01T22:45:14.67Z,SJI_2796,0,0
2015-01-01,10846117,2015-01-01T22:45:14.74Z,FUV,0,0
2015-01-01,10846118,2015-01-01T22:45:24.40Z,SJI_1400,0,0
2015-01-01,10846120,2015-01-01T22:45:24.47Z,FUV,0,0
2015-01-01,10846121,2015-01-01T22:45:34.14Z,SJI_2796,0,0
2015-01-01,10846123,2015-01-01T22:45:34.21Z,FUV,0,0
2015-01-01,10846124,2015-01-01T22:45:43.87Z,SJI_1400,0,0
2015-01-01,10846126,2015-01-01T22:45:43.94Z,FUV,0,0
2015-01-01,10846127,2015-01-01T22:45:53.61Z,SJI_2796,0,0
2015-01-01,10846129,2015-01-01T22:45:53.68Z,FUV,0,0
2015-01-01,10846130,2015-01-01T22:46:03.30Z,SJI_1400,0,0
2015-01-01,10846132,2015-01-01T22:46:03.37Z,FUV,0,0
2015-01-01,10846133,2015-01-01T22:46:13.08Z,SJI_2796,0,0
2015-01-01,10846135,2015-01-01T22:46:13.15Z,FUV,0,0
2015-01-01,10846136,2015-01-01T22:46:22.81Z,SJI_1400,0,0
2015-01-01,10846138,2015-01-01T22:46:22.88Z,FUV,0,0
2015-01-01,10846139,2015-01-01T22:46:32.55Z,SJI_2796,0,0
2015-01-01,10846141,2015-01-01T22:46:32.62Z,FUV,0,0
2015-01-01,10846142,2015-01-01T22:46:42.27Z,SJI_1400,0,0
2015-01-01,10846144,2015-01-01T22:46:42.34Z,FUV,0,0
2015-01-01,10846145,2015-01-01T22:46:52.02Z,SJI_2796,0,0
2015-01-01,10846147,2015-01-01T22:46:52.09Z,FUV,0,0
2015-01-01,10846148,2015-01-01T22:47:01.74Z,SJI_1400,0,0
2015-01-01,10846150,2015-01-01T22:47:01.81Z,FUV,0,0
2015-01-01,10846151,2015-01-01T22:47:11.48Z,SJI_2796,0,0
2015-01-01,10846153,2015-01-01T22:47:11.56Z,FUV,0,0
2015-01-01,10846154,2015-01-01T22:47:21.23Z,SJI_1400,0,0
2015-01-01,10846156,2015-01-01T22:47:21.30Z,FUV,0,0
2015-01-01,10846157,2015-01-01T22:47:30.95Z,SJI_2796,0,0
2015-01-01,10846159,2015-01-01T22:47:31.02Z,FUV,0,0
2015-01-01,10846160,2015-01-01T22:47:40.68Z,SJI_1400,0,0
2015-01-01,10846162,2015-01-01T22:47:40.75Z,FUV,0,0
2015-01-01,10846163,2015-01-01T22:47:50.42Z,SJI_2796,0,0
2015-01-01,10846165,2015-01-01T22:47:50.49Z,FUV,0,0
2015-01-01,10846166,2015-01-01T22:48:00.14Z,SJI_1400,0,0
2015-01-01,10846168,2015-01-01T22:48:00.21Z,FUV,0,0
2015-01-01,10846169,2015-01-01T22:48:09.89Z,SJI_2796,0,0
2015-01-01,10846171,2015-01-01T22:48:09.96Z,FUV,0,0
2015-01-01,10846172,2015-01-01T22:48:19.58Z,SJI_1400,0,0
2015-01-01,10846174,2015-01-01T22:48:19.66Z,FUV,0,0
2015-01-01,10846175,2015-01-01T22:48:29.36Z,SJI_2796,0,0
2015-01-01,10846177,2015-01-01T22:48:29.43Z,FUV,0,0
2015-01-01,10846178,2015-01-01T22:48:39.09Z,SJI_1400,0,0
2015-01-01,10846180,2015-01-01T22:48:39.16Z,FUV,0,0
2015-01-01,10846181,2015-01-01T22:48:48.83Z,SJI_2796,0,0
2015-01-01,10846183,2015-01-01T22:48:48.90Z,FUV,0,0
2015-01-01,10846184,2015-01-01T22:48:58.52Z,SJI_1400,0,0
2015-01-01,10846186,2015-01-01T22:48:58.59Z,FUV,0,0
2015-01-01,10846187,2015-01-01T22:49:08.30Z,SJI_2796,0,0
2015-01-01,10846189,2015-01-01T22:49:08.37Z,FUV,0,0
2015-01-01,10846190,2015-01-01T22:49:17.98Z,SJI_1400,0,0
2015-01-01,10846192,2015-01-01T22:49:18.06Z,FUV,0,0
2015-01-01,10846193,2015-01-01T22:49:27.77Z,SJI_2796,0,0
2015-01-01,10846195,2015-01-01T22:49:27.84Z,FUV,0,0
2015-01-01,10846196,2015-01-01T22:49:37.49Z,SJI_1400,0,0
2015-01-01,10846198,2015-01-01T22:49:37.56Z,FUV,0,0
2015-01-01,10846199,2015-01-01T22:49:47.24Z,SJI_2796,0,0
2015-01-01,10846201,2015-01-01T22:49:47.31Z,FUV,0,0
2015-01-01,10846202,2015-01-01T22:49:56.93Z,SJI_1400,0,0
2015-01-01,10846204,2015-01-01T22:49:57.00Z,FUV,0,0
2015-01-01,10846205,2015-01-01T22:50:06.70Z,SJI_2796,0,0
2015-01-01,10846207,2015-01-01T22:50:06.77Z,FUV,0,0
2015-01-01,10846208,2015-01-01T22:50:16.43Z,SJI_1400,0,0
2015-01-01,10846210,2015-01-01T22:50:16.50Z,FUV,0,0
2015-01-01,10846211,2015-01-01T22:50:26.17Z,SJI_2796,0,0
2015-01-01,10846213,2015-01-01T22:50:26.24Z,FUV,0,0
2015-01-01,10846214,2015-01-01T22:50:35.87Z,SJI_1400,0,0
2015-01-01,10846216,2015-01-01T22:50:35.94Z,FUV,0,0
2015-01-01,10846217,2015-01-01T22:50:45.64Z,SJI_2796,0,0
2015-01-01,10846219,2015-01-01T22:50:45.71Z,FUV,0,0
2015-01-01,10846220,2015-01-01T22:50:55.37Z,SJI_1400,0,0
2015-01-01,10846222,2015-01-01T22:50:55.44Z,FUV,0,0
2015-01-01,10846223,2015-01-01T22:51:05.11Z,SJI_2796,0,0
2015-01-01,10846225,2015-01-01T22:51:05.18Z,FUV,0,0
2015-01-01,10846226,2015-01-01T22:51:14.83Z,SJI_1400,0,0
2015-01-01,10846228,2015-01-01T22:51:14.91Z,FUV,0,0
2015-01-01,10846229,2015-01-01T22:51:24.58Z,SJI_2796,0,0
2015-01-01,10846231,2015-01-01T22:51:24.65Z,FUV,0,0
2015-01-01,10846232,2015-01-01T22:51:34.30Z,SJI_1400,0,0
2015-01-01,10846234,2015-01-01T22:51:34.37Z,FUV,0,0
2015-01-01,10846235,2015-01-01T22:51:44.05Z,SJI_2796,0,0
2015-01-01,10846237,2015-01-01T22:51:44.12Z,FUV,0,0
2015-01-01,10846238,2015-01-01T22:51:53.77Z,SJI_1400,0,0
2015-01-01,10846240,2015-01-01T22:51:53.84Z,FUV,0,0
2015-01-01,10846241,2015-01-01T22:52:03.52Z,SJI_2796,0,0
2015-01-01,10846243,2015-01-01T22:52:03.59Z,FUV,0,0
2015-01-01,10846244,2015-01-01T22:52:13.21Z,SJI_1400,0,0
2015-01-01,10846246,2015-01-01T22:52:13.28Z,FUV,0,0
2015-01-01,10846247,2015-01-01T22:52:22.98Z,SJI_2796,0,0
2015-01-01,10846249,2015-01-01T22:52:23.06Z,FUV,0,0
2015-01-01,10846250,2015-01-01T22:52:32.68Z,SJI_1400,0,0
2015-01-01,10846252,2015-01-01T22:52:32.75Z,FUV,0,0
2015-01-01,10846253,2015-01-01T22:52:42.45Z,SJI_2796,0,0
2015-01-01,10846255,2015-01-01T22:52:42.52Z,FUV,0,0
2015-01-01,10846256,2015-01-01T22:52:52.18Z,SJI_1400,0,0
2015-01-01,10846258,2015-01-01T22:52:52.25Z,FUV,0,0
2015-01-01,10846259,2015-01-01T22:53:01.92Z,SJI_2796,0,0
2015-01-01,10846261,2015-01-01T22:53:01.99Z,FUV,0,0
2015-01-01,10846262,2015-01-01T22:53:11.66Z,SJI_1400,0,0
2015-01-01,10846264,2015-01-01T22:53:11.73Z,FUV,0,0
2015-01-01,10846265,2015-01-01T22:53:21.39Z,SJI_2796,0,0
2015-01-01,10846267,2015-01-01T22:53:21.46Z,FUV,0,0
2015-01-01,10846268,2015-01-01T22:53:31.12Z,SJI_1400,0,0
2015-01-01,10846270,2015-01-01T22:53:31.19Z,FUV,0,0
2015-01-01,10846271,2015-01-01T22:53:40.86Z,SJI_2796,0,0
2015-01-01,10846273,2015-01-01T22:53:40.93Z,FUV,0,0
2015-01-01,10846274,2015-01-01T22:53:50.55Z,SJI_1400,0,0
2015-01-01,10846276,2015-01-01T22:53:50.62Z,FUV,0,0
2015-01-01,10846277,2015-01-01T22:54:00.33Z,SJI_2796,0,0
2015-01-01,10846279,2015-01-01T22:54:00.40Z,FUV,0,0
2015-01-01,10846280,2015-01-01T22:54:10.06Z,SJI_1400,0,0
2015-01-01,10846282,2015-01-01T22:54:10.13Z,FUV,0,0
2015-01-01,10846283,2015-01-01T22:54:19.80Z,SJI_2796,0,0
2015-01-01,10846285,2015-01-01T22:54:19.87Z,FUV,0,0
2015-01-01,10846286,2015-01-01T22:54:29.52Z,SJI_1400,0,0
2015-01-01,10846288,2015-01-01T22:54:29.59Z,FUV,0,0
2015-01-01,10846289,2015-01-01T22:54:39.27Z,SJI_2796,0,0
2015-01-01,10846291,2015-01-01T22:54:39.34Z,FUV,0,0
2015-01-01,10846292,2015-01-01T22:54:48.99Z,SJI_1400,0,0
2015-01-01,10846294,2015-01-01T22:54:49.06Z,FUV,0,0
2015-01-01,10846295,2015-01-01T22:54:58.73Z,SJI_2796,0,0
2015-01-01,10846297,2015-01-01T22:54:58.81Z,FUV,0,0
2015-01-01,10846298,2015-01-01T22:55:08.46Z,SJI_1400,0,0
2015-01-01,10846300,2015-01-01T22:55:08.53Z,FUV,0,0
2015-01-01,10846301,2015-01-01T22:55:18.20Z,SJI_2796,0,0
2015-01-01,10846303,2015-01-01T22:55:18.27Z,FUV,0,0
2015-01-01,10846304,2015-01-01T22:55:27.93Z,SJI_1400,0,0
2015-01-01,10846306,2015-01-01T22:55:28.00Z,FUV,0,0
2015-01-01,10846307,2015-01-01T22:55:37.67Z,SJI_2796,0,0
2015-01-01,10846309,2015-01-01T22:55:37.74Z,FUV,0,0
2015-01-01,10846310,2015-01-01T22:55:47.40Z,SJI_1400,0,0
2015-01-01,10846312,2015-01-01T22:55:47.47Z,FUV,0,0
2015-01-01,10846313,2015-01-01T22:55:57.14Z,SJI_2796,0,0
2015-01-01,10846315,2015-01-01T22:55:57.21Z,FUV,0,0
2015-01-01,10846316,2015-01-01T22:56:06.83Z,SJI_1400,0,0
2015-01-01,10846318,2015-01-01T22:56:06.91Z,FUV,0,0
2015-01-01,10846319,2015-01-01T22:56:16.61Z,SJI_2796,0,0
2015-01-01,10846321,2015-01-01T22:56:16.68Z,FUV,0,0
2015-01-01,10846322,2015-01-01T22:56:26.34Z,SJI_1400,0,0
2015-01-01,10846324,2015-01-01T22:56:26.41Z,FUV,0,0
2015-01-01,10846325,2015-01-01T22:56:36.08Z,SJI_2796,0,0
2015-01-01,10846327,2015-01-01T22:56:36.15Z,FUV,0,0
2015-01-01,10846328,2015-01-01T22:56:45.80Z,SJI_1400,0,0
2015-01-01,10846330,2015-01-01T22:56:45.87Z,FUV,0,0
2015-01-01,10846331,2015-01-01T22:56:55.55Z,SJI_2796,0,0
2015-01-01,10846333,2015-01-01T22:56:55.62Z,FUV,0,0
2015-01-01,10846334,2015-01-01T22:57:05.28Z,SJI_1400,0,0
2015-01-01,10846336,2015-01-01T22:57:05.35Z,FUV,0,0
2015-01-01,10846337,2015-01-01T22:57:15.02Z,SJI_2796,0,0
2015-01-01,10846339,2015-01-01T22:57:15.09Z,FUV,0,0
2015-01-01,10846340,2015-01-01T22:57:24.74Z,SJI_1400,0,0
2015-01-01,10846342,2015-01-01T22:57:24.81Z,FUV,0,0
2015-01-01,10846343,2015-01-01T22:57:34.48Z,SJI_2796,0,0
2015-01-01,10846345,2015-01-01T22:57:34.56Z,FUV,0,0
2015-01-01,10846346,2015-01-01T22:57:44.21Z,SJI_1400,0,0
2015-01-01,10846348,2015-01-01T22:57:44.28Z,FUV,0,0
2015-01-01,10846349,2015-01-01T22:57:53.95Z,SJI_2796,0,0
2015-01-01,10846351,2015-01-01T22:57:54.02Z,FUV,0,0
2015-01-01,10846352,2015-01-01T22:58:03.68Z,SJI_1400,0,0
2015-01-01,10846354,2015-01-01T22:58:03.75Z,FUV,0,0
2015-01-01,10846355,2015-01-01T22:58:13.42Z,SJI_2796,0,0
2015-01-01,10846357,2015-01-01T22:58:13.49Z,FUV,0,0
2015-01-01,10846358,2015-01-01T22:58:23.13Z,SJI_1400,0,0
2015-01-01,10846360,2015-01-01T22:58:23.20Z,FUV,0,0
2015-01-01,10846361,2015-01-01T22:58:32.89Z,SJI_2796,0,0
2015-01-01,10846363,2015-01-01T22:58:32.96Z,FUV,0,0
2015-01-01,10846364,2015-01-01T22:58:42.59Z,SJI_1400,0,0
2015-01-01,10846366,2015-01-01T22:58:42.66Z,FUV,0,0
2015-01-01,10846367,2015-01-01T22:58:52.36Z,SJI_2796,0,0
2015-01-01,10846369,2015-01-01T22:58:52.43Z,FUV,0,0
2015-01-01,10846370,2015-01-01T22:59:02.09Z,SJI_1400,0,0
2015-01-01,10846372,2015-01-01T22:59:02.16Z,FUV,0,0
2015-01-01,10846373,2015-01-01T22:59:11.83Z,SJI_2796,0,0
2015-01-01,10846375,2015-01-01T22:59:11.90Z,FUV,0,0
2015-01-01,10846376,2015-01-01T22:59:21.55Z,SJI_1400,0,0
2015-01-01,10846378,2015-01-01T22:59:21.62Z,FUV,0,0
2015-01-01,10846379,2015-01-01T22:59:31.30Z,SJI_2796,0,0
2015-01-01,10846381,2015-01-01T22:59:31.37Z,FUV,0,0
2015-01-01,10846382,2015-01-01T22:59:41.03Z,SJI_1400,0,0
2015-01-01,10846384,2015-01-01T22:59:41.10Z,FUV,0,0
2015-01-01,10846385,2015-01-01T22:59:50.77Z,SJI_2796,0,0
2015-01-01,10846387,2015-01-01T22:59:50.84Z,FUV,0,0
2015-01-01,10846388,2015-01-01T23:00:00.49Z,SJI_1400,0,0
2015-01-01,10846390,2015-01-01T23:00:00.56Z,FUV,0,0
2015-01-01,10846391,2015-01-01T23:00:10.24Z,SJI_2796,0,0
2015-01-01,10846393,2015-01-01T23:00:10.31Z,FUV,0,0
2015-01-01,10846394,2015-01-01T23:00:19.93Z,SJI_1400,0,0
2015-01-01,10846396,2015-01-01T23:00:20.00Z,FUV,0,0
2015-01-01,10846397,2015-01-01T23:00:29.70Z,SJI_2796,0,0
2015-01-01,10846399,2015-01-01T23:00:29.77Z,FUV,0,0
2015-01-01,10846400,2015-01-01T23:00:39.43Z,SJI_1400,0,0
2015-01-01,10846402,2015-01-01T23:00:39.50Z,FUV,0,0
2015-01-01,10846403,2015-01-01T23:00:49.17Z,SJI_2796,0,0
2015-01-01,10846405,2015-01-01T23:00:49.24Z,FUV,0,0
2015-01-01,10846406,2015-01-01T23:00:58.91Z,SJI_1400,0,0
2015-01-01,10846408,2015-01-01T23:00:58.98Z,FUV,0,0
2015-01-01,10846409,2015-01-01T23:01:08.64Z,SJI_2796,0,0
2015-01-01,10846411,2015-01-01T23:01:08.71Z,FUV,0,0
2015-01-01,10846412,2015-01-01T23:01:18.37Z,SJI_1400,0,0
2015-01-01,10846414,2015-01-01T23:01:18.44Z,FUV,0,0
2015-01-01,10846415,2015-01-01T23:01:28.11Z,SJI_2796,0,0
2015-01-01,10846417,2015-01-01T23:01:28.18Z,FUV,0,0
2015-01-01,10846418,2015-01-01T23:01:37.83Z,SJI_1400,0,0
2015-01-01,10846420,2015-01-01T23:01:37.91Z,FUV,0,0
2015-01-01,10846421,2015-01-01T23:01:47.58Z,SJI_2796,0,0
2015-01-01,10846423,2015-01-01T23:01:47.65Z,FUV,0,0
2015-01-01,10846424,2015-01-01T23:01:57.31Z,SJI_1400,0,0
2015-01-01,10846426,2015-01-01T23:01:57.38Z,FUV,0,0
2015-09-20,17941637,2015-09-20T07:39:15.53Z,SJI_2796,0,0
2015-09-20,17941639,2015-09-20T07:39:15.60Z,FUV,0,0
2015-09-20,17941657,2015-09-20T07:40:12.56Z,FUV,0,0
2015-09-20,17941661,2015-09-20T07:40:31.74Z,SJI_2796,0,0
2015-09-20,17941675,2015-09-20T07:41:09.51Z,FUV,0,0
2015-09-20,17941682,2015-09-20T07:41:38.02Z,SJI_2796,0,0
2015-09-20,17941693,2015-09-20T07:42:06.43Z,FUV,0,0
2015-09-20,17941703,2015-09-20T07:42:44.40Z,SJI_2796,0,0
2015-09-20,17941711,2015-09-20T07:43:03.41Z,FUV,0,0
2015-09-20,17941724,2015-09-20T07:43:50.59Z,SJI_2796,0,0
2015-09-20,17941729,2015-09-20T07:44:00.26Z,FUV,0,0
2015-09-20,17941745,2015-09-20T07:44:57.16Z,SJI_2796,0,0
2015-09-20,17941747,2015-09-20T07:44:57.23Z,FUV,0,0
2015-09-20,17941765,2015-09-20T07:45:54.16Z,FUV,0,0
2015-09-20,17941769,2015-09-20T07:46:13.33Z,SJI_2796,0,0
2015-09-20,17941783,2015-09-20T07:46:51.18Z,FUV,0,0
2015-09-20,17941790,2015-09-20T07:47:19.59Z,SJI_2796,0,0
2015-09-20,17941801,2015-09-20T07:47:47.98Z,FUV,0,0
2015-09-20,17941811,2015-09-20T07:48:25.96Z,SJI_2796,0,0
2015-09-20,17941819,2015-09-20T07:48:45.02Z,FUV,0,0
2015-09-20,17941832,2015-09-20T07:49:32.18Z,SJI_2796,0,0
2015-09-20,17941837,2015-09-20T07:49:41.84Z,FUV,0,0
2015-09-20,17941853,2015-09-20T07:50:38.83Z,SJI_2796,0,0
2015-09-20,17941855,2015-09-20T07:50:38.90Z,FUV,0,0
2015-09-20,17941873,2015-09-20T07:51:35.72Z,FUV,0,0
2015-09-20,17941877,2015-09-20T07:51:54.89Z,SJI_2796,0,0
2015-09-20,17941891,2015-09-20T07:52:32.73Z,FUV,0,0
2015-09-20,17941898,2015-09-20T07:53:01.18Z,SJI_2796,0,0
2015-09-20,17941909,2015-09-20T07:53:29.57Z,FUV,0,0
2015-09-20,17941919,2015-09-20T07:54:07.39Z,SJI_2796,0,0
2015-09-20,17941927,2015-09-20T07:54:26.51Z,FUV,0,0
2015-09-20,17941940,2015-09-20T07:55:13.84Z,SJI_2796,0,0
2015-09-20,17941945,2015-09-20T07:55:23.53Z,FUV,0,0
2015-09-20,17941961,2015-09-20T07:56:20.27Z,SJI_2796,0,0
2015-09-20,17941963,2015-09-20T07:56:20.34Z,FUV,0,0
2015-09-20,17941981,2015-09-20T07:57:17.42Z,FUV,0,0
2015-09-20,17941985,2015-09-20T07:57:36.48Z,SJI_2796,0,0
2015-09-20,17941999,2015-09-20T07:58:14.23Z,FUV,0,0
2015-09-20,17942006,2015-09-20T07:58:42.74Z,SJI_2796,0,0
2015-09-20,17942017,2015-09-20T07:59:11.16Z,FUV,0,0
2015-09-20,17942027,2015-09-20T07:59:49.12Z,SJI_2796,0,0
2015-09-20,17942035,2015-09-20T08:00:08.19Z,FUV,0,0
2015-09-20,17942048,2015-09-20T08:00:55.30Z,SJI_2796,0,0
2015-09-20,17942053,2015-09-20T08:01:05.00Z,FUV,0,0
2015-09-20,17942069,2015-09-20T08:02:01.96Z,SJI_2796,0,0
2015-09-20,17942071,2015-09-20T08:02:02.03Z,FUV,0,0
2015-09-20,17942089,2015-09-20T08:02:58.85Z,FUV,0,0
2015-09-20,17942093,2015-09-20T08:03:18.05Z,SJI_2796,0,0
2015-09-20,17942107,2015-09-20T08:03:55.87Z,FUV,0,0
2015-09-20,17942114,2015-09-20T08:04:24.34Z,SJI_2796,1,0
2015-09-20,17942116,2015-09-20T08:04:24.41Z,FUV,1,0
2015-09-20,17942117,2015-09-20T08:04:33.69Z,SJI_2796,1,0
2015-09-20,17942119,2015-09-20T08:04:33.77Z,FUV,1,0
2015-09-20,17942120,2015-09-20T08:04:43.05Z,SJI_2796,1,0
2015-09-20,17942122,2015-09-20T08:04:43.12Z,FUV,1,0
2015-09-20,17942123,2015-09-20T08:04:52.67Z,SJI_2796,1,0
2015-09-20,17942125,2015-09-20T08:04:52.74Z,FUV,1,0
2015-09-20,17942128,2015-09-20T08:05:02.52Z,FUV,1,0
2015-09-20,17942129,2015-09-20T08:05:11.92Z,SJI_2796,1,0
2015-09-20,17942131,2015-09-20T08:05:11.99Z,FUV,1,0
2015-09-20,17942132,2015-09-20T08:05:21.31Z,SJI_2796,1,0
2015-09-20,17942134,2015-09-20T08:05:21.38Z,FUV,1,0
2015-09-20,17942135,2015-09-20T08:05:30.71Z,SJI_2796,1,0
2015-09-20,17942137,2015-09-20T08:05:30.78Z,FUV,1,0
2015-09-20,17942138,2015-09-20T08:05:40.08Z,SJI_2796,1,0
2015-09-20,17942140,2015-09-20T08:05:40.16Z,FUV,1,1
2015-09-20,17942141,2015-09-20T08:05:49.66Z,SJI_2796,1,0
2015-09-20,17942143,2015-09-20T08:05:49.73Z,FUV,1,1
2015-09-20,17942146,2015-09-20T08:05:59.46Z,FUV,1,0
2015-09-20,17942147,2015-09-20T08:06:08.83Z,SJI_2796,1,0
2015-09-20,17942149,2015-09-20T08:06:08.90Z,FUV,1,0
2015-09-20,17942150,2015-09-20T08:06:18.17Z,SJI_2796,1,0
2015-09-20,17942152,2015-09-20T08:06:18.24Z,FUV,1,0
2015-09-20,17942153,2015-09-20T08:06:27.53Z,SJI_2796,1,0
2015-09-20,17942155,2015-09-20T08:06:27.60Z,FUV,1,0
2015-09-20,17942156,2015-09-20T08:06:36.87Z,SJI_2796,1,0
2015-09-20,17942158,2015-09-20T08:06:36.94Z,FUV,1,0
2015-09-20,17942159,2015-09-20T08:06:46.51Z,SJI_2796,1,0
2015-09-20,17942161,2015-09-20T08:06:46.58Z,FUV,1,1
2015-09-20,17942164,2015-09-20T08:06:56.40Z,FUV,1,0
2015-09-20,17942165,2015-09-20T08:07:05.77Z,SJI_2796,1,0
2015-09-20,17942167,2015-09-20T08:07:05.84Z,FUV,1,0
2015-09-20,17942168,2015-09-20T08:07:15.15Z,SJI_2796,1,0
2015-09-20,17942170,2015-09-20T08:07:15.22Z,FUV,1,0
2015-09-20,17942171,2015-09-20T08:07:24.52Z,SJI_2796,1,0
2015-09-20,17942173,2015-09-20T08:07:24.59Z,FUV,1,0
2015-09-20,17942174,2015-09-20T08:07:33.91Z,SJI_2796,1,0
2015-09-20,17942176,2015-09-20T08:07:33.98Z,FUV,1,0
2015-09-20,17942177,2015-09-20T08:07:43.54Z,SJI_2796,1,0
2015-09-20,17942179,2015-09-20T08:07:43.61Z,FUV,1,0
2015-09-20,17942182,2015-09-20T08:07:53.34Z,FUV,1,0
2015-09-20,17942183,2015-09-20T08:08:02.70Z,SJI_2796,1,0
2015-09-20,17942185,2015-09-20T08:08:02.77Z,FUV,1,0
2015-09-20,17942186,2015-09-20T08:08:12.05Z,SJI_2796,1,0
2015-09-20,17942188,2015-09-20T08:08:12.12Z,FUV,1,0
2015-09-20,17942189,2015-09-20T08:08:21.39Z,SJI_2796,1,0
2015-09-20,17942191,2015-09-20T08:08:21.46Z,FUV,1,0
2015-09-20,17942192,2015-09-20T08:08:30.73Z,SJI_2796,1,0
2015-09-20,17942194,2015-09-20T08:08:30.81Z,FUV,1,1
2015-09-20,17942195,2015-09-20T08:08:40.37Z,SJI_2796,1,0
2015-09-20,17942197,2015-09-20T08:08:40.44Z,FUV,1,0
2015-09-20,17942200,2015-09-20T08:08:50.24Z,FUV,1,0
2015-09-20,17942201,2015-09-20T08:08:59.64Z,SJI_2796,1,0
2015-09-20,17942203,2015-09-20T08:08:59.71Z,FUV,1,1
2015-09-20,17942204,2015-09-20T08:09:09.03Z,SJI_2796,1,0
2015-09-20,17942206,2015-09-20T08:09:09.10Z,FUV,1,0
2015-09-20,17942207,2015-09-20T08:09:18.43Z,SJI_2796,1,1
2015-09-20,17942209,2015-09-20T08:09:18.50Z,FUV,1,1
2015-09-20,17942210,2015-09-20T08:09:27.77Z,SJI_2796,1,0
2015-09-20,17942212,2015-09-20T08:09:27.84Z,FUV,1,1
2015-09-20,17942213,2015-09-20T08:09:37.39Z,SJI_2796,1,0
2015-09-20,17942215,2015-09-20T08:09:37.46Z,FUV,1,1
2015-09-20,17942218,2015-09-20T08:09:47.18Z,FUV,1,1
2015-09-20,17942219,2015-09-20T08:09:56.55Z,SJI_2796,1,2
2015-09-20,17942221,2015-09-20T08:09:56.62Z,FUV,1,3
2015-09-20,17942222,2015-09-20T08:10:05.89Z,SJI_2796,1,1
2015-09-20,17942224,2015-09-20T08:10:05.96Z,FUV,1,1
2015-09-20,17942225,2015-09-20T08:10:15.24Z,SJI_2796,1,1
2015-09-20,17942227,2015-09-20T08:10:15.31Z,FUV,1,8
2015-09-20,17942228,2015-09-20T08:10:24.58Z,SJI_2796,1,2
2015-09-20,17942230,2015-09-20T08:10:24.65Z,FUV,1,5
2015-09-20,17942231,2015-09-20T08:10:34.25Z,SJI_2796,1,2
2015-09-20,17942233,2015-09-20T08:10:34.32Z,FUV,1,4
2015-09-20,17942236,2015-09-20T08:10:44.12Z,FUV,1,3
2015-09-20,17942237,2015-09-20T08:10:53.48Z,SJI_2796,1,1
2015-09-20,17942239,2015-09-20T08:10:53.56Z,FUV,1,2
2015-09-20,17942240,2015-09-20T08:11:02.80Z,SJI_2796,1,0
2015-09-20,17942242,2015-09-20T08:11:02.87Z,FUV,1,5
2015-09-20,17942243,2015-09-20T08:11:12.12Z,SJI_2796,1,0
2015-09-20,17942245,2015-09-20T08:11:12.19Z,FUV,1,11
2015-09-20,17942246,2015-09-20T08:11:21.45Z,SJI_2796,1,1
2015-09-20,17942248,2015-09-20T08:11:21.52Z,FUV,1,10
2015-09-20,17942249,2015-09-20T08:11:31.16Z,SJI_2796,1,3
2015-09-20,17942251,2015-09-20T08:11:31.23Z,FUV,1,17
2015-09-20,17942254,2015-09-20T08:11:41.06Z,FUV,1,14
2015-09-20,17942255,2015-09-20T08:11:50.42Z,SJI_2796,1,3
2015-09-20,17942257,2015-09-20T08:11:50.49Z,FUV,1,11
2015-09-20,17942258,2015-09-20T08:11:59.82Z,SJI_2796,1,7
2015-09-20,17942260,2015-09-20T08:11:59.89Z,FUV,1,20
2015-09-20,17942261,2015-09-20T08:12:09.21Z,SJI_2796,1,3
2015-09-20,17942263,2015-09-20T08:12:09.28Z,FUV,1,23
2015-09-20,17942264,2015-09-20T08:12:18.58Z,SJI_2796,1,4
2015-09-20,17942266,2015-09-20T08:12:18.66Z,FUV,1,25
2015-09-20,17942267,2015-09-20T08:12:28.21Z,SJI_2796,1,2
2015-09-20,17942269,2015-09-20T08:12:28.28Z,FUV,1,23
2015-09-20,17942272,2015-09-20T08:12:37.96Z,FUV,1,22
2015-09-20,17942273,2015-09-20T08:12:47.36Z,SJI_2796,1,3
2015-09-20,17942275,2015-09-20T08:12:47.43Z,FUV,1,20
2015-09-20,17942276,2015-09-20T08:12:56.71Z,SJI_2796,1,7
2015-09-20,17942278,2015-09-20T08:12:56.78Z,FUV,1,21
2015-09-20,17942279,2015-09-20T08:13:06.08Z,SJI_2796,1,5
2015-09-20,17942281,2015-09-20T08:13:06.15Z,FUV,1,26
2015-09-20,17942282,2015-09-20T08:13:15.42Z,SJI_2796,1,4
2015-09-20,17942284,2015-09-20T08:13:15.49Z,FUV,1,31
2015-09-20,17942285,2015-09-20T08:13:25.01Z,SJI_2796,1,3
2015-09-20,17942287,2015-09-20T08:13:25.08Z,FUV,1,22
2015-09-20,17942290,2015-09-20T08:13:34.90Z,FUV,1,31
2015-09-20,17942291,2015-09-20T08:13:44.27Z,SJI_2796,1,2
2015-09-20,17942293,2015-09-20T08:13:44.34Z,FUV,1,15
2015-09-20,17942294,2015-09-20T08:13:53.61Z,SJI_2796,1,2
2015-09-20,17942296,2015-09-20T08:13:53.68Z,FUV,1,18
2015-09-20,17942297,2015-09-20T08:14:02.96Z,SJI_2796,1,5
2015-09-20,17942299,2015-09-20T08:14:03.03Z,FUV,1,21
2015-09-20,17942300,2015-09-20T08:14:12.30Z,SJI_2796,1,3
2015-09-20,17942302,2015-09-20T08:14:12.37Z,FUV,1,19
2015-09-20,17942303,2015-09-20T08:14:21.94Z,SJI_2796,1,4
2015-09-20,17942305,2015-09-20T08:14:22.01Z,FUV,1,21
2015-09-20,17942308,2015-09-20T08:14:31.84Z,FUV,1,23
2015-09-20,17942309,2015-09-20T08:14:41.20Z,SJI_2796,1,2
2015-09-20,17942311,2015-09-20T08:14:41.27Z,FUV,1,24
2015-09-20,17942312,2015-09-20T08:14:50.56Z,SJI_2796,1,1
2015-09-20,17942314,2015-09-20T08:14:50.63Z,FUV,1,14
2015-09-20,17942315,2015-09-20T08:14:59.95Z,SJI_2796,1,2
2015-09-20,17942317,2015-09-20T08:15:00.02Z,FUV,1,7
2015-09-20,17942318,2015-09-20T08:15:09.28Z,SJI_2796,1,0
2015-09-20,17942320,2015-09-20T08:15:09.35Z,FUV,1,9
2015-09-20,17942321,2015-09-20T08:15:18.89Z,SJI_2796,1,1
2015-09-20,17942323,2015-09-20T08:15:18.96Z,FUV,1,7
2015-09-20,17942326,2015-09-20T08:15:28.77Z,FUV,1,3
2015-09-20,17942327,2015-09-20T08:15:38.14Z,SJI_2796,1,0
2015-09-20,17942329,2015-09-20T08:15:38.21Z,FUV,1,4
2015-09-20,17942330,2015-09-20T08:15:47.49Z,SJI_2796,1,1
2015-09-20,17942332,2015-09-20T08:15:47.56Z,FUV,1,2
2015-09-20,17942333,2015-09-20T08:15:56.84Z,SJI_2796,1,0
2015-09-20,17942335,2015-09-20T08:15:56.91Z,FUV,1,2
2015-09-20,17942336,2015-09-20T08:16:06.19Z,SJI_2796,1,1
2015-09-20,17942338,2015-09-20T08:16:06.26Z,FUV,1,4
2015-09-20,17942339,2015-09-20T08:16:15.82Z,SJI_2796,1,0
2015-09-20,17942341,2015-09-20T08:16:15.89Z,FUV,1,3
2015-09-20,17942344,2015-09-20T08:16:25.68Z,FUV,1,2
2015-09-20,17942345,2015-09-20T08:16:35.08Z,SJI_2796,1,0
2015-09-20,17942347,2015-09-20T08:16:35.15Z,FUV,1,0
2015-09-20,17942348,2015-09-20T08:16:44.46Z,SJI_2796,1,0
2015-09-20,17942350,2015-09-20T08:16:44.53Z,FUV,1,0
2015-09-20,17942351,2015-09-20T08:16:53.84Z,SJI_2796,1,0
2015-09-20,17942353,2015-09-20T08:16:53.91Z,FUV,1,1
2015-09-20,17942354,2015-09-20T08:17:03.18Z,SJI_2796,1,0
2015-09-20,17942356,2015-09-20T08:17:03.25Z,FUV,1,1
2015-09-20,17942357,2015-09-20T08:17:12.75Z,SJI_2796,1,0
2015-09-20,17942359,2015-09-20T08:17:12.82Z,FUV,1,0
2015-09-20,17942362,2015-09-20T08:17:22.62Z,FUV,1,1
2015-09-20,17942363,2015-09-20T08:17:31.99Z,SJI_2796,1,0
2015-09-20,17942365,2015-09-20T08:17:32.06Z,FUV,1,0
2015-09-20,17942366,2015-09-20T08:17:41.33Z,SJI_2796,1,0
2015-09-20,17942368,2015-09-20T08:17:41.41Z,FUV,1,0
2015-09-20,17942369,2015-09-20T08:17:50.69Z,SJI_2796,1,1
2015-09-20,17942371,2015-09-20T08:17:50.76Z,FUV,1,0
2015-09-20,17942372,2015-09-20T08:18:00.02Z,SJI_2796,1,0
2015-09-20,17942374,2015-09-20T08:18:00.09Z,FUV,1,5
2015-09-20,17942375,2015-09-20T08:18:09.69Z,SJI_2796,1,0
2015-09-20,17942377,2015-09-20T08:18:09.76Z,FUV,1,0
2015-09-20,17942380,2015-09-20T08:18:19.56Z,FUV,1,0
2015-09-20,17942381,2015-09-20T08:18:28.92Z,SJI_2796,1,0
2015-09-20,17942383,2015-09-20T08:18:28.99Z,FUV,1,0
2015-09-20,17942384,2015-09-20T08:18:38.25Z,SJI_2796,1,0
2015-09-20,17942386,2015-09-20T08:18:38.32Z,FUV,1,0
2015-09-20,17942387,2015-09-20T08:18:47.57Z,SJI_2796,1,0
2015-09-20,17942389,2015-09-20T08:18:47.64Z,FUV,1,0
2015-09-20,17942390,2015-09-20T08:18:56.89Z,SJI_2796,1,1
2015-09-20,17942392,2015-09-20T08:18:56.96Z,FUV,1,0
2015-09-20,17942393,2015-09-20T08:19:06.59Z,SJI_2796,1,0
2015-09-20,17942395,2015-09-20T08:19:06.66Z,FUV,1,0
2015-09-20,17942398,2015-09-20T08:19:16.49Z,FUV,1,0
2015-09-20,17942399,2015-09-20T08:19:25.86Z,SJI_2796,1,0
2015-09-20,17942401,2015-09-20T08:19:25.93Z,FUV,1,0
2015-09-20,17942402,2015-09-20T08:19:35.21Z,SJI_2796,1,0
2015-09-20,17942404,2015-09-20T08:19:35.28Z,FUV,1,0
2015-09-20,17942405,2015-09-20T08:19:44.56Z,SJI_2796,1,0
2015-09-20,17942407,2015-09-20T08:19:44.63Z,FUV,1,0
2015-09-20,17942408,2015-09-20T08:19:53.90Z,SJI_2796,1,0
2015-09-20,17942410,2015-09-20T08:19:53.97Z,FUV,1,0
2015-09-20,17942411,2015-09-20T08:20:03.54Z,SJI_2796,1,0
2015-09-20,17942413,2015-09-20T08:20:03.61Z,FUV,1,0
2015-09-20,17942416,2015-09-20T08:20:13.40Z,FUV,1,0
2015-09-20,17942417,2015-09-20T08:20:22.80Z,SJI_2796,1,0
2015-09-20,17942419,2015-09-20T08:20:22.87Z,FUV,1,0
2015-09-20,17942420,2015-09-20T08:20:32.12Z,SJI_2796,1,0
2015-09-20,17942422,2015-09-20T08:20:32.19Z,FUV,1,0
2015-09-20,17942423,2015-09-20T08:20:41.45Z,SJI_2796,1,0
2015-09-20,17942425,2015-09-20T08:20:41.52Z,FUV,1,0
2015-09-20,17942426,2015-09-20T08:20:50.77Z,SJI_2796,1,0
2015-09-20,17942428,2015-09-20T08:20:50.84Z,FUV,1,0
2015-09-20,17942429,2015-09-20T08:21:00.44Z,SJI_2796,1,0
2015-09-20,17942431,2015-09-20T08:21:00.52Z,FUV,1,0
2015-09-20,17942434,2015-09-20T08:21:10.34Z,FUV,1,0
2015-09-20,17942435,2015-09-20T08:21:19.70Z,SJI_2796,1,0
2015-09-20,17942437,2015-09-20T08:21:19.77Z,FUV,1,0
2015-09-20,17942438,2015-09-20T08:21:29.05Z,SJI_2796,1,0
2015-09-20,17942440,2015-09-20T08:21:29.12Z,FUV,1,0
2015-09-20,17942441,2015-09-20T08:21:38.39Z,SJI_2796,1,0
2015-09-20,17942443,2015-09-20T08:21:38.46Z,FUV,1,0
2015-09-20,17942444,2015-09-20T08:21:47.74Z,SJI_2796,1,0
2015-09-20,17942446,2015-09-20T08:21:47.81Z,FUV,1,0
2015-09-20,17942447,2015-09-20T08:21:57.37Z,SJI_2796,1,0
2015-09-20,17942449,2015-09-20T08:21:57.44Z,FUV,1,0
2015-09-20,17942452,2015-09-20T08:22:07.27Z,FUV,1,0
2015-09-20,17942459,2015-09-20T08:22:35.48Z,SJI_2796,0,0
2015-09-20,17942467,2015-09-20T08:22:54.49Z,FUV,0,0
2015-09-20,17942480,2015-09-20T08:23:41.65Z,SJI_2796,0,0
2015-09-20,17942485,2015-09-20T08:23:51.31Z,FUV,0,0
2015-09-20,17942501,2015-09-20T08:24:48.27Z,SJI_2796,0,0
2015-09-20,17942503,2015-09-20T08:24:48.34Z,FUV,0,0
2015-09-20,17942521,2015-09-20T08:25:45.19Z,FUV,0,0
2015-09-20,17942525,2015-09-20T08:26:04.36Z,SJI_2796,0,0
2015-09-20,17942539,2015-09-20T08:26:42.13Z,FUV,0,0
2015-09-20,17942546,2015-09-20T08:27:10.64Z,SJI_2796,0,0
2015-09-20,17942557,2015-09-20T08:27:39.04Z,FUV,0,0
2015-09-20,17942567,2015-09-20T08:28:17.04Z,SJI_2796,0,0
2015-09-20,17942575,2015-09-20T08:28:36.07Z,FUV,0,0
2015-09-20,17942588,2015-09-20T08:29:23.19Z,SJI_2796,0,0
2015-09-20,17942593,2015-09-20T08:29:32.88Z,FUV,0,0
2015-09-20,17942609,2015-09-20T08:30:29.76Z,SJI_2796,0,0
2015-09-20,17942611,2015-09-20T08:30:29.83Z,FUV,0,0
2015-09-20,17942629,2015-09-20T08:31:26.76Z,FUV,0,0
2015-09-20,17942633,2015-09-20T08:31:45.95Z,SJI_2796,0,0
2015-09-20,17942647,2015-09-20T08:32:23.77Z,FUV,0,0
2015-09-20,17942654,2015-09-20T08:32:52.20Z,SJI_2796,0,0
2015-09-20,17942665,2015-09-20T08:33:20.60Z,FUV,0,0
2015-09-20,17942675,2015-09-20T08:33:58.58Z,SJI_2796,0,0
2015-09-20,17942683,2015-09-20T08:34:17.63Z,FUV,0,0
2015-09-20,17942696,2015-09-20T08:35:04.77Z,SJI_2796,0,0
2015-09-20,17942701,2015-09-20T08:35:14.48Z,FUV,0,0
2015-09-20,17942717,2015-09-20T08:36:11.45Z,SJI_2796,0,0
2015-09-20,17942719,2015-09-20T08:36:11.52Z,FUV,0,0
2015-09-20,17942737,2015-09-20T08:37:08.32Z,FUV,0,0
2015-09-20,17942741,2015-09-20T08:37:27.52Z,SJI_2796,0,0
2015-09-20,17942755,2015-09-20T08:38:05.25Z,FUV,0,0
2015-09-20,17942762,2015-09-20T08:38:33.81Z,SJI_2796,0,0
2015-09-20,17942773,2015-09-20T08:39:02.19Z,FUV,0,0
2015-09-20,17942783,2015-09-20T08:39:40.18Z,SJI_2796,0,0
2015-09-20,17942791,2015-09-20T08:39:59.19Z,FUV,0,0
2015-09-20,17942804,2015-09-20T08:40:46.34Z,SJI_2796,0,0
2015-09-20,17942809,2015-09-20T08:40:56.05Z,FUV,0,0
2015-09-20,17942825,2015-09-20T08:41:52.97Z,SJI_2796,0,0
2015-09-20,17942827,2015-09-20T08:41:53.04Z,FUV,0,0
2015-09-20,17942845,2015-09-20T08:42:49.94Z,FUV,0,0
2015-09-20,17942849,2015-09-20T08:43:09.11Z,SJI_2796,0,0
2015-09-20,17942863,2015-09-20T08:43:46.81Z,FUV,0,0
2015-09-20,17942870,2015-09-20T08:44:15.43Z,SJI_2796,0,0
2015-09-20,17942881,2015-09-20T08:44:43.91Z,FUV,0,0
2015-09-20,17942891,2015-09-20T08:45:21.66Z,SJI_2796,0,0
2015-09-20,17942899,2015-09-20T08:45:40.69Z,FUV,0,0
2015-09-20,17942912,2015-09-20T08:46:27.94Z,SJI_2796,0,0
2015-09-20,17942917,2015-09-20T08:46:37.62Z,FUV,0,0
2015-09-20,17942933,2015-09-20T08:47:34.62Z,SJI_2796,0,0
2015-09-20,17942935,2015-09-20T08:47:34.69Z,FUV,0,0
2015-09-20,17942953,2015-09-20T08:48:31.50Z,FUV,0,0
2015-09-20,17942957,2015-09-20T08:48:50.67Z,SJI_2796,0,0
2015-09-20,17942971,2015-09-20T08:49:28.41Z,FUV,0,0
2015-09-20,17942978,2015-09-20T08:49:56.96Z,SJI_2796,0,0
2015-09-20,17942989,2015-09-20T08:50:25.40Z,FUV,0,0
2015-09-20,17942999,2015-09-20T08:51:03.26Z,SJI_2796,0,0
2015-09-20,17943007,2015-09-20T08:51:22.27Z,FUV,0,0
2015-09-20,17943020,2015-09-20T08:52:09.54Z,SJI_2796,0,0
2015-09-20,17943025,2015-09-20T08:52:19.22Z,FUV,0,0
2015-09-20,17943041,2015-09-20T08:53:16.11Z,SJI_2796,0,0
2015-09-20,17943043,2015-09-20T08:53:16.18Z,FUV,0,0
2015-09-20,17943064,2015-09-20T08:54:22.87Z,FUV,0,0
2015-09-20,17943065,2015-09-20T08:54:32.27Z,SJI_2796,0,0
2015-09-20,17943082,2015-09-20T08:55:19.81Z,FUV,0,0
2015-09-20,17943086,2015-09-20T08:55:38.52Z,SJI_2796,0,0
2015-09-20,17943100,2015-09-20T08:56:16.74Z,FUV,0,0
2015-09-20,17943107,2015-09-20T08:56:44.82Z,SJI_2796,0,0
2015-09-20,17943118,2015-09-20T08:57:13.68Z,FUV,0,0
2015-09-20,17943128,2015-09-20T08:57:51.12Z,SJI_2796,0,0
2015-09-20,17943136,2015-09-20T08:58:10.59Z,FUV,0,0
2015-09-20,17943149,2015-09-20T08:58:57.81Z,SJI_2796,0,0
2015-09-20,17943154,2015-09-20T08:59:07.52Z,FUV,0,0
2015-09-20,17943172,2015-09-20T09:00:04.46Z,FUV,0,0
2015-09-20,17943173,2015-09-20T09:00:13.83Z,SJI_2796,0,0
2015-09-20,17943190,2015-09-20T09:01:01.40Z,FUV,0,0
2015-09-20,17943194,2015-09-20T09:01:20.12Z,SJI_2796,0,0
2015-09-20,17943208,2015-09-20T09:01:58.31Z,FUV,0,0
2015-09-20,17943215,2015-09-20T09:02:26.44Z,SJI_2796,0,0
2015-09-20,17943226,2015-09-20T09:02:55.24Z,FUV,0,0
2015-09-20,17943236,2015-09-20T09:03:32.69Z,SJI_2796,0,0
2015-09-20,17943244,2015-09-20T09:03:52.18Z,FUV,0,0
2015-09-20,17943257,2015-09-20T09:04:39.28Z,SJI_2796,0,0
2015-09-20,17943262,2015-09-20T09:04:49.12Z,FUV,0,0
2015-09-20,17943280,2015-09-20T09:05:46.02Z,FUV,0,0
2015-09-20,17943281,2015-09-20T09:05:55.42Z,SJI_2796,0,0
2015-09-20,17943298,2015-09-20T09:06:42.96Z,FUV,0,0
2015-09-20,17943302,2015-09-20T09:07:01.69Z,SJI_2796,0,0
2015-09-20,17943316,2015-09-20T09:07:39.90Z,FUV,0,0
2015-09-20,17943323,2015-09-20T09:08:08.03Z,SJI_2796,0,0
2015-09-20,17943334,2015-09-20T09:08:36.84Z,FUV,0,0
2015-09-20,17943344,2015-09-20T09:09:14.27Z,SJI_2796,0,0
2015-09-20,17943352,2015-09-20T09:09:33.74Z,FUV,0,0
2015-09-20,17943365,2015-09-20T09:10:20.90Z,SJI_2796,0,0
2015-09-20,17943370,2015-09-20T09:10:30.68Z,FUV,0,0
2015-09-20,17943388,2015-09-20T09:11:27.62Z,FUV,0,0
2015-09-20,17943389,2015-09-20T09:11:36.99Z,SJI_2796,0,0
2015-09-20,17943406,2015-09-20T09:12:24.56Z,FUV,0,0
2015-09-20,17943410,2015-09-20T09:12:43.30Z,SJI_2796,0,0
2015-09-20,17943424,2015-09-20T09:13:21.46Z,FUV,0,0
2015-09-20,17943431,2015-09-20T09:13:49.57Z,SJI_2796,0,0
2015-09-20,17943442,2015-09-20T09:14:18.40Z,FUV,0,0
2015-09-20,17943452,2015-09-20T09:14:55.81Z,SJI_2796,0,0
2015-09-20,17943460,2015-09-20T09:15:15.34Z,FUV,0,0
2015-09-20,17943473,2015-09-20T09:16:02.38Z,SJI_2796,0,0
2015-09-20,17943478,2015-09-20T09:16:12.27Z,FUV,0,0
2015-09-20,17943496,2015-09-20T09:17:09.18Z,FUV,0,0
2015-09-20,17943497,2015-09-20T09:17:18.58Z,SJI_2796,0,0
2015-09-20,17943514,2015-09-20T09:18:06.12Z,FUV,0,0
2015-09-20,17943518,2015-09-20T09:18:24.83Z,SJI_2796,0,0
2015-09-20,17943532,2015-09-20T09:19:03.06Z,FUV,0,0
2015-09-20,17943539,2015-09-20T09:19:31.21Z,SJI_2796,0,0
2015-09-20,17943556,2015-09-20T09:20:18.79Z,FUV,0,0
2015-09-20,17943563,2015-09-20T09:20:47.02Z,SJI_2796,0,0
2015-09-20,17943574,2015-09-20T09:21:15.77Z,FUV,0,0
2015-09-20,17943587,2015-09-20T09:22:03.20Z,SJI_2796,0,0
2015-09-20,17943592,2015-09-20T09:22:12.62Z,FUV,0,0
2015-09-20,17943608,2015-09-20T09:23:09.53Z,SJI_2796,0,0
2015-09-20,17943610,2015-09-20T09:23:09.60Z,FUV,0,0
2015-09-20,17943628,2015-09-20T09:24:06.50Z,FUV,0,0
2015-09-20,17943629,2015-09-20T09:24:15.77Z,SJI_2796,0,0
2015-09-20,17943646,2015-09-20T09:25:03.47Z,FUV,0,0
2015-09-20,17943650,2015-09-20T09:25:22.21Z,SJI_2796,0,0
2015-09-20,17943664,2015-09-20T09:26:00.37Z,FUV,0,0
2015-09-20,17943671,2015-09-20T09:26:28.61Z,SJI_2796,0,0
2015-09-20,17943682,2015-09-20T09:26:57.29Z,FUV,0,0
2015-09-20,17943695,2015-09-20T09:27:44.80Z,SJI_2796,0,0
2015-09-20,17943700,2015-09-20T09:27:54.23Z,FUV,0,0
2015-09-20,17943716,2015-09-20T09:28:51.12Z,SJI_2796,0,0
2015-09-20,17943718,2015-09-20T09:28:51.19Z,FUV,0,0
2015-09-20,17943736,2015-09-20T09:29:48.06Z,FUV,0,0
2015-09-20,17943737,2015-09-20T09:29:57.33Z,SJI_2796,0,0
2015-09-20,17943754,2015-09-20T09:30:45.03Z,FUV,0,0
2015-09-20,17943758,2015-09-20T09:31:03.74Z,SJI_2796,0,0
2015-09-20,17943772,2015-09-20T09:31:41.94Z,FUV,0,0
2015-09-20,17943779,2015-09-20T09:32:10.19Z,SJI_2796,0,0
2015-09-20,17943790,2015-09-20T09:32:38.92Z,FUV,0,0
2015-09-20,17943803,2015-09-20T09:33:26.36Z,SJI_2796,0,0
2015-09-20,17943808,2015-09-20T09:33:35.78Z,FUV,0,0
2015-09-20,17943824,2015-09-20T09:34:32.62Z,SJI_2796,0,0
2015-09-20,17943826,2015-09-20T09:34:32.70Z,FUV,0,0
2015-09-20,17943844,2015-09-20T09:35:29.70Z,FUV,0,0
2015-09-20,17943845,2015-09-20T09:35:39.01Z,SJI_2796,0,0
2015-09-20,17943862,2015-09-20T09:36:26.59Z,FUV,0,0
2015-09-20,17943866,2015-09-20T09:36:45.22Z,SJI_2796,0,0
2015-09-20,17943880,2015-09-20T09:37:23.50Z,FUV,0,0
2015-09-20,17943887,2015-09-20T09:37:51.75Z,SJI_2796,0,0
2015-09-20,17943898,2015-09-20T09:38:20.49Z,FUV,0,0
2015-09-20,17943911,2015-09-20T09:39:07.95Z,SJI_2796,0,0
2015-09-20,17943916,2015-09-20T09:39:17.38Z,FUV,0,0
2015-09-20,17943932,2015-09-20T09:40:14.30Z,SJI_2796,0,0
2015-09-20,17943934,2015-09-20T09:40:14.37Z,FUV,0,0
2015-09-20,17943952,2015-09-20T09:41:11.22Z,FUV,0,0
2015-09-20,17943953,2015-09-20T09:41:20.50Z,SJI_2796,0,0
2015-09-20,17943970,2015-09-20T09:42:08.15Z,FUV,0,0
2015-09-20,17943974,2015-09-20T09:42:26.73Z,SJI_2796,1,0
2015-09-20,17943976,2015-09-20T09:42:26.80Z,FUV,1,0
2015-09-20,17943977,2015-09-20T09:42:36.40Z,SJI_2796,1,0
2015-09-20,17943979,2015-09-20T09:42:36.47Z,FUV,1,0
2015-09-20,17943982,2015-09-20T09:42:46.31Z,FUV,1,0
2015-09-20,17943983,2015-09-20T09:42:55.67Z,SJI_2796,1,0
2015-09-20,17943985,2015-09-20T09:42:55.74Z,FUV,1,0
2015-09-20,17943986,2015-09-20T09:43:05.08Z,SJI_2796,1,0
2015-09-20,17943988,2015-09-20T09:43:05.15Z,FUV,1,0
2015-09-20,17943989,2015-09-20T09:43:14.44Z,SJI_2796,1,0
2015-09-20,17943991,2015-09-20T09:43:14.52Z,FUV,1,0
2015-09-20,17943992,2015-09-20T09:43:23.85Z,SJI_2796,1,0
2015-09-20,17943994,2015-09-20T09:43:23.92Z,FUV,1,0
2015-09-20,17943995,2015-09-20T09:43:33.46Z,SJI_2796,1,0
2015-09-20,17943997,2015-09-20T09:43:33.53Z,FUV,1,0
2015-09-20,17944000,2015-09-20T09:43:43.21Z,FUV,1,0
2015-09-20,17944001,2015-09-20T09:43:52.61Z,SJI_2796,1,0
2015-09-20,17944003,2015-09-20T09:43:52.68Z,FUV,1,0
2015-09-20,17944004,2015-09-20T09:44:01.96Z,SJI_2796,1,0
2015-09-20,17944006,2015-09-20T09:44:02.03Z,FUV,1,0
2015-09-20,17944007,2015-09-20T09:44:11.31Z,SJI_2796,1,0
2015-09-20,17944009,2015-09-20T09:44:11.38Z,FUV,1,0
2015-09-20,17944010,2015-09-20T09:44:20.66Z,SJI_2796,1,0
2015-09-20,17944012,2015-09-20T09:44:20.73Z,FUV,1,0
2015-09-20,17944013,2015-09-20T09:44:30.30Z,SJI_2796,1,0
2015-09-20,17944015,2015-09-20T09:44:30.37Z,FUV,1,0
2015-09-20,17944018,2015-09-20T09:44:40.15Z,FUV,1,2
2015-09-20,17944019,2015-09-20T09:44:49.52Z,SJI_2796,1,0
2015-09-20,17944021,2015-09-20T09:44:49.59Z,FUV,1,0
2015-09-20,17944022,2015-09-20T09:44:58.91Z,SJI_2796,1,0
2015-09-20,17944024,2015-09-20T09:44:58.98Z,FUV,1,1
2015-09-20,17944025,2015-09-20T09:45:08.33Z,SJI_2796,1,0
2015-09-20,17944027,2015-09-20T09:45:08.40Z,FUV,1,2
2015-09-20,17944028,2015-09-20T09:45:17.71Z,SJI_2796,1,0
2015-09-20,17944030,2015-09-20T09:45:17.78Z,FUV,1,0
2015-09-20,17944031,2015-09-20T09:45:27.32Z,SJI_2796,1,0
2015-09-20,17944033,2015-09-20T09:45:27.39Z,FUV,1,2
2015-09-20,17944036,2015-09-20T09:45:37.09Z,FUV,1,9
2015-09-20,17944037,2015-09-20T09:45:46.45Z,SJI_2796,1,0
2015-09-20,17944039,2015-09-20T09:45:46.52Z,FUV,1,5
2015-09-20,17944040,2015-09-20T09:45:55.80Z,SJI_2796,1,1
2015-09-20,17944042,2015-09-20T09:45:55.87Z,FUV,1,6
2015-09-20,17944043,2015-09-20T09:46:05.16Z,SJI_2796,1,1
2015-09-20,17944045,2015-09-20T09:46:05.23Z,FUV,1,4
2015-09-20,17944046,2015-09-20T09:46:14.51Z,SJI_2796,1,1
2015-09-20,17944048,2015-09-20T09:46:14.58Z,FUV,1,8
2015-09-20,17944049,2015-09-20T09:46:24.14Z,SJI_2796,1,2
2015-09-20,17944051,2015-09-20T09:46:24.21Z,FUV,1,7
2015-09-20,17944054,2015-09-20T09:46:34.02Z,FUV,1,6
2015-09-20,17944055,2015-09-20T09:46:43.39Z,SJI_2796,1,1
2015-09-20,17944057,2015-09-20T09:46:43.46Z,FUV,1,14
2015-09-20,17944058,2015-09-20T09:46:52.80Z,SJI_2796,1,1
2015-09-20,17944060,2015-09-20T09:46:52.87Z,FUV,1,10
2015-09-20,17944061,2015-09-20T09:47:02.19Z,SJI_2796,1,2
2015-09-20,17944063,2015-09-20T09:47:02.27Z,FUV,1,17
2015-09-20,17944064,2015-09-20T09:47:11.59Z,SJI_2796,1,1
2015-09-20,17944066,2015-09-20T09:47:11.66Z,FUV,1,18
2015-09-20,17944067,2015-09-20T09:47:21.19Z,SJI_2796,1,1
2015-09-20,17944069,2015-09-20T09:47:21.26Z,FUV,1,19
2015-09-20,17944072,2015-09-20T09:47:30.93Z,FUV,1,26
2015-09-20,17944073,2015-09-20T09:47:40.33Z,SJI_2796,1,1
2015-09-20,17944075,2015-09-20T09:47:40.40Z,FUV,1,24
2015-09-20,17944076,2015-09-20T09:47:49.66Z,SJI_2796,1,2
2015-09-20,17944078,2015-09-20T09:47:49.73Z,FUV,1,4
2015-09-20,17944079,2015-09-20T09:47:59.01Z,SJI_2796,1,7
2015-09-20,17944081,2015-09-20T09:47:59.08Z,FUV,1,26
2015-09-20,17944082,2015-09-20T09:48:08.36Z,SJI_2796,1,3
2015-09-20,17944084,2015-09-20T09:48:08.43Z,FUV,1,31
2015-09-20,17944085,2015-09-20T09:48:17.99Z,SJI_2796,1,2
2015-09-20,17944087,2015-09-20T09:48:18.06Z,FUV,1,41
2015-09-20,17944090,2015-09-20T09:48:27.87Z,FUV,1,37
2015-09-20,17944091,2015-09-20T09:48:37.24Z,SJI_2796,1,2
2015-09-20,17944093,2015-09-20T09:48:37.31Z,FUV,1,41
2015-09-20,17944094,2015-09-20T09:48:46.57Z,SJI_2796,1,4
2015-09-20,17944096,2015-09-20T09:48:46.64Z,FUV,1,32
2015-09-20,17944097,2015-09-20T09:48:55.89Z,SJI_2796,1,11
2015-09-20,17944099,2015-09-20T09:48:55.96Z,FUV,1,32
2015-09-20,17944100,2015-09-20T09:49:05.21Z,SJI_2796,1,7
2015-09-20,17944102,2015-09-20T09:49:05.28Z,FUV,1,24
2015-09-20,17944103,2015-09-20T09:49:14.92Z,SJI_2796,1,7
2015-09-20,17944105,2015-09-20T09:49:14.99Z,FUV,1,39
2015-09-20,17944108,2015-09-20T09:49:24.81Z,FUV,1,31
2015-09-20,17944109,2015-09-20T09:49:34.17Z,SJI_2796,1,1
2015-09-20,17944111,2015-09-20T09:49:34.24Z,FUV,1,31
2015-09-20,17944112,2015-09-20T09:49:43.53Z,SJI_2796,1,5
2015-09-20,17944114,2015-09-20T09:49:43.60Z,FUV,1,22
2015-09-20,17944115,2015-09-20T09:49:52.91Z,SJI_2796,1,5
2015-09-20,17944117,2015-09-20T09:49:52.98Z,FUV,1,24
2015-09-20,17944118,2015-09-20T09:50:02.33Z,SJI_2796,1,5
2015-09-20,17944120,2015-09-20T09:50:02.40Z,FUV,1,25
2015-09-20,17944121,2015-09-20T09:50:11.93Z,SJI_2796,1,4
2015-09-20,17944123,2015-09-20T09:50:12.00Z,FUV,1,32
2015-09-20,17944126,2015-09-20T09:50:21.74Z,FUV,1,12
2015-09-20,17944127,2015-09-20T09:50:31.11Z,SJI_2796,1,2
2015-09-20,17944129,2015-09-20T09:50:31.18Z,FUV,1,21
2015-09-20,17944130,2015-09-20T09:50:40.46Z,SJI_2796,1,2
2015-09-20,17944132,2015-09-20T09:50:40.53Z,FUV,1,19
2015-09-20,17944133,2015-09-20T09:50:49.80Z,SJI_2796,1,1
2015-09-20,17944135,2015-09-20T09:50:49.87Z,FUV,1,16
2015-09-20,17944136,2015-09-20T09:50:59.13Z,SJI_2796,1,1
2015-09-20,17944138,2015-09-20T09:50:59.20Z,FUV,1,15
2015-09-20,17944139,2015-09-20T09:51:08.77Z,SJI_2796,1,4
2015-09-20,17944141,2015-09-20T09:51:08.84Z,FUV,1,8
2015-09-20,17944144,2015-09-20T09:51:18.65Z,FUV,1,7
2015-09-20,17944145,2015-09-20T09:51:28.05Z,SJI_2796,1,1
2015-09-20,17944147,2015-09-20T09:51:28.12Z,FUV,1,13
2015-09-20,17944148,2015-09-20T09:51:37.40Z,SJI_2796,1,1
2015-09-20,17944150,2015-09-20T09:51:37.47Z,FUV,1,5
2015-09-20,17944151,2015-09-20T09:51:46.74Z,SJI_2796,1,1
2015-09-20,17944153,2015-09-20T09:51:46.81Z,FUV,1,4
2015-09-20,17944154,2015-09-20T09:51:56.08Z,SJI_2796,1,0
2015-09-20,17944156,2015-09-20T09:51:56.16Z,FUV,1,7
2015-09-20,17944157,2015-09-20T09:52:05.72Z,SJI_2796,1,0
2015-09-20,17944159,2015-09-20T09:52:05.79Z,FUV,1,2
2015-09-20,17944162,2015-09-20T09:52:15.59Z,FUV,1,1
2015-09-20,17944163,2015-09-20T09:52:24.95Z,SJI_2796,1,0
2015-09-20,17944165,2015-09-20T09:52:25.02Z,FUV,1,1
2015-09-20,17944166,2015-09-20T09:52:34.34Z,SJI_2796,1,0
2015-09-20,17944168,2015-09-20T09:52:34.41Z,FUV,1,0
2015-09-20,17944169,2015-09-20T09:52:43.75Z,SJI_2796,1,1
2015-09-20,17944171,2015-09-20T09:52:43.82Z,FUV,1,1
2015-09-20,17944172,2015-09-20T09:52:53.12Z,SJI_2796,1,1
2015-09-20,17944174,2015-09-20T09:52:53.19Z,FUV,1,3
2015-09-20,17944175,2015-09-20T09:53:02.68Z,SJI_2796,1,0
2015-09-20,17944177,2015-09-20T09:53:02.75Z,FUV,1,3
2015-09-20,17944180,2015-09-20T09:53:12.52Z,FUV,1,1
2015-09-20,17944181,2015-09-20T09:53:21.89Z,SJI_2796,1,0
2015-09-20,17944183,2015-09-20T09:53:21.96Z,FUV,1,3
2015-09-20,17944184,2015-09-20T09:53:31.25Z,SJI_2796,1,0
2015-09-20,17944186,2015-09-20T09:53:31.32Z,FUV,1,3
2015-09-20,17944187,2015-09-20T09:53:40.62Z,SJI_2796,1,0
2015-09-20,17944189,2015-09-20T09:53:40.70Z,FUV,1,1
2015-09-20,17944190,2015-09-20T09:53:49.97Z,SJI_2796,1,0
2015-09-20,17944192,2015-09-20T09:53:50.04Z,FUV,1,4
2015-09-20,17944193,2015-09-20T09:53:59.59Z,SJI_2796,1,0
2015-09-20,17944195,2015-09-20T09:53:59.66Z,FUV,1,1
2015-09-20,17944198,2015-09-20T09:54:09.46Z,FUV,1,1
2015-09-20,17944199,2015-09-20T09:54:18.83Z,SJI_2796,1,0
2015-09-20,17944201,2015-09-20T09:54:18.90Z,FUV,1,1
2015-09-20,17944202,2015-09-20T09:54:28.25Z,SJI_2796,1,0
2015-09-20,17944204,2015-09-20T09:54:28.32Z,FUV,1,0
2015-09-20,17944205,2015-09-20T09:54:37.66Z,SJI_2796,1,0
2015-09-20,17944207,2015-09-20T09:54:37.73Z,FUV,1,1
2015-09-20,17944208,2015-09-20T09:54:47.02Z,SJI_2796,1,0
2015-09-20,17944210,2015-09-20T09:54:47.09Z,FUV,1,0
2015-09-20,17944211,2015-09-20T09:54:56.62Z,SJI_2796,1,0
2015-09-20,17944213,2015-09-20T09:54:56.69Z,FUV,1,1
2015-09-20,17944216,2015-09-20T09:55:06.37Z,FUV,1,0
2015-09-20,17944217,2015-09-20T09:55:15.77Z,SJI_2796,1,0
2015-09-20,17944219,2015-09-20T09:55:15.84Z,FUV,1,0
2015-09-20,17944220,2015-09-20T09:55:25.12Z,SJI_2796,1,0
2015-09-20,17944222,2015-09-20T09:55:25.19Z,FUV,1,0
2015-09-20,17944223,2015-09-20T09:55:34.47Z,SJI_2796,1,0
2015-09-20,17944225,2015-09-20T09:55:34.54Z,FUV,1,0
2015-09-20,17944226,2015-09-20T09:55:43.80Z,SJI_2796,1,0
2015-09-20,17944228,2015-09-20T09:55:43.87Z,FUV,1,0
2015-09-20,17944229,2015-09-20T09:55:53.43Z,SJI_2796,1,0
2015-09-20,17944231,2015-09-20T09:55:53.50Z,FUV,1,1
2015-09-20,17944234,2015-09-20T09:56:03.31Z,FUV,1,1
2015-09-20,17944235,2015-09-20T09:56:12.67Z,SJI_2796,1,0
2015-09-20,17944237,2015-09-20T09:56:12.74Z,FUV,1,0
2015-09-20,17944238,2015-09-20T09:56:22.04Z,SJI_2796,1,0
2015-09-20,17944240,2015-09-20T09:56:22.11Z,FUV,1,0
2015-09-20,17944241,2015-09-20T09:56:31.40Z,SJI_2796,1,0
2015-09-20,17944243,2015-09-20T09:56:31.47Z,FUV,1,0
2015-09-20,17944289,2015-09-20T09:59:03.48Z,SJI_2796,0,0
2015-09-20,17944291,2015-09-20T09:59:03.56Z,FUV,0,0
2015-09-20,17944309,2015-09-20T10:00:00.46Z,FUV,0,0
2015-09-20,17944310,2015-09-20T10:00:09.77Z,SJI_2796,0,0
2015-09-20,17944327,2015-09-20T10:00:57.40Z,FUV,0,0
2015-09-20,17944331,2015-09-20T10:01:16.02Z,SJI_2796,0,0
2015-09-20,17944345,2015-09-20T10:01:54.34Z,FUV,0,0
2015-09-20,17944352,2015-09-20T10:02:22.43Z,SJI_2796,0,0
2015-09-20,17944363,2015-09-20T10:02:51.27Z,FUV,0,0
2015-09-20,17944373,2015-09-20T10:03:28.87Z,SJI_2796,0,0
2015-09-20,17944381,2015-09-20T10:03:48.18Z,FUV,0,0
2015-09-20,17944397,2015-09-20T10:04:45.05Z,SJI_2796,0,0
2015-09-20,17944399,2015-09-20T10:04:45.12Z,FUV,0,0
2015-09-20,17944417,2015-09-20T10:05:42.06Z,FUV,0,0
2015-09-20,17944418,2015-09-20T10:05:51.30Z,SJI_2796,0,0
2015-09-20,17944435,2015-09-20T10:06:38.99Z,FUV,0,0
2015-09-20,17944439,2015-09-20T10:06:57.62Z,SJI_2796,0,0
2015-09-20,17944453,2015-09-20T10:07:35.90Z,FUV,0,0
2015-09-20,17944460,2015-09-20T10:08:03.80Z,SJI_2796,0,0
2015-09-20,17944471,2015-09-20T10:08:32.84Z,FUV,0,0
2015-09-20,17944481,2015-09-20T10:09:10.55Z,SJI_2796,0,0
2015-09-20,17944489,2015-09-20T10:09:29.77Z,FUV,0,0
2015-09-20,17944505,2015-09-20T10:10:26.64Z,SJI_2796,0,0
2015-09-20,17944507,2015-09-20T10:10:26.71Z,FUV,0,0
2015-09-20,17944525,2015-09-20T10:11:23.62Z,FUV,0,0
2015-09-20,17944526,2015-09-20T10:11:32.96Z,SJI_2796,0,0
2015-09-20,17944543,2015-09-20T10:12:20.56Z,FUV,0,0
2015-09-20,17944547,2015-09-20T10:12:39.18Z,SJI_2796,0,0
2015-09-20,17944561,2015-09-20T10:13:17.49Z,FUV,0,0
2015-09-20,17944568,2015-09-20T10:13:45.59Z,SJI_2796,0,0
2015-09-20,17944579,2015-09-20T10:14:14.43Z,FUV,0,0
2015-09-20,17944589,2015-09-20T10:14:52.02Z,SJI_2796,0,0
2015-09-20,17944597,2015-09-20T10:15:11.34Z,FUV,0,0
2015-09-20,17944613,2015-09-20T10:16:08.20Z,SJI_2796,0,0
2015-09-20,17944615,2015-09-20T10:16:08.27Z,FUV,0,0
2015-09-20,17944633,2015-09-20T10:17:05.23Z,FUV,0,0
2015-09-20,17944634,2015-09-20T10:17:14.51Z,SJI_2796,0,0
2015-09-20,17944651,2015-09-20T10:18:02.15Z,FUV,0,0
2015-09-20,17944655,2015-09-20T10:18:20.74Z,SJI_2796,0,0
2015-09-20,17944669,2015-09-20T10:18:59.06Z,FUV,0,0
2015-09-20,17944676,2015-09-20T10:19:27.02Z,SJI_2796,0,0
2015-09-20,17944687,2015-09-20T10:19:55.99Z,FUV,0,0
2015-09-20,17944697,2015-09-20T10:20:33.62Z,SJI_2796,0,0
2015-09-20,17944705,2015-09-20T10:20:52.93Z,FUV,0,0
2015-09-20,17944721,2015-09-20T10:21:49.80Z,SJI_2796,0,0
2015-09-20,17944723,2015-09-20T10:21:49.87Z,FUV,0,0
2015-09-20,17944741,2015-09-20T10:22:46.77Z,FUV,0,0
2015-09-20,17944742,2015-09-20T10:22:56.14Z,SJI_2796,0,0
2015-09-20,17944759,2015-09-20T10:23:43.71Z,FUV,0,0
2015-09-20,17944763,2015-09-20T10:24:02.34Z,SJI_2796,0,0
2015-09-20,17944777,2015-09-20T10:24:40.65Z,FUV,0,0
2015-09-20,17944784,2015-09-20T10:25:08.77Z,SJI_2796,0,0
2015-09-20,17944795,2015-09-20T10:25:37.59Z,FUV,0,0
2015-09-20,17944805,2015-09-20T10:26:15.18Z,SJI_2796,0,0
2015-09-20,17944813,2015-09-20T10:26:34.49Z,FUV,0,0
2015-09-20,17944829,2015-09-20T10:27:31.36Z,SJI_2796,0,0
2015-09-20,17944831,2015-09-20T10:27:31.43Z,FUV,0,0
2015-09-20,17944849,2015-09-20T10:28:28.37Z,FUV,0,0
2015-09-20,17944850,2015-09-20T10:28:37.67Z,SJI_2796,0,0
2015-09-20,17944867,2015-09-20T10:29:25.31Z,FUV,0,0
2015-09-20,17944871,2015-09-20T10:29:43.93Z,SJI_2796,0,0
2015-09-20,17944885,2015-09-20T10:30:22.21Z,FUV,0,0
2015-09-20,17944892,2015-09-20T10:30:50.11Z,SJI_2796,0,0
2015-09-20,17944903,2015-09-20T10:31:19.15Z,FUV,0,0
2015-09-20,17944913,2015-09-20T10:31:56.80Z,SJI_2796,0,0
2015-09-20,17944921,2015-09-20T10:32:16.09Z,FUV,0,0
2015-09-20,17944937,2015-09-20T10:33:12.95Z,SJI_2796,0,0
2015-09-20,17944939,2015-09-20T10:33:13.02Z,FUV,0,0
2015-09-20,17944957,2015-09-20T10:34:09.93Z,FUV,0,0
2015-09-20,17944958,2015-09-20T10:34:19.23Z,SJI_2796,0,0
2015-09-20,17944975,2015-09-20T10:35:06.87Z,FUV,0,0
2015-09-20,17944979,2015-09-20T10:35:25.48Z,SJI_2796,0,0
2015-09-20,17944993,2015-09-20T10:36:03.81Z,FUV,0,0
2015-09-20,17945000,2015-09-20T10:36:31.90Z,SJI_2796,0,0
2015-09-20,17945011,2015-09-20T10:37:00.74Z,FUV,0,0
2015-09-20,17945021,2015-09-20T10:37:38.37Z,SJI_2796,0,0
2015-09-20,17945029,2015-09-20T10:37:57.65Z,FUV,0,0
2015-09-20,17945045,2015-09-20T10:38:54.52Z,SJI_2796,0,0
2015-09-20,17945047,2015-09-20T10:38:54.59Z,FUV,0,0
2015-09-20,17945065,2015-09-20T10:39:51.52Z,FUV,0,0
2015-09-20,17945066,2015-09-20T10:40:00.84Z,SJI_2796,0,0
2015-09-20,17945083,2015-09-20T10:40:48.46Z,FUV,0,0
2015-09-20,17945087,2015-09-20T10:41:07.09Z,SJI_2796,0,0
2015-09-20,17945101,2015-09-20T10:41:45.37Z,FUV,0,0
2015-09-20,17945108,2015-09-20T10:42:13.43Z,SJI_2796,0,0
2015-09-20,17945119,2015-09-20T10:42:42.31Z,FUV,0,0
2015-09-20,17945129,2015-09-20T10:43:19.90Z,SJI_2796,0,0
2015-09-20,17945137,2015-09-20T10:43:39.24Z,FUV,0,0
2015-09-20,17945153,2015-09-20T10:44:36.11Z,SJI_2796,0,0
2015-09-20,17945155,2015-09-20T10:44:36.18Z,FUV,0,0
2015-09-20,17945173,2015-09-20T10:45:33.09Z,FUV,0,0
2015-09-20,17945174,2015-09-20T10:45:42.39Z,SJI_2796,0,0
2015-09-20,17945191,2015-09-20T10:46:30.02Z,FUV,0,0
2015-09-20,17945195,2015-09-20T10:46:48.68Z,SJI_2796,0,0
2015-09-20,17945209,2015-09-20T10:47:26.96Z,FUV,0,0
2015-09-20,17945216,2015-09-20T10:47:54.88Z,SJI_2796,0,0
2015-09-20,17945227,2015-09-20T10:48:23.90Z,FUV,0,0
2015-10-03,18184569,2015-10-03T08:04:15.79Z,SJI_1330,1,0
2015-10-03,18184571,2015-10-03T08:04:15.86Z,FUV,1,1
2015-10-03,18184572,2015-10-03T08:04:25.70Z,SJI_1400,1,0
2015-10-03,18184574,2015-10-03T08:04:25.77Z,FUV,1,0
2015-10-03,18184577,2015-10-03T08:04:35.24Z,FUV,1,1
2015-10-03,18184578,2015-10-03T08:04:44.70Z,SJI_2796,1,0
2015-10-03,18184580,2015-10-03T08:04:44.77Z,FUV,1,0
2015-10-03,18184581,2015-10-03T08:04:54.05Z,SJI_1330,1,2
2015-10-03,18184583,2015-10-03T08:04:54.12Z,FUV,1,2
2015-10-03,18184584,2015-10-03T08:05:03.70Z,SJI_1400,1,0
2015-10-03,18184586,2015-10-03T08:05:03.77Z,FUV,1,0
2015-10-03,18184588,2015-10-03T08:05:13.21Z,FUV,1,1
2015-10-03,18184589,2015-10-03T08:05:22.45Z,SJI_2796,1,0
2015-10-03,18184591,2015-10-03T08:05:22.52Z,FUV,1,0
2015-10-03,18184592,2015-10-03T08:05:31.89Z,SJI_1330,1,0
2015-10-03,18184594,2015-10-03T08:05:31.96Z,FUV,1,0
2015-10-03,18184595,2015-10-03T08:05:41.61Z,SJI_1400,1,0
2015-10-03,18184597,2015-10-03T08:05:41.68Z,FUV,1,0
2015-10-03,18184599,2015-10-03T08:05:51.15Z,FUV,1,0
2015-10-03,18184600,2015-10-03T08:06:00.37Z,SJI_2796,1,1
2015-10-03,18184602,2015-10-03T08:06:00.45Z,FUV,1,1
2015-10-03,18184603,2015-10-03T08:06:09.80Z,SJI_1330,1,1
2015-10-03,18184605,2015-10-03T08:06:09.87Z,FUV,1,0
2015-10-03,18184606,2015-10-03T08:06:19.52Z,SJI_1400,1,1
2015-10-03,18184608,2015-10-03T08:06:19.59Z,FUV,1,0
2015-10-03,18184610,2015-10-03T08:06:29.02Z,FUV,1,0
2015-10-03,18184611,2015-10-03T08:06:38.27Z,SJI_2796,1,1
2015-10-03,18184613,2015-10-03T08:06:38.34Z,FUV,1,0
2015-10-03,18184614,2015-10-03T08:06:47.70Z,SJI_1330,1,2
2015-10-03,18184616,2015-10-03T08:06:47.77Z,FUV,1,1
2015-10-03,18184617,2015-10-03T08:06:57.42Z,SJI_1400,1,1
2015-10-03,18184619,2015-10-03T08:06:57.49Z,FUV,1,0
2015-10-03,18184621,2015-10-03T08:07:06.93Z,FUV,1,1
2015-10-03,18184622,2015-10-03T08:07:16.17Z,SJI_2796,1,0
2015-10-03,18184624,2015-10-03T08:07:16.24Z,FUV,1,0
2015-10-03,18184625,2015-10-03T08:07:25.61Z,SJI_1330,1,1
2015-10-03,18184627,2015-10-03T08:07:25.69Z,FUV,1,1
2015-10-03,18184628,2015-10-03T08:07:35.33Z,SJI_1400,1,2
2015-10-03,18184630,2015-10-03T08:07:35.40Z,FUV,1,0
2015-10-03,18184632,2015-10-03T08:07:44.84Z,FUV,1,1
2015-10-03,18184633,2015-10-03T08:07:54.09Z,SJI_2796,1,0
2015-10-03,18184635,2015-10-03T08:07:54.16Z,FUV,1,2
2015-10-03,18184636,2015-10-03T08:08:03.68Z,SJI_1330,1,1
2015-10-03,18184638,2015-10-03T08:08:03.75Z,FUV,1,1
2015-10-03,18184639,2015-10-03T08:08:13.48Z,SJI_1400,1,1
2015-10-03,18184641,2015-10-03T08:08:13.56Z,FUV,1,0
2015-10-03,18184644,2015-10-03T08:08:23.03Z,FUV,1,0
2015-10-03,18184645,2015-10-03T08:08:32.48Z,SJI_2796,1,1
2015-10-03,18184647,2015-10-03T08:08:32.56Z,FUV,1,0
2015-10-03,18184648,2015-10-03T08:08:41.86Z,SJI_1330,1,2
2015-10-03,18184650,2015-10-03T08:08:41.93Z,FUV,1,0
2015-10-03,18184651,2015-10-03T08:08:51.48Z,SJI_1400,1,2
2015-10-03,18184653,2015-10-03T08:08:51.56Z,FUV,1,1
2015-10-03,18184655,2015-10-03T08:09:00.99Z,FUV,1,1
2015-10-03,18184656,2015-10-03T08:09:10.20Z,SJI_2796,1,2
2015-10-03,18184658,2015-10-03T08:09:10.27Z,FUV,1,5
2015-10-03,18184659,2015-10-03T08:09:19.67Z,SJI_1330,1,0
2015-10-03,18184661,2015-10-03T08:09:19.74Z,FUV,1,2
2015-10-03,18184662,2015-10-03T08:09:29.39Z,SJI_1400,1,0
2015-10-03,18184664,2015-10-03T08:09:29.46Z,FUV,1,1
2015-10-03,18184666,2015-10-03T08:09:38.90Z,FUV,1,2
2015-10-03,18184667,2015-10-03T08:09:48.12Z,SJI_2796,1,1
2015-10-03,18184669,2015-10-03T08:09:48.19Z,FUV,1,1
2015-10-03,18184670,2015-10-03T08:09:57.58Z,SJI_1330,1,2
2015-10-03,18184672,2015-10-03T08:09:57.65Z,FUV,1,9
2015-10-03,18184673,2015-10-03T08:10:07.30Z,SJI_1400,1,0
2015-10-03,18184675,2015-10-03T08:10:07.37Z,FUV,1,5
2015-10-03,18184677,2015-10-03T08:10:16.80Z,FUV,1,5
2015-10-03,18184678,2015-10-03T08:10:26.05Z,SJI_2796,1,0
2015-10-03,18184680,2015-10-03T08:10:26.12Z,FUV,1,9
2015-10-03,18184681,2015-10-03T08:10:35.48Z,SJI_1330,1,1
2015-10-03,18184683,2015-10-03T08:10:35.56Z,FUV,1,11
2015-10-03,18184684,2015-10-03T08:10:45.20Z,SJI_1400,1,1
2015-10-03,18184686,2015-10-03T08:10:45.27Z,FUV,1,10
2015-10-03,18184688,2015-10-03T08:10:54.71Z,FUV,1,6
2015-10-03,18184689,2015-10-03T08:11:03.95Z,SJI_2796,1,0
2015-10-03,18184691,2015-10-03T08:11:04.02Z,FUV,1,9
2015-10-03,18184692,2015-10-03T08:11:13.39Z,SJI_1330,1,3
2015-10-03,18184694,2015-10-03T08:11:13.46Z,FUV,1,17
2015-10-03,18184695,2015-10-03T08:11:23.11Z,SJI_1400,1,0
2015-10-03,18184697,2015-10-03T08:11:23.18Z,FUV,1,16
2015-10-03,18184699,2015-10-03T08:11:32.65Z,FUV,1,11
2015-10-03,18184700,2015-10-03T08:11:41.92Z,SJI_2796,1,3
2015-10-03,18184702,2015-10-03T08:11:41.99Z,FUV,1,12
2015-10-03,18184703,2015-10-03T08:11:51.55Z,SJI_1330,1,2
2015-10-03,18184705,2015-10-03T08:11:51.62Z,FUV,1,14
2015-10-03,18184706,2015-10-03T08:12:01.27Z,SJI_1400,1,1
2015-10-03,18184708,2015-10-03T08:12:01.34Z,FUV,1,19
2015-10-03,18184711,2015-10-03T08:12:10.76Z,FUV,1,10
2015-10-03,18184712,2015-10-03T08:12:20.27Z,SJI_2796,1,0
2015-10-03,18184714,2015-10-03T08:12:20.34Z,FUV,1,16
2015-10-03,18184715,2015-10-03T08:12:29.61Z,SJI_1330,1,2
2015-10-03,18184717,2015-10-03T08:12:29.68Z,FUV,1,15
2015-10-03,18184718,2015-10-03T08:12:39.23Z,SJI_1400,1,0
2015-10-03,18184720,2015-10-03T08:12:39.31Z,FUV,1,12
2015-10-03,18184722,2015-10-03T08:12:48.74Z,FUV,1,16
2015-10-03,18184723,2015-10-03T08:12:57.98Z,SJI_2796,1,2
2015-10-03,18184725,2015-10-03T08:12:58.06Z,FUV,1,12
2015-10-03,18184726,2015-10-03T08:13:07.42Z,SJI_1330,1,0
2015-10-03,18184728,2015-10-03T08:13:07.49Z,FUV,1,9
2015-10-03,18184729,2015-10-03T08:13:17.17Z,SJI_1400,1,1
2015-10-03,18184731,2015-10-03T08:13:17.24Z,FUV,1,15
2015-10-03,18184733,2015-10-03T08:13:26.65Z,FUV,1,10
2015-10-03,18184734,2015-10-03T08:13:35.89Z,SJI_2796,1,0
2015-10-03,18184736,2015-10-03T08:13:35.96Z,FUV,1,4
2015-10-03,18184737,2015-10-03T08:13:45.36Z,SJI_1330,1,1
2015-10-03,18184739,2015-10-03T08:13:45.43Z,FUV,1,4
2015-10-03,18184740,2015-10-03T08:13:55.08Z,SJI_1400,1,0
2015-10-03,18184742,2015-10-03T08:13:55.15Z,FUV,1,11
2015-10-03,18184744,2015-10-03T08:14:04.62Z,FUV,1,4
2015-10-03,18184745,2015-10-03T08:14:13.86Z,SJI_2796,1,1
2015-10-03,18184747,2015-10-03T08:14:13.93Z,FUV,1,9
2015-10-03,18184748,2015-10-03T08:14:23.27Z,SJI_1330,1,1
2015-10-03,18184750,2015-10-03T08:14:23.34Z,FUV,1,4
2015-10-03,18184751,2015-10-03T08:14:32.98Z,SJI_1400,1,0
2015-10-03,18184753,2015-10-03T08:14:33.06Z,FUV,1,2
2015-10-03,18184755,2015-10-03T08:14:42.50Z,FUV,1,3
2015-10-03,18184756,2015-10-03T08:14:51.70Z,SJI_2796,1,0
2015-10-03,18184758,2015-10-03T08:14:51.77Z,FUV,1,1
2015-10-03,18184759,2015-10-03T08:15:01.17Z,SJI_1330,1,1
2015-10-03,18184761,2015-10-03T08:15:01.24Z,FUV,1,2
2015-10-03,18184762,2015-10-03T08:15:10.89Z,SJI_1400,1,1
2015-10-03,18184764,2015-10-03T08:15:10.96Z,FUV,1,0
2015-10-03,18184766,2015-10-03T08:15:20.43Z,FUV,1,0
2015-10-03,18184767,2015-10-03T08:15:29.64Z,SJI_2796,1,1
2015-10-03,18184769,2015-10-03T08:15:29.71Z,FUV,1,1
2015-10-03,18184770,2015-10-03T08:15:39.24Z,SJI_1330,1,0
2015-10-03,18184772,2015-10-03T08:15:39.31Z,FUV,1,0
2015-10-03,18184773,2015-10-03T08:15:49.05Z,SJI_1400,1,0
2015-10-03,18184775,2015-10-03T08:15:49.12Z,FUV,1,0
2015-10-03,18184778,2015-10-03T08:15:58.57Z,FUV,1,0
2015-10-03,18184779,2015-10-03T08:16:08.02Z,SJI_2796,1,1
2015-10-03,18184781,2015-10-03T08:16:08.09Z,FUV,1,1
2015-10-03,18184782,2015-10-03T08:16:17.37Z,SJI_1330,1,1
2015-10-03,18184784,2015-10-03T08:16:17.44Z,FUV,1,1
2015-10-03,18184785,2015-10-03T08:16:27.02Z,SJI_1400,1,0
2015-10-03,18184787,2015-10-03T08:16:27.09Z,FUV,1,1
2015-10-03,18184789,2015-10-03T08:16:36.56Z,FUV,1,1
2015-10-03,18184790,2015-10-03T08:16:45.78Z,SJI_2796,1,0
2015-10-03,18184792,2015-10-03T08:16:45.85Z,FUV,1,1
2015-10-03,18184793,2015-10-03T08:16:55.20Z,SJI_1330,1,0
2015-10-03,18184795,2015-10-03T08:16:55.27Z,FUV,1,2
2015-10-03,18184796,2015-10-03T08:17:04.92Z,SJI_1400,1,0
2015-10-03,18184798,2015-10-03T08:17:04.99Z,FUV,1,0
2015-10-03,18184800,2015-10-03T08:17:14.42Z,FUV,1,0
2015-10-03,18184801,2015-10-03T08:17:23.67Z,SJI_2796,1,0
2015-10-03,18184803,2015-10-03T08:17:23.74Z,FUV,1,0
2015-10-03,18184804,2015-10-03T08:17:33.11Z,SJI_1330,1,1
2015-10-03,18184806,2015-10-03T08:17:33.18Z,FUV,1,0
2015-10-03,18184807,2015-10-03T08:17:42.83Z,SJI_1400,1,0
2015-10-03,18184809,2015-10-03T08:17:42.90Z,FUV,1,0
2015-10-03,18184811,2015-10-03T08:17:52.34Z,FUV,1,0
2015-10-03,18184812,2015-10-03T08:18:01.58Z,SJI_2796,1,0
2015-10-03,18184814,2015-10-03T08:18:01.65Z,FUV,1,0
2015-10-03,18184815,2015-10-03T08:18:11.02Z,SJI_1330,1,1
2015-10-03,18184817,2015-10-03T08:18:11.09Z,FUV,1,0
2015-10-03,18184818,2015-10-03T08:18:20.77Z,SJI_1400,1,0
2015-10-03,18184820,2015-10-03T08:18:20.84Z,FUV,1,0
2015-10-03,18184822,2015-10-03T08:18:30.33Z,FUV,1,1
2015-10-03,18184823,2015-10-03T08:18:39.57Z,SJI_2796,1,0
2015-10-03,18184825,2015-10-03T08:18:39.64Z,FUV,1,0
2015-10-03,18184826,2015-10-03T08:18:48.97Z,SJI_1330,1,0
2015-10-03,18184828,2015-10-03T08:18:49.04Z,FUV,1,1
2015-10-03,18184829,2015-10-03T08:18:58.67Z,SJI_1400,1,0
2015-10-03,18184831,2015-10-03T08:18:58.74Z,FUV,1,0
2015-10-03,18184833,2015-10-03T08:19:08.18Z,FUV,1,2
2015-10-03,18184834,2015-10-03T08:19:17.40Z,SJI_2796,1,0
2015-10-03,18184836,2015-10-03T08:19:17.47Z,FUV,1,0
2015-10-03,18184837,2015-10-03T08:19:26.97Z,SJI_1330,1,1
2015-10-03,18184839,2015-10-03T08:19:27.04Z,FUV,1,2
2015-10-03,18184840,2015-10-03T08:19:36.80Z,SJI_1400,1,0
2015-10-03,18184842,2015-10-03T08:19:36.87Z,FUV,1,0
2015-10-03,18184845,2015-10-03T08:19:46.34Z,FUV,1,0
2015-10-03,18184846,2015-10-03T08:19:55.80Z,SJI_2796,1,0
2015-10-03,18184848,2015-10-03T08:19:55.87Z,FUV,1,0
2015-10-03,18184849,2015-10-03T08:20:05.18Z,SJI_1330,1,0
2015-10-03,18184851,2015-10-03T08:20:05.25Z,FUV,1,0
2015-10-03,18184852,2015-10-03T08:20:14.80Z,SJI_1400,1,0
2015-10-03,18184854,2015-10-03T08:20:14.87Z,FUV,1,0
2015-10-03,18184856,2015-10-03T08:20:24.29Z,FUV,1,0
2015-10-03,18184857,2015-10-03T08:20:33.55Z,SJI_2796,1,0
2015-10-03,18184859,2015-10-03T08:20:33.62Z,FUV,1,0
2015-10-03,18184860,2015-10-03T08:20:42.98Z,SJI_1330,1,2
2015-10-03,18184862,2015-10-03T08:20:43.06Z,FUV,1,0
2015-10-03,18184863,2015-10-03T08:20:52.70Z,SJI_1400,1,0
2015-10-03,18184865,2015-10-03T08:20:52.77Z,FUV,1,0
2015-10-03,18184867,2015-10-03T08:21:02.21Z,FUV,0,0
2015-10-03,18184868,2015-10-03T08:21:11.46Z,SJI_2796,0,0
2015-10-03,18184870,2015-10-03T08:21:11.53Z,FUV,0,0
2015-10-03,18184871,2015-10-03T08:21:20.89Z,SJI_1330,0,0
2015-10-03,18184873,2015-10-03T08:21:20.96Z,FUV,0,0
2015-10-03,18184874,2015-10-03T08:21:30.61Z,SJI_1400,0,0
2015-10-03,18184876,2015-10-03T08:21:30.69Z,FUV,0,0
2015-10-03,18184878,2015-10-03T08:21:40.14Z,FUV,0,0
2015-10-03,18184879,2015-10-03T08:21:49.36Z,SJI_2796,0,0
2015-10-03,18184881,2015-10-03T08:21:49.43Z,FUV,0,0
2015-10-03,18184882,2015-10-03T08:21:58.80Z,SJI_1330,0,0
2015-10-03,18184884,2015-10-03T08:21:58.87Z,FUV,0,0
2015-10-03,18184885,2015-10-03T08:22:08.52Z,SJI_1400,0,0
2015-10-03,18184887,2015-10-03T08:22:08.59Z,FUV,0,0
2015-10-03,18184889,2015-10-03T08:22:18.05Z,FUV,0,0
2015-10-03,18184890,2015-10-03T08:22:27.28Z,SJI_2796,0,0
2015-10-03,18184892,2015-10-03T08:22:27.35Z,FUV,0,0
2015-10-03,18184893,2015-10-03T08:22:36.70Z,SJI_1330,0,0
2015-10-03,18184895,2015-10-03T08:22:36.77Z,FUV,0,0
2015-10-03,18184896,2015-10-03T08:22:46.42Z,SJI_1400,0,0
2015-10-03,18184898,2015-10-03T08:22:46.49Z,FUV,0,0
2015-10-03,18184900,2015-10-03T08:22:55.92Z,FUV,0,0
2015-10-03,18184901,2015-10-03T08:23:05.17Z,SJI_2796,0,0
2015-10-03,18184903,2015-10-03T08:23:05.24Z,FUV,0,0
2015-10-03,18184904,2015-10-03T08:23:14.76Z,SJI_1330,0,0
2015-10-03,18184906,2015-10-03T08:23:14.83Z,FUV,0,0
2015-10-03,18184907,2015-10-03T08:23:24.58Z,SJI_1400,0,0
2015-10-03,18184909,2015-10-03T08:23:24.65Z,FUV,0,0
2015-10-03,18184912,2015-10-03T08:23:34.13Z,FUV,0,0
2015-10-03,18184913,2015-10-03T08:23:43.58Z,SJI_2796,0,0
2015-10-03,18184915,2015-10-03T08:23:43.65Z,FUV,0,0
2015-10-03,18184916,2015-10-03T08:23:52.95Z,SJI_1330,0,0
2015-10-03,18184918,2015-10-03T08:23:53.02Z,FUV,0,0
2015-10-03,18184919,2015-10-03T08:24:02.58Z,SJI_1400,0,0
2015-10-03,18184921,2015-10-03T08:24:02.65Z,FUV,0,0
2015-10-03,18184923,2015-10-03T08:24:12.08Z,FUV,0,0
2015-10-03,18184924,2015-10-03T08:24:21.30Z,SJI_2796,0,0
2015-10-03,18184926,2015-10-03T08:24:21.37Z,FUV,0,0
2015-10-03,18184927,2015-10-03T08:24:30.77Z,SJI_1330,0,0
2015-10-03,18184929,2015-10-03T08:24:30.84Z,FUV,0,0
2015-10-03,18184930,2015-10-03T08:24:40.48Z,SJI_1400,0,0
2015-10-03,18184932,2015-10-03T08:24:40.56Z,FUV,0,0
2015-10-03,18184934,2015-10-03T08:24:50.02Z,FUV,0,0
2015-10-03,18184935,2015-10-03T08:24:59.24Z,SJI_2796,0,0
2015-10-03,18184937,2015-10-03T08:24:59.31Z,FUV,0,0
2015-10-03,18184938,2015-10-03T08:25:08.67Z,SJI_1330,0,0
2015-10-03,18184940,2015-10-03T08:25:08.74Z,FUV,0,0
2015-10-03,18184941,2015-10-03T08:25:18.39Z,SJI_1400,0,0
2015-10-03,18184943,2015-10-03T08:25:18.46Z,FUV,0,0
2015-10-03,18184945,2015-10-03T08:25:27.87Z,FUV,0,0
2015-10-03,18184946,2015-10-03T08:25:37.14Z,SJI_2796,0,0
2015-10-03,18184948,2015-10-03T08:25:37.21Z,FUV,0,0
2015-10-03,18184949,2015-10-03T08:25:46.58Z,SJI_1330,0,0
2015-10-03,18184951,2015-10-03T08:25:46.65Z,FUV,0,0
2015-10-03,18184952,2015-10-03T08:25:56.30Z,SJI_1400,0,0
2015-10-03,18184954,2015-10-03T08:25:56.37Z,FUV,0,0
2015-10-03,18184956,2015-10-03T08:26:05.86Z,FUV,0,0
2015-10-03,18184957,2015-10-03T08:26:15.12Z,SJI_2796,0,0
2015-10-03,18184959,2015-10-03T08:26:15.19Z,FUV,0,0
2015-10-03,18184960,2015-10-03T08:26:24.53Z,SJI_1330,0,0
2015-10-03,18184962,2015-10-03T08:26:24.60Z,FUV,0,0
2015-10-03,18184963,2015-10-03T08:26:34.20Z,SJI_1400,0,0
2015-10-03,18184965,2015-10-03T08:26:34.27Z,FUV,0,0
2015-10-03,18184967,2015-10-03T08:26:43.71Z,FUV,0,0
2015-10-03,18184968,2015-10-03T08:26:52.95Z,SJI_2796,0,0
2015-10-03,18184970,2015-10-03T08:26:53.02Z,FUV,0,0
2015-10-03,18184971,2015-10-03T08:27:02.52Z,SJI_1330,0,0
2015-10-03,18184973,2015-10-03T08:27:02.59Z,FUV,0,0
2015-10-03,18184974,2015-10-03T08:27:12.36Z,SJI_1400,0,0
2015-10-03,18184976,2015-10-03T08:27:12.43Z,FUV,0,0
2015-10-03,18184979,2015-10-03T08:27:21.90Z,FUV,0,0
2015-10-03,18184980,2015-10-03T08:27:31.36Z,SJI_2796,0,0
2015-10-03,18184982,2015-10-03T08:27:31.43Z,FUV,0,0
2015-10-03,18184983,2015-10-03T08:27:40.73Z,SJI_1330,0,0
2015-10-03,18184985,2015-10-03T08:27:40.81Z,FUV,0,0
2015-10-03,18184986,2015-10-03T08:27:50.33Z,SJI_1400,0,0
2015-10-03,18184988,2015-10-03T08:27:50.40Z,FUV,0,0
2015-10-03,18184990,2015-10-03T08:27:59.83Z,FUV,0,0
2015-10-03,18184991,2015-10-03T08:28:09.08Z,SJI_2796,0,0
2015-10-03,18184993,2015-10-03T08:28:09.15Z,FUV,0,0
2015-10-03,18184994,2015-10-03T08:28:18.52Z,SJI_1330,0,0
2015-10-03,18184996,2015-10-03T08:28:18.59Z,FUV,0,0
2015-10-03,18184997,2015-10-03T08:28:28.27Z,SJI_1400,0,0
2015-10-03,18184999,2015-10-03T08:28:28.34Z,FUV,0,0
2015-10-03,18185001,2015-10-03T08:28:37.78Z,FUV,0,0
2015-10-03,18185002,2015-10-03T08:28:47.02Z,SJI_2796,0,0
2015-10-03,18185004,2015-10-03T08:28:47.09Z,FUV,0,0
2015-10-03,18185005,2015-10-03T08:28:56.45Z,SJI_1330,0,0
2015-10-03,18185007,2015-10-03T08:28:56.52Z,FUV,0,0
2015-10-03,18185008,2015-10-03T08:29:06.17Z,SJI_1400,0,0
2015-10-03,18185010,2015-10-03T08:29:06.24Z,FUV,0,0
2015-10-03,18185012,2015-10-03T08:29:15.69Z,FUV,0,0
2015-10-03,18185013,2015-10-03T08:29:24.92Z,SJI_2796,0,0
2015-10-03,18185015,2015-10-03T08:29:24.99Z,FUV,0,0
2015-10-03,18185016,2015-10-03T08:29:34.36Z,SJI_1330,0,0
2015-10-03,18185018,2015-10-03T08:29:34.43Z,FUV,0,0
2015-10-03,18185019,2015-10-03T08:29:44.08Z,SJI_1400,0,0
2015-10-03,18185021,2015-10-03T08:29:44.15Z,FUV,0,0
2015-10-03,18185023,2015-10-03T08:29:53.59Z,FUV,0,0
2015-10-03,18185024,2015-10-03T08:30:02.80Z,SJI_2796,0,0
2015-10-03,18185026,2015-10-03T08:30:02.87Z,FUV,0,0
2015-10-03,18185027,2015-10-03T08:30:12.27Z,SJI_1330,0,0
2015-10-03,18185029,2015-10-03T08:30:12.34Z,FUV,0,0
2015-10-03,18185030,2015-10-03T08:30:21.99Z,SJI_1400,0,0
2015-10-03,18185032,2015-10-03T08:30:22.06Z,FUV,0,0
2015-10-03,18185034,2015-10-03T08:30:31.52Z,FUV,0,0
2015-10-03,18185035,2015-10-03T08:30:40.78Z,SJI_2796,0,0
2015-10-03,18185037,2015-10-03T08:30:40.85Z,FUV,0,0
2015-10-03,18185038,2015-10-03T08:30:50.42Z,SJI_1330,0,0
2015-10-03,18185040,2015-10-03T08:30:50.50Z,FUV,0,0
2015-10-03,18185041,2015-10-03T08:31:00.14Z,SJI_1400,0,0
2015-10-03,18185043,2015-10-03T08:31:00.21Z,FUV,0,0
2015-10-03,18185046,2015-10-03T08:31:09.64Z,FUV,0,0
2015-10-03,18185047,2015-10-03T08:31:19.11Z,SJI_2796,0,0
2015-10-03,18185049,2015-10-03T08:31:19.18Z,FUV,0,0
2015-10-03,18185050,2015-10-03T08:31:28.47Z,SJI_1330,0,0
2015-10-03,18185052,2015-10-03T08:31:28.54Z,FUV,0,0
2015-10-03,18185053,2015-10-03T08:31:38.11Z,SJI_1400,0,0
2015-10-03,18185055,2015-10-03T08:31:38.18Z,FUV,0,0
2015-10-03,18185057,2015-10-03T08:31:47.62Z,FUV,0,0
2015-10-03,18185058,2015-10-03T08:31:56.86Z,SJI_2796,0,0
2015-10-03,18185060,2015-10-03T08:31:56.93Z,FUV,0,0
2015-10-03,18185061,2015-10-03T08:32:06.30Z,SJI_1330,0,0
2015-10-03,18185063,2015-10-03T08:32:06.37Z,FUV,0,0
2015-10-03,18185064,2015-10-03T08:32:16.02Z,SJI_1400,0,0
2015-10-03,18185066,2015-10-03T08:32:16.09Z,FUV,0,0
2015-10-03,18185068,2015-10-03T08:32:25.55Z,FUV,0,0
2015-10-03,18185069,2015-10-03T08:32:34.79Z,SJI_2796,0,0
2015-10-03,18185071,2015-10-03T08:32:34.86Z,FUV,0,0
2015-10-03,18185072,2015-10-03T08:32:44.20Z,SJI_1330,0,0
2015-10-03,18185074,2015-10-03T08:32:44.27Z,FUV,0,0
2015-10-03,18185075,2015-10-03T08:32:53.92Z,SJI_1400,0,0
2015-10-03,18185077,2015-10-03T08:32:53.99Z,FUV,0,0
2015-10-03,18185079,2015-10-03T08:33:03.44Z,FUV,0,0
2015-10-03,18185080,2015-10-03T08:33:12.67Z,SJI_2796,0,0
2015-10-03,18185082,2015-10-03T08:33:12.74Z,FUV,0,0
2015-10-03,18185083,2015-10-03T08:33:22.11Z,SJI_1330,0,0
2015-10-03,18185085,2015-10-03T08:33:22.18Z,FUV,0,0
2015-10-03,18185086,2015-10-03T08:33:31.86Z,SJI_1400,0,0
2015-10-03,18185088,2015-10-03T08:33:31.93Z,FUV,0,0
2015-10-03,18185090,2015-10-03T08:33:41.42Z,FUV,0,0
2015-10-03,18185091,2015-10-03T08:33:50.66Z,SJI_2796,0,0
2015-10-03,18185093,2015-10-03T08:33:50.73Z,FUV,0,0
2015-10-03,18185094,2015-10-03T08:34:00.05Z,SJI_1330,0,0
2015-10-03,18185096,2015-10-03T08:34:00.12Z,FUV,0,0
2015-10-03,18185097,2015-10-03T08:34:09.77Z,SJI_1400,0,0
2015-10-03,18185099,2015-10-03T08:34:09.84Z,FUV,0,0
2015-10-03,18185101,2015-10-03T08:34:19.29Z,FUV,0,0
2015-10-03,18185102,2015-10-03T08:34:28.50Z,SJI_2796,0,0
2015-10-03,18185104,2015-10-03T08:34:28.57Z,FUV,0,0
2015-10-03,18185105,2015-10-03T08:34:38.07Z,SJI_1330,0,0
2015-10-03,18185107,2015-10-03T08:34:38.14Z,FUV,0,0
2015-10-03,18185108,2015-10-03T08:34:47.89Z,SJI_1400,0,0
2015-10-03,18185110,2015-10-03T08:34:47.96Z,FUV,0,0
2015-10-03,18185113,2015-10-03T08:34:57.44Z,FUV,0,0
2015-10-03,18185114,2015-10-03T08:35:06.89Z,SJI_2796,0,0
2015-10-03,18185116,2015-10-03T08:35:06.96Z,FUV,0,0
2015-10-03,18185117,2015-10-03T08:35:16.27Z,SJI_1330,0,0
2015-10-03,18185119,2015-10-03T08:35:16.34Z,FUV,0,0
2015-10-03,18185120,2015-10-03T08:35:25.89Z,SJI_1400,0,0
2015-10-03,18185122,2015-10-03T08:35:25.96Z,FUV,0,0
2015-10-03,18185124,2015-10-03T08:35:35.39Z,FUV,0,0
2015-10-03,18185125,2015-10-03T08:35:44.64Z,SJI_2796,0,0
2015-10-03,18185127,2015-10-03T08:35:44.71Z,FUV,0,0
2015-10-03,18185128,2015-10-03T08:35:54.08Z,SJI_1330,0,0
2015-10-03,18185130,2015-10-03T08:35:54.15Z,FUV,0,0
2015-10-03,18185131,2015-10-03T08:36:03.80Z,SJI_1400,0,0
2015-10-03,18185133,2015-10-03T08:36:03.87Z,FUV,0,0
2015-10-03,18185135,2015-10-03T08:36:13.34Z,FUV,0,0
2015-10-03,18185136,2015-10-03T08:36:22.56Z,SJI_2796,0,0
2015-10-03,18185138,2015-10-03T08:36:22.63Z,FUV,0,0
2015-10-03,18185139,2015-10-03T08:36:31.99Z,SJI_1330,0,0
2015-10-03,18185141,2015-10-03T08:36:32.06Z,FUV,0,0
2015-10-03,18185142,2015-10-03T08:36:41.70Z,SJI_1400,0,0
2015-10-03,18185144,2015-10-03T08:36:41.77Z,FUV,0,0
2015-10-03,18185146,2015-10-03T08:36:51.21Z,FUV,0,0
2015-10-03,18185147,2015-10-03T08:37:00.45Z,SJI_2796,0,0
2015-10-03,18185149,2015-10-03T08:37:00.52Z,FUV,0,0
2015-10-03,18185150,2015-10-03T08:37:09.89Z,SJI_1330,0,0
2015-10-03,18185152,2015-10-03T08:37:09.96Z,FUV,0,0
2015-10-03,18185153,2015-10-03T08:37:19.61Z,SJI_1400,0,0
2015-10-03,18185155,2015-10-03T08:37:19.68Z,FUV,0,0
2015-10-03,18185157,2015-10-03T08:37:29.12Z,FUV,0,0
2015-10-03,18185158,2015-10-03T08:37:38.37Z,SJI_2796,0,0
2015-10-03,18185160,2015-10-03T08:37:38.44Z,FUV,0,0
2015-10-03,18185161,2015-10-03T08:37:47.80Z,SJI_1330,0,0
2015-10-03,18185163,2015-10-03T08:37:47.87Z,FUV,0,0
2015-10-03,18185164,2015-10-03T08:37:57.52Z,SJI_1400,0,0
2015-10-03,18185166,2015-10-03T08:37:57.59Z,FUV,0,0
2015-10-03,18185168,2015-10-03T08:38:07.00Z,FUV,0,0
2015-10-03,18185169,2015-10-03T08:38:16.27Z,SJI_2796,0,0
2015-10-03,18185171,2015-10-03T08:38:16.34Z,FUV,0,0
2015-10-03,18185172,2015-10-03T08:38:25.84Z,SJI_1330,0,0
2015-10-03,18185174,2015-10-03T08:38:25.91Z,FUV,0,0
2015-10-03,18185175,2015-10-03T08:38:35.67Z,SJI_1400,0,0
2015-10-03,18185177,2015-10-03T08:38:35.74Z,FUV,0,0
2015-10-03,18185180,2015-10-03T08:38:45.21Z,FUV,0,0
2015-10-03,18185181,2015-10-03T08:38:54.67Z,SJI_2796,0,0
2015-10-03,18185183,2015-10-03T08:38:54.74Z,FUV,0,0
2015-10-03,18185184,2015-10-03T08:39:04.03Z,SJI_1330,0,0
2015-10-03,18185186,2015-10-03T08:39:04.10Z,FUV,0,0
2015-10-03,18185187,2015-10-03T08:39:13.67Z,SJI_1400,0,0
2015-10-03,18185189,2015-10-03T08:39:13.74Z,FUV,0,0
2015-10-03,18185191,2015-10-03T08:39:23.17Z,FUV,0,0
2015-10-03,18185192,2015-10-03T08:39:32.39Z,SJI_2796,0,0
2015-10-03,18185194,2015-10-03T08:39:32.46Z,FUV,0,0
2015-10-03,18185195,2015-10-03T08:39:41.86Z,SJI_1330,0,0
2015-10-03,18185197,2015-10-03T08:39:41.93Z,FUV,0,0
2015-10-03,18185198,2015-10-03T08:39:51.58Z,SJI_1400,0,0
2015-10-03,18185200,2015-10-03T08:39:51.65Z,FUV,0,0
2015-10-03,18185202,2015-10-03T08:40:01.11Z,FUV,0,0
2015-10-03,18185203,2015-10-03T08:40:10.34Z,SJI_2796,0,0
2015-10-03,18185205,2015-10-03T08:40:10.41Z,FUV,0,0
2015-10-03,18185206,2015-10-03T08:40:19.77Z,SJI_1330,0,0
2015-10-03,18185208,2015-10-03T08:40:19.84Z,FUV,0,0
2015-10-03,18185209,2015-10-03T08:40:29.48Z,SJI_1400,0,0
2015-10-03,18185211,2015-10-03T08:40:29.56Z,FUV,0,0
2015-10-03,18185213,2015-10-03T08:40:39.00Z,FUV,0,0
2015-10-03,18185214,2015-10-03T08:40:48.26Z,SJI_2796,0,0
2015-10-03,18185216,2015-10-03T08:40:48.33Z,FUV,0,0
2015-10-03,18185217,2015-10-03T08:40:57.67Z,SJI_1330,0,0
2015-10-03,18185219,2015-10-03T08:40:57.74Z,FUV,0,0
2015-10-03,18185220,2015-10-03T08:41:07.39Z,SJI_1400,0,0
2015-10-03,18185222,2015-10-03T08:41:07.46Z,FUV,0,0
2015-10-03,18185224,2015-10-03T08:41:16.90Z,FUV,0,0
2015-10-03,18185225,2015-10-03T08:41:26.14Z,SJI_2796,0,0
2015-10-03,18185227,2015-10-03T08:41:26.21Z,FUV,0,0
2015-10-03,18185228,2015-10-03T08:41:35.58Z,SJI_1330,0,0
2015-10-03,18185230,2015-10-03T08:41:35.65Z,FUV,0,0
2015-10-03,18185231,2015-10-03T08:41:45.30Z,SJI_1400,0,0
2015-10-03,18185233,2015-10-03T08:41:45.37Z,FUV,0,0
2015-10-03,18185235,2015-10-03T08:41:54.79Z,FUV,0,0
2015-10-03,18185236,2015-10-03T08:42:04.05Z,SJI_2796,0,0
2015-10-03,18185238,2015-10-03T08:42:04.12Z,FUV,0,0
2015-10-03,18185239,2015-10-03T08:42:13.62Z,SJI_1330,0,0
2015-10-03,18185241,2015-10-03T08:42:13.69Z,FUV,0,0
2015-10-03,18185242,2015-10-03T08:42:23.45Z,SJI_1400,0,0
2015-10-03,18185244,2015-10-03T08:42:23.52Z,FUV,0,0
2015-10-03,18185247,2015-10-03T08:42:33.05Z,FUV,0,0
2015-10-03,18185248,2015-10-03T08:42:42.45Z,SJI_2796,0,0
2015-10-03,18185250,2015-10-03T08:42:42.52Z,FUV,0,0
2015-10-03,18185251,2015-10-03T08:42:51.86Z,SJI_1330,0,0
2015-10-03,18185253,2015-10-03T08:42:51.93Z,FUV,0,0
2015-10-03,18185254,2015-10-03T08:43:01.42Z,SJI_1400,0,0
2015-10-03,18185256,2015-10-03T08:43:01.49Z,FUV,0,0
2015-10-03,18185258,2015-10-03T08:43:10.94Z,FUV,0,0
2015-10-03,18185259,2015-10-03T08:43:20.17Z,SJI_2796,0,0
2015-10-03,18185261,2015-10-03T08:43:20.24Z,FUV,0,0
2015-10-03,18185262,2015-10-03T08:43:29.61Z,SJI_1330,0,0
2015-10-03,18185264,2015-10-03T08:43:29.68Z,FUV,0,0
2015-10-03,18185265,2015-10-03T08:43:39.36Z,SJI_1400,0,0
2015-10-03,18185267,2015-10-03T08:43:39.43Z,FUV,0,0
2015-10-03,18185269,2015-10-03T08:43:48.87Z,FUV,0,0
2015-10-03,18185270,2015-10-03T08:43:58.11Z,SJI_2796,0,0
2015-10-03,18185272,2015-10-03T08:43:58.18Z,FUV,0,0
2015-10-03,18185273,2015-10-03T08:44:07.55Z,SJI_1330,0,0
2015-10-03,18185275,2015-10-03T08:44:07.62Z,FUV,0,0
2015-10-03,18185276,2015-10-03T08:44:17.27Z,SJI_1400,0,0
2015-10-03,18185278,2015-10-03T08:44:17.34Z,FUV,0,0
2015-10-03,18185280,2015-10-03T08:44:26.78Z,FUV,0,0
2015-10-03,18185281,2015-10-03T08:44:36.00Z,SJI_2796,0,0
2015-10-03,18185283,2015-10-03T08:44:36.07Z,FUV,0,0
2015-10-03,18185284,2015-10-03T08:44:45.45Z,SJI_1330,0,0
2015-10-03,18185286,2015-10-03T08:44:45.53Z,FUV,0,0
2015-10-03,18185287,2015-10-03T08:44:55.17Z,SJI_1400,0,0
2015-10-03,18185289,2015-10-03T08:44:55.24Z,FUV,0,0
2015-10-03,18185291,2015-10-03T08:45:04.69Z,FUV,0,0
2015-10-03,18185292,2015-10-03T08:45:13.92Z,SJI_2796,0,0
2015-10-03,18185294,2015-10-03T08:45:13.99Z,FUV,0,0
2015-10-03,18185295,2015-10-03T08:45:23.36Z,SJI_1330,0,0
2015-10-03,18185297,2015-10-03T08:45:23.43Z,FUV,0,0
2015-10-03,18185298,2015-10-03T08:45:33.08Z,SJI_1400,0,0
2015-10-03,18185300,2015-10-03T08:45:33.15Z,FUV,0,0
2015-10-03,18185302,2015-10-03T08:45:42.59Z,FUV,0,0
2015-10-03,18185303,2015-10-03T08:45:51.83Z,SJI_2796,0,0
2015-10-03,18185305,2015-10-03T08:45:51.90Z,FUV,0,0
2015-10-03,18185306,2015-10-03T08:46:01.43Z,SJI_1330,0,0
2015-10-03,18185308,2015-10-03T08:46:01.50Z,FUV,0,0
2015-10-03,18185309,2015-10-03T08:46:11.23Z,SJI_1400,0,0
2015-10-03,18185311,2015-10-03T08:46:11.31Z,FUV,0,0
2015-10-03,18185314,2015-10-03T08:46:20.74Z,FUV,0,0
2015-10-03,18185315,2015-10-03T08:46:30.20Z,SJI_2796,0,0
2015-10-03,18185317,2015-10-03T08:46:30.27Z,FUV,0,0
2015-10-03,18185318,2015-10-03T08:46:39.57Z,SJI_1330,0,0
2015-10-03,18185320,2015-10-03T08:46:39.64Z,FUV,0,0
2015-10-03,18185321,2015-10-03T08:46:49.20Z,SJI_1400,0,0
2015-10-03,18185323,2015-10-03T08:46:49.27Z,FUV,0,0
2015-10-03,18185325,2015-10-03T08:46:58.69Z,FUV,0,0
2015-10-03,18185326,2015-10-03T08:47:07.95Z,SJI_2796,0,0
2015-10-03,18185328,2015-10-03T08:47:08.02Z,FUV,0,0
2015-10-03,18185329,2015-10-03T08:47:17.39Z,SJI_1330,0,0
2015-10-03,18185331,2015-10-03T08:47:17.46Z,FUV,0,0
2015-10-03,18185332,2015-10-03T08:47:27.11Z,SJI_1400,0,0
2015-10-03,18185334,2015-10-03T08:47:27.18Z,FUV,0,0
2015-10-03,18185336,2015-10-03T08:47:36.62Z,FUV,0,0
2015-10-03,18185337,2015-10-03T08:47:45.86Z,SJI_2796,0,0
2015-10-03,18185339,2015-10-03T08:47:45.93Z,FUV,0,0
2015-10-03,18185340,2015-10-03T08:47:55.30Z,SJI_1330,0,0
2015-10-03,18185342,2015-10-03T08:47:55.37Z,FUV,0,0
2015-10-03,18185343,2015-10-03T08:48:05.02Z,SJI_1400,0,0
2015-10-03,18185345,2015-10-03T08:48:05.09Z,FUV,0,0
2015-10-03,18185347,2015-10-03T08:48:14.55Z,FUV,0,0
2015-10-03,18185348,2015-10-03T08:48:23.78Z,SJI_2796,0,0
2015-10-03,18185350,2015-10-03T08:48:23.85Z,FUV,0,0
2015-10-03,18185351,2015-10-03T08:48:33.20Z,SJI_1330,0,0
2015-10-03,18185353,2015-10-03T08:48:33.27Z,FUV,0,0
2015-10-03,18185354,2015-10-03T08:48:42.95Z,SJI_1400,0,0
2015-10-03,18185356,2015-10-03T08:48:43.02Z,FUV,0,0
2015-10-03,18185358,2015-10-03T08:48:52.44Z,FUV,0,0
2015-10-03,18185359,2015-10-03T08:49:01.67Z,SJI_2796,0,0
2015-10-03,18185361,2015-10-03T08:49:01.74Z,FUV,0,0
2015-10-03,18185362,2015-10-03T08:49:11.14Z,SJI_1330,0,0
2015-10-03,18185364,2015-10-03T08:49:11.21Z,FUV,0,0
2015-10-03,18185365,2015-10-03T08:49:20.86Z,SJI_1400,0,0
2015-10-03,18185367,2015-10-03T08:49:20.93Z,FUV,0,0
2015-10-03,18185369,2015-10-03T08:49:30.39Z,FUV,0,0
2015-10-03,18185370,2015-10-03T08:49:39.65Z,SJI_2796,0,0
2015-10-03,18185372,2015-10-03T08:49:39.72Z,FUV,0,0
2015-10-03,18185373,2015-10-03T08:49:49.30Z,SJI_1330,0,0
2015-10-03,18185375,2015-10-03T08:49:49.37Z,FUV,0,0
2015-10-03,18185376,2015-10-03T08:49:58.98Z,SJI_1400,0,0
2015-10-03,18185378,2015-10-03T08:49:59.06Z,FUV,0,0
2015-10-03,18185381,2015-10-03T08:50:08.50Z,FUV,0,0
2015-10-03,18185382,2015-10-03T08:50:17.98Z,SJI_2796,0,0
2015-10-03,18185384,2015-10-03T08:50:18.06Z,FUV,0,0
2015-10-03,18185385,2015-10-03T08:50:27.34Z,SJI_1330,0,0
2015-10-03,18185387,2015-10-03T08:50:27.41Z,FUV,0,0
2015-10-03,18185388,2015-10-03T08:50:36.99Z,SJI_1400,0,0
2015-10-03,18185390,2015-10-03T08:50:37.06Z,FUV,0,0
2015-10-03,18185392,2015-10-03T08:50:46.48Z,FUV,0,0
2015-10-03,18185393,2015-10-03T08:50:55.73Z,SJI_2796,0,0
2015-10-03,18185395,2015-10-03T08:50:55.81Z,FUV,0,0
2015-10-03,18185396,2015-10-03T08:51:05.17Z,SJI_1330,0,0
2015-10-03,18185398,2015-10-03T08:51:05.24Z,FUV,0,0
2015-10-03,18185399,2015-10-03T08:51:14.89Z,SJI_1400,0,0
2015-10-03,18185401,2015-10-03T08:51:14.96Z,FUV,0,0
2015-10-03,18185403,2015-10-03T08:51:24.38Z,FUV,0,0
2015-10-03,18185404,2015-10-03T08:51:33.64Z,SJI_2796,0,0
2015-10-03,18185406,2015-10-03T08:51:33.71Z,FUV,0,0
2015-10-03,18185407,2015-10-03T08:51:43.08Z,SJI_1330,0,0
2015-10-03,18185409,2015-10-03T08:51:43.15Z,FUV,0,0
2015-10-03,18185410,2015-10-03T08:51:52.80Z,SJI_1400,0,0
2015-10-03,18185412,2015-10-03T08:51:52.87Z,FUV,0,0
2015-10-03,18185414,2015-10-03T08:52:02.30Z,FUV,0,0
2015-10-03,18185415,2015-10-03T08:52:11.57Z,SJI_2796,0,0
2015-10-03,18185417,2015-10-03T08:52:11.64Z,FUV,0,0
2015-10-03,18185418,2015-10-03T08:52:20.99Z,SJI_1330,0,0
2015-10-03,18185420,2015-10-03T08:52:21.06Z,FUV,0,0
2015-10-03,18185421,2015-10-03T08:52:30.70Z,SJI_1400,0,0
2015-10-03,18185423,2015-10-03T08:52:30.77Z,FUV,0,0
2015-10-03,18185425,2015-10-03T08:52:40.22Z,FUV,0,0
2015-10-03,18185426,2015-10-03T08:52:49.45Z,SJI_2796,0,0
2015-10-03,18185428,2015-10-03T08:52:49.53Z,FUV,0,0
2015-10-03,18185429,2015-10-03T08:52:58.92Z,SJI_1330,0,0
2015-10-03,18185431,2015-10-03T08:52:58.99Z,FUV,0,0
2015-10-03,18185432,2015-10-03T08:53:08.61Z,SJI_1400,0,0
2015-10-03,18185434,2015-10-03T08:53:08.68Z,FUV,0,0
2015-10-03,18185436,2015-10-03T08:53:18.13Z,FUV,0,0
2015-10-03,18185437,2015-10-03T08:53:27.37Z,SJI_2796,0,0
2015-10-03,18185439,2015-10-03T08:53:27.44Z,FUV,0,0
2015-10-03,18185440,2015-10-03T08:53:36.98Z,SJI_1330,0,0
2015-10-03,18185442,2015-10-03T08:53:37.05Z,FUV,0,0
2015-10-03,18185443,2015-10-03T08:53:46.77Z,SJI_1400,0,0
2015-10-03,18185445,2015-10-03T08:53:46.84Z,FUV,0,0
2015-10-03,18185448,2015-10-03T08:53:56.26Z,FUV,0,0
2015-10-03,18185449,2015-10-03T08:54:05.77Z,SJI_2796,0,0
2015-10-03,18185451,2015-10-03T08:54:05.84Z,FUV,0,0
2015-10-03,18185452,2015-10-03T08:54:15.10Z,SJI_1330,0,0
2015-10-03,18185454,2015-10-03T08:54:15.17Z,FUV,0,0
2015-10-03,18185455,2015-10-03T08:54:24.77Z,SJI_1400,0,0
2015-10-03,18185457,2015-10-03T08:54:24.84Z,FUV,0,0
2015-10-03,18185459,2015-10-03T08:54:34.28Z,FUV,0,0
2015-10-03,18185460,2015-10-03T08:54:43.52Z,SJI_2796,0,0
2015-10-03,18185462,2015-10-03T08:54:43.59Z,FUV,0,0
2015-10-03,18185463,2015-10-03T08:54:52.95Z,SJI_1330,0,0
2015-10-03,18185465,2015-10-03T08:54:53.02Z,FUV,0,0
2015-10-03,18185466,2015-10-03T08:55:02.67Z,SJI_1400,0,0
2015-10-03,18185468,2015-10-03T08:55:02.74Z,FUV,0,0
2015-10-03,18185470,2015-10-03T08:55:12.19Z,FUV,0,0
2015-10-03,18185471,2015-10-03T08:55:21.45Z,SJI_2796,0,0
2015-10-03,18185473,2015-10-03T08:55:21.52Z,FUV,0,0
2015-10-03,18185474,2015-10-03T08:55:30.87Z,SJI_1330,0,0
2015-10-03,18185476,2015-10-03T08:55:30.94Z,FUV,0,0
2015-10-03,18185477,2015-10-03T08:55:40.58Z,SJI_1400,0,0
2015-10-03,18185479,2015-10-03T08:55:40.65Z,FUV,0,0
2015-10-03,18185481,2015-10-03T08:55:50.09Z,FUV,0,0
2015-10-03,18185482,2015-10-03T08:55:59.33Z,SJI_2796,0,0
2015-10-03,18185484,2015-10-03T08:55:59.40Z,FUV,0,0
2015-10-03,18185485,2015-10-03T08:56:08.77Z,SJI_1330,0,0
2015-10-03,18185487,2015-10-03T08:56:08.84Z,FUV,0,0
2015-10-03,18185488,2015-10-03T08:56:18.48Z,SJI_1400,0,0
2015-10-03,18185490,2015-10-03T08:56:18.56Z,FUV,0,0
2015-10-03,18185492,2015-10-03T08:56:28.00Z,FUV,0,0
2015-10-03,18185493,2015-10-03T08:56:37.26Z,SJI_2796,0,0
2015-10-03,18185495,2015-10-03T08:56:37.33Z,FUV,0,0
2015-10-03,18185496,2015-10-03T08:56:46.67Z,SJI_1330,0,0
2015-10-03,18185498,2015-10-03T08:56:46.74Z,FUV,0,0
2015-10-03,18185499,2015-10-03T08:56:56.39Z,SJI_1400,0,0
2015-10-03,18185501,2015-10-03T08:56:56.46Z,FUV,0,0
2015-10-03,18185503,2015-10-03T08:57:05.90Z,FUV,0,0
2015-10-03,18185504,2015-10-03T08:57:15.14Z,SJI_2796,0,0
2015-10-03,18185506,2015-10-03T08:57:15.21Z,FUV,0,0
2015-10-03,18185507,2015-10-03T08:57:24.73Z,SJI_1330,0,0
2015-10-03,18185509,2015-10-03T08:57:24.80Z,FUV,0,0
2015-10-03,18185510,2015-10-03T08:57:34.55Z,SJI_1400,0,0
2015-10-03,18185512,2015-10-03T08:57:34.62Z,FUV,0,0
2015-10-03,18185515,2015-10-03T08:57:44.07Z,FUV,0,0
2015-10-03,18185516,2015-10-03T08:57:53.55Z,SJI_2796,0,0
2015-10-03,18185518,2015-10-03T08:57:53.62Z,FUV,0,0
2015-10-03,18185519,2015-10-03T08:58:02.91Z,SJI_1330,0,0
2015-10-03,18185521,2015-10-03T08:58:02.98Z,FUV,0,0
2015-10-03,18185522,2015-10-03T08:58:12.52Z,SJI_1400,0,0
2015-10-03,18185524,2015-10-03T08:58:12.59Z,FUV,0,0
2015-10-03,18185526,2015-10-03T08:58:22.05Z,FUV,0,0
2015-10-03,18185527,2015-10-03T08:58:31.27Z,SJI_2796,0,0
2015-10-03,18185529,2015-10-03T08:58:31.34Z,FUV,0,0
2015-10-03,18185530,2015-10-03T08:58:40.70Z,SJI_1330,0,0
2015-10-03,18185532,2015-10-03T08:58:40.77Z,FUV,0,0
2015-10-03,18185533,2015-10-03T08:58:50.45Z,SJI_1400,0,0
2015-10-03,18185535,2015-10-03T08:58:50.52Z,FUV,0,0
2015-10-03,18185537,2015-10-03T08:58:59.97Z,FUV,0,0
2015-10-03,18185538,2015-10-03T08:59:09.20Z,SJI_2796,0,0
2015-10-03,18185540,2015-10-03T08:59:09.27Z,FUV,0,0
2015-10-03,18185541,2015-10-03T08:59:18.64Z,SJI_1330,0,0
2015-10-03,18185543,2015-10-03T08:59:18.71Z,FUV,0,0
2015-10-03,18185544,2015-10-03T08:59:28.36Z,SJI_1400,0,0
2015-10-03,18185546,2015-10-03T08:59:28.43Z,FUV,0,0
2015-10-03,18185548,2015-10-03T08:59:37.87Z,FUV,0,0
2015-10-03,18185549,2015-10-03T08:59:47.08Z,SJI_2796,0,0
2015-10-03,18185551,2015-10-03T08:59:47.15Z,FUV,0,0
2015-10-03,18185552,2015-10-03T08:59:56.55Z,SJI_1330,0,0
2015-10-03,18185554,2015-10-03T08:59:56.62Z,FUV,0,0
2015-10-03,18185555,2015-10-03T09:00:06.27Z,SJI_1400,0,0
2015-10-03,18185557,2015-10-03T09:00:06.34Z,FUV,0,0
2015-10-03,18185559,2015-10-03T09:00:15.78Z,FUV,0,0
2015-10-03,18185560,2015-10-03T09:00:25.02Z,SJI_2796,0,0
2015-10-03,18185562,2015-10-03T09:00:25.09Z,FUV,0,0
2015-10-03,18185563,2015-10-03T09:00:34.45Z,SJI_1330,0,0
2015-10-03,18185565,2015-10-03T09:00:34.52Z,FUV,0,0
2015-10-03,18185566,2015-10-03T09:00:44.17Z,SJI_1400,0,0
2015-10-03,18185568,2015-10-03T09:00:44.24Z,FUV,0,0
2015-10-03,18185570,2015-10-03T09:00:53.69Z,FUV,0,0
2015-10-03,18185571,2015-10-03T09:01:02.92Z,SJI_2796,0,0
2015-10-03,18185573,2015-10-03T09:01:02.99Z,FUV,0,0
2015-10-03,18185574,2015-10-03T09:01:12.51Z,SJI_1330,0,0
2015-10-03,18185576,2015-10-03T09:01:12.58Z,FUV,0,0
2015-10-03,18185577,2015-10-03T09:01:22.33Z,SJI_1400,0,0
2015-10-03,18185579,2015-10-03T09:01:22.40Z,FUV,0,0
2015-10-03,18185582,2015-10-03T09:01:31.87Z,FUV,0,0
2015-10-03,18185583,2015-10-03T09:01:41.30Z,SJI_2796,0,0
2015-10-03,18185585,2015-10-03T09:01:41.37Z,FUV,0,0
2015-10-03,18185586,2015-10-03T09:01:50.69Z,SJI_1330,0,0
2015-10-03,18185588,2015-10-03T09:01:50.76Z,FUV,0,0
2015-10-03,18185589,2015-10-03T09:02:00.30Z,SJI_1400,0,0
2015-10-03,18185591,2015-10-03T09:02:00.37Z,FUV,0,0
2015-10-03,18185593,2015-10-03T09:02:09.83Z,FUV,0,0
2015-10-03,18185594,2015-10-03T09:02:19.05Z,SJI_2796,0,0
2015-10-03,18185596,2015-10-03T09:02:19.12Z,FUV,0,0
2015-10-03,18185597,2015-10-03T09:02:28.48Z,SJI_1330,0,0
2015-10-03,18185599,2015-10-03T09:02:28.56Z,FUV,0,0
2015-10-03,18185600,2015-10-03T09:02:38.20Z,SJI_1400,0,0
2015-10-03,18185602,2015-10-03T09:02:38.27Z,FUV,0,0
2015-10-03,18185604,2015-10-03T09:02:47.72Z,FUV,0,0
2015-10-03,18185605,2015-10-03T09:02:56.95Z,SJI_2796,0,0
2015-10-03,18185607,2015-10-03T09:02:57.03Z,FUV,0,0
2015-10-03,18185608,2015-10-03T09:03:06.42Z,SJI_1330,0,0
2015-10-03,18185610,2015-10-03T09:03:06.49Z,FUV,0,0
2015-10-03,18185611,2015-10-03T09:03:16.11Z,SJI_1400,0,0
2015-10-03,18185613,2015-10-03T09:03:16.18Z,FUV,0,0
2015-10-03,18185615,2015-10-03T09:03:25.63Z,FUV,0,0
2015-10-03,18185616,2015-10-03T09:03:34.87Z,SJI_2796,0,0
2015-10-03,18185618,2015-10-03T09:03:34.94Z,FUV,0,0
2015-10-03,18185619,2015-10-03T09:03:44.30Z,SJI_1330,0,0
2015-10-03,18185621,2015-10-03T09:03:44.37Z,FUV,0,0
2015-10-03,18185622,2015-10-03T09:03:54.05Z,SJI_1400,0,0
2015-10-03,18185624,2015-10-03T09:03:54.12Z,FUV,0,0
2015-10-03,18185626,2015-10-03T09:04:03.59Z,FUV,0,0
2015-10-03,18185627,2015-10-03T09:04:12.83Z,SJI_2796,0,0
2015-10-03,18185629,2015-10-03T09:04:12.90Z,FUV,0,0
2015-10-03,18185630,2015-10-03T09:04:22.24Z,SJI_1330,0,0
2015-10-03,18185632,2015-10-03T09:04:22.31Z,FUV,0,0
2015-10-03,18185633,2015-10-03T09:04:31.95Z,SJI_1400,0,0
2015-10-03,18185635,2015-10-03T09:04:32.02Z,FUV,0,0
2015-10-03,18185637,2015-10-03T09:04:41.47Z,FUV,0,0
2015-10-03,18185638,2015-10-03T09:04:50.67Z,SJI_2796,0,0
2015-10-03,18185640,2015-10-03T09:04:50.74Z,FUV,0,0
2015-10-03,18185641,2015-10-03T09:05:00.23Z,SJI_1330,0,0
2015-10-03,18185643,2015-10-03T09:05:00.31Z,FUV,0,0
2015-10-03,18185644,2015-10-03T09:05:10.08Z,SJI_1400,0,0
2015-10-03,18185646,2015-10-03T09:05:10.15Z,FUV,0,0
2015-10-03,18185649,2015-10-03T09:05:19.63Z,FUV,0,0
2015-10-03,18185650,2015-10-03T09:05:29.08Z,SJI_2796,0,0
2015-10-03,18185652,2015-10-03T09:05:29.15Z,FUV,0,0
2015-10-03,18185653,2015-10-03T09:05:38.44Z,SJI_1330,0,0
2015-10-03,18185655,2015-10-03T09:05:38.52Z,FUV,0,0
2015-10-03,18185656,2015-10-03T09:05:48.08Z,SJI_1400,0,0
2015-10-03,18185658,2015-10-03T09:05:48.15Z,FUV,0,0
2015-10-03,18185660,2015-10-03T09:05:57.59Z,FUV,0,0
2015-10-03,18185661,2015-10-03T09:06:06.83Z,SJI_2796,0,0
2015-10-03,18185663,2015-10-03T09:06:06.90Z,FUV,0,0
2015-10-03,18185664,2015-10-03T09:06:16.27Z,SJI_1330,0,0
2015-10-03,18185666,2015-10-03T09:06:16.34Z,FUV,0,0
2015-10-03,18185667,2015-10-03T09:06:25.98Z,SJI_1400,0,0
2015-10-03,18185669,2015-10-03T09:06:26.06Z,FUV,0,0
2015-10-03,18185671,2015-10-03T09:06:35.51Z,FUV,0,0
2015-10-03,18185672,2015-10-03T09:06:44.73Z,SJI_2796,0,0
2015-10-03,18185674,2015-10-03T09:06:44.81Z,FUV,0,0
2015-10-03,18185675,2015-10-03T09:06:54.17Z,SJI_1330,0,0
2015-10-03,18185677,2015-10-03T09:06:54.24Z,FUV,0,0
2015-10-03,18185678,2015-10-03T09:07:03.89Z,SJI_1400,0,0
2015-10-03,18185680,2015-10-03T09:07:03.96Z,FUV,0,0
2015-10-03,18185682,2015-10-03T09:07:13.42Z,FUV,0,0
2015-10-03,18185683,2015-10-03T09:07:22.66Z,SJI_2796,0,0
2015-10-03,18185685,2015-10-03T09:07:22.73Z,FUV,0,0
2015-10-03,18185686,2015-10-03T09:07:32.08Z,SJI_1330,0,0
2015-10-03,18185688,2015-10-03T09:07:32.15Z,FUV,0,0
2015-10-03,18185689,2015-10-03T09:07:41.80Z,SJI_1400,0,0
2015-10-03,18185691,2015-10-03T09:07:41.87Z,FUV,0,0
2015-10-03,18185693,2015-10-03T09:07:51.31Z,FUV,0,0
2015-10-03,18185694,2015-10-03T09:08:00.55Z,SJI_2796,0,0
2015-10-03,18185696,2015-10-03T09:08:00.62Z,FUV,0,0
2015-10-03,18185697,2015-10-03T09:08:09.98Z,SJI_1330,0,0
2015-10-03,18185699,2015-10-03T09:08:10.06Z,FUV,0,0
2015-10-03,18185700,2015-10-03T09:08:19.70Z,SJI_1400,0,0
2015-10-03,18185702,2015-10-03T09:08:19.77Z,FUV,0,0
2015-10-03,18185704,2015-10-03T09:08:29.21Z,FUV,0,0
2015-10-03,18185705,2015-10-03T09:08:38.45Z,SJI_2796,0,0
2015-10-03,18185707,2015-10-03T09:08:38.53Z,FUV,0,0
2015-10-03,18185708,2015-10-03T09:08:48.05Z,SJI_1330,0,0
2015-10-03,18185710,2015-10-03T09:08:48.12Z,FUV,0,0
2015-10-03,18185711,2015-10-03T09:08:57.86Z,SJI_1400,0,0
2015-10-03,18185713,2015-10-03T09:08:57.93Z,FUV,0,0
2015-10-03,18185716,2015-10-03T09:09:07.45Z,FUV,0,0
2015-10-03,18185717,2015-10-03T09:09:16.86Z,SJI_2796,0,0
2015-10-03,18185719,2015-10-03T09:09:16.93Z,FUV,0,0
2015-10-03,18185720,2015-10-03T09:09:26.26Z,SJI_1330,0,0
2015-10-03,18185722,2015-10-03T09:09:26.33Z,FUV,0,0
2015-10-03,18185723,2015-10-03T09:09:35.86Z,SJI_1400,0,0
2015-10-03,18185725,2015-10-03T09:09:35.93Z,FUV,0,0
2015-10-03,18185727,2015-10-03T09:09:45.35Z,FUV,0,0
2015-10-03,18185728,2015-10-03T09:09:54.58Z,SJI_2796,0,0
2015-10-03,18185730,2015-10-03T09:09:54.65Z,FUV,0,0
2015-10-03,18185731,2015-10-03T09:10:04.05Z,SJI_1330,0,0
2015-10-03,18185733,2015-10-03T09:10:04.12Z,FUV,0,0
2015-10-03,18185734,2015-10-03T09:10:13.77Z,SJI_1400,0,0
2015-10-03,18185736,2015-10-03T09:10:13.84Z,FUV,0,0
2015-10-03,18185738,2015-10-03T09:10:23.30Z,FUV,0,0
2015-10-03,18185739,2015-10-03T09:10:32.53Z,SJI_2796,0,0
2015-10-03,18185741,2015-10-03T09:10:32.60Z,FUV,0,0
2015-10-03,18185742,2015-10-03T09:10:41.95Z,SJI_1330,0,0
2015-10-03,18185744,2015-10-03T09:10:42.02Z,FUV,0,0
2015-10-03,18185745,2015-10-03T09:10:51.67Z,SJI_1400,0,0
2015-10-03,18185747,2015-10-03T09:10:51.74Z,FUV,0,0
2015-10-03,18185749,2015-10-03T09:11:01.17Z,FUV,0,0
2015-10-03,18185750,2015-10-03T09:11:10.42Z,SJI_2796,0,0
2015-10-03,18185752,2015-10-03T09:11:10.50Z,FUV,0,0
2015-10-03,18185753,2015-10-03T09:11:19.86Z,SJI_1330,0,0
2015-10-03,18185755,2015-10-03T09:11:19.93Z,FUV,0,0
2015-10-03,18185756,2015-10-03T09:11:29.58Z,SJI_1400,0,0
2015-10-03,18185758,2015-10-03T09:11:29.65Z,FUV,0,0
2015-10-03,18185760,2015-10-03T09:11:39.14Z,FUV,0,0
2015-10-03,18185761,2015-10-03T09:11:48.40Z,SJI_2796,0,0
2015-10-03,18185763,2015-10-03T09:11:48.47Z,FUV,0,0
2015-10-03,18185764,2015-10-03T09:11:57.80Z,SJI_1330,0,0
2015-10-03,18185766,2015-10-03T09:11:57.87Z,FUV,0,0
2015-10-03,18185767,2015-10-03T09:12:07.48Z,SJI_1400,0,0
2015-10-03,18185769,2015-10-03T09:12:07.56Z,FUV,0,0
2015-10-03,18185771,2015-10-03T09:12:16.97Z,FUV,0,0
2015-10-03,18185772,2015-10-03T09:12:26.23Z,SJI_2796,0,0
2015-10-03,18185774,2015-10-03T09:12:26.31Z,FUV,0,0
2015-10-03,18185775,2015-10-03T09:12:35.80Z,SJI_1330,0,0
2015-10-03,18185777,2015-10-03T09:12:35.87Z,FUV,0,0
2015-10-03,18185778,2015-10-03T09:12:45.64Z,SJI_1400,0,0
2015-10-03,18185780,2015-10-03T09:12:45.71Z,FUV,0,0
2015-10-03,18185783,2015-10-03T09:12:55.19Z,FUV,0,0
2015-10-03,18185784,2015-10-03T09:13:04.64Z,SJI_2796,0,0
2015-10-03,18185786,2015-10-03T09:13:04.71Z,FUV,0,0
2015-10-03,18185787,2015-10-03T09:13:14.02Z,SJI_1330,0,0
2015-10-03,18185789,2015-10-03T09:13:14.09Z,FUV,0,0
2015-10-03,18185790,2015-10-03T09:13:23.61Z,SJI_1400,0,0
2015-10-03,18185792,2015-10-03T09:13:23.68Z,FUV,0,0
2015-10-03,18185794,2015-10-03T09:13:33.11Z,FUV,0,0
2015-10-03,18185795,2015-10-03T09:13:42.36Z,SJI_2796,0,0
2015-10-03,18185797,2015-10-03T09:13:42.43Z,FUV,0,0
2015-10-03,18185798,2015-10-03T09:13:51.80Z,SJI_1330,0,0
2015-10-03,18185800,2015-10-03T09:13:51.87Z,FUV,0,0
2015-10-03,18185801,2015-10-03T09:14:01.55Z,SJI_1400,0,0
2015-10-03,18185803,2015-10-03T09:14:01.62Z,FUV,0,0
2015-10-03,18185805,2015-10-03T09:14:11.05Z,FUV,0,0
2015-10-03,18185806,2015-10-03T09:14:20.27Z,SJI_2796,0,0
2015-10-03,18185808,2015-10-03T09:14:20.34Z,FUV,0,0
2015-10-03,18185809,2015-10-03T09:14:29.73Z,SJI_1330,0,0
2015-10-03,18185811,2015-10-03T09:14:29.81Z,FUV,0,0
2015-10-03,18185812,2015-10-03T09:14:39.45Z,SJI_1400,0,0
2015-10-03,18185814,2015-10-03T09:14:39.52Z,FUV,0,0
2015-10-03,18185816,2015-10-03T09:14:48.99Z,FUV,0,0
2015-10-03,18185817,2015-10-03T09:14:58.23Z,SJI_2796,0,0
2015-10-03,18185819,2015-10-03T09:14:58.30Z,FUV,0,0
2015-10-03,18185820,2015-10-03T09:15:07.64Z,SJI_1330,0,0
2015-10-03,18185822,2015-10-03T09:15:07.71Z,FUV,0,0
2015-10-03,18185823,2015-10-03T09:15:17.36Z,SJI_1400,0,0
2015-10-03,18185825,2015-10-03T09:15:17.43Z,FUV,0,0
2015-10-03,18185827,2015-10-03T09:15:26.85Z,FUV,0,0
2015-10-03,18185828,2015-10-03T09:15:36.08Z,SJI_2796,0,0
2015-10-03,18185830,2015-10-03T09:15:36.15Z,FUV,0,0
2015-10-03,18185831,2015-10-03T09:15:45.55Z,SJI_1330,0,0
2015-10-03,18185833,2015-10-03T09:15:45.62Z,FUV,0,0
2015-10-03,18185834,2015-10-03T09:15:55.27Z,SJI_1400,0,0
2015-10-03,18185836,2015-10-03T09:15:55.34Z,FUV,0,0
2015-10-03,18185838,2015-10-03T09:16:04.77Z,FUV,0,0
2015-10-03,18185839,2015-10-03T09:16:14.02Z,SJI_2796,0,0
2015-10-03,18185841,2015-10-03T09:16:14.09Z,FUV,0,0
2015-10-03,18185842,2015-10-03T09:16:23.61Z,SJI_1330,0,0
2015-10-03,18185844,2015-10-03T09:16:23.68Z,FUV,0,0
2015-10-03,18185845,2015-10-03T09:16:33.42Z,SJI_1400,0,0
2015-10-03,18185847,2015-10-03T09:16:33.49Z,FUV,0,0
2015-10-03,18185850,2015-10-03T09:16:42.97Z,FUV,0,0
2015-10-03,18185851,2015-10-03T09:16:52.39Z,SJI_2796,0,0
2015-10-03,18185853,2015-10-03T09:16:52.46Z,FUV,0,0
2015-10-03,18185854,2015-10-03T09:17:01.74Z,SJI_1330,0,0
2015-10-03,18185856,2015-10-03T09:17:01.81Z,FUV,0,0
2015-10-03,18185857,2015-10-03T09:17:11.39Z,SJI_1400,0,0
2015-10-03,18185859,2015-10-03T09:17:11.46Z,FUV,0,0
2015-10-03,18185861,2015-10-03T09:17:20.87Z,FUV,0,0
2015-10-03,18185862,2015-10-03T09:17:30.14Z,SJI_2796,0,0
2015-10-03,18185864,2015-10-03T09:17:30.21Z,FUV,0,0
2015-10-03,18185865,2015-10-03T09:17:39.58Z,SJI_1330,0,0
2015-10-03,18185867,2015-10-03T09:17:39.65Z,FUV,0,0
2015-10-03,18185868,2015-10-03T09:17:49.30Z,SJI_1400,0,0
2015-10-03,18185870,2015-10-03T09:17:49.37Z,FUV,0,0
2015-10-03,18185872,2015-10-03T09:17:58.81Z,FUV,0,0
2015-10-03,18185873,2015-10-03T09:18:08.05Z,SJI_2796,0,0
2015-10-03,18185875,2015-10-03T09:18:08.12Z,FUV,0,0
2015-10-03,18185876,2015-10-03T09:18:17.48Z,SJI_1330,0,0
2015-10-03,18185878,2015-10-03T09:18:17.56Z,FUV,0,0
2015-10-03,18185879,2015-10-03T09:18:27.20Z,SJI_1400,0,0
2015-10-03,18185881,2015-10-03T09:18:27.27Z,FUV,0,0
2015-10-03,18185883,2015-10-03T09:18:36.71Z,FUV,0,0
2015-10-03,18185884,2015-10-03T09:18:45.95Z,SJI_2796,0,0
2015-10-03,18185886,2015-10-03T09:18:46.02Z,FUV,0,0
2015-10-03,18185887,2015-10-03T09:18:55.39Z,SJI_1330,0,0
2015-10-03,18185889,2015-10-03T09:18:55.46Z,FUV,0,0
2015-10-03,18185890,2015-10-03T09:19:05.14Z,SJI_1400,0,0
2015-10-03,18185892,2015-10-03T09:19:05.21Z,FUV,0,0
2015-10-03,18185894,2015-10-03T09:19:14.69Z,FUV,0,0
2015-10-03,18185895,2015-10-03T09:19:23.94Z,SJI_2796,0,0
2015-10-03,18185897,2015-10-03T09:19:24.01Z,FUV,0,0
2015-10-03,18185898,2015-10-03T09:19:33.33Z,SJI_1330,0,0
2015-10-03,18185900,2015-10-03T09:19:33.40Z,FUV,0,0
2015-10-03,18185901,2015-10-03T09:19:43.05Z,SJI_1400,0,0
2015-10-03,18185903,2015-10-03T09:19:43.12Z,FUV,0,0
2015-10-03,18185905,2015-10-03T09:19:52.54Z,FUV,0,0
2015-10-03,18185906,2015-10-03T09:20:01.77Z,SJI_2796,0,0
2015-10-03,18185908,2015-10-03T09:20:01.84Z,FUV,0,0
2015-10-03,18185909,2015-10-03T09:20:11.33Z,SJI_1330,0,0
2015-10-03,18185911,2015-10-03T09:20:11.40Z,FUV,0,0
2015-10-03,18185912,2015-10-03T09:20:21.17Z,SJI_1400,0,0
2015-10-03,18185914,2015-10-03T09:20:21.24Z,FUV,0,0
2015-10-03,18185917,2015-10-03T09:20:30.74Z,FUV,0,0
2015-10-03,18185918,2015-10-03T09:20:40.17Z,SJI_2796,0,0
2015-10-03,18185920,2015-10-03T09:20:40.24Z,FUV,0,0
2015-10-03,18185921,2015-10-03T09:20:49.55Z,SJI_1330,0,0
2015-10-03,18185923,2015-10-03T09:20:49.62Z,FUV,0,0
2015-10-03,18185924,2015-10-03T09:20:59.17Z,SJI_1400,0,0
2015-10-03,18185926,2015-10-03T09:20:59.24Z,FUV,0,0
2015-10-03,18185928,2015-10-03T09:21:08.67Z,FUV,0,0
2015-10-03,18185929,2015-10-03T09:21:17.92Z,SJI_2796,0,0
2015-10-03,18185931,2015-10-03T09:21:17.99Z,FUV,0,0
2015-10-03,18185932,2015-10-03T09:21:27.36Z,SJI_1330,0,0
2015-10-03,18185934,2015-10-03T09:21:27.43Z,FUV,0,0
2015-10-03,18185935,2015-10-03T09:21:37.08Z,SJI_1400,0,0
2015-10-03,18185937,2015-10-03T09:21:37.15Z,FUV,0,0
2015-10-03,18185939,2015-10-03T09:21:46.63Z,FUV,0,0
2015-10-03,18185940,2015-10-03T09:21:55.87Z,SJI_2796,0,0
2015-10-03,18185942,2015-10-03T09:21:55.94Z,FUV,0,0
2015-10-03,18185943,2015-10-03T09:22:05.27Z,SJI_1330,0,0
2015-10-03,18185945,2015-10-03T09:22:05.34Z,FUV,0,0
2015-10-03,18185946,2015-10-03T09:22:14.98Z,SJI_1400,0,0
2015-10-03,18185948,2015-10-03T09:22:15.06Z,FUV,0,0
2015-10-03,18185950,2015-10-03T09:22:24.48Z,FUV,0,0
2015-10-03,18185951,2015-10-03T09:22:33.73Z,SJI_2796,0,0
2015-10-03,18185953,2015-10-03T09:22:33.81Z,FUV,0,0
2015-10-03,18185954,2015-10-03T09:22:43.17Z,SJI_1330,0,0
2015-10-03,18185956,2015-10-03T09:22:43.24Z,FUV,0,0
2015-10-03,18185957,2015-10-03T09:22:52.89Z,SJI_1400,0,0
2015-10-03,18185959,2015-10-03T09:22:52.96Z,FUV,0,0
2015-10-03,18185961,2015-10-03T09:23:02.45Z,FUV,0,0
2015-10-03,18185962,2015-10-03T09:23:11.70Z,SJI_2796,0,0
2015-10-03,18185964,2015-10-03T09:23:11.77Z,FUV,0,0
2015-10-03,18185965,2015-10-03T09:23:21.08Z,SJI_1330,0,0
2015-10-03,18185967,2015-10-03T09:23:21.15Z,FUV,0,0
2015-10-03,18185968,2015-10-03T09:23:30.80Z,SJI_1400,0,0
2015-10-03,18185970,2015-10-03T09:23:30.87Z,FUV,0,0
2015-10-03,18185972,2015-10-03T09:23:40.32Z,FUV,0,0
2015-10-03,18185973,2015-10-03T09:23:49.55Z,SJI_2796,0,0
2015-10-03,18185975,2015-10-03T09:23:49.62Z,FUV,0,0
2015-10-03,18185976,2015-10-03T09:23:59.14Z,SJI_1330,0,0
2015-10-03,18185978,2015-10-03T09:23:59.21Z,FUV,0,0
2015-10-03,18185979,2015-10-03T09:24:08.95Z,SJI_1400,0,0
2015-10-03,18185981,2015-10-03T09:24:09.02Z,FUV,0,0
2015-10-03,18185984,2015-10-03T09:24:18.51Z,FUV,0,0
2015-10-03,18185985,2015-10-03T09:24:27.95Z,SJI_2796,0,0
2015-10-03,18185987,2015-10-03T09:24:28.02Z,FUV,0,0
2015-10-03,18185988,2015-10-03T09:24:37.31Z,SJI_1330,0,0
2015-10-03,18185990,2015-10-03T09:24:37.38Z,FUV,0,0
2015-10-03,18185991,2015-10-03T09:24:46.95Z,SJI_1400,0,0
2015-10-03,18185993,2015-10-03T09:24:47.02Z,FUV,0,0
2015-10-03,18185995,2015-10-03T09:24:56.43Z,FUV,0,0
2015-10-03,18185996,2015-10-03T09:25:05.67Z,SJI_2796,0,0
2015-10-03,18185998,2015-10-03T09:25:05.74Z,FUV,0,0
2015-10-03,18185999,2015-10-03T09:25:15.14Z,SJI_1330,0,0
2015-10-03,18186001,2015-10-03T09:25:15.21Z,FUV,0,0
2015-10-03,18186002,2015-10-03T09:25:24.86Z,SJI_1400,0,0
2015-10-03,18186004,2015-10-03T09:25:24.93Z,FUV,0,0
2015-10-03,18186006,2015-10-03T09:25:34.38Z,FUV,0,0
2015-10-03,18186007,2015-10-03T09:25:43.61Z,SJI_2796,0,0
2015-10-03,18186009,2015-10-03T09:25:43.68Z,FUV,0,0
2015-10-03,18186010,2015-10-03T09:25:53.05Z,SJI_1330,0,0
2015-10-03,18186012,2015-10-03T09:25:53.12Z,FUV,0,0
2015-10-03,18186013,2015-10-03T09:26:02.77Z,SJI_1400,0,0
2015-10-03,18186015,2015-10-03T09:26:02.84Z,FUV,0,0
2015-10-03,18186017,2015-10-03T09:26:12.27Z,FUV,0,0
2015-10-03,18186018,2015-10-03T09:26:21.52Z,SJI_2796,0,0
2015-10-03,18186020,2015-10-03T09:26:21.59Z,FUV,0,0
2015-10-03,18186021,2015-10-03T09:26:30.95Z,SJI_1330,0,0
2015-10-03,18186023,2015-10-03T09:26:31.02Z,FUV,0,0
2015-10-03,18186024,2015-10-03T09:26:40.67Z,SJI_1400,0,0
2015-10-03,18186026,2015-10-03T09:26:40.74Z,FUV,0,0
2015-10-03,18186028,2015-10-03T09:26:50.21Z,FUV,0,0
2015-10-03,18186029,2015-10-03T09:26:59.45Z,SJI_2796,0,0
2015-10-03,18186031,2015-10-03T09:26:59.52Z,FUV,0,0
2015-10-03,18186032,2015-10-03T09:27:08.86Z,SJI_1330,0,0
2015-10-03,18186034,2015-10-03T09:27:08.93Z,FUV,0,0
2015-10-03,18186035,2015-10-03T09:27:18.58Z,SJI_1400,0,0
2015-10-03,18186037,2015-10-03T09:27:18.65Z,FUV,0,0
2015-10-03,18186039,2015-10-03T09:27:28.09Z,FUV,0,0
2015-10-03,18186040,2015-10-03T09:27:37.33Z,SJI_2796,0,0
2015-10-03,18186042,2015-10-03T09:27:37.40Z,FUV,0,0
2015-10-03,18186043,2015-10-03T09:27:46.92Z,SJI_1330,0,0
2015-10-03,18186045,2015-10-03T09:27:46.99Z,FUV,0,0
2015-10-03,18186046,2015-10-03T09:27:56.73Z,SJI_1400,0,0
2015-10-03,18186048,2015-10-03T09:27:56.81Z,FUV,0,0
2015-10-03,18186051,2015-10-03T09:28:06.28Z,FUV,0,0
2015-10-03,18186052,2015-10-03T09:28:15.74Z,SJI_2796,0,0
2015-10-03,18186054,2015-10-03T09:28:15.81Z,FUV,0,0
2015-10-03,18186055,2015-10-03T09:28:25.10Z,SJI_1330,0,0
2015-10-03,18186057,2015-10-03T09:28:25.17Z,FUV,0,0
2015-10-03,18186058,2015-10-03T09:28:34.70Z,SJI_1400,0,0
2015-10-03,18186060,2015-10-03T09:28:34.77Z,FUV,0,0
2015-10-03,18186062,2015-10-03T09:28:44.20Z,FUV,0,0
2015-10-03,18186063,2015-10-03T09:28:53.45Z,SJI_2796,0,0
2015-10-03,18186065,2015-10-03T09:28:53.52Z,FUV,0,0
2015-10-03,18186066,2015-10-03T09:29:02.89Z,SJI_1330,0,0
2015-10-03,18186068,2015-10-03T09:29:02.96Z,FUV,0,0
2015-10-03,18186069,2015-10-03T09:29:12.64Z,SJI_1400,0,0
2015-10-03,18186071,2015-10-03T09:29:12.71Z,FUV,0,0
2015-10-03,18186073,2015-10-03T09:29:22.17Z,FUV,0,0
2015-10-03,18186074,2015-10-03T09:29:31.43Z,SJI_2796,0,0
2015-10-03,18186076,2015-10-03T09:29:31.50Z,FUV,0,0
2015-10-03,18186077,2015-10-03T09:29:40.84Z,SJI_1330,0,0
2015-10-03,18186079,2015-10-03T09:29:40.91Z,FUV,0,0
2015-10-03,18186080,2015-10-03T09:29:50.55Z,SJI_1400,0,0
2015-10-03,18186082,2015-10-03T09:29:50.62Z,FUV,0,0
2015-10-03,18186084,2015-10-03T09:30:00.07Z,FUV,0,0
2015-10-03,18186085,2015-10-03T09:30:09.29Z,SJI_2796,0,0
2015-10-03,18186087,2015-10-03T09:30:09.36Z,FUV,0,0
2015-10-03,18186088,2015-10-03T09:30:18.73Z,SJI_1330,0,0
2015-10-03,18186090,2015-10-03T09:30:18.81Z,FUV,0,0
2015-10-03,18186091,2015-10-03T09:30:28.45Z,SJI_1400,0,0
2015-10-03,18186093,2015-10-03T09:30:28.52Z,FUV,0,0
2015-10-03,18186095,2015-10-03T09:30:37.96Z,FUV,0,0
2015-10-03,18186096,2015-10-03T09:30:47.17Z,SJI_2796,0,0
2015-10-03,18186098,2015-10-03T09:30:47.24Z,FUV,0,0
2015-10-03,18186099,2015-10-03T09:30:56.64Z,SJI_1330,0,0
2015-10-03,18186101,2015-10-03T09:30:56.71Z,FUV,0,0
2015-10-03,18186102,2015-10-03T09:31:06.36Z,SJI_1400,0,0
2015-10-03,18186104,2015-10-03T09:31:06.43Z,FUV,0,0
2015-10-03,18186106,2015-10-03T09:31:15.91Z,FUV,0,0
2015-10-03,18186107,2015-10-03T09:31:25.15Z,SJI_2796,0,0
2015-10-03,18186109,2015-10-03T09:31:25.22Z,FUV,0,0
2015-10-03,18186110,2015-10-03T09:31:34.77Z,SJI_1330,0,0
2015-10-03,18186112,2015-10-03T09:31:34.84Z,FUV,0,0
2015-10-03,18186113,2015-10-03T09:31:44.52Z,SJI_1400,0,0
2015-10-03,18186115,2015-10-03T09:31:44.59Z,FUV,0,0
2015-10-03,18186118,2015-10-03T09:31:54.01Z,FUV,0,0
2015-10-03,18186119,2015-10-03T09:32:03.48Z,SJI_2796,0,0
2015-10-03,18186121,2015-10-03T09:32:03.56Z,FUV,0,0
2015-10-03,18186122,2015-10-03T09:32:12.84Z,SJI_1330,0,0
2015-10-03,18186124,2015-10-03T09:32:12.91Z,FUV,0,0
2015-10-03,18186125,2015-10-03T09:32:22.48Z,SJI_1400,0,0
2015-10-03,18186127,2015-10-03T09:32:22.56Z,FUV,0,0
2015-10-03,18186129,2015-10-03T09:32:32.01Z,FUV,0,0
2015-10-03,18186130,2015-10-03T09:32:41.24Z,SJI_2796,0,0
2015-10-03,18186132,2015-10-03T09:32:41.31Z,FUV,0,0
2015-10-03,18186133,2015-10-03T09:32:50.67Z,SJI_1330,0,0
2015-10-03,18186135,2015-10-03T09:32:50.74Z,FUV,0,0
2015-10-03,18186136,2015-10-03T09:33:00.39Z,SJI_1400,0,0
2015-10-03,18186138,2015-10-03T09:33:00.46Z,FUV,0,0
2015-10-03,18186140,2015-10-03T09:33:09.92Z,FUV,0,0
2015-10-03,18186141,2015-10-03T09:33:19.15Z,SJI_2796,0,0
2015-10-03,18186143,2015-10-03T09:33:19.22Z,FUV,0,0
2015-10-03,18186144,2015-10-03T09:33:28.58Z,SJI_1330,0,0
2015-10-03,18186146,2015-10-03T09:33:28.65Z,FUV,0,0
2015-10-03,18186147,2015-10-03T09:33:38.30Z,SJI_1400,0,0
2015-10-03,18186149,2015-10-03T09:33:38.37Z,FUV,0,0
2015-10-03,18186151,2015-10-03T09:33:47.80Z,FUV,0,0
2015-10-03,18186152,2015-10-03T09:33:57.05Z,SJI_2796,0,0
2015-10-03,18186154,2015-10-03T09:33:57.12Z,FUV,0,0
2015-10-03,18186155,2015-10-03T09:34:06.48Z,SJI_1330,0,0
2015-10-03,18186157,2015-10-03T09:34:06.56Z,FUV,0,0
2015-10-03,18186158,2015-10-03T09:34:16.23Z,SJI_1400,0,0
2015-10-03,18186160,2015-10-03T09:34:16.31Z,FUV,0,0
2015-10-03,18186162,2015-10-03T09:34:25.74Z,FUV,0,0
2015-10-03,18186163,2015-10-03T09:34:34.98Z,SJI_2796,0,0
2015-10-03,18186165,2015-10-03T09:34:35.06Z,FUV,0,0
2015-10-03,18186166,2015-10-03T09:34:44.42Z,SJI_1330,0,0
2015-10-03,18186168,2015-10-03T09:34:44.49Z,FUV,0,0
2015-10-03,18186169,2015-10-03T09:34:54.14Z,SJI_1400,0,0
2015-10-03,18186171,2015-10-03T09:34:54.21Z,FUV,0,0
2015-10-03,18186173,2015-10-03T09:35:03.64Z,FUV,0,0
2015-10-03,18186174,2015-10-03T09:35:12.86Z,SJI_2796,0,0
2015-10-03,18186176,2015-10-03T09:35:12.93Z,FUV,0,0
2015-10-03,18186177,2015-10-03T09:35:22.42Z,SJI_1330,0,0
2015-10-03,18186179,2015-10-03T09:35:22.49Z,FUV,0,0
2015-10-03,18186180,2015-10-03T09:35:32.27Z,SJI_1400,0,0
2015-10-03,18186182,2015-10-03T09:35:32.34Z,FUV,0,0
2015-10-03,18186185,2015-10-03T09:35:41.78Z,FUV,0,0
2015-10-03,18186186,2015-10-03T09:35:51.27Z,SJI_2796,0,0
2015-10-03,18186188,2015-10-03T09:35:51.34Z,FUV,0,0
2015-10-03,18186189,2015-10-03T09:36:00.62Z,SJI_1330,0,0
2015-10-03,18186191,2015-10-03T09:36:00.69Z,FUV,0,0
2015-10-03,18186192,2015-10-03T09:36:10.27Z,SJI_1400,0,0
2015-10-03,18186194,2015-10-03T09:36:10.34Z,FUV,0,0
2015-10-03,18186196,2015-10-03T09:36:19.79Z,FUV,0,0
2015-10-03,18186197,2015-10-03T09:36:29.02Z,SJI_2796,0,0
2015-10-03,18186199,2015-10-03T09:36:29.09Z,FUV,0,0
2015-10-03,18186200,2015-10-03T09:36:38.45Z,SJI_1330,0,0
2015-10-03,18186202,2015-10-03T09:36:38.52Z,FUV,0,0
2015-10-03,18186203,2015-10-03T09:36:48.17Z,SJI_1400,0,0
2015-10-03,18186205,2015-10-03T09:36:48.24Z,FUV,0,0
2015-10-03,18186207,2015-10-03T09:36:57.69Z,FUV,0,0
2015-10-03,18186208,2015-10-03T09:37:06.92Z,SJI_2796,0,0
2015-10-03,18186210,2015-10-03T09:37:06.99Z,FUV,0,0
2015-10-03,18186211,2015-10-03T09:37:16.36Z,SJI_1330,0,0
2015-10-03,18186213,2015-10-03T09:37:16.43Z,FUV,0,0
2015-10-03,18186214,2015-10-03T09:37:26.08Z,SJI_1400,0,0
2015-10-03,18186216,2015-10-03T09:37:26.15Z,FUV,0,0
2015-10-03,18186218,2015-10-03T09:37:35.64Z,FUV,0,0
2015-10-03,18186219,2015-10-03T09:37:44.86Z,SJI_2796,0,0
2015-10-03,18186221,2015-10-03T09:37:44.93Z,FUV,0,0
2015-10-03,18186222,2015-10-03T09:37:54.27Z,SJI_1330,0,0
2015-10-03,18186224,2015-10-03T09:37:54.34Z,FUV,0,0
2015-10-03,18186225,2015-10-03T09:38:03.98Z,SJI_1400,0,0
2015-10-03,18186227,2015-10-03T09:38:04.06Z,FUV,0,0
2015-10-03,18186229,2015-10-03T09:38:13.49Z,FUV,0,0
2015-10-03,18186230,2015-10-03T09:38:22.73Z,SJI_2796,0,0
2015-10-03,18186232,2015-10-03T09:38:22.81Z,FUV,0,0
2015-10-03,18186233,2015-10-03T09:38:32.17Z,SJI_1330,0,0
2015-10-03,18186235,2015-10-03T09:38:32.24Z,FUV,0,0
2015-10-03,18186236,2015-10-03T09:38:41.89Z,SJI_1400,0,0
2015-10-03,18186238,2015-10-03T09:38:41.96Z,FUV,0,0
2015-10-03,18186240,2015-10-03T09:38:51.43Z,FUV,0,0
2015-10-03,18186241,2015-10-03T09:39:00.66Z,SJI_2796,0,0
2015-10-03,18186243,2015-10-03T09:39:00.73Z,FUV,0,0
2015-10-03,18186244,2015-10-03T09:39:10.29Z,SJI_1330,0,0
2015-10-03,18186246,2015-10-03T09:39:10.36Z,FUV,0,0
2015-10-03,18186247,2015-10-03T09:39:20.05Z,SJI_1400,0,0
2015-10-03,18186249,2015-10-03T09:39:20.12Z,FUV,0,0
2015-10-03,18186252,2015-10-03T09:39:29.56Z,FUV,0,0
2015-10-03,18186253,2015-10-03T09:39:39.05Z,SJI_2796,0,0
2015-10-03,18186255,2015-10-03T09:39:39.12Z,FUV,0,0
2015-10-03,18186256,2015-10-03T09:39:48.38Z,SJI_1330,0,0
2015-10-03,18186258,2015-10-03T09:39:48.45Z,FUV,0,0
2015-10-03,18186259,2015-10-03T09:39:58.05Z,SJI_1400,0,0
2015-10-03,18186261,2015-10-03T09:39:58.12Z,FUV,0,0
2015-10-03,18186263,2015-10-03T09:40:07.56Z,FUV,0,0
2015-10-03,18186264,2015-10-03T09:40:16.80Z,SJI_2796,0,0
2015-10-03,18186266,2015-10-03T09:40:16.87Z,FUV,0,0
2015-10-03,18186267,2015-10-03T09:40:26.23Z,SJI_1330,0,0
2015-10-03,18186269,2015-10-03T09:40:26.31Z,FUV,0,0
2015-10-03,18186270,2015-10-03T09:40:35.95Z,SJI_1400,0,0
2015-10-03,18186272,2015-10-03T09:40:36.02Z,FUV,0,0
2015-10-03,18186274,2015-10-03T09:40:45.46Z,FUV,0,0
2015-10-03,18186275,2015-10-03T09:40:54.67Z,SJI_2796,0,0
2015-10-03,18186277,2015-10-03T09:40:54.74Z,FUV,0,0
2015-10-03,18186278,2015-10-03T09:41:04.14Z,SJI_1330,0,0
2015-10-03,18186280,2015-10-03T09:41:04.21Z,FUV,0,0
2015-10-03,18186281,2015-10-03T09:41:13.86Z,SJI_1400,0,0
2015-10-03,18186283,2015-10-03T09:41:13.93Z,FUV,0,0
2015-10-03,18186285,2015-10-03T09:41:23.39Z,FUV,1,0
2015-10-03,18186286,2015-10-03T09:41:32.65Z,SJI_2796,1,0
2015-10-03,18186288,2015-10-03T09:41:32.72Z,FUV,1,0
2015-10-03,18186289,2015-10-03T09:41:42.05Z,SJI_1330,1,1
2015-10-03,18186291,2015-10-03T09:41:42.12Z,FUV,1,0
2015-10-03,18186292,2015-10-03T09:41:51.77Z,SJI_1400,1,1
2015-10-03,18186294,2015-10-03T09:41:51.84Z,FUV,1,0
2015-10-03,18186296,2015-10-03T09:42:01.27Z,FUV,1,0
2015-10-03,18186297,2015-10-03T09:42:10.52Z,SJI_2796,1,0
2015-10-03,18186299,2015-10-03T09:42:10.59Z,FUV,1,0
2015-10-03,18186300,2015-10-03T09:42:19.95Z,SJI_1330,1,0
2015-10-03,18186302,2015-10-03T09:42:20.02Z,FUV,1,0
2015-10-03,18186303,2015-10-03T09:42:29.67Z,SJI_1400,1,0
2015-10-03,18186305,2015-10-03T09:42:29.74Z,FUV,1,0
2015-10-03,18186307,2015-10-03T09:42:39.17Z,FUV,1,1
2015-10-03,18186308,2015-10-03T09:42:48.42Z,SJI_2796,1,0
2015-10-03,18186310,2015-10-03T09:42:48.49Z,FUV,1,0
2015-10-03,18186311,2015-10-03T09:42:58.02Z,SJI_1330,1,0
2015-10-03,18186313,2015-10-03T09:42:58.09Z,FUV,1,1
2015-10-03,18186314,2015-10-03T09:43:07.83Z,SJI_1400,1,0
2015-10-03,18186316,2015-10-03T09:43:07.90Z,FUV,1,1
2015-10-03,18186319,2015-10-03T09:43:17.38Z,FUV,1,0
2015-10-03,18186320,2015-10-03T09:43:26.83Z,SJI_2796,1,0
2015-10-03,18186322,2015-10-03T09:43:26.90Z,FUV,1,2
2015-10-03,18186323,2015-10-03T09:43:36.24Z,SJI_1330,1,0
2015-10-03,18186325,2015-10-03T09:43:36.31Z,FUV,1,0
2015-10-03,18186326,2015-10-03T09:43:45.80Z,SJI_1400,1,0
2015-10-03,18186328,2015-10-03T09:43:45.87Z,FUV,1,0
2015-10-03,18186330,2015-10-03T09:43:55.30Z,FUV,1,0
2015-10-03,18186331,2015-10-03T09:44:04.55Z,SJI_2796,1,0
2015-10-03,18186333,2015-10-03T09:44:04.62Z,FUV,1,2
2015-10-03,18186334,2015-10-03T09:44:13.98Z,SJI_1330,1,0
2015-10-03,18186336,2015-10-03T09:44:14.06Z,FUV,1,2
2015-10-03,18186337,2015-10-03T09:44:23.73Z,SJI_1400,1,0
2015-10-03,18186339,2015-10-03T09:44:23.81Z,FUV,1,0
2015-10-03,18186341,2015-10-03T09:44:33.27Z,FUV,1,0
2015-10-03,18186342,2015-10-03T09:44:42.52Z,SJI_2796,1,0
2015-10-03,18186344,2015-10-03T09:44:42.59Z,FUV,1,1
2015-10-03,18186345,2015-10-03T09:44:51.92Z,SJI_1330,1,1
2015-10-03,18186347,2015-10-03T09:44:51.99Z,FUV,1,4
2015-10-03,18186348,2015-10-03T09:45:01.64Z,SJI_1400,1,1
2015-10-03,18186350,2015-10-03T09:45:01.71Z,FUV,1,5
2015-10-03,18186352,2015-10-03T09:45:11.15Z,FUV,1,3
2015-10-03,18186353,2015-10-03T09:45:20.36Z,SJI_2796,1,1
2015-10-03,18186355,2015-10-03T09:45:20.43Z,FUV,1,4
2015-10-03,18186356,2015-10-03T09:45:29.83Z,SJI_1330,1,0
2015-10-03,18186358,2015-10-03T09:45:29.90Z,FUV,1,2
2015-10-03,18186359,2015-10-03T09:45:39.55Z,SJI_1400,1,1
2015-10-03,18186361,2015-10-03T09:45:39.62Z,FUV,1,7
2015-10-03,18186363,2015-10-03T09:45:49.07Z,FUV,1,6
2015-10-03,18186364,2015-10-03T09:45:58.32Z,SJI_2796,1,0
2015-10-03,18186366,2015-10-03T09:45:58.39Z,FUV,1,12
2015-10-03,18186367,2015-10-03T09:46:07.73Z,SJI_1330,1,1
2015-10-03,18186369,2015-10-03T09:46:07.81Z,FUV,1,6
2015-10-03,18186370,2015-10-03T09:46:17.45Z,SJI_1400,1,2
2015-10-03,18186372,2015-10-03T09:46:17.53Z,FUV,1,15
2015-10-03,18186374,2015-10-03T09:46:26.96Z,FUV,1,16
2015-10-03,18186375,2015-10-03T09:46:36.20Z,SJI_2796,1,2
2015-10-03,18186377,2015-10-03T09:46:36.27Z,FUV,1,18
2015-10-03,18186378,2015-10-03T09:46:45.80Z,SJI_1330,1,1
2015-10-03,18186380,2015-10-03T09:46:45.87Z,FUV,1,16
2015-10-03,18186381,2015-10-03T09:46:55.61Z,SJI_1400,1,2
2015-10-03,18186383,2015-10-03T09:46:55.69Z,FUV,1,14
2015-10-03,18186386,2015-10-03T09:47:05.16Z,FUV,1,21
2015-10-03,18186387,2015-10-03T09:47:14.58Z,SJI_2796,1,3
2015-10-03,18186389,2015-10-03T09:47:14.65Z,FUV,1,19
2015-10-03,18186390,2015-10-03T09:47:23.95Z,SJI_1330,1,0
2015-10-03,18186392,2015-10-03T09:47:24.02Z,FUV,1,20
2015-10-03,18186393,2015-10-03T09:47:33.58Z,SJI_1400,1,3
2015-10-03,18186395,2015-10-03T09:47:33.65Z,FUV,1,13
2015-10-03,18186397,2015-10-03T09:47:43.07Z,FUV,1,15
2015-10-03,18186398,2015-10-03T09:47:52.33Z,SJI_2796,1,1
2015-10-03,18186400,2015-10-03T09:47:52.40Z,FUV,1,21
2015-10-03,18186401,2015-10-03T09:48:01.77Z,SJI_1330,1,2
2015-10-03,18186403,2015-10-03T09:48:01.84Z,FUV,1,12
2015-10-03,18186404,2015-10-03T09:48:11.48Z,SJI_1400,1,1
2015-10-03,18186406,2015-10-03T09:48:11.56Z,FUV,1,16
2015-10-03,18186408,2015-10-03T09:48:21.00Z,FUV,1,13
2015-10-03,18186409,2015-10-03T09:48:30.24Z,SJI_2796,1,0
2015-10-03,18186411,2015-10-03T09:48:30.31Z,FUV,1,19
2015-10-03,18186412,2015-10-03T09:48:39.67Z,SJI_1330,1,6
2015-10-03,18186414,2015-10-03T09:48:39.74Z,FUV,1,12
2015-10-03,18186415,2015-10-03T09:48:49.39Z,SJI_1400,1,2
2015-10-03,18186417,2015-10-03T09:48:49.46Z,FUV,1,18
2015-10-03,18186419,2015-10-03T09:48:58.91Z,FUV,1,15
2015-10-03,18186420,2015-10-03T09:49:08.15Z,SJI_2796,1,1
2015-10-03,18186422,2015-10-03T09:49:08.22Z,FUV,1,7
2015-10-03,18186423,2015-10-03T09:49:17.58Z,SJI_1330,1,4
2015-10-03,18186425,2015-10-03T09:49:17.65Z,FUV,1,13
2015-10-03,18186426,2015-10-03T09:49:27.33Z,SJI_1400,1,2
2015-10-03,18186428,2015-10-03T09:49:27.40Z,FUV,1,7
2015-10-03,18186430,2015-10-03T09:49:36.84Z,FUV,1,7
2015-10-03,18186431,2015-10-03T09:49:46.05Z,SJI_2796,1,1
2015-10-03,18186433,2015-10-03T09:49:46.12Z,FUV,1,10
2015-10-03,18186434,2015-10-03T09:49:55.52Z,SJI_1330,1,0
2015-10-03,18186436,2015-10-03T09:49:55.59Z,FUV,1,7
2015-10-03,18186437,2015-10-03T09:50:05.23Z,SJI_1400,1,1
2015-10-03,18186439,2015-10-03T09:50:05.31Z,FUV,1,11
2015-10-03,18186441,2015-10-03T09:50:14.79Z,FUV,1,4
2015-10-03,18186442,2015-10-03T09:50:24.02Z,SJI_2796,1,2
2015-10-03,18186444,2015-10-03T09:50:24.09Z,FUV,1,8
2015-10-03,18186445,2015-10-03T09:50:33.64Z,SJI_1330,1,1
2015-10-03,18186447,2015-10-03T09:50:33.71Z,FUV,1,3
2015-10-03,18186448,2015-10-03T09:50:43.36Z,SJI_1400,1,1
2015-10-03,18186450,2015-10-03T09:50:43.43Z,FUV,1,2
2015-10-03,18186453,2015-10-03T09:50:52.85Z,FUV,1,3
2015-10-03,18186454,2015-10-03T09:51:02.36Z,SJI_2796,1,0
2015-10-03,18186456,2015-10-03T09:51:02.43Z,FUV,1,3
2015-10-03,18186457,2015-10-03T09:51:11.71Z,SJI_1330,1,0
2015-10-03,18186459,2015-10-03T09:51:11.78Z,FUV,1,2
2015-10-03,18186460,2015-10-03T09:51:21.36Z,SJI_1400,1,0
2015-10-03,18186462,2015-10-03T09:51:21.43Z,FUV,1,1
2015-10-03,18186464,2015-10-03T09:51:30.87Z,FUV,1,2
2015-10-03,18186465,2015-10-03T09:51:40.11Z,SJI_2796,1,0
2015-10-03,18186467,2015-10-03T09:51:40.18Z,FUV,1,1
2015-10-03,18186468,2015-10-03T09:51:49.55Z,SJI_1330,1,1
2015-10-03,18186470,2015-10-03T09:51:49.62Z,FUV,1,0
2015-10-03,18186471,2015-10-03T09:51:59.27Z,SJI_1400,1,0
2015-10-03,18186473,2015-10-03T09:51:59.34Z,FUV,1,0
2015-10-03,18186475,2015-10-03T09:52:08.79Z,FUV,1,0
2015-10-03,18186476,2015-10-03T09:52:18.02Z,SJI_2796,1,0
2015-10-03,18186478,2015-10-03T09:52:18.09Z,FUV,1,1
2015-10-03,18186479,2015-10-03T09:52:27.45Z,SJI_1330,1,0
2015-10-03,18186481,2015-10-03T09:52:27.52Z,FUV,1,0
2015-10-03,18186482,2015-10-03T09:52:37.17Z,SJI_1400,1,2
2015-10-03,18186484,2015-10-03T09:52:37.24Z,FUV,1,0
2015-10-03,18186486,2015-10-03T09:52:46.70Z,FUV,1,1
2015-10-03,18186487,2015-10-03T09:52:55.96Z,SJI_2796,1,0
2015-10-03,18186489,2015-10-03T09:52:56.03Z,FUV,1,0
2015-10-03,18186490,2015-10-03T09:53:05.36Z,SJI_1330,1,0
2015-10-03,18186492,2015-10-03T09:53:05.43Z,FUV,1,0
2015-10-03,18186493,2015-10-03T09:53:15.08Z,SJI_1400,1,0
2015-10-03,18186495,2015-10-03T09:53:15.15Z,FUV,1,0
2015-10-03,18186497,2015-10-03T09:53:24.56Z,FUV,1,2
2015-10-03,18186498,2015-10-03T09:53:33.83Z,SJI_2796,1,0
2015-10-03,18186500,2015-10-03T09:53:33.90Z,FUV,1,0
2015-10-03,18186501,2015-10-03T09:53:43.27Z,SJI_1330,1,0
2015-10-03,18186503,2015-10-03T09:53:43.34Z,FUV,1,0
2015-10-03,18186504,2015-10-03T09:53:52.98Z,SJI_1400,1,0
2015-10-03,18186506,2015-10-03T09:53:53.06Z,FUV,1,0
2015-10-03,18186508,2015-10-03T09:54:02.53Z,FUV,1,0
2015-10-03,18186509,2015-10-03T09:54:11.78Z,SJI_2796,1,0
2015-10-03,18186511,2015-10-03T09:54:11.85Z,FUV,1,2
2015-10-03,18186512,2015-10-03T09:54:21.37Z,SJI_1330,1,0
2015-10-03,18186514,2015-10-03T09:54:21.44Z,FUV,1,0
2015-10-03,18186515,2015-10-03T09:54:31.14Z,SJI_1400,1,0
2015-10-03,18186517,2015-10-03T09:54:31.21Z,FUV,1,0
2015-10-03,18186520,2015-10-03T09:54:40.65Z,FUV,1,0
2015-10-03,18186521,2015-10-03T09:54:50.14Z,SJI_2796,1,0
2015-10-03,18186523,2015-10-03T09:54:50.21Z,FUV,1,0
2015-10-03,18186524,2015-10-03T09:54:59.49Z,SJI_1330,1,0
2015-10-03,18186526,2015-10-03T09:54:59.56Z,FUV,1,0
2015-10-03,18186527,2015-10-03T09:55:09.14Z,SJI_1400,1,1
2015-10-03,18186529,2015-10-03T09:55:09.21Z,FUV,1,0
2015-10-03,18186531,2015-10-03T09:55:18.66Z,FUV,1,0
2015-10-03,18186532,2015-10-03T09:55:27.89Z,SJI_2796,1,0
2015-10-03,18186534,2015-10-03T09:55:27.96Z,FUV,1,0
2015-10-03,18186535,2015-10-03T09:55:37.33Z,SJI_1330,1,0
2015-10-03,18186537,2015-10-03T09:55:37.40Z,FUV,1,0
2015-10-03,18186538,2015-10-03T09:55:47.05Z,SJI_1400,1,1
2015-10-03,18186540,2015-10-03T09:55:47.12Z,FUV,1,0
2015-10-03,18186542,2015-10-03T09:55:56.59Z,FUV,1,0
2015-10-03,18186543,2015-10-03T09:56:05.83Z,SJI_2796,1,0
2015-10-03,18186545,2015-10-03T09:56:05.90Z,FUV,1,0
2015-10-03,18186546,2015-10-03T09:56:15.23Z,SJI_1330,1,1
2015-10-03,18186548,2015-10-03T09:56:15.31Z,FUV,1,0
2015-10-03,18186549,2015-10-03T09:56:24.95Z,SJI_1400,1,0
2015-10-03,18186551,2015-10-03T09:56:25.02Z,FUV,1,0
2015-10-03,18186553,2015-10-03T09:56:34.44Z,FUV,0,0
2015-10-03,18186554,2015-10-03T09:56:43.70Z,SJI_2796,0,0
2015-10-03,18186556,2015-10-03T09:56:43.77Z,FUV,0,0
2015-10-03,18186557,2015-10-03T09:56:53.14Z,SJI_1330,0,0
2015-10-03,18186559,2015-10-03T09:56:53.21Z,FUV,0,0
2015-10-03,18186560,2015-10-03T09:57:02.86Z,SJI_1400,0,0
2015-10-03,18186562,2015-10-03T09:57:02.93Z,FUV,0,0
2015-10-03,18186564,2015-10-03T09:57:12.39Z,FUV,0,0
2015-10-03,18186565,2015-10-03T09:57:21.64Z,SJI_2796,0,0
2015-10-03,18186567,2015-10-03T09:57:21.71Z,FUV,0,0
2015-10-03,18186568,2015-10-03T09:57:31.05Z,SJI_1330,0,0
2015-10-03,18186570,2015-10-03T09:57:31.12Z,FUV,0,0
2015-10-03,18186571,2015-10-03T09:57:40.77Z,SJI_1400,0,0
2015-10-03,18186573,2015-10-03T09:57:40.84Z,FUV,0,0
2015-10-03,18186575,2015-10-03T09:57:50.27Z,FUV,0,0
2015-10-03,18186576,2015-10-03T09:57:59.52Z,SJI_2796,0,0
2015-10-03,18186578,2015-10-03T09:57:59.59Z,FUV,0,0
2015-10-03,18186579,2015-10-03T09:58:09.10Z,SJI_1330,0,0
2015-10-03,18186581,2015-10-03T09:58:09.17Z,FUV,0,0
2015-10-03,18186582,2015-10-03T09:58:18.92Z,SJI_1400,0,0
2015-10-03,18186584,2015-10-03T09:58:18.99Z,FUV,0,0
2015-10-03,18186587,2015-10-03T09:58:28.48Z,FUV,0,0
2015-10-03,18186588,2015-10-03T09:58:37.92Z,SJI_2796,0,0
2015-10-03,18186590,2015-10-03T09:58:37.99Z,FUV,0,0
2015-10-03,18186591,2015-10-03T09:58:47.31Z,SJI_1330,0,0
2015-10-03,18186593,2015-10-03T09:58:47.38Z,FUV,0,0
2015-10-03,18186594,2015-10-03T09:58:56.89Z,SJI_1400,0,0
2015-10-03,18186596,2015-10-03T09:58:56.96Z,FUV,0,0
2015-10-03,18186598,2015-10-03T09:59:06.39Z,FUV,0,0
2015-10-03,18186599,2015-10-03T09:59:15.64Z,SJI_2796,0,0
2015-10-03,18186601,2015-10-03T09:59:15.71Z,FUV,0,0
2015-10-03,18186602,2015-10-03T09:59:25.08Z,SJI_1330,0,0
2015-10-03,18186604,2015-10-03T09:59:25.15Z,FUV,0,0
2015-10-03,18186605,2015-10-03T09:59:34.83Z,SJI_1400,0,0
2015-10-03,18186607,2015-10-03T09:59:34.90Z,FUV,0,0
2015-10-03,18186609,2015-10-03T09:59:44.37Z,FUV,0,0
2015-10-03,18186610,2015-10-03T09:59:53.62Z,SJI_2796,0,0
2015-10-03,18186612,2015-10-03T09:59:53.69Z,FUV,0,0
2015-10-03,18186613,2015-10-03T10:00:03.02Z,SJI_1330,0,0
2015-10-03,18186615,2015-10-03T10:00:03.09Z,FUV,0,0
2015-10-03,18186616,2015-10-03T10:00:12.73Z,SJI_1400,0,0
2015-10-03,18186618,2015-10-03T10:00:12.81Z,FUV,0,0
2015-10-03,18186620,2015-10-03T10:00:22.22Z,FUV,0,0
2015-10-03,18186621,2015-10-03T10:00:31.45Z,SJI_2796,0,0
2015-10-03,18186623,2015-10-03T10:00:31.52Z,FUV,0,0
2015-10-03,18186624,2015-10-03T10:00:40.92Z,SJI_1330,0,0
2015-10-03,18186626,2015-10-03T10:00:40.99Z,FUV,0,0
2015-10-03,18186627,2015-10-03T10:00:50.64Z,SJI_1400,0,0
2015-10-03,18186629,2015-10-03T10:00:50.71Z,FUV,0,0
2015-10-03,18186631,2015-10-03T10:01:00.15Z,FUV,0,0
2015-10-03,18186632,2015-10-03T10:01:09.41Z,SJI_2796,0,0
2015-10-03,18186634,2015-10-03T10:01:09.48Z,FUV,0,0
2015-10-03,18186635,2015-10-03T10:01:18.83Z,SJI_1330,0,0
2015-10-03,18186637,2015-10-03T10:01:18.90Z,FUV,0,0
2015-10-03,18186638,2015-10-03T10:01:28.55Z,SJI_1400,0,0
2015-10-03,18186640,2015-10-03T10:01:28.62Z,FUV,0,0
2015-10-03,18186642,2015-10-03T10:01:38.06Z,FUV,0,0
2015-10-03,18186643,2015-10-03T10:01:47.30Z,SJI_2796,0,0
2015-10-03,18186645,2015-10-03T10:01:47.37Z,FUV,0,0
2015-10-03,18186646,2015-10-03T10:01:56.91Z,SJI_1330,0,0
2015-10-03,18186648,2015-10-03T10:01:56.98Z,FUV,0,0
2015-10-03,18186649,2015-10-03T10:02:06.70Z,SJI_1400,0,0
2015-10-03,18186651,2015-10-03T10:02:06.77Z,FUV,0,0
2015-10-03,18186654,2015-10-03T10:02:16.20Z,FUV,0,0
2015-10-03,18186655,2015-10-03T10:02:25.67Z,SJI_2796,0,0
2015-10-03,18186657,2015-10-03T10:02:25.74Z,FUV,0,0
2015-10-03,18186658,2015-10-03T10:02:35.02Z,SJI_1330,0,0
2015-10-03,18186660,2015-10-03T10:02:35.09Z,FUV,0,0
2015-10-03,18186661,2015-10-03T10:02:44.67Z,SJI_1400,0,0
2015-10-03,18186663,2015-10-03T10:02:44.74Z,FUV,0,0
2015-10-03,18186665,2015-10-03T10:02:54.18Z,FUV,0,0
2015-10-03,18186666,2015-10-03T10:03:03.42Z,SJI_2796,0,0
2015-10-03,18186668,2015-10-03T10:03:03.49Z,FUV,0,0
2015-10-03,18186669,2015-10-03T10:03:12.86Z,SJI_1330,0,0
2015-10-03,18186671,2015-10-03T10:03:12.93Z,FUV,0,0
2015-10-03,18186672,2015-10-03T10:03:22.58Z,SJI_1400,0,0
2015-10-03,18186674,2015-10-03T10:03:22.65Z,FUV,0,0
2015-10-03,18186676,2015-10-03T10:03:32.09Z,FUV,0,0
2015-10-03,18186677,2015-10-03T10:03:41.33Z,SJI_2796,0,0
2015-10-03,18186679,2015-10-03T10:03:41.40Z,FUV,0,0
2015-10-03,18186680,2015-10-03T10:03:50.77Z,SJI_1330,0,0
2015-10-03,18186682,2015-10-03T10:03:50.84Z,FUV,0,0
2015-10-03,18186683,2015-10-03T10:04:00.48Z,SJI_1400,0,0
2015-10-03,18186685,2015-10-03T10:04:00.55Z,FUV,0,0
2015-10-03,18186687,2015-10-03T10:04:10.00Z,FUV,0,0
2015-10-03,18186688,2015-10-03T10:04:19.24Z,SJI_2796,0,0
2015-10-03,18186690,2015-10-03T10:04:19.31Z,FUV,0,0
2015-10-03,18186691,2015-10-03T10:04:28.67Z,SJI_1330,0,0
2015-10-03,18186693,2015-10-03T10:04:28.74Z,FUV,0,0
2015-10-03,18186694,2015-10-03T10:04:38.42Z,SJI_1400,0,0
2015-10-03,18186696,2015-10-03T10:04:38.49Z,FUV,0,0
2015-10-03,18186698,2015-10-03T10:04:47.97Z,FUV,0,0
2015-10-03,18186699,2015-10-03T10:04:57.23Z,SJI_2796,0,0
2015-10-03,18186701,2015-10-03T10:04:57.30Z,FUV,0,0
2015-10-03,18186702,2015-10-03T10:05:06.62Z,SJI_1330,0,0
2015-10-03,18186704,2015-10-03T10:05:06.70Z,FUV,0,0
2015-10-03,18186705,2015-10-03T10:05:16.33Z,SJI_1400,0,0
2015-10-03,18186707,2015-10-03T10:05:16.40Z,FUV,0,0
2015-10-03,18186709,2015-10-03T10:05:25.84Z,FUV,0,0
2015-10-03,18186710,2015-10-03T10:05:35.05Z,SJI_2796,0,0
2015-10-03,18186712,2015-10-03T10:05:35.12Z,FUV,0,0
2015-10-03,18186713,2015-10-03T10:05:44.62Z,SJI_1330,0,0
2015-10-03,18186715,2015-10-03T10:05:44.69Z,FUV,0,0
2015-10-03,18186716,2015-10-03T10:05:54.45Z,SJI_1400,0,0
2015-10-03,18186718,2015-10-03T10:05:54.52Z,FUV,0,0
2015-10-03,18186721,2015-10-03T10:06:03.99Z,FUV,0,0
2015-10-03,18186722,2015-10-03T10:06:13.45Z,SJI_2796,0,0
2015-10-03,18186724,2015-10-03T10:06:13.52Z,FUV,0,0
2015-10-03,18186725,2015-10-03T10:06:22.83Z,SJI_1330,0,0
2015-10-03,18186727,2015-10-03T10:06:22.90Z,FUV,0,0
2015-10-03,18186728,2015-10-03T10:06:32.45Z,SJI_1400,0,0
2015-10-03,18186730,2015-10-03T10:06:32.52Z,FUV,0,0
2015-10-03,18186732,2015-10-03T10:06:41.94Z,FUV,0,0
2015-10-03,18186733,2015-10-03T10:06:51.20Z,SJI_2796,0,0
2015-10-03,18186735,2015-10-03T10:06:51.27Z,FUV,0,0
2015-10-03,18186736,2015-10-03T10:07:00.64Z,SJI_1330,0,0
2015-10-03,18186738,2015-10-03T10:07:00.71Z,FUV,0,0
2015-10-03,18186739,2015-10-03T10:07:10.36Z,SJI_1400,0,0
2015-10-03,18186741,2015-10-03T10:07:10.43Z,FUV,0,0
2015-10-03,18186743,2015-10-03T10:07:19.87Z,FUV,0,0
2015-10-03,18186744,2015-10-03T10:07:29.11Z,SJI_2796,0,0
2015-10-03,18186746,2015-10-03T10:07:29.18Z,FUV,0,0
2015-10-03,18186747,2015-10-03T10:07:38.55Z,SJI_1330,0,0
2015-10-03,18186749,2015-10-03T10:07:38.62Z,FUV,0,0
2015-10-03,18186750,2015-10-03T10:07:48.27Z,SJI_1400,0,0
2015-10-03,18186752,2015-10-03T10:07:48.34Z,FUV,0,0
2015-10-03,18186754,2015-10-03T10:07:57.77Z,FUV,0,0
2015-10-03,18186755,2015-10-03T10:08:07.02Z,SJI_2796,0,0
2015-10-03,18186757,2015-10-03T10:08:07.09Z,FUV,0,0
2015-10-03,18186758,2015-10-03T10:08:16.45Z,SJI_1330,0,0
2015-10-03,18186760,2015-10-03T10:08:16.52Z,FUV,0,0
2015-10-03,18186761,2015-10-03T10:08:26.17Z,SJI_1400,0,0
2015-10-03,18186763,2015-10-03T10:08:26.24Z,FUV,0,0
2015-10-03,18186765,2015-10-03T10:08:35.74Z,FUV,0,0
2015-10-03,18186766,2015-10-03T10:08:45.00Z,SJI_2796,0,0
2015-10-03,18186768,2015-10-03T10:08:45.07Z,FUV,0,0
2015-10-03,18186769,2015-10-03T10:08:54.39Z,SJI_1330,0,0
2015-10-03,18186771,2015-10-03T10:08:54.46Z,FUV,0,0
2015-10-03,18186772,2015-10-03T10:09:04.08Z,SJI_1400,0,0
2015-10-03,18186774,2015-10-03T10:09:04.15Z,FUV,0,0
2015-10-03,18186776,2015-10-03T10:09:13.59Z,FUV,0,0
2015-10-03,18186777,2015-10-03T10:09:22.83Z,SJI_2796,0,0
2015-10-03,18186779,2015-10-03T10:09:22.90Z,FUV,0,0
2015-10-03,18186780,2015-10-03T10:09:32.41Z,SJI_1330,0,0
2015-10-03,18186782,2015-10-03T10:09:32.48Z,FUV,0,0
2015-10-03,18186783,2015-10-03T10:09:42.23Z,SJI_1400,0,0
2015-10-03,18186785,2015-10-03T10:09:42.31Z,FUV,0,0
2015-10-03,18186788,2015-10-03T10:09:51.77Z,FUV,0,0
2015-10-03,18186789,2015-10-03T10:10:01.23Z,SJI_2796,0,0
2015-10-03,18186791,2015-10-03T10:10:01.31Z,FUV,0,0
2015-10-03,18186792,2015-10-03T10:10:10.59Z,SJI_1330,0,0
2015-10-03,18186794,2015-10-03T10:10:10.66Z,FUV,0,0
2015-10-03,18186795,2015-10-03T10:10:20.23Z,SJI_1400,0,0
2015-10-03,18186797,2015-10-03T10:10:20.31Z,FUV,0,0
2015-10-03,18186799,2015-10-03T10:10:29.73Z,FUV,0,0
2015-10-03,18186800,2015-10-03T10:10:38.96Z,SJI_2796,0,0
2015-10-03,18186802,2015-10-03T10:10:39.03Z,FUV,0,0
2015-10-03,18186803,2015-10-03T10:10:48.42Z,SJI_1330,0,0
2015-10-03,18186805,2015-10-03T10:10:48.49Z,FUV,0,0
2015-10-03,18186806,2015-10-03T10:10:58.14Z,SJI_1400,0,0
2015-10-03,18186808,2015-10-03T10:10:58.21Z,FUV,0,0
2015-10-03,18186810,2015-10-03T10:11:07.66Z,FUV,0,0
2015-10-03,18186811,2015-10-03T10:11:16.89Z,SJI_2796,0,0
2015-10-03,18186813,2015-10-03T10:11:16.96Z,FUV,0,0
2015-10-03,18186814,2015-10-03T10:11:26.33Z,SJI_1330,0,0
2015-10-03,18186816,2015-10-03T10:11:26.40Z,FUV,0,0
2015-10-03,18186817,2015-10-03T10:11:36.05Z,SJI_1400,0,0
2015-10-03,18186819,2015-10-03T10:11:36.12Z,FUV,0,0
2015-10-03,18186821,2015-10-03T10:11:45.60Z,FUV,0,0
2015-10-03,18186822,2015-10-03T10:11:54.81Z,SJI_2796,0,0
2015-10-03,18186824,2015-10-03T10:11:54.88Z,FUV,0,0
2015-10-03,18186825,2015-10-03T10:12:04.23Z,SJI_1330,0,0
2015-10-03,18186827,2015-10-03T10:12:04.31Z,FUV,0,0
2015-10-03,18186828,2015-10-03T10:12:13.95Z,SJI_1400,0,0
2015-10-03,18186830,2015-10-03T10:12:14.02Z,FUV,0,0
2015-10-03,18186832,2015-10-03T10:12:23.47Z,FUV,0,0
2015-10-03,18186833,2015-10-03T10:12:32.70Z,SJI_2796,0,0
2015-10-03,18186835,2015-10-03T10:12:32.78Z,FUV,0,0
2015-10-03,18186836,2015-10-03T10:12:42.14Z,SJI_1330,0,0
2015-10-03,18186838,2015-10-03T10:12:42.21Z,FUV,0,0
2015-10-03,18186839,2015-10-03T10:12:51.86Z,SJI_1400,0,0
2015-10-03,18186841,2015-10-03T10:12:51.93Z,FUV,0,0
2015-10-03,18186843,2015-10-03T10:13:01.39Z,FUV,0,0
2015-10-03,18186844,2015-10-03T10:13:10.62Z,SJI_2796,0,0
2015-10-03,18186846,2015-10-03T10:13:10.69Z,FUV,0,0
2015-10-03,18186847,2015-10-03T10:13:20.20Z,SJI_1330,0,0
2015-10-03,18186849,2015-10-03T10:13:20.27Z,FUV,0,0
2015-10-03,18186850,2015-10-03T10:13:30.02Z,SJI_1400,0,0
2015-10-03,18186852,2015-10-03T10:13:30.09Z,FUV,0,0
2015-10-03,18186855,2015-10-03T10:13:39.57Z,FUV,0,0
2015-10-03,18186856,2015-10-03T10:13:49.02Z,SJI_2796,0,0
2015-10-03,18186858,2015-10-03T10:13:49.09Z,FUV,0,0
2015-10-03,18186859,2015-10-03T10:13:58.39Z,SJI_1330,0,0
2015-10-03,18186861,2015-10-03T10:13:58.46Z,FUV,0,0
2015-10-03,18186862,2015-10-03T10:14:07.98Z,SJI_1400,0,0
2015-10-03,18186864,2015-10-03T10:14:08.06Z,FUV,0,0
2015-10-03,18186866,2015-10-03T10:14:17.47Z,FUV,0,0
2015-10-03,18186867,2015-10-03T10:14:26.74Z,SJI_2796,0,0
2015-10-03,18186869,2015-10-03T10:14:26.81Z,FUV,0,0
2015-10-03,18186870,2015-10-03T10:14:36.17Z,SJI_1330,0,0
2015-10-03,18186872,2015-10-03T10:14:36.24Z,FUV,0,0
2015-10-03,18186873,2015-10-03T10:14:45.92Z,SJI_1400,0,0
2015-10-03,18186875,2015-10-03T10:14:45.99Z,FUV,0,0
2015-10-03,18186877,2015-10-03T10:14:55.46Z,FUV,0,0
2015-10-03,18186878,2015-10-03T10:15:04.70Z,SJI_2796,0,0
2015-10-03,18186880,2015-10-03T10:15:04.77Z,FUV,0,0
2015-10-03,18186881,2015-10-03T10:15:14.11Z,SJI_1330,0,0
2015-10-03,18186883,2015-10-03T10:15:14.18Z,FUV,0,0
2015-10-03,18186884,2015-10-03T10:15:23.83Z,SJI_1400,0,0
2015-10-03,18186886,2015-10-03T10:15:23.90Z,FUV,0,0
2015-10-03,18186888,2015-10-03T10:15:33.31Z,FUV,0,0
2015-10-03,18186889,2015-10-03T10:15:42.55Z,SJI_2796,0,0
2015-10-03,18186891,2015-10-03T10:15:42.62Z,FUV,0,0
2015-10-03,18186892,2015-10-03T10:15:52.02Z,SJI_1330,0,0
2015-10-03,18186894,2015-10-03T10:15:52.09Z,FUV,0,0
2015-10-03,18186895,2015-10-03T10:16:01.73Z,SJI_1400,0,0
2015-10-03,18186897,2015-10-03T10:16:01.81Z,FUV,0,0
2015-10-03,18186899,2015-10-03T10:16:11.27Z,FUV,0,0
2015-10-03,18186900,2015-10-03T10:16:20.53Z,SJI_2796,0,0
2015-10-03,18186902,2015-10-03T10:16:20.60Z,FUV,0,0
2015-10-03,18186903,2015-10-03T10:16:29.95Z,SJI_1330,0,0
2015-10-03,18186905,2015-10-03T10:16:30.02Z,FUV,0,0
2015-10-03,18186906,2015-10-03T10:16:39.64Z,SJI_1400,0,0
2015-10-03,18186908,2015-10-03T10:16:39.71Z,FUV,0,0
2015-10-03,18186910,2015-10-03T10:16:49.12Z,FUV,0,0
2015-10-03,18186911,2015-10-03T10:16:58.39Z,SJI_2796,0,0
2015-10-03,18186913,2015-10-03T10:16:58.46Z,FUV,0,0
2015-10-03,18186914,2015-10-03T10:17:07.98Z,SJI_1330,0,0
2015-10-03,18186916,2015-10-03T10:17:08.06Z,FUV,0,0
2015-10-03,18186917,2015-10-03T10:17:17.80Z,SJI_1400,0,0
2015-10-03,18186919,2015-10-03T10:17:17.87Z,FUV,0,0
2015-10-03,18186922,2015-10-03T10:17:27.34Z,FUV,0,0
2015-10-03,18186923,2015-10-03T10:17:36.77Z,SJI_2796,0,0
2015-10-03,18186925,2015-10-03T10:17:36.84Z,FUV,0,0
2015-10-03,18186926,2015-10-03T10:17:46.14Z,SJI_1330,0,0
2015-10-03,18186928,2015-10-03T10:17:46.21Z,FUV,0,0
2015-10-03,18186929,2015-10-03T10:17:55.77Z,SJI_1400,0,0
2015-10-03,18186931,2015-10-03T10:17:55.84Z,FUV,0,0
2015-10-03,18186933,2015-10-03T10:18:05.25Z,FUV,0,0
2015-10-03,18186934,2015-10-03T10:18:14.52Z,SJI_2796,0,0
2015-10-03,18186936,2015-10-03T10:18:14.59Z,FUV,0,0
2015-10-03,18186937,2015-10-03T10:18:23.95Z,SJI_1330,0,0
2015-10-03,18186939,2015-10-03T10:18:24.02Z,FUV,0,0
2015-10-03,18186940,2015-10-03T10:18:33.67Z,SJI_1400,0,0
2015-10-03,18186942,2015-10-03T10:18:33.74Z,FUV,0,0
2015-10-03,18186944,2015-10-03T10:18:43.17Z,FUV,0,0
2015-10-03,18186945,2015-10-03T10:18:52.42Z,SJI_2796,0,0
2015-10-03,18186947,2015-10-03T10:18:52.49Z,FUV,0,0
2015-10-03,18186948,2015-10-03T10:19:01.86Z,SJI_1330,0,0
2015-10-03,18186950,2015-10-03T10:19:01.93Z,FUV,0,0
2015-10-03,18186951,2015-10-03T10:19:11.58Z,SJI_1400,0,0
2015-10-03,18186953,2015-10-03T10:19:11.65Z,FUV,0,0
2015-10-03,18186955,2015-10-03T10:19:21.09Z,FUV,0,0
2015-10-03,18186956,2015-10-03T10:19:30.33Z,SJI_2796,0,0
2015-10-03,18186958,2015-10-03T10:19:30.40Z,FUV,0,0
2015-10-03,18186959,2015-10-03T10:19:39.77Z,SJI_1330,0,0
2015-10-03,18186961,2015-10-03T10:19:39.84Z,FUV,0,0
2015-10-03,18186962,2015-10-03T10:19:49.52Z,SJI_1400,0,0
2015-10-03,18186964,2015-10-03T10:19:49.59Z,FUV,0,0
2015-10-03,18186966,2015-10-03T10:19:59.05Z,FUV,0,0
2015-10-03,18186967,2015-10-03T10:20:08.29Z,SJI_2796,0,0
2015-10-03,18186969,2015-10-03T10:20:08.36Z,FUV,0,0
2015-10-03,18186970,2015-10-03T10:20:17.70Z,SJI_1330,0,0
2015-10-03,18186972,2015-10-03T10:20:17.77Z,FUV,0,0
2015-10-03,18186973,2015-10-03T10:20:27.42Z,SJI_1400,0,0
2015-10-03,18186975,2015-10-03T10:20:27.49Z,FUV,0,0
2015-10-03,18186977,2015-10-03T10:20:36.94Z,FUV,0,0
2015-10-03,18186978,2015-10-03T10:20:46.16Z,SJI_2796,0,0
2015-10-03,18186980,2015-10-03T10:20:46.23Z,FUV,0,0
2015-10-03,18186981,2015-10-03T10:20:55.74Z,SJI_1330,0,0
2015-10-03,18186983,2015-10-03T10:20:55.81Z,FUV,0,0
2015-10-03,18186984,2015-10-03T10:21:05.55Z,SJI_1400,0,0
2015-10-03,18186986,2015-10-03T10:21:05.62Z,FUV,0,0
2015-10-03,18186989,2015-10-03T10:21:15.10Z,FUV,0,0
2015-10-03,18186990,2015-10-03T10:21:24.55Z,SJI_2796,0,0
2015-10-03,18186992,2015-10-03T10:21:24.62Z,FUV,0,0
2015-10-03,18186993,2015-10-03T10:21:33.90Z,SJI_1330,0,0
2015-10-03,18186995,2015-10-03T10:21:33.97Z,FUV,0,0
2015-10-03,18186996,2015-10-03T10:21:43.55Z,SJI_1400,0,0
2015-10-03,18186998,2015-10-03T10:21:43.62Z,FUV,0,0
2015-10-03,18187000,2015-10-03T10:21:53.10Z,FUV,0,0
2015-10-03,18187001,2015-10-03T10:22:02.31Z,SJI_2796,0,0
2015-10-03,18187003,2015-10-03T10:22:02.38Z,FUV,0,0
2015-10-03,18187004,2015-10-03T10:22:11.74Z,SJI_1330,0,0
2015-10-03,18187006,2015-10-03T10:22:11.81Z,FUV,0,0
2015-10-03,18187007,2015-10-03T10:22:21.45Z,SJI_1400,0,0
2015-10-03,18187009,2015-10-03T10:22:21.52Z,FUV,0,0
2015-10-03,18187011,2015-10-03T10:22:30.98Z,FUV,0,0
2015-10-03,18187012,2015-10-03T10:22:40.21Z,SJI_2796,0,0
2015-10-03,18187014,2015-10-03T10:22:40.28Z,FUV,0,0
2015-10-03,18187015,2015-10-03T10:22:49.64Z,SJI_1330,0,0
2015-10-03,18187017,2015-10-03T10:22:49.71Z,FUV,0,0
2015-10-03,18187018,2015-10-03T10:22:59.36Z,SJI_1400,0,0
2015-10-03,18187020,2015-10-03T10:22:59.43Z,FUV,0,0
2015-10-03,18187022,2015-10-03T10:23:08.89Z,FUV,0,0
2015-10-03,18187023,2015-10-03T10:23:18.12Z,SJI_2796,0,0
2015-10-03,18187025,2015-10-03T10:23:18.19Z,FUV,0,0
2015-10-03,18187026,2015-10-03T10:23:27.55Z,SJI_1330,0,0
2015-10-03,18187028,2015-10-03T10:23:27.62Z,FUV,0,0
2015-10-03,18187029,2015-10-03T10:23:37.27Z,SJI_1400,0,0
2015-10-03,18187031,2015-10-03T10:23:37.34Z,FUV,0,0
2015-10-03,18187033,2015-10-03T10:23:46.76Z,FUV,0,0
2015-10-03,18187034,2015-10-03T10:23:56.02Z,SJI_2796,0,0
2015-10-03,18187036,2015-10-03T10:23:56.09Z,FUV,0,0
2015-10-03,18187037,2015-10-03T10:24:05.45Z,SJI_1330,0,0
2015-10-03,18187039,2015-10-03T10:24:05.52Z,FUV,0,0
2015-10-03,18187040,2015-10-03T10:24:15.17Z,SJI_1400,0,0
2015-10-03,18187042,2015-10-03T10:24:15.24Z,FUV,0,0
2015-10-03,18187044,2015-10-03T10:24:24.72Z,FUV,0,0
2015-10-03,18187045,2015-10-03T10:24:33.93Z,SJI_2796,0,0
2015-10-03,18187047,2015-10-03T10:24:34.00Z,FUV,0,0
2015-10-03,18187048,2015-10-03T10:24:43.55Z,SJI_1330,0,0
2015-10-03,18187050,2015-10-03T10:24:43.62Z,FUV,0,0
2015-10-03,18187051,2015-10-03T10:24:53.33Z,SJI_1400,0,0
2015-10-03,18187053,2015-10-03T10:24:53.40Z,FUV,0,0
2015-10-03,18187056,2015-10-03T10:25:02.84Z,FUV,0,0
2015-10-03,18187057,2015-10-03T10:25:12.33Z,SJI_2796,0,0
2015-10-03,18187059,2015-10-03T10:25:12.40Z,FUV,0,0
2015-10-03,18187060,2015-10-03T10:25:21.68Z,SJI_1330,0,0
2015-10-03,18187062,2015-10-03T10:25:21.75Z,FUV,0,0
2015-10-03,18187063,2015-10-03T10:25:31.33Z,SJI_1400,0,0
2015-10-03,18187065,2015-10-03T10:25:31.40Z,FUV,0,0
2015-10-03,18187067,2015-10-03T10:25:40.84Z,FUV,0,0
2015-10-03,18187068,2015-10-03T10:25:50.05Z,SJI_2796,0,0
2015-10-03,18187070,2015-10-03T10:25:50.13Z,FUV,0,0
2015-10-03,18187071,2015-10-03T10:25:59.52Z,SJI_1330,0,0
2015-10-03,18187073,2015-10-03T10:25:59.59Z,FUV,0,0
2015-10-03,18187074,2015-10-03T10:26:09.23Z,SJI_1400,0,0
2015-10-03,18187076,2015-10-03T10:26:09.31Z,FUV,0,0
2015-10-03,18187078,2015-10-03T10:26:18.74Z,FUV,0,0
2015-10-03,18187079,2015-10-03T10:26:27.98Z,SJI_2796,0,0
2015-10-03,18187081,2015-10-03T10:26:28.06Z,FUV,0,0
2015-10-03,18187082,2015-10-03T10:26:37.42Z,SJI_1330,0,0
2015-10-03,18187084,2015-10-03T10:26:37.49Z,FUV,0,0
2015-10-03,18187085,2015-10-03T10:26:47.14Z,SJI_1400,0,0
2015-10-03,18187087,2015-10-03T10:26:47.21Z,FUV,0,0
2015-10-03,18187089,2015-10-03T10:26:56.66Z,FUV,0,0
2015-10-03,18187090,2015-10-03T10:27:05.89Z,SJI_2796,0,0
2015-10-03,18187092,2015-10-03T10:27:05.96Z,FUV,0,0
2015-10-03,18187093,2015-10-03T10:27:15.33Z,SJI_1330,0,0
2015-10-03,18187095,2015-10-03T10:27:15.40Z,FUV,0,0
2015-10-03,18187096,2015-10-03T10:27:25.05Z,SJI_1400,0,0
2015-10-03,18187098,2015-10-03T10:27:25.12Z,FUV,0,0
2015-10-03,18187100,2015-10-03T10:27:34.55Z,FUV,0,0
2015-10-03,18187101,2015-10-03T10:27:43.80Z,SJI_2796,0,0
2015-10-03,18187103,2015-10-03T10:27:43.87Z,FUV,0,0
2015-10-03,18187104,2015-10-03T10:27:53.23Z,SJI_1330,0,0
2015-10-03,18187106,2015-10-03T10:27:53.31Z,FUV,0,0
2015-10-03,18187107,2015-10-03T10:28:02.95Z,SJI_1400,0,0
2015-10-03,18187109,2015-10-03T10:28:03.02Z,FUV,0,0
2015-10-03,18187111,2015-10-03T10:28:12.44Z,FUV,0,0
2015-10-03,18187112,2015-10-03T10:28:21.70Z,SJI_2796,0,0
2015-10-03,18187114,2015-10-03T10:28:21.77Z,FUV,0,0
2015-10-03,18187115,2015-10-03T10:28:31.27Z,SJI_1330,0,0
2015-10-03,18187117,2015-10-03T10:28:31.34Z,FUV,0,0
2015-10-03,18187118,2015-10-03T10:28:41.11Z,SJI_1400,0,0
2015-10-03,18187120,2015-10-03T10:28:41.18Z,FUV,0,0
2015-10-03,18187123,2015-10-03T10:28:50.69Z,FUV,0,0
2015-10-03,18187124,2015-10-03T10:29:00.11Z,SJI_2796,0,0
2015-10-03,18187126,2015-10-03T10:29:00.18Z,FUV,0,0
2015-10-03,18187127,2015-10-03T10:29:09.52Z,SJI_1330,0,0
2015-10-03,18187129,2015-10-03T10:29:09.59Z,FUV,0,0
2015-10-03,18187130,2015-10-03T10:29:19.08Z,SJI_1400,0,0
2015-10-03,18187132,2015-10-03T10:29:19.15Z,FUV,0,0
2015-10-03,18187134,2015-10-03T10:29:28.58Z,FUV,0,0
2015-10-03,18187135,2015-10-03T10:29:37.83Z,SJI_2796,0,0
2015-10-03,18187137,2015-10-03T10:29:37.90Z,FUV,0,0
2015-10-03,18187138,2015-10-03T10:29:47.27Z,SJI_1330,0,0
2015-10-03,18187140,2015-10-03T10:29:47.34Z,FUV,0,0
2015-10-03,18187141,2015-10-03T10:29:57.02Z,SJI_1400,0,0
2015-10-03,18187143,2015-10-03T10:29:57.09Z,FUV,0,0
2015-10-03,18187145,2015-10-03T10:30:06.54Z,FUV,0,0
2015-10-03,18187146,2015-10-03T10:30:15.77Z,SJI_2796,0,0
2015-10-03,18187148,2015-10-03T10:30:15.84Z,FUV,0,0
2015-10-03,18187149,2015-10-03T10:30:25.20Z,SJI_1330,0,0
2015-10-03,18187151,2015-10-03T10:30:25.28Z,FUV,0,0
2015-10-03,18187152,2015-10-03T10:30:34.92Z,SJI_1400,0,0
2015-10-03,18187154,2015-10-03T10:30:34.99Z,FUV,0,0
2015-10-03,18187156,2015-10-03T10:30:44.44Z,FUV,0,0
2015-10-03,18187157,2015-10-03T10:30:53.64Z,SJI_2796,0,0
2015-10-03,18187159,2015-10-03T10:30:53.71Z,FUV,0,0
2015-10-03,18187160,2015-10-03T10:31:03.11Z,SJI_1330,0,0
2015-10-03,18187162,2015-10-03T10:31:03.18Z,FUV,0,0
2015-10-03,18187163,2015-10-03T10:31:12.83Z,SJI_1400,0,0
2015-10-03,18187165,2015-10-03T10:31:12.90Z,FUV,0,0
2015-10-03,18187167,2015-10-03T10:31:22.37Z,FUV,0,0
2015-10-03,18187168,2015-10-03T10:31:31.62Z,SJI_2796,0,0
2015-10-03,18187170,2015-10-03T10:31:31.69Z,FUV,0,0
2015-10-03,18187171,2015-10-03T10:31:41.02Z,SJI_1330,0,0
2015-10-03,18187173,2015-10-03T10:31:41.09Z,FUV,0,0
2015-10-03,18187174,2015-10-03T10:31:50.73Z,SJI_1400,0,0
2015-10-03,18187176,2015-10-03T10:31:50.81Z,FUV,0,0
2015-10-03,18187178,2015-10-03T10:32:00.22Z,FUV,0,0
2015-10-03,18187179,2015-10-03T10:32:09.48Z,SJI_2796,0,0
2015-10-03,18187181,2015-10-03T10:32:09.56Z,FUV,0,0
2015-10-03,18187182,2015-10-03T10:32:19.07Z,SJI_1330,0,0
2015-10-03,18187184,2015-10-03T10:32:19.14Z,FUV,0,0
2015-10-03,18187185,2015-10-03T10:32:28.89Z,SJI_1400,0,0
2015-10-03,18187187,2015-10-03T10:32:28.96Z,FUV,0,0
2015-10-03,18187190,2015-10-03T10:32:38.44Z,FUV,0,0
2015-10-03,18187191,2015-10-03T10:32:47.86Z,SJI_2796,0,0
2015-10-03,18187193,2015-10-03T10:32:47.93Z,FUV,0,0
2015-10-03,18187194,2015-10-03T10:32:57.24Z,SJI_1330,0,0
2015-10-03,18187196,2015-10-03T10:32:57.31Z,FUV,0,0
2015-10-03,18187197,2015-10-03T10:33:06.86Z,SJI_1400,0,0
2015-10-03,18187199,2015-10-03T10:33:06.93Z,FUV,0,0
2015-10-03,18187201,2015-10-03T10:33:16.36Z,FUV,0,0
2015-10-03,18187202,2015-10-03T10:33:25.61Z,SJI_2796,0,0
2015-10-03,18187204,2015-10-03T10:33:25.69Z,FUV,0,0
2015-10-03,18187205,2015-10-03T10:33:35.05Z,SJI_1330,0,0
2015-10-03,18187207,2015-10-03T10:33:35.12Z,FUV,0,0
2015-10-03,18187208,2015-10-03T10:33:44.77Z,SJI_1400,0,0
2015-10-03,18187210,2015-10-03T10:33:44.84Z,FUV,0,0
2015-10-03,18187212,2015-10-03T10:33:54.29Z,FUV,0,0
2015-10-03,18187213,2015-10-03T10:34:03.52Z,SJI_2796,0,0
2015-10-03,18187215,2015-10-03T10:34:03.59Z,FUV,0,0
2015-10-03,18187216,2015-10-03T10:34:12.95Z,SJI_1330,0,0
2015-10-03,18187218,2015-10-03T10:34:13.03Z,FUV,0,0
2015-10-03,18187219,2015-10-03T10:34:22.67Z,SJI_1400,0,0
2015-10-03,18187221,2015-10-03T10:34:22.74Z,FUV,0,0
2015-10-03,18187223,2015-10-03T10:34:32.18Z,FUV,0,0
2015-10-03,18187224,2015-10-03T10:34:41.42Z,SJI_2796,0,0
2015-10-03,18187226,2015-10-03T10:34:41.49Z,FUV,0,0
2015-10-03,18187227,2015-10-03T10:34:50.86Z,SJI_1330,0,0
2015-10-03,18187229,2015-10-03T10:34:50.93Z,FUV,0,0
2015-10-03,18187230,2015-10-03T10:35:00.61Z,SJI_1400,0,0
2015-10-03,18187232,2015-10-03T10:35:00.69Z,FUV,0,0
2015-10-03,18187234,2015-10-03T10:35:10.15Z,FUV,0,0
2015-10-03,18187235,2015-10-03T10:35:19.38Z,SJI_2796,0,0
2015-10-03,18187237,2015-10-03T10:35:19.45Z,FUV,0,0
2015-10-03,18187238,2015-10-03T10:35:28.80Z,SJI_1330,0,0
2015-10-03,18187240,2015-10-03T10:35:28.87Z,FUV,0,0
2015-10-03,18187241,2015-10-03T10:35:38.52Z,SJI_1400,0,0
2015-10-03,18187243,2015-10-03T10:35:38.59Z,FUV,0,0
2015-10-03,18187245,2015-10-03T10:35:48.01Z,FUV,0,0
2015-10-03,18187246,2015-10-03T10:35:57.24Z,SJI_2796,0,0
2015-10-03,18187248,2015-10-03T10:35:57.31Z,FUV,0,0
2015-10-03,18187249,2015-10-03T10:36:06.80Z,SJI_1330,0,0
2015-10-03,18187251,2015-10-03T10:36:06.87Z,FUV,0,0
2015-10-03,18187252,2015-10-03T10:36:16.64Z,SJI_1400,0,0
2015-10-03,18187254,2015-10-03T10:36:16.71Z,FUV,0,0
2015-10-03,18187257,2015-10-03T10:36:26.21Z,FUV,0,0
2015-10-03,18187258,2015-10-03T10:36:35.64Z,SJI_2796,0,0
2015-10-03,18187260,2015-10-03T10:36:35.71Z,FUV,0,0
2015-10-03,18187261,2015-10-03T10:36:44.99Z,SJI_1330,0,0
2015-10-03,18187263,2015-10-03T10:36:45.06Z,FUV,0,0
2015-10-03,18187264,2015-10-03T10:36:54.64Z,SJI_1400,0,0
2015-10-03,18187266,2015-10-03T10:36:54.71Z,FUV,0,0
2015-10-03,18187268,2015-10-03T10:37:04.14Z,FUV,0,0
2015-10-03,18187269,2015-10-03T10:37:13.39Z,SJI_2796,0,0
2015-10-03,18187271,2015-10-03T10:37:13.46Z,FUV,0,0
2015-10-03,18187272,2015-10-03T10:37:22.83Z,SJI_1330,0,0
2015-10-03,18187274,2015-10-03T10:37:22.90Z,FUV,0,0
2015-10-03,18187275,2015-10-03T10:37:32.55Z,SJI_1400,0,0
2015-10-03,18187277,2015-10-03T10:37:32.62Z,FUV,0,0
2015-10-03,18187279,2015-10-03T10:37:42.06Z,FUV,0,0
2015-10-03,18187280,2015-10-03T10:37:51.30Z,SJI_2796,0,0
2015-10-03,18187282,2015-10-03T10:37:51.37Z,FUV,0,0
2015-10-03,18187283,2015-10-03T10:38:00.73Z,SJI_1330,0,0
2015-10-03,18187285,2015-10-03T10:38:00.81Z,FUV,0,0
2015-10-03,18187286,2015-10-03T10:38:10.45Z,SJI_1400,0,0
2015-10-03,18187288,2015-10-03T10:38:10.52Z,FUV,0,0
2015-10-03,18187290,2015-10-03T10:38:19.97Z,FUV,0,0
2015-10-03,18187291,2015-10-03T10:38:29.21Z,SJI_2796,0,0
2015-10-03,18187293,2015-10-03T10:38:29.28Z,FUV,0,0
2015-10-03,18187294,2015-10-03T10:38:38.64Z,SJI_1330,0,0
2015-10-03,18187296,2015-10-03T10:38:38.71Z,FUV,0,0
2015-10-03,18187297,2015-10-03T10:38:48.36Z,SJI_1400,0,0
2015-10-03,18187299,2015-10-03T10:38:48.43Z,FUV,0,0
2015-10-03,18187301,2015-10-03T10:38:57.88Z,FUV,0,0
2015-10-03,18187302,2015-10-03T10:39:07.11Z,SJI_2796,0,0
2015-10-03,18187304,2015-10-03T10:39:07.18Z,FUV,0,0
2015-10-03,18187305,2015-10-03T10:39:16.55Z,SJI_1330,0,0
2015-10-03,18187307,2015-10-03T10:39:16.62Z,FUV,0,0
2015-10-03,18187308,2015-10-03T10:39:26.27Z,SJI_1400,0,0
2015-10-03,18187310,2015-10-03T10:39:26.34Z,FUV,0,0
2015-10-03,18187312,2015-10-03T10:39:35.80Z,FUV,0,0
2015-10-03,18187313,2015-10-03T10:39:45.02Z,SJI_2796,0,0
2015-10-03,18187315,2015-10-03T10:39:45.09Z,FUV,0,0
2015-10-03,18187316,2015-10-03T10:39:54.65Z,SJI_1330,0,0
2015-10-03,18187318,2015-10-03T10:39:54.72Z,FUV,0,0
2015-10-03,18187319,2015-10-03T10:40:04.42Z,SJI_1400,0,0
2015-10-03,18187321,2015-10-03T10:40:04.49Z,FUV,0,0
2015-10-03,18187324,2015-10-03T10:40:13.92Z,FUV,0,0
2015-10-03,18187325,2015-10-03T10:40:23.42Z,SJI_2796,0,0
2015-10-03,18187327,2015-10-03T10:40:23.49Z,FUV,0,0
2015-10-03,18187328,2015-10-03T10:40:32.79Z,SJI_1330,0,0
2015-10-03,18187330,2015-10-03T10:40:32.86Z,FUV,0,0
2015-10-03,18187331,2015-10-03T10:40:42.42Z,SJI_1400,0,0
2015-10-03,18187333,2015-10-03T10:40:42.49Z,FUV,0,0
2015-10-03,18187335,2015-10-03T10:40:51.94Z,FUV,0,0
2015-10-03,18187336,2015-10-03T10:41:01.17Z,SJI_2796,0,0
2015-10-03,18187338,2015-10-03T10:41:01.24Z,FUV,0,0
2015-10-03,18187339,2015-10-03T10:41:10.61Z,SJI_1330,0,0
2015-10-03,18187341,2015-10-03T10:41:10.69Z,FUV,0,0
2015-10-03,18187342,2015-10-03T10:41:20.33Z,SJI_1400,0,0
2015-10-03,18187344,2015-10-03T10:41:20.40Z,FUV,0,0
2015-10-03,18187346,2015-10-03T10:41:29.86Z,FUV,0,0
2015-10-03,18187347,2015-10-03T10:41:39.11Z,SJI_2796,0,0
2015-10-03,18187349,2015-10-03T10:41:39.18Z,FUV,0,0
2015-10-03,18187350,2015-10-03T10:41:48.52Z,SJI_1330,0,0
2015-10-03,18187352,2015-10-03T10:41:48.59Z,FUV,0,0
2015-10-03,18187353,2015-10-03T10:41:58.23Z,SJI_1400,0,0
2015-10-03,18187355,2015-10-03T10:41:58.31Z,FUV,0,0
2015-10-03,18187357,2015-10-03T10:42:07.75Z,FUV,0,0
2015-10-03,18187358,2015-10-03T10:42:16.99Z,SJI_2796,0,0
2015-10-03,18187360,2015-10-03T10:42:17.06Z,FUV,0,0
2015-10-03,18187361,2015-10-03T10:42:26.42Z,SJI_1330,0,0
2015-10-03,18187363,2015-10-03T10:42:26.49Z,FUV,0,0
2015-10-03,18187364,2015-10-03T10:42:36.14Z,SJI_1400,0,0
2015-10-03,18187366,2015-10-03T10:42:36.21Z,FUV,0,0
2015-10-03,18187368,2015-10-03T10:42:45.66Z,FUV,0,0
2015-10-03,18187369,2015-10-03T10:42:54.89Z,SJI_2796,0,0
2015-10-03,18187371,2015-10-03T10:42:54.96Z,FUV,0,0
2015-10-03,18187372,2015-10-03T10:43:04.33Z,SJI_1330,0,0
2015-10-03,18187374,2015-10-03T10:43:04.40Z,FUV,0,0
2015-10-03,18187375,2015-10-03T10:43:14.05Z,SJI_1400,0,0
2015-10-03,18187377,2015-10-03T10:43:14.12Z,FUV,0,0
2015-10-03,18187379,2015-10-03T10:43:23.59Z,FUV,0,0
2015-10-03,18187380,2015-10-03T10:43:32.86Z,SJI_2796,0,0
2015-10-03,18187382,2015-10-03T10:43:32.93Z,FUV,0,0
2015-10-03,18187383,2015-10-03T10:43:42.47Z,SJI_1330,0,0
2015-10-03,18187385,2015-10-03T10:43:42.54Z,FUV,0,0
2015-10-03,18187386,2015-10-03T10:43:52.20Z,SJI_1400,0,0
2015-10-03,18187388,2015-10-03T10:43:52.27Z,FUV,0,0
2015-10-03,18187391,2015-10-03T10:44:01.69Z,FUV,0,0
2015-10-03,18187392,2015-10-03T10:44:11.20Z,SJI_2796,0,0
2015-10-03,18187394,2015-10-03T10:44:11.27Z,FUV,0,0
2015-10-03,18187395,2015-10-03T10:44:20.55Z,SJI_1330,0,0
2015-10-03,18187397,2015-10-03T10:44:20.62Z,FUV,0,0
2015-10-03,18187398,2015-10-03T10:44:30.17Z,SJI_1400,0,0
2015-10-03,18187400,2015-10-03T10:44:30.24Z,FUV,0,0
2015-10-03,18187402,2015-10-03T10:44:39.69Z,FUV,0,0
2015-10-03,18187403,2015-10-03T10:44:48.92Z,SJI_2796,0,0
2015-10-03,18187405,2015-10-03T10:44:48.99Z,FUV,0,0
2015-10-03,18187406,2015-10-03T10:44:58.36Z,SJI_1330,0,0
2015-10-03,18187408,2015-10-03T10:44:58.43Z,FUV,0,0
2015-10-03,18187409,2015-10-03T10:45:08.11Z,SJI_1400,0,0
2015-10-03,18187411,2015-10-03T10:45:08.18Z,FUV,0,0
2015-10-03,18187413,2015-10-03T10:45:17.65Z,FUV,0,0
2015-10-03,18187414,2015-10-03T10:45:26.91Z,SJI_2796,0,0
2015-10-03,18187416,2015-10-03T10:45:26.98Z,FUV,0,0
2015-10-03,18187417,2015-10-03T10:45:36.30Z,SJI_1330,0,0
2015-10-03,18187419,2015-10-03T10:45:36.37Z,FUV,0,0
2015-10-03,18187420,2015-10-03T10:45:46.02Z,SJI_1400,0,0
2015-10-03,18187422,2015-10-03T10:45:46.09Z,FUV,0,0
2015-10-03,18187424,2015-10-03T10:45:55.51Z,FUV,0,0
2015-10-03,18187425,2015-10-03T10:46:04.74Z,SJI_2796,0,0
2015-10-03,18187427,2015-10-03T10:46:04.81Z,FUV,0,0
2015-10-03,18187428,2015-10-03T10:46:14.20Z,SJI_1330,0,0
2015-10-03,18187430,2015-10-03T10:46:14.27Z,FUV,0,0
2015-10-03,18187431,2015-10-03T10:46:23.92Z,SJI_1400,0,0
2015-10-03,18187433,2015-10-03T10:46:23.99Z,FUV,0,0
2015-10-03,18187435,2015-10-03T10:46:33.44Z,FUV,0,0
2015-10-03,18187436,2015-10-03T10:46:42.67Z,SJI_2796,0,0
2015-10-03,18187438,2015-10-03T10:46:42.74Z,FUV,0,0
2015-10-03,18187439,2015-10-03T10:46:52.11Z,SJI_1330,0,0
2015-10-03,18187441,2015-10-03T10:46:52.18Z,FUV,0,0
2015-10-03,18187442,2015-10-03T10:47:01.83Z,SJI_1400,0,0
2015-10-03,18187444,2015-10-03T10:47:01.90Z,FUV,0,0
2015-10-03,18187446,2015-10-03T10:47:11.37Z,FUV,0,0
2015-10-03,18187447,2015-10-03T10:47:20.62Z,SJI_2796,0,0
2015-10-03,18187449,2015-10-03T10:47:20.69Z,FUV,0,0
2015-10-03,18187450,2015-10-03T10:47:30.23Z,SJI_1330,0,0
2015-10-03,18187452,2015-10-03T10:47:30.31Z,FUV,0,0
2015-10-03,18187453,2015-10-03T10:47:39.98Z,SJI_1400,0,0
2015-10-03,18187455,2015-10-03T10:47:40.06Z,FUV,0,0
2015-10-03,18187458,2015-10-03T10:47:49.47Z,FUV,0,0
2015-10-03,18187459,2015-10-03T10:47:58.95Z,SJI_2796,0,0
2015-10-03,18187461,2015-10-03T10:47:59.02Z,FUV,0,0
2015-10-03,18187462,2015-10-03T10:48:08.31Z,SJI_1330,0,0
2015-10-03,18187464,2015-10-03T10:48:08.38Z,FUV,0,0
2015-10-03,18187465,2015-10-03T10:48:17.95Z,SJI_1400,0,0
2015-10-03,18187467,2015-10-03T10:48:18.02Z,FUV,0,0
2015-10-03,18187469,2015-10-03T10:48:27.46Z,FUV,0,0
2015-10-03,18187470,2015-10-03T10:48:36.70Z,SJI_2796,0,0
2015-10-03,18187472,2015-10-03T10:48:36.78Z,FUV,0,0
2015-10-03,18187473,2015-10-03T10:48:46.14Z,SJI_1330,0,0
2015-10-03,18187475,2015-10-03T10:48:46.21Z,FUV,0,0
2015-10-03,18187476,2015-10-03T10:48:55.86Z,SJI_1400,0,0
2015-10-03,18187478,2015-10-03T10:48:55.93Z,FUV,0,0
2015-10-03,18187480,2015-10-03T10:49:05.34Z,FUV,0,0
2015-10-03,18187481,2015-10-03T10:49:14.61Z,SJI_2796,0,0
2015-10-03,18187483,2015-10-03T10:49:14.68Z,FUV,0,0
2015-10-03,18187484,2015-10-03T10:49:24.05Z,SJI_1330,0,0
2015-10-03,18187486,2015-10-03T10:49:24.12Z,FUV,0,0
2015-10-03,18187487,2015-10-03T10:49:33.77Z,SJI_1400,0,0
2015-10-03,18187489,2015-10-03T10:49:33.84Z,FUV,0,0
2015-10-03,18187491,2015-10-03T10:49:43.27Z,FUV,0,0
2015-10-03,18187492,2015-10-03T10:49:52.52Z,SJI_2796,0,0
2015-10-03,18187494,2015-10-03T10:49:52.59Z,FUV,0,0
2015-10-03,18187495,2015-10-03T10:50:01.95Z,SJI_1330,0,0
2015-10-03,18187497,2015-10-03T10:50:02.02Z,FUV,0,0
2015-10-03,18187498,2015-10-03T10:50:11.70Z,SJI_1400,0,0
2015-10-03,18187500,2015-10-03T10:50:11.77Z,FUV,0,0
2015-10-03,18187502,2015-10-03T10:50:21.19Z,FUV,0,0
2015-10-03,18187503,2015-10-03T10:50:30.43Z,SJI_2796,0,0
2015-10-03,18187505,2015-10-03T10:50:30.50Z,FUV,0,0
2015-10-03,18187506,2015-10-03T10:50:39.89Z,SJI_1330,0,0
2015-10-03,18187508,2015-10-03T10:50:39.96Z,FUV,0,0
2015-10-03,18187509,2015-10-03T10:50:49.61Z,SJI_1400,0,0
2015-10-03,18187511,2015-10-03T10:50:49.68Z,FUV,0,0
2015-10-03,18187513,2015-10-03T10:50:59.12Z,FUV,0,0
2015-10-03,18187514,2015-10-03T10:51:08.33Z,SJI_2796,0,0
2015-10-03,18187516,2015-10-03T10:51:08.40Z,FUV,0,0
2015-10-03,18187517,2015-10-03T10:51:17.92Z,SJI_1330,0,0
2015-10-03,18187519,2015-10-03T10:51:17.99Z,FUV,0,0
2015-10-03,18187520,2015-10-03T10:51:27.73Z,SJI_1400,0,0
2015-10-03,18187522,2015-10-03T10:51:27.81Z,FUV,0,0
2015-10-03,18187525,2015-10-03T10:51:37.27Z,FUV,0,0
2015-10-03,18187526,2015-10-03T10:51:46.73Z,SJI_2796,0,0
2015-10-03,18187528,2015-10-03T10:51:46.81Z,FUV,0,0
2015-10-03,18187529,2015-10-03T10:51:56.12Z,SJI_1330,0,0
2015-10-03,18187531,2015-10-03T10:51:56.19Z,FUV,0,0
2015-10-03,18187532,2015-10-03T10:52:05.73Z,SJI_1400,0,0
2015-10-03,18187534,2015-10-03T10:52:05.81Z,FUV,0,0
2015-10-03,18187536,2015-10-03T10:52:15.25Z,FUV,0,0
2015-10-03,18187537,2015-10-03T10:52:24.49Z,SJI_2796,0,0
2015-10-03,18187539,2015-10-03T10:52:24.56Z,FUV,0,0
2015-10-03,18187540,2015-10-03T10:52:33.92Z,SJI_1330,0,0
2015-10-03,18187542,2015-10-03T10:52:33.99Z,FUV,0,0
2015-10-03,18187543,2015-10-03T10:52:43.64Z,SJI_1400,0,0
2015-10-03,18187545,2015-10-03T10:52:43.71Z,FUV,0,0
2015-10-03,18187547,2015-10-03T10:52:53.18Z,FUV,0,0
2015-10-03,18187548,2015-10-03T10:53:02.43Z,SJI_2796,0,0
2015-10-03,18187550,2015-10-03T10:53:02.50Z,FUV,0,0
2015-10-03,18187551,2015-10-03T10:53:11.84Z,SJI_1330,0,0
2015-10-03,18187553,2015-10-03T10:53:11.91Z,FUV,0,0
2015-10-03,18187554,2015-10-03T10:53:21.55Z,SJI_1400,0,0
2015-10-03,18187556,2015-10-03T10:53:21.62Z,FUV,0,0
2015-10-03,18187558,2015-10-03T10:53:31.04Z,FUV,0,0
2015-10-03,18187559,2015-10-03T10:53:40.30Z,SJI_2796,0,0
2015-10-03,18187561,2015-10-03T10:53:40.37Z,FUV,0,0
2015-10-03,18187562,2015-10-03T10:53:49.73Z,SJI_1330,0,0
2015-10-03,18187564,2015-10-03T10:53:49.81Z,FUV,0,0
2015-10-03,18187565,2015-10-03T10:53:59.45Z,SJI_1400,0,0
2015-10-03,18187567,2015-10-03T10:53:59.52Z,FUV,0,0
2015-10-03,18187569,2015-10-03T10:54:08.97Z,FUV,0,0
2015-10-03,18187570,2015-10-03T10:54:18.20Z,SJI_2796,0,0
2015-10-03,18187572,2015-10-03T10:54:18.27Z,FUV,0,0
2015-10-03,18187573,2015-10-03T10:54:27.64Z,SJI_1330,0,0
2015-10-03,18187575,2015-10-03T10:54:27.71Z,FUV,0,0
2015-10-03,18187576,2015-10-03T10:54:37.36Z,SJI_1400,0,0
2015-10-03,18187578,2015-10-03T10:54:37.43Z,FUV,0,0
2015-10-03,18187580,2015-10-03T10:54:46.84Z,FUV,0,0
2015-10-03,18187581,2015-10-03T10:54:56.11Z,SJI_2796,0,0
2015-10-03,18187583,2015-10-03T10:54:56.18Z,FUV,0,0
2015-10-03,18187584,2015-10-03T10:55:05.73Z,SJI_1330,0,0
2015-10-03,18187586,2015-10-03T10:55:05.81Z,FUV,0,0
2015-10-03,18187587,2015-10-03T10:55:15.52Z,SJI_1400,0,0
2015-10-03,18187589,2015-10-03T10:55:15.59Z,FUV,0,0
2015-10-03,18187592,2015-10-03T10:55:25.06Z,FUV,0,0
2015-10-03,18187593,2015-10-03T10:55:34.52Z,SJI_2796,0,0
2015-10-03,18187595,2015-10-03T10:55:34.59Z,FUV,0,0
2015-10-03,18187596,2015-10-03T10:55:43.87Z,SJI_1330,0,0
2015-10-03,18187598,2015-10-03T10:55:43.95Z,FUV,0,0
2015-10-03,18187599,2015-10-03T10:55:53.52Z,SJI_1400,0,0
2015-10-03,18187601,2015-10-03T10:55:53.59Z,FUV,0,0
2015-10-03,18187603,2015-10-03T10:56:03.00Z,FUV,0,0
2015-10-03,18187604,2015-10-03T10:56:12.24Z,SJI_2796,0,0
2015-10-03,18187606,2015-10-03T10:56:12.31Z,FUV,0,0
2015-10-03,18187607,2015-10-03T10:56:21.70Z,SJI_1330,0,0
2015-10-03,18187609,2015-10-03T10:56:21.77Z,FUV,0,0
2015-10-03,18187610,2015-10-03T10:56:31.42Z,SJI_1400,0,0
2015-10-03,18187612,2015-10-03T10:56:31.49Z,FUV,0,0
2015-10-03,18187614,2015-10-03T10:56:40.94Z,FUV,0,0
2015-10-03,18187615,2015-10-03T10:56:50.17Z,SJI_2796,0,0
2015-10-03,18187617,2015-10-03T10:56:50.24Z,FUV,0,0
2015-10-03,18187618,2015-10-03T10:56:59.61Z,SJI_1330,0,0
2015-10-03,18187620,2015-10-03T10:56:59.68Z,FUV,0,0
2015-10-03,18187621,2015-10-03T10:57:09.33Z,SJI_1400,0,0
2015-10-03,18187623,2015-10-03T10:57:09.40Z,FUV,0,0
2015-10-03,18187625,2015-10-03T10:57:18.89Z,FUV,0,0
2015-10-03,18187626,2015-10-03T10:57:28.16Z,SJI_2796,0,0
2015-10-03,18187628,2015-10-03T10:57:28.23Z,FUV,0,0
2015-10-03,18187629,2015-10-03T10:57:37.54Z,SJI_1330,0,0
2015-10-03,18187631,2015-10-03T10:57:37.61Z,FUV,0,0
2015-10-03,18187632,2015-10-03T10:57:47.23Z,SJI_1400,0,0
2015-10-03,18187634,2015-10-03T10:57:47.31Z,FUV,0,0
2015-10-03,18187636,2015-10-03T10:57:56.73Z,FUV,0,0
2015-10-03,18187637,2015-10-03T10:58:05.98Z,SJI_2796,0,0
2015-10-03,18187639,2015-10-03T10:58:06.06Z,FUV,0,0
2015-10-03,18187640,2015-10-03T10:58:15.42Z,SJI_1330,0,0
2015-10-03,18187642,2015-10-03T10:58:15.50Z,FUV,0,0
2015-10-03,18187643,2015-10-03T10:58:25.14Z,SJI_1400,0,0
2015-10-03,18187645,2015-10-03T10:58:25.21Z,FUV,0,0
2015-10-03,18187647,2015-10-03T10:58:34.66Z,FUV,0,0
2015-10-03,18187648,2015-10-03T10:58:43.92Z,SJI_2796,0,0
2015-10-03,18187650,2015-10-03T10:58:43.99Z,FUV,0,0
2015-10-03,18187651,2015-10-03T10:58:53.56Z,SJI_1330,0,0
2015-10-03,18187653,2015-10-03T10:58:53.63Z,FUV,0,0
2015-10-03,18187654,2015-10-03T10:59:03.30Z,SJI_1400,0,0
2015-10-03,18187656,2015-10-03T10:59:03.37Z,FUV,0,0
2015-10-03,18187659,2015-10-03T10:59:12.82Z,FUV,0,0
2015-10-03,18187660,2015-10-03T10:59:22.30Z,SJI_2796,0,0
2015-10-03,18187662,2015-10-03T10:59:22.37Z,FUV,0,0
2015-10-03,18187663,2015-10-03T10:59:31.66Z,SJI_1330,0,0
2015-10-03,18187665,2015-10-03T10:59:31.73Z,FUV,0,0
2015-10-03,18187666,2015-10-03T10:59:41.27Z,SJI_1400,0,0
2015-10-03,18187668,2015-10-03T10:59:41.34Z,FUV,0,0
2015-10-03,18187670,2015-10-03T10:59:50.75Z,FUV,0,0
2015-10-03,18187671,2015-10-03T11:00:00.02Z,SJI_2796,0,0
2015-10-03,18187673,2015-10-03T11:00:00.09Z,FUV,0,0
2015-10-03,18187674,2015-10-03T11:00:09.46Z,SJI_1330,0,0
2015-10-03,18187676,2015-10-03T11:00:09.53Z,FUV,0,0
2015-10-03,18187677,2015-10-03T11:00:19.20Z,SJI_1400,0,0
2015-10-03,18187679,2015-10-03T11:00:19.27Z,FUV,0,0
2015-10-03,18187681,2015-10-03T11:00:28.75Z,FUV,0,0
2015-10-03,18187682,2015-10-03T11:00:38.02Z,SJI_2796,0,0
2015-10-03,18187684,2015-10-03T11:00:38.09Z,FUV,0,0
2015-10-03,18187685,2015-10-03T11:00:47.39Z,SJI_1330,0,0
2015-10-03,18187687,2015-10-03T11:00:47.46Z,FUV,0,0
2015-10-03,18187688,2015-10-03T11:00:57.11Z,SJI_1400,0,0
2015-10-03,18187690,2015-10-03T11:00:57.18Z,FUV,0,0
2015-10-03,18187692,2015-10-03T11:01:06.62Z,FUV,0,0
2015-10-03,18187693,2015-10-03T11:01:15.84Z,SJI_2796,0,0
2015-10-03,18187695,2015-10-03T11:01:15.91Z,FUV,0,0
2015-10-03,18187696,2015-10-03T11:01:25.30Z,SJI_1330,0,0
2015-10-03,18187698,2015-10-03T11:01:25.37Z,FUV,0,0
2015-10-03,18187699,2015-10-03T11:01:35.02Z,SJI_1400,0,0
2015-10-03,18187701,2015-10-03T11:01:35.09Z,FUV,0,0
2015-10-03,18187703,2015-10-03T11:01:44.52Z,FUV,0,0
2015-10-03,18187704,2015-10-03T11:01:53.79Z,SJI_2796,0,0
2015-10-03,18187706,2015-10-03T11:01:53.86Z,FUV,0,0
2015-10-03,18187707,2015-10-03T11:02:03.20Z,SJI_1330,0,0
2015-10-03,18187709,2015-10-03T11:02:03.27Z,FUV,0,0
2015-10-03,18187710,2015-10-03T11:02:12.92Z,SJI_1400,0,0
2015-10-03,18187712,2015-10-03T11:02:12.99Z,FUV,0,0
2015-10-03,18187714,2015-10-03T11:02:22.43Z,FUV,0,0
2016-01-02,20040940,2016-01-02T05:38:25.77Z,SJI_1330,0,0
2016-01-02,20040942,2016-01-02T05:38:25.84Z,FUV,0,0
2016-01-02,20040943,2016-01-02T05:38:35.39Z,SJI_2796,0,0
2016-01-02,20040945,2016-01-02T05:38:35.46Z,FUV,0,0
2016-01-02,20040946,2016-01-02T05:38:44.98Z,SJI_2832,0,0
2016-01-02,20040948,2016-01-02T05:38:45.06Z,FUV,0,0
2016-01-02,20040949,2016-01-02T05:38:54.34Z,SJI_1400,0,0
2016-01-02,20040951,2016-01-02T05:38:54.41Z,FUV,0,0
2016-01-02,20040952,2016-01-02T05:39:04.02Z,SJI_1330,0,0
2016-01-02,20040954,2016-01-02T05:39:04.09Z,FUV,0,0
2016-01-02,20040955,2016-01-02T05:39:13.61Z,SJI_2796,0,0
2016-01-02,20040957,2016-01-02T05:39:13.68Z,FUV,0,0
2016-01-02,20040958,2016-01-02T05:39:23.20Z,SJI_2832,0,0
2016-01-02,20040960,2016-01-02T05:39:23.27Z,FUV,0,0
2016-01-02,20040961,2016-01-02T05:39:32.56Z,SJI_1400,0,0
2016-01-02,20040963,2016-01-02T05:39:32.63Z,FUV,0,0
2016-01-02,20040964,2016-01-02T05:39:42.29Z,SJI_1330,0,0
2016-01-02,20040966,2016-01-02T05:39:42.36Z,FUV,0,0
2016-01-02,20040967,2016-01-02T05:39:51.83Z,SJI_2796,0,0
2016-01-02,20040969,2016-01-02T05:39:51.90Z,FUV,0,0
2016-01-02,20040970,2016-01-02T05:40:01.42Z,SJI_2832,0,0
2016-01-02,20040972,2016-01-02T05:40:01.49Z,FUV,0,0
2016-01-02,20040973,2016-01-02T05:40:10.74Z,SJI_1400,0,0
2016-01-02,20040975,2016-01-02T05:40:10.81Z,FUV,0,0
2016-01-02,20040976,2016-01-02T05:40:20.42Z,SJI_1330,0,0
2016-01-02,20040978,2016-01-02T05:40:20.49Z,FUV,0,0
2016-01-02,20040979,2016-01-02T05:40:30.05Z,SJI_2796,0,0
2016-01-02,20040981,2016-01-02T05:40:30.12Z,FUV,0,0
2016-01-02,20040982,2016-01-02T05:40:39.64Z,SJI_2832,0,0
2016-01-02,20040984,2016-01-02T05:40:39.71Z,FUV,0,0
2016-01-02,20040985,2016-01-02T05:40:48.99Z,SJI_1400,0,0
2016-01-02,20040987,2016-01-02T05:40:49.06Z,FUV,0,0
2016-01-02,20040988,2016-01-02T05:40:58.66Z,SJI_1330,0,0
2016-01-02,20040990,2016-01-02T05:40:58.73Z,FUV,0,0
2016-01-02,20040991,2016-01-02T05:41:08.27Z,SJI_2796,0,0
2016-01-02,20040993,2016-01-02T05:41:08.34Z,FUV,0,0
2016-01-02,20040994,2016-01-02T05:41:17.86Z,SJI_2832,0,0
2016-01-02,20040996,2016-01-02T05:41:17.93Z,FUV,0,0
2016-01-02,20040997,2016-01-02T05:41:27.21Z,SJI_1400,0,0
2016-01-02,20040999,2016-01-02T05:41:27.28Z,FUV,0,0
2016-01-02,20041000,2016-01-02T05:41:36.90Z,SJI_1330,0,0
2016-01-02,20041002,2016-01-02T05:41:36.97Z,FUV,0,0
2016-01-02,20041003,2016-01-02T05:41:46.48Z,SJI_2796,0,0
2016-01-02,20041005,2016-01-02T05:41:46.56Z,FUV,0,0
2016-01-02,20041006,2016-01-02T05:41:56.08Z,SJI_2832,0,0
2016-01-02,20041008,2016-01-02T05:41:56.15Z,FUV,0,0
2016-01-02,20041009,2016-01-02T05:42:05.43Z,SJI_1400,0,0
2016-01-02,20041011,2016-01-02T05:42:05.50Z,FUV,0,0
2016-01-02,20041012,2016-01-02T05:42:15.12Z,SJI_1330,0,0
2016-01-02,20041014,2016-01-02T05:42:15.19Z,FUV,0,0
2016-01-02,20041015,2016-01-02T05:42:24.70Z,SJI_2796,0,0
2016-01-02,20041017,2016-01-02T05:42:24.77Z,FUV,0,0
2016-01-02,20041018,2016-01-02T05:42:34.30Z,SJI_2832,0,0
2016-01-02,20041020,2016-01-02T05:42:34.37Z,FUV,0,0
2016-01-02,20041021,2016-01-02T05:42:43.64Z,SJI_1400,0,0
2016-01-02,20041023,2016-01-02T05:42:43.71Z,FUV,0,0
2016-01-02,20041024,2016-01-02T05:42:53.32Z,SJI_1330,0,0
2016-01-02,20041026,2016-01-02T05:42:53.39Z,FUV,0,0
2016-01-02,20041027,2016-01-02T05:43:02.92Z,SJI_2796,0,0
2016-01-02,20041029,2016-01-02T05:43:02.99Z,FUV,0,0
2016-01-02,20041030,2016-01-02T05:43:12.52Z,SJI_2832,0,0
2016-01-02,20041032,2016-01-02T05:43:12.59Z,FUV,0,0
2016-01-02,20041033,2016-01-02T05:43:21.87Z,SJI_1400,0,0
2016-01-02,20041035,2016-01-02T05:43:21.94Z,FUV,0,0
2016-01-02,20041036,2016-01-02T05:43:31.55Z,SJI_1330,0,0
2016-01-02,20041038,2016-01-02T05:43:31.62Z,FUV,0,0
2016-01-02,20041039,2016-01-02T05:43:41.11Z,SJI_2796,0,0
2016-01-02,20041041,2016-01-02T05:43:41.18Z,FUV,0,0
2016-01-02,20041042,2016-01-02T05:43:50.73Z,SJI_2832,0,0
2016-01-02,20041044,2016-01-02T05:43:50.81Z,FUV,0,0
2016-01-02,20041045,2016-01-02T05:44:00.09Z,SJI_1400,0,0
2016-01-02,20041047,2016-01-02T05:44:00.16Z,FUV,0,0
2016-01-02,20041048,2016-01-02T05:44:09.80Z,SJI_1330,0,0
2016-01-02,20041050,2016-01-02T05:44:09.87Z,FUV,0,0
2016-01-02,20041051,2016-01-02T05:44:19.36Z,SJI_2796,0,0
2016-01-02,20041053,2016-01-02T05:44:19.43Z,FUV,0,0
2016-01-02,20041054,2016-01-02T05:44:28.95Z,SJI_2832,0,0
2016-01-02,20041056,2016-01-02T05:44:29.02Z,FUV,0,0
2016-01-02,20041057,2016-01-02T05:44:38.28Z,SJI_1400,0,0
2016-01-02,20041059,2016-01-02T05:44:38.35Z,FUV,0,0
2016-01-02,20041060,2016-01-02T05:44:47.95Z,SJI_1330,0,0
2016-01-02,20041062,2016-01-02T05:44:48.02Z,FUV,0,0
2016-01-02,20041063,2016-01-02T05:44:57.58Z,SJI_2796,0,0
2016-01-02,20041065,2016-01-02T05:44:57.65Z,FUV,0,0
2016-01-02,20041066,2016-01-02T05:45:07.17Z,SJI_2832,0,0
2016-01-02,20041068,2016-01-02T05:45:07.24Z,FUV,0,0
2016-01-02,20041069,2016-01-02T05:45:16.52Z,SJI_1400,0,0
2016-01-02,20041071,2016-01-02T05:45:16.59Z,FUV,0,0
2016-01-02,20041072,2016-01-02T05:45:26.21Z,SJI_1330,0,0
2016-01-02,20041074,2016-01-02T05:45:26.28Z,FUV,0,0
2016-01-02,20041075,2016-01-02T05:45:35.80Z,SJI_2796,0,0
2016-01-02,20041077,2016-01-02T05:45:35.87Z,FUV,0,0
2016-01-02,20041078,2016-01-02T05:45:45.39Z,SJI_2832,0,0
2016-01-02,20041080,2016-01-02T05:45:45.46Z,FUV,0,0
2016-01-02,20041081,2016-01-02T05:45:54.78Z,SJI_1400,0,0
2016-01-02,20041083,2016-01-02T05:45:54.85Z,FUV,0,0
2016-01-02,20041084,2016-01-02T05:46:04.52Z,SJI_1330,0,0
2016-01-02,20041086,2016-01-02T05:46:04.59Z,FUV,0,0
2016-01-02,20041087,2016-01-02T05:46:14.02Z,SJI_2796,0,0
2016-01-02,20041089,2016-01-02T05:46:14.09Z,FUV,0,0
2016-01-02,20041090,2016-01-02T05:46:23.61Z,SJI_2832,0,0
2016-01-02,20041092,2016-01-02T05:46:23.68Z,FUV,0,0
2016-01-02,20041093,2016-01-02T05:46:32.94Z,SJI_1400,0,0
2016-01-02,20041095,2016-01-02T05:46:33.01Z,FUV,0,0
2016-01-02,20041096,2016-01-02T05:46:42.61Z,SJI_1330,0,0
2016-01-02,20041098,2016-01-02T05:46:42.68Z,FUV,0,0
2016-01-02,20041099,2016-01-02T05:46:52.23Z,SJI_2796,0,0
2016-01-02,20041101,2016-01-02T05:46:52.31Z,FUV,0,0
2016-01-02,20041102,2016-01-02T05:47:01.83Z,SJI_2832,0,0
2016-01-02,20041104,2016-01-02T05:47:01.90Z,FUV,0,0
2016-01-02,20041105,2016-01-02T05:47:11.17Z,SJI_1400,0,0
2016-01-02,20041107,2016-01-02T05:47:11.24Z,FUV,0,0
2016-01-02,20041108,2016-01-02T05:47:20.85Z,SJI_1330,0,0
2016-01-02,20041110,2016-01-02T05:47:20.92Z,FUV,0,0
2016-01-02,20041111,2016-01-02T05:47:30.45Z,SJI_2796,0,0
2016-01-02,20041113,2016-01-02T05:47:30.52Z,FUV,0,0
2016-01-02,20041114,2016-01-02T05:47:40.05Z,SJI_2832,0,0
2016-01-02,20041116,2016-01-02T05:47:40.12Z,FUV,0,0
2016-01-02,20041117,2016-01-02T05:47:49.40Z,SJI_1400,0,0
2016-01-02,20041119,2016-01-02T05:47:49.47Z,FUV,0,0
2016-01-02,20041120,2016-01-02T05:47:59.09Z,SJI_1330,0,0
2016-01-02,20041122,2016-01-02T05:47:59.16Z,FUV,0,0
2016-01-02,20041123,2016-01-02T05:48:08.67Z,SJI_2796,0,0
2016-01-02,20041125,2016-01-02T05:48:08.74Z,FUV,0,0
2016-01-02,20041126,2016-01-02T05:48:18.27Z,SJI_2832,0,0
2016-01-02,20041128,2016-01-02T05:48:18.34Z,FUV,0,0
2016-01-02,20041129,2016-01-02T05:48:27.62Z,SJI_1400,0,0
2016-01-02,20041131,2016-01-02T05:48:27.69Z,FUV,0,0
2016-01-02,20041132,2016-01-02T05:48:37.30Z,SJI_1330,0,0
2016-01-02,20041134,2016-01-02T05:48:37.37Z,FUV,0,0
2016-01-02,20041135,2016-01-02T05:48:46.89Z,SJI_2796,0,0
2016-01-02,20041137,2016-01-02T05:48:46.96Z,FUV,0,0
2016-01-02,20041138,2016-01-02T05:48:56.48Z,SJI_2832,0,0
2016-01-02,20041140,2016-01-02T05:48:56.56Z,FUV,0,0
2016-01-02,20041141,2016-01-02T05:49:05.84Z,SJI_1400,0,0
2016-01-02,20041143,2016-01-02T05:49:05.91Z,FUV,0,0
2016-01-02,20041144,2016-01-02T05:49:15.52Z,SJI_1330,0,0
2016-01-02,20041146,2016-01-02T05:49:15.59Z,FUV,0,0
2016-01-02,20041147,2016-01-02T05:49:25.11Z,SJI_2796,0,0
2016-01-02,20041149,2016-01-02T05:49:25.18Z,FUV,0,0
2016-01-02,20041150,2016-01-02T05:49:34.70Z,SJI_2832,0,0
2016-01-02,20041152,2016-01-02T05:49:34.77Z,FUV,0,0
2016-01-02,20041153,2016-01-02T05:49:44.06Z,SJI_1400,0,0
2016-01-02,20041155,2016-01-02T05:49:44.13Z,FUV,0,0
2016-01-02,20041156,2016-01-02T05:49:53.77Z,SJI_1330,0,0
2016-01-02,20041158,2016-01-02T05:49:53.84Z,FUV,0,0
2016-01-02,20041159,2016-01-02T05:50:03.30Z,SJI_2796,0,0
2016-01-02,20041161,2016-01-02T05:50:03.37Z,FUV,0,0
2016-01-02,20041162,2016-01-02T05:50:12.92Z,SJI_2832,0,0
2016-01-02,20041164,2016-01-02T05:50:12.99Z,FUV,0,0
2016-01-02,20041165,2016-01-02T05:50:22.28Z,SJI_1400,0,0
2016-01-02,20041167,2016-01-02T05:50:22.35Z,FUV,0,0
2016-01-02,20041168,2016-01-02T05:50:31.99Z,SJI_1330,0,0
2016-01-02,20041170,2016-01-02T05:50:32.06Z,FUV,0,0
2016-01-02,20041171,2016-01-02T05:50:41.52Z,SJI_2796,0,0
2016-01-02,20041173,2016-01-02T05:50:41.59Z,FUV,0,0
2016-01-02,20041174,2016-01-02T05:50:51.14Z,SJI_2832,0,0
2016-01-02,20041176,2016-01-02T05:50:51.21Z,FUV,0,0
2016-01-02,20041177,2016-01-02T05:51:00.46Z,SJI_1400,0,0
2016-01-02,20041179,2016-01-02T05:51:00.53Z,FUV,0,0
2016-01-02,20041180,2016-01-02T05:51:10.16Z,SJI_1330,0,0
2016-01-02,20041182,2016-01-02T05:51:10.23Z,FUV,0,0
2016-01-02,20041183,2016-01-02T05:51:19.77Z,SJI_2796,0,0
2016-01-02,20041185,2016-01-02T05:51:19.84Z,FUV,0,0
2016-01-02,20041186,2016-01-02T05:51:29.36Z,SJI_2832,0,0
2016-01-02,20041188,2016-01-02T05:51:29.43Z,FUV,0,0
2016-01-02,20041189,2016-01-02T05:51:38.71Z,SJI_1400,0,0
2016-01-02,20041191,2016-01-02T05:51:38.78Z,FUV,0,0
2016-01-02,20041192,2016-01-02T05:51:48.40Z,SJI_1330,0,0
2016-01-02,20041194,2016-01-02T05:51:48.47Z,FUV,0,0
2016-01-02,20041195,2016-01-02T05:51:57.98Z,SJI_2796,0,0
2016-01-02,20041197,2016-01-02T05:51:58.06Z,FUV,0,0
2016-01-02,20041198,2016-01-02T05:52:07.58Z,SJI_2832,0,0
2016-01-02,20041200,2016-01-02T05:52:07.65Z,FUV,0,0
2016-01-02,20041201,2016-01-02T05:52:16.92Z,SJI_1400,0,0
2016-01-02,20041203,2016-01-02T05:52:16.99Z,FUV,0,0
2016-01-02,20041204,2016-01-02T05:52:26.60Z,SJI_1330,0,0
2016-01-02,20041206,2016-01-02T05:52:26.67Z,FUV,0,0
2016-01-02,20041207,2016-01-02T05:52:36.20Z,SJI_2796,0,0
2016-01-02,20041209,2016-01-02T05:52:36.27Z,FUV,0,0
2016-01-02,20041210,2016-01-02T05:52:45.80Z,SJI_2832,0,0
2016-01-02,20041212,2016-01-02T05:52:45.87Z,FUV,0,0
2016-01-02,20041213,2016-01-02T05:52:55.15Z,SJI_1400,0,0
2016-01-02,20041215,2016-01-02T05:52:55.22Z,FUV,0,0
2016-01-02,20041216,2016-01-02T05:53:04.83Z,SJI_1330,0,0
2016-01-02,20041218,2016-01-02T05:53:04.91Z,FUV,0,0
2016-01-02,20041219,2016-01-02T05:53:14.42Z,SJI_2796,0,0
2016-01-02,20041221,2016-01-02T05:53:14.49Z,FUV,0,0
2016-01-02,20041222,2016-01-02T05:53:24.02Z,SJI_2832,0,0
2016-01-02,20041224,2016-01-02T05:53:24.09Z,FUV,0,0
2016-01-02,20041225,2016-01-02T05:53:33.37Z,SJI_1400,0,0
2016-01-02,20041227,2016-01-02T05:53:33.44Z,FUV,0,0
2016-01-02,20041228,2016-01-02T05:53:43.05Z,SJI_1330,0,0
2016-01-02,20041230,2016-01-02T05:53:43.12Z,FUV,0,0
2016-01-02,20041231,2016-01-02T05:53:52.64Z,SJI_2796,0,0
2016-01-02,20041233,2016-01-02T05:53:52.71Z,FUV,0,0
2016-01-02,20041234,2016-01-02T05:54:02.23Z,SJI_2832,0,0
2016-01-02,20041236,2016-01-02T05:54:02.31Z,FUV,0,0
2016-01-02,20041237,2016-01-02T05:54:11.58Z,SJI_1400,0,0
2016-01-02,20041239,2016-01-02T05:54:11.66Z,FUV,0,0
2016-01-02,20041240,2016-01-02T05:54:21.27Z,SJI_1330,0,0
2016-01-02,20041242,2016-01-02T05:54:21.34Z,FUV,0,0
2016-01-02,20041243,2016-01-02T05:54:30.86Z,SJI_2796,0,0
2016-01-02,20041245,2016-01-02T05:54:30.93Z,FUV,0,0
2016-01-02,20041246,2016-01-02T05:54:40.45Z,SJI_2832,0,0
2016-01-02,20041248,2016-01-02T05:54:40.52Z,FUV,0,0
2016-01-02,20041249,2016-01-02T05:54:49.81Z,SJI_1400,0,0
2016-01-02,20041251,2016-01-02T05:54:49.88Z,FUV,0,0
2016-01-02,20041252,2016-01-02T05:54:59.51Z,SJI_1330,0,0
2016-01-02,20041254,2016-01-02T05:54:59.58Z,FUV,0,0
2016-01-02,20041255,2016-01-02T05:55:09.08Z,SJI_2796,0,0
2016-01-02,20041257,2016-01-02T05:55:09.15Z,FUV,0,0
2016-01-02,20041258,2016-01-02T05:55:18.67Z,SJI_2832,0,0
2016-01-02,20041260,2016-01-02T05:55:18.74Z,FUV,0,0
2016-01-02,20041261,2016-01-02T05:55:28.04Z,SJI_1400,0,0
2016-01-02,20041263,2016-01-02T05:55:28.11Z,FUV,0,0
2016-01-02,20041264,2016-01-02T05:55:37.73Z,SJI_1330,0,0
2016-01-02,20041266,2016-01-02T05:55:37.81Z,FUV,0,0
2016-01-02,20041267,2016-01-02T05:55:47.30Z,SJI_2796,0,0
2016-01-02,20041269,2016-01-02T05:55:47.37Z,FUV,0,0
2016-01-02,20041270,2016-01-02T05:55:56.89Z,SJI_2832,0,0
2016-01-02,20041272,2016-01-02T05:55:56.96Z,FUV,0,0
2016-01-02,20041273,2016-01-02T05:56:06.24Z,SJI_1400,0,0
2016-01-02,20041275,2016-01-02T05:56:06.31Z,FUV,0,0
2016-01-02,20041276,2016-01-02T05:56:15.94Z,SJI_1330,0,0
2016-01-02,20041278,2016-01-02T05:56:16.01Z,FUV,0,0
2016-01-02,20041279,2016-01-02T05:56:25.52Z,SJI_2796,0,0
2016-01-02,20041281,2016-01-02T05:56:25.59Z,FUV,0,0
2016-01-02,20041282,2016-01-02T05:56:35.11Z,SJI_2832,0,0
2016-01-02,20041284,2016-01-02T05:56:35.18Z,FUV,0,0
2016-01-02,20041285,2016-01-02T05:56:44.43Z,SJI_1400,0,0
2016-01-02,20041287,2016-01-02T05:56:44.50Z,FUV,0,0
2016-01-02,20041288,2016-01-02T05:56:54.11Z,SJI_1330,0,0
2016-01-02,20041290,2016-01-02T05:56:54.18Z,FUV,0,0
2016-01-02,20041291,2016-01-02T05:57:03.70Z,SJI_2796,0,0
2016-01-02,20041293,2016-01-02T05:57:03.78Z,FUV,0,0
2016-01-02,20041294,2016-01-02T05:57:13.33Z,SJI_2832,0,0
2016-01-02,20041296,2016-01-02T05:57:13.40Z,FUV,0,0
2016-01-02,20041297,2016-01-02T05:57:22.67Z,SJI_1400,0,0
2016-01-02,20041299,2016-01-02T05:57:22.74Z,FUV,0,0
2016-01-02,20041300,2016-01-02T05:57:32.34Z,SJI_1330,0,0
2016-01-02,20041302,2016-01-02T05:57:32.41Z,FUV,0,0
2016-01-02,20041303,2016-01-02T05:57:41.92Z,SJI_2796,0,0
2016-01-02,20041305,2016-01-02T05:57:41.99Z,FUV,0,0
2016-01-02,20041306,2016-01-02T05:57:51.55Z,SJI_2832,0,0
2016-01-02,20041308,2016-01-02T05:57:51.62Z,FUV,0,0
2016-01-02,20041309,2016-01-02T05:58:00.91Z,SJI_1400,0,0
2016-01-02,20041311,2016-01-02T05:58:00.98Z,FUV,0,0
2016-01-02,20041312,2016-01-02T05:58:10.63Z,SJI_1330,0,0
2016-01-02,20041314,2016-01-02T05:58:10.70Z,FUV,0,0
2016-01-02,20041315,2016-01-02T05:58:20.17Z,SJI_2796,0,0
2016-01-02,20041317,2016-01-02T05:58:20.24Z,FUV,0,0
2016-01-02,20041318,2016-01-02T05:58:29.77Z,SJI_2832,0,0
2016-01-02,20041320,2016-01-02T05:58:29.84Z,FUV,0,0
2016-01-02,20041321,2016-01-02T05:58:39.10Z,SJI_1400,0,0
2016-01-02,20041323,2016-01-02T05:58:39.17Z,FUV,0,0
2016-01-02,20041324,2016-01-02T05:58:48.77Z,SJI_1330,0,0
2016-01-02,20041326,2016-01-02T05:58:48.84Z,FUV,0,0
2016-01-02,20041327,2016-01-02T05:58:58.39Z,SJI_2796,0,0
2016-01-02,20041329,2016-01-02T05:58:58.46Z,FUV,0,0
2016-01-02,20041330,2016-01-02T05:59:07.98Z,SJI_2832,0,0
2016-01-02,20041332,2016-01-02T05:59:08.06Z,FUV,0,0
2016-01-02,20041333,2016-01-02T05:59:17.33Z,SJI_1400,0,0
2016-01-02,20041335,2016-01-02T05:59:17.41Z,FUV,0,0
2016-01-02,20041336,2016-01-02T05:59:27.01Z,SJI_1330,0,0
2016-01-02,20041338,2016-01-02T05:59:27.08Z,FUV,0,0
2016-01-02,20041339,2016-01-02T05:59:36.61Z,SJI_2796,0,0
2016-01-02,20041341,2016-01-02T05:59:36.68Z,FUV,0,0
2016-01-02,20041342,2016-01-02T05:59:46.20Z,SJI_2832,0,0
2016-01-02,20041344,2016-01-02T05:59:46.27Z,FUV,0,0
2016-01-02,20041345,2016-01-02T05:59:55.55Z,SJI_1400,0,0
2016-01-02,20041347,2016-01-02T05:59:55.62Z,FUV,0,0
2016-01-02,20041348,2016-01-02T06:00:05.23Z,SJI_1330,0,0
2016-01-02,20041350,2016-01-02T06:00:05.31Z,FUV,0,0
2016-01-02,20041351,2016-01-02T06:00:14.83Z,SJI_2796,0,0
2016-01-02,20041353,2016-01-02T06:00:14.90Z,FUV,0,0
2016-01-02,20041354,2016-01-02T06:00:24.42Z,SJI_2832,0,0
2016-01-02,20041356,2016-01-02T06:00:24.49Z,FUV,0,0
2016-01-02,20041357,2016-01-02T06:00:33.77Z,SJI_1400,0,0
2016-01-02,20041359,2016-01-02T06:00:33.84Z,FUV,0,0
2016-01-02,20041360,2016-01-02T06:00:43.46Z,SJI_1330,0,0
2016-01-02,20041362,2016-01-02T06:00:43.53Z,FUV,0,0
2016-01-02,20041363,2016-01-02T06:00:53.05Z,SJI_2796,0,0
2016-01-02,20041365,2016-01-02T06:00:53.12Z,FUV,0,0
2016-01-02,20041366,2016-01-02T06:01:02.64Z,SJI_2832,0,0
2016-01-02,20041368,2016-01-02T06:01:02.71Z,FUV,0,0
2016-01-02,20041369,2016-01-02T06:01:12.00Z,SJI_1400,0,0
2016-01-02,20041371,2016-01-02T06:01:12.07Z,FUV,0,0
2016-01-02,20041372,2016-01-02T06:01:21.67Z,SJI_1330,0,0
2016-01-02,20041374,2016-01-02T06:01:21.74Z,FUV,0,0
2016-01-02,20041375,2016-01-02T06:01:31.27Z,SJI_2796,0,0
2016-01-02,20041377,2016-01-02T06:01:31.34Z,FUV,0,0
2016-01-02,20041378,2016-01-02T06:01:40.86Z,SJI_2832,0,0
2016-01-02,20041380,2016-01-02T06:01:40.93Z,FUV,0,0
2016-01-02,20041381,2016-01-02T06:01:50.22Z,SJI_1400,0,0
2016-01-02,20041383,2016-01-02T06:01:50.29Z,FUV,0,0
2016-01-02,20041384,2016-01-02T06:01:59.91Z,SJI_1330,0,0
2016-01-02,20041386,2016-01-02T06:01:59.98Z,FUV,0,0
2016-01-02,20041387,2016-01-02T06:02:09.48Z,SJI_2796,0,0
2016-01-02,20041389,2016-01-02T06:02:09.56Z,FUV,0,0
2016-01-02,20041390,2016-01-02T06:02:19.08Z,SJI_2832,0,0
2016-01-02,20041392,2016-01-02T06:02:19.15Z,FUV,0,0
2016-01-02,20041393,2016-01-02T06:02:28.44Z,SJI_1400,0,0
2016-01-02,20041395,2016-01-02T06:02:28.51Z,FUV,0,0
2016-01-02,20041396,2016-01-02T06:02:38.12Z,SJI_1330,0,0
2016-01-02,20041398,2016-01-02T06:02:38.19Z,FUV,0,0
2016-01-02,20041399,2016-01-02T06:02:47.70Z,SJI_2796,0,0
2016-01-02,20041401,2016-01-02T06:02:47.77Z,FUV,0,0
2016-01-02,20041402,2016-01-02T06:02:57.30Z,SJI_2832,0,0
2016-01-02,20041404,2016-01-02T06:02:57.37Z,FUV,0,0
2016-01-02,20041405,2016-01-02T06:03:06.66Z,SJI_1400,0,0
2016-01-02,20041407,2016-01-02T06:03:06.73Z,FUV,0,0
2016-01-02,20041408,2016-01-02T06:03:16.35Z,SJI_1330,0,0
2016-01-02,20041410,2016-01-02T06:03:16.42Z,FUV,0,0
2016-01-02,20041411,2016-01-02T06:03:25.92Z,SJI_2796,0,0
2016-01-02,20041413,2016-01-02T06:03:25.99Z,FUV,0,0
2016-01-02,20041414,2016-01-02T06:03:35.52Z,SJI_2832,0,0
2016-01-02,20041416,2016-01-02T06:03:35.59Z,FUV,0,0
2016-01-02,20041417,2016-01-02T06:03:44.87Z,SJI_1400,0,0
2016-01-02,20041419,2016-01-02T06:03:44.94Z,FUV,0,0
2016-01-02,20041420,2016-01-02T06:03:54.55Z,SJI_1330,0,0
2016-01-02,20041422,2016-01-02T06:03:54.62Z,FUV,0,0
2016-01-02,20041423,2016-01-02T06:04:04.11Z,SJI_2796,0,0
2016-01-02,20041425,2016-01-02T06:04:04.18Z,FUV,0,0
2016-01-02,20041426,2016-01-02T06:04:13.73Z,SJI_2832,0,0
2016-01-02,20041428,2016-01-02T06:04:13.81Z,FUV,0,0
2016-01-02,20041429,2016-01-02T06:04:23.09Z,SJI_1400,0,0
2016-01-02,20041431,2016-01-02T06:04:23.16Z,FUV,0,0
2016-01-02,20041432,2016-01-02T06:04:32.77Z,SJI_1330,0,0
2016-01-02,20041434,2016-01-02T06:04:32.84Z,FUV,0,0
2016-01-02,20041435,2016-01-02T06:04:42.36Z,SJI_2796,0,0
2016-01-02,20041437,2016-01-02T06:04:42.43Z,FUV,0,0
2016-01-02,20041438,2016-01-02T06:04:51.95Z,SJI_2832,0,0
2016-01-02,20041440,2016-01-02T06:04:52.02Z,FUV,0,0
2016-01-02,20041441,2016-01-02T06:05:01.32Z,SJI_1400,0,0
2016-01-02,20041443,2016-01-02T06:05:01.39Z,FUV,0,0
2016-01-02,20041444,2016-01-02T06:05:10.98Z,SJI_1330,0,0
2016-01-02,20041446,2016-01-02T06:05:11.06Z,FUV,0,0
2016-01-02,20041447,2016-01-02T06:05:20.58Z,SJI_2796,0,0
2016-01-02,20041449,2016-01-02T06:05:20.65Z,FUV,0,0
2016-01-02,20041450,2016-01-02T06:05:30.17Z,SJI_2832,0,0
2016-01-02,20041452,2016-01-02T06:05:30.24Z,FUV,0,0
2016-01-02,20041453,2016-01-02T06:05:39.52Z,SJI_1400,0,0
2016-01-02,20041455,2016-01-02T06:05:39.59Z,FUV,0,0
2016-01-02,20041456,2016-01-02T06:05:49.21Z,SJI_1330,0,0
2016-01-02,20041458,2016-01-02T06:05:49.28Z,FUV,0,0
2016-01-02,20041459,2016-01-02T06:05:58.80Z,SJI_2796,0,0
2016-01-02,20041461,2016-01-02T06:05:58.87Z,FUV,0,0
2016-01-02,20041462,2016-01-02T06:06:08.39Z,SJI_2832,0,0
2016-01-02,20041464,2016-01-02T06:06:08.46Z,FUV,0,0
2016-01-02,20041465,2016-01-02T06:06:17.74Z,SJI_1400,0,0
2016-01-02,20041467,2016-01-02T06:06:17.81Z,FUV,0,0
2016-01-02,20041468,2016-01-02T06:06:27.42Z,SJI_1330,0,0
2016-01-02,20041470,2016-01-02T06:06:27.49Z,FUV,0,0
2016-01-02,20041471,2016-01-02T06:06:37.02Z,SJI_2796,0,0
2016-01-02,20041473,2016-01-02T06:06:37.09Z,FUV,0,0
2016-01-02,20041474,2016-01-02T06:06:46.61Z,SJI_2832,0,0
2016-01-02,20041476,2016-01-02T06:06:46.68Z,FUV,0,0
2016-01-02,20041477,2016-01-02T06:06:55.96Z,SJI_1400,0,0
2016-01-02,20041479,2016-01-02T06:06:56.03Z,FUV,0,0
2016-01-02,20041480,2016-01-02T06:07:05.64Z,SJI_1330,0,0
2016-01-02,20041482,2016-01-02T06:07:05.71Z,FUV,0,0
2016-01-02,20041483,2016-01-02T06:07:15.23Z,SJI_2796,0,0
2016-01-02,20041485,2016-01-02T06:07:15.31Z,FUV,0,0
2016-01-02,20041486,2016-01-02T06:07:24.83Z,SJI_2832,0,0
2016-01-02,20041488,2016-01-02T06:07:24.90Z,FUV,0,0
2016-01-02,20041489,2016-01-02T06:07:34.18Z,SJI_1400,0,0
2016-01-02,20041491,2016-01-02T06:07:34.25Z,FUV,0,0
2016-01-02,20041492,2016-01-02T06:07:43.87Z,SJI_1330,0,0
2016-01-02,20041494,2016-01-02T06:07:43.94Z,FUV,0,0
2016-01-02,20041495,2016-01-02T06:07:53.46Z,SJI_2796,0,0
2016-01-02,20041497,2016-01-02T06:07:53.53Z,FUV,0,0
2016-01-02,20041498,2016-01-02T06:08:03.05Z,SJI_2832,0,0
2016-01-02,20041500,2016-01-02T06:08:03.12Z,FUV,0,0
2016-01-02,20041501,2016-01-02T06:08:12.39Z,SJI_1400,0,0
2016-01-02,20041503,2016-01-02T06:08:12.46Z,FUV,0,0
2016-01-02,20041504,2016-01-02T06:08:22.07Z,SJI_1330,0,0
2016-01-02,20041506,2016-01-02T06:08:22.14Z,FUV,0,0
2016-01-02,20041507,2016-01-02T06:08:31.67Z,SJI_2796,0,0
2016-01-02,20041509,2016-01-02T06:08:31.74Z,FUV,0,0
2016-01-02,20041510,2016-01-02T06:08:41.27Z,SJI_2832,0,0
2016-01-02,20041512,2016-01-02T06:08:41.34Z,FUV,0,0
2016-01-02,20041513,2016-01-02T06:08:50.62Z,SJI_1400,0,0
2016-01-02,20041515,2016-01-02T06:08:50.69Z,FUV,0,0
2016-01-02,20041516,2016-01-02T06:09:00.30Z,SJI_1330,0,0
2016-01-02,20041518,2016-01-02T06:09:00.37Z,FUV,0,0
2016-01-02,20041519,2016-01-02T06:09:09.89Z,SJI_2796,0,0
2016-01-02,20041521,2016-01-02T06:09:09.96Z,FUV,0,0
2016-01-02,20041522,2016-01-02T06:09:19.48Z,SJI_2832,0,0
2016-01-02,20041524,2016-01-02T06:09:19.56Z,FUV,0,0
2016-01-02,20041525,2016-01-02T06:09:28.83Z,SJI_1400,0,0
2016-01-02,20041527,2016-01-02T06:09:28.90Z,FUV,0,0
2016-01-02,20041528,2016-01-02T06:09:38.51Z,SJI_1330,0,0
2016-01-02,20041530,2016-01-02T06:09:38.58Z,FUV,0,0
2016-01-02,20041531,2016-01-02T06:09:48.11Z,SJI_2796,0,0
2016-01-02,20041533,2016-01-02T06:09:48.18Z,FUV,0,0
2016-01-02,20041534,2016-01-02T06:09:57.70Z,SJI_2832,0,0
2016-01-02,20041536,2016-01-02T06:09:57.77Z,FUV,0,0
2016-01-02,20041537,2016-01-02T06:10:07.05Z,SJI_1400,0,0
2016-01-02,20041539,2016-01-02T06:10:07.13Z,FUV,0,0
2016-01-02,20041540,2016-01-02T06:10:16.73Z,SJI_1330,0,0
2016-01-02,20041542,2016-01-02T06:10:16.81Z,FUV,0,0
2016-01-02,20041543,2016-01-02T06:10:26.30Z,SJI_2796,0,0
2016-01-02,20041545,2016-01-02T06:10:26.37Z,FUV,0,0
2016-01-02,20041546,2016-01-02T06:10:35.92Z,SJI_2832,0,0
2016-01-02,20041548,2016-01-02T06:10:35.99Z,FUV,0,0
2016-01-02,20041549,2016-01-02T06:10:45.27Z,SJI_1400,0,0
2016-01-02,20041551,2016-01-02T06:10:45.34Z,FUV,0,0
2016-01-02,20041552,2016-01-02T06:10:54.95Z,SJI_1330,0,0
2016-01-02,20041554,2016-01-02T06:10:55.02Z,FUV,0,0
2016-01-02,20041555,2016-01-02T06:11:04.52Z,SJI_2796,0,0
2016-01-02,20041557,2016-01-02T06:11:04.59Z,FUV,0,0
2016-01-02,20041558,2016-01-02T06:11:14.14Z,SJI_2832,0,0
2016-01-02,20041560,2016-01-02T06:11:14.21Z,FUV,0,0
2016-01-02,20041561,2016-01-02T06:11:23.51Z,SJI_1400,0,0
2016-01-02,20041563,2016-01-02T06:11:23.58Z,FUV,0,0
2016-01-02,20041564,2016-01-02T06:11:33.19Z,SJI_1330,0,0
2016-01-02,20041566,2016-01-02T06:11:33.26Z,FUV,0,0
2016-01-02,20041567,2016-01-02T06:11:42.77Z,SJI_2796,0,0
2016-01-02,20041569,2016-01-02T06:11:42.84Z,FUV,0,0
2016-01-02,20041570,2016-01-02T06:11:52.36Z,SJI_2832,0,0
2016-01-02,20041572,2016-01-02T06:11:52.43Z,FUV,0,0
2016-01-02,20041573,2016-01-02T06:12:01.72Z,SJI_1400,0,0
2016-01-02,20041575,2016-01-02T06:12:01.79Z,FUV,0,0
2016-01-02,20041576,2016-01-02T06:12:11.41Z,SJI_1330,0,0
2016-01-02,20041578,2016-01-02T06:12:11.48Z,FUV,0,0
2016-01-02,20041579,2016-01-02T06:12:20.98Z,SJI_2796,0,0
2016-01-02,20041581,2016-01-02T06:12:21.06Z,FUV,0,0
2016-01-02,20041582,2016-01-02T06:12:30.58Z,SJI_2832,0,0
2016-01-02,20041584,2016-01-02T06:12:30.65Z,FUV,0,0
2016-01-02,20041585,2016-01-02T06:12:39.93Z,SJI_1400,0,0
2016-01-02,20041587,2016-01-02T06:12:40.00Z,FUV,0,0
2016-01-02,20041588,2016-01-02T06:12:49.61Z,SJI_1330,0,0
2016-01-02,20041590,2016-01-02T06:12:49.68Z,FUV,0,0
2016-01-02,20041591,2016-01-02T06:12:59.20Z,SJI_2796,0,0
2016-01-02,20041593,2016-01-02T06:12:59.27Z,FUV,0,0
2016-01-02,20041594,2016-01-02T06:13:08.80Z,SJI_2832,0,0
2016-01-02,20041596,2016-01-02T06:13:08.87Z,FUV,0,0
2016-01-02,20041597,2016-01-02T06:13:18.16Z,SJI_1400,0,0
2016-01-02,20041599,2016-01-02T06:13:18.23Z,FUV,0,0
2016-01-02,20041600,2016-01-02T06:13:27.84Z,SJI_1330,1,0
2016-01-02,20041602,2016-01-02T06:13:27.91Z,FUV,1,0
2016-01-02,20041603,2016-01-02T06:13:37.42Z,SJI_2796,1,0
2016-01-02,20041605,2016-01-02T06:13:37.49Z,FUV,1,0
2016-01-02,20041606,2016-01-02T06:13:47.02Z,SJI_2832,1,0
2016-01-02,20041608,2016-01-02T06:13:47.09Z,FUV,1,0
2016-01-02,20041609,2016-01-02T06:13:56.36Z,SJI_1400,1,0
2016-01-02,20041611,2016-01-02T06:13:56.43Z,FUV,1,0
2016-01-02,20041612,2016-01-02T06:14:06.05Z,SJI_1330,1,0
2016-01-02,20041614,2016-01-02T06:14:06.12Z,FUV,1,0
2016-01-02,20041615,2016-01-02T06:14:15.64Z,SJI_2796,1,0
2016-01-02,20041617,2016-01-02T06:14:15.71Z,FUV,1,0
2016-01-02,20041618,2016-01-02T06:14:25.23Z,SJI_2832,1,0
2016-01-02,20041620,2016-01-02T06:14:25.31Z,FUV,1,0
2016-01-02,20041621,2016-01-02T06:14:34.59Z,SJI_1400,1,0
2016-01-02,20041623,2016-01-02T06:14:34.66Z,FUV,1,0
2016-01-02,20041624,2016-01-02T06:14:44.27Z,SJI_1330,1,0
2016-01-02,20041626,2016-01-02T06:14:44.34Z,FUV,1,0
2016-01-02,20041627,2016-01-02T06:14:53.86Z,SJI_2796,1,0
2016-01-02,20041629,2016-01-02T06:14:53.93Z,FUV,1,0
2016-01-02,20041630,2016-01-02T06:15:03.46Z,SJI_2832,1,0
2016-01-02,20041632,2016-01-02T06:15:03.53Z,FUV,1,0
2016-01-02,20041633,2016-01-02T06:15:12.81Z,SJI_1400,1,0
2016-01-02,20041635,2016-01-02T06:15:12.88Z,FUV,1,0
2016-01-02,20041636,2016-01-02T06:15:22.51Z,SJI_1330,1,0
2016-01-02,20041638,2016-01-02T06:15:22.58Z,FUV,1,0
2016-01-02,20041639,2016-01-02T06:15:32.08Z,SJI_2796,1,0
2016-01-02,20041641,2016-01-02T06:15:32.15Z,FUV,1,0
2016-01-02,20041642,2016-01-02T06:15:41.67Z,SJI_2832,1,0
2016-01-02,20041644,2016-01-02T06:15:41.74Z,FUV,1,0
2016-01-02,20041645,2016-01-02T06:15:51.02Z,SJI_1400,1,0
2016-01-02,20041647,2016-01-02T06:15:51.09Z,FUV,1,0
2016-01-02,20041648,2016-01-02T06:16:00.71Z,SJI_1330,1,0
2016-01-02,20041650,2016-01-02T06:16:00.78Z,FUV,1,0
2016-01-02,20041651,2016-01-02T06:16:10.30Z,SJI_2796,1,0
2016-01-02,20041653,2016-01-02T06:16:10.37Z,FUV,1,0
2016-01-02,20041654,2016-01-02T06:16:19.89Z,SJI_2832,1,0
2016-01-02,20041656,2016-01-02T06:16:19.96Z,FUV,1,0
2016-01-02,20041657,2016-01-02T06:16:29.24Z,SJI_1400,1,0
2016-01-02,20041659,2016-01-02T06:16:29.31Z,FUV,1,0
2016-01-02,20041660,2016-01-02T06:16:38.98Z,SJI_1330,1,0
2016-01-02,20041662,2016-01-02T06:16:39.06Z,FUV,1,0
2016-01-02,20041663,2016-01-02T06:16:48.52Z,SJI_2796,1,0
2016-01-02,20041665,2016-01-02T06:16:48.59Z,FUV,1,0
2016-01-02,20041666,2016-01-02T06:16:58.11Z,SJI_2832,1,0
2016-01-02,20041668,2016-01-02T06:16:58.18Z,FUV,1,0
2016-01-02,20041669,2016-01-02T06:17:07.44Z,SJI_1400,1,0
2016-01-02,20041671,2016-01-02T06:17:07.51Z,FUV,1,0
2016-01-02,20041672,2016-01-02T06:17:17.11Z,SJI_1330,1,0
2016-01-02,20041674,2016-01-02T06:17:17.18Z,FUV,1,1
2016-01-02,20041675,2016-01-02T06:17:26.70Z,SJI_2796,1,0
2016-01-02,20041677,2016-01-02T06:17:26.77Z,FUV,1,0
2016-01-02,20041678,2016-01-02T06:17:36.33Z,SJI_2832,1,0
2016-01-02,20041680,2016-01-02T06:17:36.40Z,FUV,1,0
2016-01-02,20041681,2016-01-02T06:17:45.71Z,SJI_1400,1,0
2016-01-02,20041683,2016-01-02T06:17:45.78Z,FUV,1,0
2016-01-02,20041684,2016-01-02T06:17:55.40Z,SJI_1330,1,0
2016-01-02,20041686,2016-01-02T06:17:55.47Z,FUV,1,1
2016-01-02,20041687,2016-01-02T06:18:04.92Z,SJI_2796,1,0
2016-01-02,20041689,2016-01-02T06:18:04.99Z,FUV,1,0
2016-01-02,20041690,2016-01-02T06:18:14.55Z,SJI_2832,1,0
2016-01-02,20041692,2016-01-02T06:18:14.62Z,FUV,1,0
2016-01-02,20041693,2016-01-02T06:18:23.87Z,SJI_1400,1,0
2016-01-02,20041695,2016-01-02T06:18:23.94Z,FUV,1,0
2016-01-02,20041696,2016-01-02T06:18:33.55Z,SJI_1330,1,0
2016-01-02,20041698,2016-01-02T06:18:33.62Z,FUV,1,0
2016-01-02,20041699,2016-01-02T06:18:43.17Z,SJI_2796,1,0
2016-01-02,20041701,2016-01-02T06:18:43.24Z,FUV,1,5
2016-01-02,20041702,2016-01-02T06:18:52.77Z,SJI_2832,1,0
2016-01-02,20041704,2016-01-02T06:18:52.84Z,FUV,1,5
2016-01-02,20041705,2016-01-02T06:19:02.12Z,SJI_1400,1,0
2016-01-02,20041707,2016-01-02T06:19:02.19Z,FUV,1,3
2016-01-02,20041708,2016-01-02T06:19:11.80Z,SJI_1330,1,0
2016-01-02,20041710,2016-01-02T06:19:11.87Z,FUV,1,1
2016-01-02,20041711,2016-01-02T06:19:21.39Z,SJI_2796,1,0
2016-01-02,20041713,2016-01-02T06:19:21.46Z,FUV,1,1
2016-01-02,20041714,2016-01-02T06:19:30.98Z,SJI_2832,1,0
2016-01-02,20041716,2016-01-02T06:19:31.06Z,FUV,1,3
2016-01-02,20041717,2016-01-02T06:19:40.37Z,SJI_1400,1,0
2016-01-02,20041719,2016-01-02T06:19:40.45Z,FUV,1,1
2016-01-02,20041720,2016-01-02T06:19:50.07Z,SJI_1330,1,0
2016-01-02,20041722,2016-01-02T06:19:50.14Z,FUV,1,6
2016-01-02,20041723,2016-01-02T06:19:59.61Z,SJI_2796,1,0
2016-01-02,20041725,2016-01-02T06:19:59.68Z,FUV,1,5
2016-01-02,20041726,2016-01-02T06:20:09.20Z,SJI_2832,1,0
2016-01-02,20041728,2016-01-02T06:20:09.27Z,FUV,1,1
2016-01-02,20041729,2016-01-02T06:20:18.52Z,SJI_1400,1,0
2016-01-02,20041731,2016-01-02T06:20:18.59Z,FUV,1,2
2016-01-02,20041732,2016-01-02T06:20:28.20Z,SJI_1330,1,0
2016-01-02,20041734,2016-01-02T06:20:28.27Z,FUV,1,2
2016-01-02,20041735,2016-01-02T06:20:37.83Z,SJI_2796,1,0
2016-01-02,20041737,2016-01-02T06:20:37.90Z,FUV,1,1
2016-01-02,20041738,2016-01-02T06:20:47.42Z,SJI_2832,1,0
2016-01-02,20041740,2016-01-02T06:20:47.49Z,FUV,1,1
2016-01-02,20041741,2016-01-02T06:20:56.77Z,SJI_1400,1,0
2016-01-02,20041743,2016-01-02T06:20:56.84Z,FUV,1,1
2016-01-02,20041744,2016-01-02T06:21:06.45Z,SJI_1330,1,0
2016-01-02,20041746,2016-01-02T06:21:06.52Z,FUV,1,3
2016-01-02,20041747,2016-01-02T06:21:16.05Z,SJI_2796,1,0
2016-01-02,20041749,2016-01-02T06:21:16.12Z,FUV,1,0
2016-01-02,20041750,2016-01-02T06:21:25.64Z,SJI_2832,1,0
2016-01-02,20041752,2016-01-02T06:21:25.71Z,FUV,1,0
2016-01-02,20041753,2016-01-02T06:21:34.98Z,SJI_1400,1,0
2016-01-02,20041755,2016-01-02T06:21:35.06Z,FUV,1,1
2016-01-02,20041756,2016-01-02T06:21:44.66Z,SJI_1330,1,0
2016-01-02,20041758,2016-01-02T06:21:44.73Z,FUV,1,0
2016-01-02,20041759,2016-01-02T06:21:54.27Z,SJI_2796,1,0
2016-01-02,20041761,2016-01-02T06:21:54.34Z,FUV,1,0
2016-01-02,20041762,2016-01-02T06:22:03.86Z,SJI_2832,1,0
2016-01-02,20041764,2016-01-02T06:22:03.93Z,FUV,1,0
2016-01-02,20041765,2016-01-02T06:22:13.22Z,SJI_1400,1,0
2016-01-02,20041767,2016-01-02T06:22:13.29Z,FUV,1,0
2016-01-02,20041768,2016-01-02T06:22:22.90Z,SJI_1330,1,0
2016-01-02,20041770,2016-01-02T06:22:22.97Z,FUV,1,0
2016-01-02,20041771,2016-01-02T06:22:32.45Z,SJI_2796,1,0
2016-01-02,20041773,2016-01-02T06:22:32.52Z,FUV,1,0
2016-01-02,20041774,2016-01-02T06:22:42.08Z,SJI_2832,1,0
2016-01-02,20041776,2016-01-02T06:22:42.15Z,FUV,1,0
2016-01-02,20041777,2016-01-02T06:22:51.43Z,SJI_1400,1,0
2016-01-02,20041779,2016-01-02T06:22:51.50Z,FUV,1,0
2016-01-02,20041780,2016-01-02T06:23:01.12Z,SJI_1330,1,0
2016-01-02,20041782,2016-01-02T06:23:01.19Z,FUV,1,0
2016-01-02,20041783,2016-01-02T06:23:10.70Z,SJI_2796,1,0
2016-01-02,20041785,2016-01-02T06:23:10.78Z,FUV,1,0
2016-01-02,20041786,2016-01-02T06:23:20.30Z,SJI_2832,1,0
2016-01-02,20041788,2016-01-02T06:23:20.37Z,FUV,1,0
2016-01-02,20041789,2016-01-02T06:23:29.66Z,SJI_1400,1,0
2016-01-02,20041791,2016-01-02T06:23:29.73Z,FUV,1,0
2016-01-02,20041792,2016-01-02T06:23:39.33Z,SJI_1330,1,0
2016-01-02,20041794,2016-01-02T06:23:39.40Z,FUV,1,0
2016-01-02,20041795,2016-01-02T06:23:48.92Z,SJI_2796,1,0
2016-01-02,20041797,2016-01-02T06:23:48.99Z,FUV,1,0
2016-01-02,20041798,2016-01-02T06:23:58.52Z,SJI_2832,1,0
2016-01-02,20041800,2016-01-02T06:23:58.59Z,FUV,1,0
2016-01-02,20041801,2016-01-02T06:24:07.87Z,SJI_1400,1,0
2016-01-02,20041803,2016-01-02T06:24:07.94Z,FUV,1,0
2016-01-02,20041804,2016-01-02T06:24:17.55Z,SJI_1330,1,0
2016-01-02,20041806,2016-01-02T06:24:17.62Z,FUV,1,0
2016-01-02,20041807,2016-01-02T06:24:27.11Z,SJI_2796,1,0
2016-01-02,20041809,2016-01-02T06:24:27.18Z,FUV,1,0
2016-01-02,20041810,2016-01-02T06:24:36.73Z,SJI_2832,1,0
2016-01-02,20041812,2016-01-02T06:24:36.81Z,FUV,1,0
2016-01-02,20041813,2016-01-02T06:24:46.09Z,SJI_1400,1,0
2016-01-02,20041815,2016-01-02T06:24:46.16Z,FUV,1,0
2016-01-02,20041816,2016-01-02T06:24:55.80Z,SJI_1330,1,0
2016-01-02,20041818,2016-01-02T06:24:55.87Z,FUV,1,0
2016-01-02,20041819,2016-01-02T06:25:05.36Z,SJI_2796,1,0
2016-01-02,20041821,2016-01-02T06:25:05.43Z,FUV,1,0
2016-01-02,20041822,2016-01-02T06:25:14.95Z,SJI_2832,1,0
2016-01-02,20041824,2016-01-02T06:25:15.02Z,FUV,1,0
2016-01-02,20041825,2016-01-02T06:25:24.30Z,SJI_1400,1,0
2016-01-02,20041827,2016-01-02T06:25:24.37Z,FUV,1,0
2016-01-02,20041828,2016-01-02T06:25:33.99Z,SJI_1330,1,0
2016-01-02,20041830,2016-01-02T06:25:34.06Z,FUV,1,0
2016-01-02,20041831,2016-01-02T06:25:43.58Z,SJI_2796,1,0
2016-01-02,20041833,2016-01-02T06:25:43.65Z,FUV,1,0
2016-01-02,20041834,2016-01-02T06:25:53.17Z,SJI_2832,1,0
2016-01-02,20041836,2016-01-02T06:25:53.24Z,FUV,1,0
2016-01-02,20041837,2016-01-02T06:26:02.53Z,SJI_1400,1,0
2016-01-02,20041839,2016-01-02T06:26:02.60Z,FUV,1,0
2016-01-02,20041840,2016-01-02T06:26:12.24Z,SJI_1330,1,0
2016-01-02,20041842,2016-01-02T06:26:12.31Z,FUV,1,0
2016-01-02,20041843,2016-01-02T06:26:21.80Z,SJI_2796,1,0
2016-01-02,20041845,2016-01-02T06:26:21.87Z,FUV,1,0
2016-01-02,20041846,2016-01-02T06:26:31.39Z,SJI_2832,1,0
2016-01-02,20041848,2016-01-02T06:26:31.46Z,FUV,1,0
2016-01-02,20041849,2016-01-02T06:26:40.73Z,SJI_1400,1,0
2016-01-02,20041851,2016-01-02T06:26:40.80Z,FUV,1,0
2016-01-02,20041852,2016-01-02T06:26:50.40Z,SJI_1330,1,0
2016-01-02,20041854,2016-01-02T06:26:50.47Z,FUV,1,0
2016-01-02,20041855,2016-01-02T06:27:00.02Z,SJI_2796,1,0
2016-01-02,20041857,2016-01-02T06:27:00.09Z,FUV,1,0
2016-01-02,20041858,2016-01-02T06:27:09.61Z,SJI_2832,1,0
2016-01-02,20041860,2016-01-02T06:27:09.68Z,FUV,1,0
2016-01-02,20041861,2016-01-02T06:27:18.96Z,SJI_1400,1,0
2016-01-02,20041863,2016-01-02T06:27:19.03Z,FUV,1,0
2016-01-02,20041864,2016-01-02T06:27:28.65Z,SJI_1330,1,0
2016-01-02,20041866,2016-01-02T06:27:28.72Z,FUV,1,0
2016-01-02,20041867,2016-01-02T06:27:38.23Z,SJI_2796,1,0
2016-01-02,20041869,2016-01-02T06:27:38.31Z,FUV,1,0
2016-01-02,20041870,2016-01-02T06:27:47.83Z,SJI_2832,1,0
2016-01-02,20041872,2016-01-02T06:27:47.90Z,FUV,1,0
2016-01-02,20041873,2016-01-02T06:27:57.18Z,SJI_1400,1,0
2016-01-02,20041875,2016-01-02T06:27:57.25Z,FUV,1,0
2016-01-02,20041876,2016-01-02T06:28:06.86Z,SJI_1330,1,0
2016-01-02,20041878,2016-01-02T06:28:06.93Z,FUV,1,0
2016-01-02,20041879,2016-01-02T06:28:16.45Z,SJI_2796,1,0
2016-01-02,20041881,2016-01-02T06:28:16.52Z,FUV,1,0
2016-01-02,20041882,2016-01-02T06:28:26.05Z,SJI_2832,1,0
2016-01-02,20041884,2016-01-02T06:28:26.12Z,FUV,1,0
2016-01-02,20041885,2016-01-02T06:28:35.40Z,SJI_1400,1,0
2016-01-02,20041887,2016-01-02T06:28:35.47Z,FUV,1,0
2016-01-02,20041888,2016-01-02T06:28:45.07Z,SJI_1330,1,0
2016-01-02,20041890,2016-01-02T06:28:45.14Z,FUV,1,0
2016-01-02,20041891,2016-01-02T06:28:54.67Z,SJI_2796,1,0
2016-01-02,20041893,2016-01-02T06:28:54.74Z,FUV,1,0
2016-01-02,20041894,2016-01-02T06:29:04.27Z,SJI_2832,1,0
2016-01-02,20041896,2016-01-02T06:29:04.34Z,FUV,1,0
2016-01-02,20041897,2016-01-02T06:29:13.63Z,SJI_1400,1,0
2016-01-02,20041899,2016-01-02T06:29:13.70Z,FUV,1,0
2016-01-02,20041901,2016-01-02T07:15:25.77Z,SJI_1330,0,0
2016-01-02,20041903,2016-01-02T07:15:25.84Z,FUV,0,0
2016-01-02,20041904,2016-01-02T07:15:35.39Z,SJI_2796,0,0
2016-01-02,20041906,2016-01-02T07:15:35.46Z,FUV,0,0
2016-01-02,20041907,2016-01-02T07:15:45.02Z,SJI_2832,0,0
2016-01-02,20041909,2016-01-02T07:15:45.09Z,FUV,0,0
2016-01-02,20041910,2016-01-02T07:15:54.40Z,SJI_1400,0,0
2016-01-02,20041912,2016-01-02T07:15:54.47Z,FUV,0,0
2016-01-02,20041913,2016-01-02T07:16:04.11Z,SJI_1330,0,0
2016-01-02,20041915,2016-01-02T07:16:04.18Z,FUV,0,0
2016-01-02,20041916,2016-01-02T07:16:13.61Z,SJI_2796,0,0
2016-01-02,20041918,2016-01-02T07:16:13.68Z,FUV,0,0
2016-01-02,20041919,2016-01-02T07:16:23.23Z,SJI_2832,0,0
2016-01-02,20041921,2016-01-02T07:16:23.31Z,FUV,0,0
2016-01-02,20041922,2016-01-02T07:16:32.55Z,SJI_1400,0,0
2016-01-02,20041924,2016-01-02T07:16:32.62Z,FUV,0,0
2016-01-02,20041925,2016-01-02T07:16:42.23Z,SJI_1330,0,0
2016-01-02,20041927,2016-01-02T07:16:42.31Z,FUV,0,0
2016-01-02,20041928,2016-01-02T07:16:51.83Z,SJI_2796,0,0
2016-01-02,20041930,2016-01-02T07:16:51.90Z,FUV,0,0
2016-01-02,20041931,2016-01-02T07:17:01.45Z,SJI_2832,0,0
2016-01-02,20041933,2016-01-02T07:17:01.52Z,FUV,0,0
2016-01-02,20041934,2016-01-02T07:17:10.80Z,SJI_1400,0,0
2016-01-02,20041936,2016-01-02T07:17:10.87Z,FUV,0,0
2016-01-02,20041937,2016-01-02T07:17:20.52Z,SJI_1330,0,0
2016-01-02,20041939,2016-01-02T07:17:20.59Z,FUV,0,0
2016-01-02,20041940,2016-01-02T07:17:30.05Z,SJI_2796,0,0
2016-01-02,20041942,2016-01-02T07:17:30.12Z,FUV,0,0
2016-01-02,20041943,2016-01-02T07:17:39.67Z,SJI_2832,0,0
2016-01-02,20041945,2016-01-02T07:17:39.74Z,FUV,0,0
2016-01-02,20041946,2016-01-02T07:17:48.99Z,SJI_1400,0,0
2016-01-02,20041948,2016-01-02T07:17:49.06Z,FUV,0,0
2016-01-02,20041949,2016-01-02T07:17:58.67Z,SJI_1330,0,0
2016-01-02,20041951,2016-01-02T07:17:58.74Z,FUV,0,0
2016-01-02,20041952,2016-01-02T07:18:08.27Z,SJI_2796,0,0
2016-01-02,20041954,2016-01-02T07:18:08.34Z,FUV,0,0
2016-01-02,20041955,2016-01-02T07:18:17.89Z,SJI_2832,0,0
2016-01-02,20041957,2016-01-02T07:18:17.96Z,FUV,0,0
2016-01-02,20041958,2016-01-02T07:18:27.25Z,SJI_1400,0,0
2016-01-02,20041960,2016-01-02T07:18:27.32Z,FUV,0,0
2016-01-02,20041961,2016-01-02T07:18:36.98Z,SJI_1330,0,0
2016-01-02,20041963,2016-01-02T07:18:37.06Z,FUV,0,0
2016-01-02,20041964,2016-01-02T07:18:46.48Z,SJI_2796,0,0
2016-01-02,20041966,2016-01-02T07:18:46.56Z,FUV,0,0
2016-01-02,20041967,2016-01-02T07:18:56.11Z,SJI_2832,0,0
2016-01-02,20041969,2016-01-02T07:18:56.18Z,FUV,0,0
2016-01-02,20041970,2016-01-02T07:19:05.43Z,SJI_1400,0,0
2016-01-02,20041972,2016-01-02T07:19:05.50Z,FUV,0,0
2016-01-02,20041973,2016-01-02T07:19:15.12Z,SJI_1330,0,0
2016-01-02,20041975,2016-01-02T07:19:15.19Z,FUV,0,0
2016-01-02,20041976,2016-01-02T07:19:24.70Z,SJI_2796,0,0
2016-01-02,20041978,2016-01-02T07:19:24.77Z,FUV,0,0
2016-01-02,20041979,2016-01-02T07:19:34.33Z,SJI_2832,0,0
2016-01-02,20041981,2016-01-02T07:19:34.40Z,FUV,0,0
2016-01-02,20041982,2016-01-02T07:19:43.71Z,SJI_1400,0,0
2016-01-02,20041984,2016-01-02T07:19:43.78Z,FUV,0,0
2016-01-02,20041985,2016-01-02T07:19:53.41Z,SJI_1330,0,0
2016-01-02,20041987,2016-01-02T07:19:53.48Z,FUV,0,0
2016-01-02,20041988,2016-01-02T07:20:02.92Z,SJI_2796,0,0
2016-01-02,20041990,2016-01-02T07:20:02.99Z,FUV,0,0
2016-01-02,20041991,2016-01-02T07:20:12.55Z,SJI_2832,0,0
2016-01-02,20041993,2016-01-02T07:20:12.62Z,FUV,0,0
2016-01-02,20041994,2016-01-02T07:20:21.87Z,SJI_1400,0,0
2016-01-02,20041996,2016-01-02T07:20:21.94Z,FUV,0,0
2016-01-02,20041997,2016-01-02T07:20:31.55Z,SJI_1330,0,0
2016-01-02,20041999,2016-01-02T07:20:31.62Z,FUV,0,0
2016-01-02,20042000,2016-01-02T07:20:41.14Z,SJI_2796,0,0
2016-01-02,20042002,2016-01-02T07:20:41.21Z,FUV,0,0
2016-01-02,20042003,2016-01-02T07:20:50.77Z,SJI_2832,0,0
2016-01-02,20042005,2016-01-02T07:20:50.84Z,FUV,0,0
2016-01-02,20042006,2016-01-02T07:21:00.15Z,SJI_1400,0,0
2016-01-02,20042008,2016-01-02T07:21:00.22Z,FUV,0,0
2016-01-02,20042009,2016-01-02T07:21:09.83Z,SJI_1330,0,0
2016-01-02,20042011,2016-01-02T07:21:09.91Z,FUV,0,0
2016-01-02,20042012,2016-01-02T07:21:19.36Z,SJI_2796,0,0
2016-01-02,20042014,2016-01-02T07:21:19.43Z,FUV,0,0
2016-01-02,20042015,2016-01-02T07:21:28.98Z,SJI_2832,0,0
2016-01-02,20042017,2016-01-02T07:21:29.06Z,FUV,0,0
2016-01-02,20042018,2016-01-02T07:21:38.32Z,SJI_1400,0,0
2016-01-02,20042020,2016-01-02T07:21:38.39Z,FUV,0,0
2016-01-02,20042021,2016-01-02T07:21:48.01Z,SJI_1330,0,0
2016-01-02,20042023,2016-01-02T07:21:48.08Z,FUV,0,0
2016-01-02,20042024,2016-01-02T07:21:57.58Z,SJI_2796,0,0
2016-01-02,20042026,2016-01-02T07:21:57.65Z,FUV,0,0
2016-01-02,20042027,2016-01-02T07:22:07.20Z,SJI_2832,0,0
2016-01-02,20042029,2016-01-02T07:22:07.27Z,FUV,0,0
2016-01-02,20042030,2016-01-02T07:22:16.55Z,SJI_1400,0,0
2016-01-02,20042032,2016-01-02T07:22:16.62Z,FUV,0,0
2016-01-02,20042033,2016-01-02T07:22:26.27Z,SJI_1330,0,0
2016-01-02,20042035,2016-01-02T07:22:26.34Z,FUV,0,0
2016-01-02,20042036,2016-01-02T07:22:35.80Z,SJI_2796,0,0
2016-01-02,20042038,2016-01-02T07:22:35.87Z,FUV,0,0
2016-01-02,20042039,2016-01-02T07:22:45.42Z,SJI_2832,0,0
2016-01-02,20042041,2016-01-02T07:22:45.49Z,FUV,0,0
2016-01-02,20042042,2016-01-02T07:22:54.79Z,SJI_1400,0,0
2016-01-02,20042044,2016-01-02T07:22:54.86Z,FUV,0,0
2016-01-02,20042045,2016-01-02T07:23:04.47Z,SJI_1330,0,0
2016-01-02,20042047,2016-01-02T07:23:04.54Z,FUV,0,0
2016-01-02,20042048,2016-01-02T07:23:14.02Z,SJI_2796,0,0
2016-01-02,20042050,2016-01-02T07:23:14.09Z,FUV,0,0
2016-01-02,20042051,2016-01-02T07:23:23.64Z,SJI_2832,0,0
2016-01-02,20042053,2016-01-02T07:23:23.71Z,FUV,0,0
2016-01-02,20042054,2016-01-02T07:23:32.96Z,SJI_1400,0,0
2016-01-02,20042056,2016-01-02T07:23:33.03Z,FUV,0,0
2016-01-02,20042057,2016-01-02T07:23:42.62Z,SJI_1330,0,0
2016-01-02,20042059,2016-01-02T07:23:42.69Z,FUV,0,0
2016-01-02,20042060,2016-01-02T07:23:52.23Z,SJI_2796,0,0
2016-01-02,20042062,2016-01-02T07:23:52.31Z,FUV,0,0
2016-01-02,20042063,2016-01-02T07:24:01.86Z,SJI_2832,0,0
2016-01-02,20042065,2016-01-02T07:24:01.93Z,FUV,0,0
2016-01-02,20042066,2016-01-02T07:24:11.24Z,SJI_1400,0,0
2016-01-02,20042068,2016-01-02T07:24:11.31Z,FUV,0,0
2016-01-02,20042069,2016-01-02T07:24:20.93Z,SJI_1330,0,0
2016-01-02,20042071,2016-01-02T07:24:21.00Z,FUV,0,0
2016-01-02,20042072,2016-01-02T07:24:30.45Z,SJI_2796,0,0
2016-01-02,20042074,2016-01-02T07:24:30.52Z,FUV,0,0
2016-01-02,20042075,2016-01-02T07:24:40.08Z,SJI_2832,0,0
2016-01-02,20042077,2016-01-02T07:24:40.15Z,FUV,0,0
2016-01-02,20042078,2016-01-02T07:24:49.42Z,SJI_1400,0,0
2016-01-02,20042080,2016-01-02T07:24:49.49Z,FUV,0,0
2016-01-02,20042081,2016-01-02T07:24:59.12Z,SJI_1330,0,0
2016-01-02,20042083,2016-01-02T07:24:59.19Z,FUV,0,0
2016-01-02,20042084,2016-01-02T07:25:08.67Z,SJI_2796,0,0
2016-01-02,20042086,2016-01-02T07:25:08.74Z,FUV,0,0
2016-01-02,20042087,2016-01-02T07:25:18.30Z,SJI_2832,0,0
2016-01-02,20042089,2016-01-02T07:25:18.37Z,FUV,0,0
2016-01-02,20042090,2016-01-02T07:25:27.65Z,SJI_1400,0,0
2016-01-02,20042092,2016-01-02T07:25:27.72Z,FUV,0,0
2016-01-02,20042093,2016-01-02T07:25:37.32Z,SJI_1330,0,0
2016-01-02,20042095,2016-01-02T07:25:37.39Z,FUV,0,0
2016-01-02,20042096,2016-01-02T07:25:46.89Z,SJI_2796,0,0
2016-01-02,20042098,2016-01-02T07:25:46.96Z,FUV,0,0
2016-01-02,20042099,2016-01-02T07:25:56.52Z,SJI_2832,0,0
2016-01-02,20042101,2016-01-02T07:25:56.59Z,FUV,0,0
2016-01-02,20042102,2016-01-02T07:26:05.87Z,SJI_1400,0,0
2016-01-02,20042104,2016-01-02T07:26:05.94Z,FUV,0,0
2016-01-02,20042105,2016-01-02T07:26:15.61Z,SJI_1330,0,0
2016-01-02,20042107,2016-01-02T07:26:15.68Z,FUV,0,0
2016-01-02,20042108,2016-01-02T07:26:25.11Z,SJI_2796,0,0
2016-01-02,20042110,2016-01-02T07:26:25.18Z,FUV,0,0
2016-01-02,20042111,2016-01-02T07:26:34.73Z,SJI_2832,0,0
2016-01-02,20042113,2016-01-02T07:26:34.81Z,FUV,0,0
2016-01-02,20042114,2016-01-02T07:26:44.05Z,SJI_1400,0,0
2016-01-02,20042116,2016-01-02T07:26:44.12Z,FUV,0,0
2016-01-02,20042117,2016-01-02T07:26:53.73Z,SJI_1330,0,0
2016-01-02,20042119,2016-01-02T07:26:53.80Z,FUV,0,0
2016-01-02,20042120,2016-01-02T07:27:03.33Z,SJI_2796,0,0
2016-01-02,20042122,2016-01-02T07:27:03.40Z,FUV,0,0
2016-01-02,20042123,2016-01-02T07:27:12.95Z,SJI_2832,0,0
2016-01-02,20042125,2016-01-02T07:27:13.02Z,FUV,0,0
2016-01-02,20042126,2016-01-02T07:27:22.30Z,SJI_1400,0,0
2016-01-02,20042128,2016-01-02T07:27:22.38Z,FUV,0,0
2016-01-02,20042129,2016-01-02T07:27:31.99Z,SJI_1330,0,0
2016-01-02,20042131,2016-01-02T07:27:32.06Z,FUV,0,0
2016-01-02,20042132,2016-01-02T07:27:41.55Z,SJI_2796,0,0
2016-01-02,20042134,2016-01-02T07:27:41.62Z,FUV,0,0
2016-01-02,20042135,2016-01-02T07:27:51.17Z,SJI_2832,0,0
2016-01-02,20042137,2016-01-02T07:27:51.24Z,FUV,0,0
2016-01-02,20042138,2016-01-02T07:28:00.55Z,SJI_1400,0,0
2016-01-02,20042140,2016-01-02T07:28:00.62Z,FUV,0,0
2016-01-02,20042141,2016-01-02T07:28:10.26Z,SJI_1330,0,0
2016-01-02,20042143,2016-01-02T07:28:10.33Z,FUV,0,0
2016-01-02,20042144,2016-01-02T07:28:19.77Z,SJI_2796,0,0
2016-01-02,20042146,2016-01-02T07:28:19.84Z,FUV,0,0
2016-01-02,20042147,2016-01-02T07:28:29.39Z,SJI_2832,0,0
2016-01-02,20042149,2016-01-02T07:28:29.46Z,FUV,0,0
2016-01-02,20042150,2016-01-02T07:28:38.71Z,SJI_1400,0,0
2016-01-02,20042152,2016-01-02T07:28:38.78Z,FUV,0,0
2016-01-02,20042153,2016-01-02T07:28:48.39Z,SJI_1330,0,0
2016-01-02,20042155,2016-01-02T07:28:48.46Z,FUV,0,0
2016-01-02,20042156,2016-01-02T07:28:57.98Z,SJI_2796,0,0
2016-01-02,20042158,2016-01-02T07:28:58.06Z,FUV,0,0
2016-01-02,20042159,2016-01-02T07:29:07.61Z,SJI_2832,0,0
2016-01-02,20042161,2016-01-02T07:29:07.68Z,FUV,0,0
2016-01-02,20042162,2016-01-02T07:29:16.98Z,SJI_1400,0,0
2016-01-02,20042164,2016-01-02T07:29:17.05Z,FUV,0,0
2016-01-02,20042165,2016-01-02T07:29:26.70Z,SJI_1330,0,0
2016-01-02,20042167,2016-01-02T07:29:26.77Z,FUV,0,0
2016-01-02,20042168,2016-01-02T07:29:36.20Z,SJI_2796,0,0
2016-01-02,20042170,2016-01-02T07:29:36.27Z,FUV,0,0
2016-01-02,20042171,2016-01-02T07:29:45.83Z,SJI_2832,0,0
2016-01-02,20042173,2016-01-02T07:29:45.90Z,FUV,0,0
2016-01-02,20042174,2016-01-02T07:29:55.14Z,SJI_1400,0,0
2016-01-02,20042176,2016-01-02T07:29:55.21Z,FUV,0,0
2016-01-02,20042177,2016-01-02T07:30:04.80Z,SJI_1330,0,0
2016-01-02,20042179,2016-01-02T07:30:04.87Z,FUV,0,0
2016-01-02,20042180,2016-01-02T07:30:14.42Z,SJI_2796,0,0
2016-01-02,20042182,2016-01-02T07:30:14.49Z,FUV,0,0
2016-01-02,20042183,2016-01-02T07:30:24.05Z,SJI_2832,0,0
2016-01-02,20042185,2016-01-02T07:30:24.12Z,FUV,0,0
2016-01-02,20042186,2016-01-02T07:30:33.40Z,SJI_1400,0,0
2016-01-02,20042188,2016-01-02T07:30:33.47Z,FUV,0,0
2016-01-02,20042189,2016-01-02T07:30:43.08Z,SJI_1330,0,0
2016-01-02,20042191,2016-01-02T07:30:43.15Z,FUV,0,0
2016-01-02,20042192,2016-01-02T07:30:52.64Z,SJI_2796,0,0
2016-01-02,20042194,2016-01-02T07:30:52.71Z,FUV,0,0
2016-01-02,20042195,2016-01-02T07:31:02.27Z,SJI_2832,0,0
2016-01-02,20042197,2016-01-02T07:31:02.34Z,FUV,0,0
2016-01-02,20042198,2016-01-02T07:31:11.62Z,SJI_1400,0,0
2016-01-02,20042200,2016-01-02T07:31:11.70Z,FUV,0,0
2016-01-02,20042201,2016-01-02T07:31:21.30Z,SJI_1330,0,0
2016-01-02,20042203,2016-01-02T07:31:21.37Z,FUV,0,0
2016-01-02,20042204,2016-01-02T07:31:30.86Z,SJI_2796,0,0
2016-01-02,20042206,2016-01-02T07:31:30.93Z,FUV,0,0
2016-01-02,20042207,2016-01-02T07:31:40.48Z,SJI_2832,0,0
2016-01-02,20042209,2016-01-02T07:31:40.56Z,FUV,0,0
2016-01-02,20042210,2016-01-02T07:31:49.84Z,SJI_1400,0,0
2016-01-02,20042212,2016-01-02T07:31:49.91Z,FUV,0,0
2016-01-02,20042213,2016-01-02T07:31:59.52Z,SJI_1330,0,0
2016-01-02,20042215,2016-01-02T07:31:59.59Z,FUV,0,0
2016-01-02,20042216,2016-01-02T07:32:09.08Z,SJI_2796,0,0
2016-01-02,20042218,2016-01-02T07:32:09.15Z,FUV,0,0
2016-01-02,20042219,2016-01-02T07:32:18.70Z,SJI_2832,0,0
2016-01-02,20042221,2016-01-02T07:32:18.77Z,FUV,0,0
2016-01-02,20042222,2016-01-02T07:32:28.08Z,SJI_1400,0,0
2016-01-02,20042224,2016-01-02T07:32:28.15Z,FUV,0,0
2016-01-02,20042225,2016-01-02T07:32:37.78Z,SJI_1330,0,0
2016-01-02,20042227,2016-01-02T07:32:37.85Z,FUV,0,0
2016-01-02,20042228,2016-01-02T07:32:47.30Z,SJI_2796,0,0
2016-01-02,20042230,2016-01-02T07:32:47.37Z,FUV,0,0
2016-01-02,20042231,2016-01-02T07:32:56.92Z,SJI_2832,0,0
2016-01-02,20042233,2016-01-02T07:32:56.99Z,FUV,0,0
2016-01-02,20042234,2016-01-02T07:33:06.27Z,SJI_1400,0,0
2016-01-02,20042236,2016-01-02T07:33:06.34Z,FUV,0,0
2016-01-02,20042237,2016-01-02T07:33:15.94Z,SJI_1330,0,0
2016-01-02,20042239,2016-01-02T07:33:16.01Z,FUV,0,0
2016-01-02,20042240,2016-01-02T07:33:25.52Z,SJI_2796,0,0
2016-01-02,20042242,2016-01-02T07:33:25.59Z,FUV,0,0
2016-01-02,20042243,2016-01-02T07:33:35.14Z,SJI_2832,0,0
2016-01-02,20042245,2016-01-02T07:33:35.21Z,FUV,0,0
2016-01-02,20042246,2016-01-02T07:33:44.50Z,SJI_1400,0,0
2016-01-02,20042248,2016-01-02T07:33:44.57Z,FUV,0,0
2016-01-02,20042249,2016-01-02T07:33:54.21Z,SJI_1330,0,0
2016-01-02,20042251,2016-01-02T07:33:54.28Z,FUV,0,0
2016-01-02,20042252,2016-01-02T07:34:03.73Z,SJI_2796,0,0
2016-01-02,20042254,2016-01-02T07:34:03.81Z,FUV,0,0
2016-01-02,20042255,2016-01-02T07:34:13.36Z,SJI_2832,0,0
2016-01-02,20042257,2016-01-02T07:34:13.43Z,FUV,0,0
2016-01-02,20042258,2016-01-02T07:34:22.67Z,SJI_1400,0,0
2016-01-02,20042260,2016-01-02T07:34:22.74Z,FUV,0,0
2016-01-02,20042261,2016-01-02T07:34:32.33Z,SJI_1330,0,0
2016-01-02,20042263,2016-01-02T07:34:32.41Z,FUV,0,0
2016-01-02,20042264,2016-01-02T07:34:41.95Z,SJI_2796,0,0
2016-01-02,20042266,2016-01-02T07:34:42.02Z,FUV,0,0
2016-01-02,20042267,2016-01-02T07:34:51.58Z,SJI_2832,0,0
2016-01-02,20042269,2016-01-02T07:34:51.65Z,FUV,0,0
2016-01-02,20042270,2016-01-02T07:35:00.94Z,SJI_1400,0,0
2016-01-02,20042272,2016-01-02T07:35:01.01Z,FUV,0,0
2016-01-02,20042273,2016-01-02T07:35:10.62Z,SJI_1330,0,0
2016-01-02,20042275,2016-01-02T07:35:10.69Z,FUV,0,0
2016-01-02,20042276,2016-01-02T07:35:20.17Z,SJI_2796,0,0
2016-01-02,20042278,2016-01-02T07:35:20.24Z,FUV,0,0
2016-01-02,20042279,2016-01-02T07:35:29.80Z,SJI_2832,0,0
2016-01-02,20042281,2016-01-02T07:35:29.87Z,FUV,0,0
2016-01-02,20042282,2016-01-02T07:35:39.16Z,SJI_1400,0,0
2016-01-02,20042284,2016-01-02T07:35:39.23Z,FUV,0,0
2016-01-02,20042285,2016-01-02T07:35:48.84Z,SJI_1330,0,0
2016-01-02,20042287,2016-01-02T07:35:48.91Z,FUV,0,0
2016-01-02,20042288,2016-01-02T07:35:58.39Z,SJI_2796,0,0
2016-01-02,20042290,2016-01-02T07:35:58.46Z,FUV,0,0
2016-01-02,20042291,2016-01-02T07:36:08.02Z,SJI_2832,0,0
2016-01-02,20042293,2016-01-02T07:36:08.09Z,FUV,0,0
2016-01-02,20042294,2016-01-02T07:36:17.40Z,SJI_1400,0,0
2016-01-02,20042296,2016-01-02T07:36:17.47Z,FUV,0,0
2016-01-02,20042297,2016-01-02T07:36:27.11Z,SJI_1330,0,0
2016-01-02,20042299,2016-01-02T07:36:27.18Z,FUV,0,0
2016-01-02,20042300,2016-01-02T07:36:36.61Z,SJI_2796,0,0
2016-01-02,20042302,2016-01-02T07:36:36.68Z,FUV,0,0
2016-01-02,20042303,2016-01-02T07:36:46.23Z,SJI_2832,0,0
2016-01-02,20042305,2016-01-02T07:36:46.31Z,FUV,0,0
2016-01-02,20042306,2016-01-02T07:36:55.56Z,SJI_1400,0,0
2016-01-02,20042308,2016-01-02T07:36:55.63Z,FUV,0,0
2016-01-02,20042309,2016-01-02T07:37:05.23Z,SJI_1330,0,0
2016-01-02,20042311,2016-01-02T07:37:05.31Z,FUV,0,0
2016-01-02,20042312,2016-01-02T07:37:14.83Z,SJI_2796,0,0
2016-01-02,20042314,2016-01-02T07:37:14.90Z,FUV,0,0
2016-01-02,20042315,2016-01-02T07:37:24.45Z,SJI_2832,0,0
2016-01-02,20042317,2016-01-02T07:37:24.52Z,FUV,0,0
2016-01-02,20042318,2016-01-02T07:37:33.81Z,SJI_1400,0,0
2016-01-02,20042320,2016-01-02T07:37:33.88Z,FUV,0,0
2016-01-02,20042321,2016-01-02T07:37:43.51Z,SJI_1330,0,0
2016-01-02,20042323,2016-01-02T07:37:43.58Z,FUV,0,0
2016-01-02,20042324,2016-01-02T07:37:53.05Z,SJI_2796,0,0
2016-01-02,20042326,2016-01-02T07:37:53.12Z,FUV,0,0
2016-01-02,20042327,2016-01-02T07:38:02.67Z,SJI_2832,0,0
2016-01-02,20042329,2016-01-02T07:38:02.74Z,FUV,0,0
2016-01-02,20042330,2016-01-02T07:38:12.04Z,SJI_1400,0,0
2016-01-02,20042332,2016-01-02T07:38:12.11Z,FUV,0,0
2016-01-02,20042333,2016-01-02T07:38:21.73Z,SJI_1330,0,0
2016-01-02,20042335,2016-01-02T07:38:21.80Z,FUV,0,0
2016-01-02,20042336,2016-01-02T07:38:31.27Z,SJI_2796,0,0
2016-01-02,20042338,2016-01-02T07:38:31.34Z,FUV,0,0
2016-01-02,20042339,2016-01-02T07:38:40.89Z,SJI_2832,0,0
2016-01-02,20042341,2016-01-02T07:38:40.96Z,FUV,0,0
2016-01-02,20042342,2016-01-02T07:38:50.24Z,SJI_1400,0,0
2016-01-02,20042344,2016-01-02T07:38:50.31Z,FUV,0,0
2016-01-02,20042345,2016-01-02T07:38:59.91Z,SJI_1330,0,0
2016-01-02,20042347,2016-01-02T07:38:59.98Z,FUV,0,0
2016-01-02,20042348,2016-01-02T07:39:09.48Z,SJI_2796,0,0
2016-01-02,20042350,2016-01-02T07:39:09.56Z,FUV,0,0
2016-01-02,20042351,2016-01-02T07:39:19.11Z,SJI_2832,0,0
2016-01-02,20042353,2016-01-02T07:39:19.18Z,FUV,0,0
2016-01-02,20042354,2016-01-02T07:39:28.46Z,SJI_1400,0,0
2016-01-02,20042356,2016-01-02T07:39:28.53Z,FUV,0,0
2016-01-02,20042357,2016-01-02T07:39:38.14Z,SJI_1330,0,0
2016-01-02,20042359,2016-01-02T07:39:38.21Z,FUV,0,0
2016-01-02,20042360,2016-01-02T07:39:47.70Z,SJI_2796,0,0
2016-01-02,20042362,2016-01-02T07:39:47.77Z,FUV,0,0
2016-01-02,20042363,2016-01-02T07:39:57.33Z,SJI_2832,0,0
2016-01-02,20042365,2016-01-02T07:39:57.40Z,FUV,0,0
2016-01-02,20042366,2016-01-02T07:40:06.67Z,SJI_1400,0,0
2016-01-02,20042368,2016-01-02T07:40:06.74Z,FUV,0,0
2016-01-02,20042369,2016-01-02T07:40:16.35Z,SJI_1330,0,0
2016-01-02,20042371,2016-01-02T07:40:16.42Z,FUV,0,0
2016-01-02,20042372,2016-01-02T07:40:25.92Z,SJI_2796,0,0
2016-01-02,20042374,2016-01-02T07:40:25.99Z,FUV,0,0
2016-01-02,20042375,2016-01-02T07:40:35.55Z,SJI_2832,0,0
2016-01-02,20042377,2016-01-02T07:40:35.62Z,FUV,0,0
2016-01-02,20042378,2016-01-02T07:40:44.90Z,SJI_1400,0,0
2016-01-02,20042380,2016-01-02T07:40:44.97Z,FUV,0,0
2016-01-02,20042381,2016-01-02T07:40:54.59Z,SJI_1330,0,0
2016-01-02,20042383,2016-01-02T07:40:54.66Z,FUV,0,0
2016-01-02,20042384,2016-01-02T07:41:04.14Z,SJI_2796,0,0
2016-01-02,20042386,2016-01-02T07:41:04.21Z,FUV,0,0
2016-01-02,20042387,2016-01-02T07:41:13.77Z,SJI_2832,0,0
2016-01-02,20042389,2016-01-02T07:41:13.84Z,FUV,0,0
2016-01-02,20042390,2016-01-02T07:41:23.16Z,SJI_1400,0,0
2016-01-02,20042392,2016-01-02T07:41:23.23Z,FUV,0,0
2016-01-02,20042393,2016-01-02T07:41:32.86Z,SJI_1330,0,0
2016-01-02,20042395,2016-01-02T07:41:32.93Z,FUV,0,0
2016-01-02,20042396,2016-01-02T07:41:42.36Z,SJI_2796,0,0
2016-01-02,20042398,2016-01-02T07:41:42.43Z,FUV,0,0
2016-01-02,20042399,2016-01-02T07:41:51.98Z,SJI_2832,0,0
2016-01-02,20042401,2016-01-02T07:41:52.06Z,FUV,0,0
2016-01-02,20042402,2016-01-02T07:42:01.30Z,SJI_1400,0,0
2016-01-02,20042404,2016-01-02T07:42:01.37Z,FUV,0,0
2016-01-02,20042405,2016-01-02T07:42:10.99Z,SJI_1330,0,0
2016-01-02,20042407,2016-01-02T07:42:11.06Z,FUV,0,0
2016-01-02,20042408,2016-01-02T07:42:20.58Z,SJI_2796,0,0
2016-01-02,20042410,2016-01-02T07:42:20.65Z,FUV,0,0
2016-01-02,20042411,2016-01-02T07:42:30.20Z,SJI_2832,0,0
2016-01-02,20042413,2016-01-02T07:42:30.27Z,FUV,0,0
2016-01-02,20042414,2016-01-02T07:42:39.57Z,SJI_1400,0,0
2016-01-02,20042416,2016-01-02T07:42:39.64Z,FUV,0,0
2016-01-02,20042417,2016-01-02T07:42:49.30Z,SJI_1330,0,0
2016-01-02,20042419,2016-01-02T07:42:49.37Z,FUV,0,0
2016-01-02,20042420,2016-01-02T07:42:58.80Z,SJI_2796,0,0
2016-01-02,20042422,2016-01-02T07:42:58.87Z,FUV,0,0
2016-01-02,20042423,2016-01-02T07:43:08.42Z,SJI_2832,0,0
2016-01-02,20042425,2016-01-02T07:43:08.49Z,FUV,0,0
2016-01-02,20042426,2016-01-02T07:43:17.78Z,SJI_1400,0,0
2016-01-02,20042428,2016-01-02T07:43:17.85Z,FUV,0,0
2016-01-02,20042429,2016-01-02T07:43:27.43Z,SJI_1330,0,0
2016-01-02,20042431,2016-01-02T07:43:27.50Z,FUV,0,0
2016-01-02,20042432,2016-01-02T07:43:37.02Z,SJI_2796,0,0
2016-01-02,20042434,2016-01-02T07:43:37.09Z,FUV,0,0
2016-01-02,20042435,2016-01-02T07:43:46.64Z,SJI_2832,0,0
2016-01-02,20042437,2016-01-02T07:43:46.71Z,FUV,0,0
2016-01-02,20042438,2016-01-02T07:43:55.98Z,SJI_1400,0,0
2016-01-02,20042440,2016-01-02T07:43:56.06Z,FUV,0,0
2016-01-02,20042441,2016-01-02T07:44:05.68Z,SJI_1330,0,0
2016-01-02,20042443,2016-01-02T07:44:05.75Z,FUV,0,0
2016-01-02,20042444,2016-01-02T07:44:15.23Z,SJI_2796,0,0
2016-01-02,20042446,2016-01-02T07:44:15.31Z,FUV,0,0
2016-01-02,20042447,2016-01-02T07:44:24.86Z,SJI_2832,0,0
2016-01-02,20042449,2016-01-02T07:44:24.93Z,FUV,0,0
2016-01-02,20042450,2016-01-02T07:44:34.22Z,SJI_1400,0,0
2016-01-02,20042452,2016-01-02T07:44:34.29Z,FUV,0,0
2016-01-02,20042453,2016-01-02T07:44:43.91Z,SJI_1330,0,0
2016-01-02,20042455,2016-01-02T07:44:43.98Z,FUV,0,0
2016-01-02,20042456,2016-01-02T07:44:53.46Z,SJI_2796,0,0
2016-01-02,20042458,2016-01-02T07:44:53.53Z,FUV,0,0
2016-01-02,20042459,2016-01-02T07:45:03.08Z,SJI_2832,0,0
2016-01-02,20042461,2016-01-02T07:45:03.15Z,FUV,0,0
2016-01-02,20042462,2016-01-02T07:45:12.45Z,SJI_1400,0,0
2016-01-02,20042464,2016-01-02T07:45:12.52Z,FUV,0,0
2016-01-02,20042465,2016-01-02T07:45:22.20Z,SJI_1330,0,0
2016-01-02,20042467,2016-01-02T07:45:22.27Z,FUV,0,0
2016-01-02,20042468,2016-01-02T07:45:31.67Z,SJI_2796,0,0
2016-01-02,20042470,2016-01-02T07:45:31.74Z,FUV,0,0
2016-01-02,20042471,2016-01-02T07:45:41.30Z,SJI_2832,0,0
2016-01-02,20042473,2016-01-02T07:45:41.37Z,FUV,0,0
2016-01-02,20042474,2016-01-02T07:45:50.62Z,SJI_1400,0,0
2016-01-02,20042476,2016-01-02T07:45:50.69Z,FUV,0,0
2016-01-02,20042477,2016-01-02T07:46:00.27Z,SJI_1330,0,0
2016-01-02,20042479,2016-01-02T07:46:00.34Z,FUV,0,0
2016-01-02,20042480,2016-01-02T07:46:09.89Z,SJI_2796,0,0
2016-01-02,20042482,2016-01-02T07:46:09.96Z,FUV,0,0
2016-01-02,20042483,2016-01-02T07:46:19.52Z,SJI_2832,0,0
2016-01-02,20042485,2016-01-02T07:46:19.59Z,FUV,0,0
2016-01-02,20042486,2016-01-02T07:46:28.88Z,SJI_1400,0,0
2016-01-02,20042488,2016-01-02T07:46:28.95Z,FUV,0,0
2016-01-02,20042489,2016-01-02T07:46:38.58Z,SJI_1330,0,0
2016-01-02,20042491,2016-01-02T07:46:38.66Z,FUV,0,0
2016-01-02,20042492,2016-01-02T07:46:48.11Z,SJI_2796,0,0
2016-01-02,20042494,2016-01-02T07:46:48.18Z,FUV,0,0
2016-01-02,20042495,2016-01-02T07:46:57.73Z,SJI_2832,0,0
2016-01-02,20042497,2016-01-02T07:46:57.81Z,FUV,0,0
2016-01-02,20042498,2016-01-02T07:47:07.08Z,SJI_1400,0,0
2016-01-02,20042500,2016-01-02T07:47:07.15Z,FUV,0,0
2016-01-02,20042501,2016-01-02T07:47:16.76Z,SJI_1330,0,0
2016-01-02,20042503,2016-01-02T07:47:16.83Z,FUV,0,0
2016-01-02,20042504,2016-01-02T07:47:26.33Z,SJI_2796,0,0
2016-01-02,20042506,2016-01-02T07:47:26.40Z,FUV,0,0
2016-01-02,20042507,2016-01-02T07:47:35.95Z,SJI_2832,0,0
2016-01-02,20042509,2016-01-02T07:47:36.02Z,FUV,0,0
2016-01-02,20042510,2016-01-02T07:47:45.30Z,SJI_1400,0,0
2016-01-02,20042512,2016-01-02T07:47:45.37Z,FUV,0,0
2016-01-02,20042513,2016-01-02T07:47:54.98Z,SJI_1330,0,0
2016-01-02,20042515,2016-01-02T07:47:55.06Z,FUV,0,0
2016-01-02,20042516,2016-01-02T07:48:04.55Z,SJI_2796,0,0
2016-01-02,20042518,2016-01-02T07:48:04.62Z,FUV,0,0
2016-01-02,20042519,2016-01-02T07:48:14.17Z,SJI_2832,0,0
2016-01-02,20042521,2016-01-02T07:48:14.24Z,FUV,0,0
2016-01-02,20042522,2016-01-02T07:48:23.52Z,SJI_1400,0,0
2016-01-02,20042524,2016-01-02T07:48:23.59Z,FUV,0,0
2016-01-02,20042525,2016-01-02T07:48:33.21Z,SJI_1330,0,0
2016-01-02,20042527,2016-01-02T07:48:33.28Z,FUV,0,0
2016-01-02,20042528,2016-01-02T07:48:42.77Z,SJI_2796,0,0
2016-01-02,20042530,2016-01-02T07:48:42.84Z,FUV,0,0
2016-01-02,20042531,2016-01-02T07:48:52.39Z,SJI_2832,0,0
2016-01-02,20042533,2016-01-02T07:48:52.46Z,FUV,0,0
2016-01-02,20042534,2016-01-02T07:49:01.74Z,SJI_1400,1,0
2016-01-02,20042536,2016-01-02T07:49:01.81Z,FUV,1,0
2016-01-02,20042537,2016-01-02T07:49:11.40Z,SJI_1330,1,0
2016-01-02,20042539,2016-01-02T07:49:11.47Z,FUV,1,0
2016-01-02,20042540,2016-01-02T07:49:20.98Z,SJI_2796,1,0
2016-01-02,20042542,2016-01-02T07:49:21.06Z,FUV,1,0
2016-01-02,20042543,2016-01-02T07:49:30.61Z,SJI_2832,1,0
2016-01-02,20042545,2016-01-02T07:49:30.68Z,FUV,1,0
2016-01-02,20042546,2016-01-02T07:49:39.95Z,SJI_1400,1,0
2016-01-02,20042548,2016-01-02T07:49:40.02Z,FUV,1,0
2016-01-02,20042549,2016-01-02T07:49:49.64Z,SJI_1330,1,0
2016-01-02,20042551,2016-01-02T07:49:49.71Z,FUV,1,0
2016-01-02,20042552,2016-01-02T07:49:59.20Z,SJI_2796,1,0
2016-01-02,20042554,2016-01-02T07:49:59.27Z,FUV,1,0
2016-01-02,20042555,2016-01-02T07:50:08.83Z,SJI_2832,1,0
2016-01-02,20042557,2016-01-02T07:50:08.90Z,FUV,1,0
2016-01-02,20042558,2016-01-02T07:50:18.17Z,SJI_1400,1,0
2016-01-02,20042560,2016-01-02T07:50:18.24Z,FUV,1,0
2016-01-02,20042561,2016-01-02T07:50:27.85Z,SJI_1330,1,0
2016-01-02,20042563,2016-01-02T07:50:27.92Z,FUV,1,0
2016-01-02,20042564,2016-01-02T07:50:37.42Z,SJI_2796,1,0
2016-01-02,20042566,2016-01-02T07:50:37.49Z,FUV,1,0
2016-01-02,20042567,2016-01-02T07:50:47.05Z,SJI_2832,1,0
2016-01-02,20042569,2016-01-02T07:50:47.12Z,FUV,1,0
2016-01-02,20042570,2016-01-02T07:50:56.42Z,SJI_1400,1,0
2016-01-02,20042572,2016-01-02T07:50:56.49Z,FUV,1,0
2016-01-02,20042573,2016-01-02T07:51:06.15Z,SJI_1330,1,0
2016-01-02,20042575,2016-01-02T07:51:06.22Z,FUV,1,1
2016-01-02,20042576,2016-01-02T07:51:15.64Z,SJI_2796,1,0
2016-01-02,20042578,2016-01-02T07:51:15.71Z,FUV,1,0
2016-01-02,20042579,2016-01-02T07:51:25.27Z,SJI_2832,1,0
2016-01-02,20042581,2016-01-02T07:51:25.34Z,FUV,1,0
2016-01-02,20042582,2016-01-02T07:51:34.60Z,SJI_1400,1,0
2016-01-02,20042584,2016-01-02T07:51:34.67Z,FUV,1,0
2016-01-02,20042585,2016-01-02T07:51:44.27Z,SJI_1330,1,0
2016-01-02,20042587,2016-01-02T07:51:44.34Z,FUV,1,0
2016-01-02,20042588,2016-01-02T07:51:53.86Z,SJI_2796,1,0
2016-01-02,20042590,2016-01-02T07:51:53.93Z,FUV,1,0
2016-01-02,20042591,2016-01-02T07:52:03.48Z,SJI_2832,1,0
2016-01-02,20042593,2016-01-02T07:52:03.56Z,FUV,1,0
2016-01-02,20042594,2016-01-02T07:52:12.84Z,SJI_1400,1,0
2016-01-02,20042596,2016-01-02T07:52:12.91Z,FUV,1,1
2016-01-02,20042597,2016-01-02T07:52:22.56Z,SJI_1330,1,0
2016-01-02,20042599,2016-01-02T07:52:22.63Z,FUV,1,0
2016-01-02,20042600,2016-01-02T07:52:32.08Z,SJI_2796,1,0
2016-01-02,20042602,2016-01-02T07:52:32.15Z,FUV,1,0
2016-01-02,20042603,2016-01-02T07:52:41.70Z,SJI_2832,1,0
2016-01-02,20042605,2016-01-02T07:52:41.77Z,FUV,1,0
2016-01-02,20042606,2016-01-02T07:52:51.05Z,SJI_1400,1,0
2016-01-02,20042608,2016-01-02T07:52:51.12Z,FUV,1,0
2016-01-02,20042609,2016-01-02T07:53:00.71Z,SJI_1330,1,0
2016-01-02,20042611,2016-01-02T07:53:00.78Z,FUV,1,0
2016-01-02,20042612,2016-01-02T07:53:10.30Z,SJI_2796,1,0
2016-01-02,20042614,2016-01-02T07:53:10.37Z,FUV,1,0
2016-01-02,20042615,2016-01-02T07:53:19.92Z,SJI_2832,1,0
2016-01-02,20042617,2016-01-02T07:53:19.99Z,FUV,1,1
2016-01-02,20042618,2016-01-02T07:53:29.29Z,SJI_1400,1,0
2016-01-02,20042620,2016-01-02T07:53:29.36Z,FUV,1,0
2016-01-02,20042621,2016-01-02T07:53:39.02Z,SJI_1330,1,0
2016-01-02,20042623,2016-01-02T07:53:39.09Z,FUV,1,3
2016-01-02,20042624,2016-01-02T07:53:48.52Z,SJI_2796,1,0
2016-01-02,20042626,2016-01-02T07:53:48.59Z,FUV,1,2
2016-01-02,20042627,2016-01-02T07:53:58.14Z,SJI_2832,1,0
2016-01-02,20042629,2016-01-02T07:53:58.21Z,FUV,1,2
2016-01-02,20042630,2016-01-02T07:54:07.45Z,SJI_1400,1,0
2016-01-02,20042632,2016-01-02T07:54:07.52Z,FUV,1,3
2016-01-02,20042633,2016-01-02T07:54:17.13Z,SJI_1330,1,0
2016-01-02,20042635,2016-01-02T07:54:17.20Z,FUV,1,1
2016-01-02,20042636,2016-01-02T07:54:26.73Z,SJI_2796,1,0
2016-01-02,20042638,2016-01-02T07:54:26.81Z,FUV,1,3
2016-01-02,20042639,2016-01-02T07:54:36.36Z,SJI_2832,1,0
2016-01-02,20042641,2016-01-02T07:54:36.43Z,FUV,1,4
2016-01-02,20042642,2016-01-02T07:54:45.73Z,SJI_1400,1,0
2016-01-02,20042644,2016-01-02T07:54:45.80Z,FUV,1,3
2016-01-02,20042645,2016-01-02T07:54:55.44Z,SJI_1330,1,0
2016-01-02,20042647,2016-01-02T07:54:55.51Z,FUV,1,8
2016-01-02,20042648,2016-01-02T07:55:04.95Z,SJI_2796,1,0
2016-01-02,20042650,2016-01-02T07:55:05.02Z,FUV,1,6
2016-01-02,20042651,2016-01-02T07:55:14.58Z,SJI_2832,1,0
2016-01-02,20042653,2016-01-02T07:55:14.65Z,FUV,1,7
2016-01-02,20042654,2016-01-02T07:55:23.91Z,SJI_1400,1,0
2016-01-02,20042656,2016-01-02T07:55:23.98Z,FUV,1,9
2016-01-02,20042657,2016-01-02T07:55:33.59Z,SJI_1330,1,0
2016-01-02,20042659,2016-01-02T07:55:33.66Z,FUV,1,11
2016-01-02,20042660,2016-01-02T07:55:43.17Z,SJI_2796,1,0
2016-01-02,20042662,2016-01-02T07:55:43.24Z,FUV,1,7
2016-01-02,20042663,2016-01-02T07:55:52.80Z,SJI_2832,1,0
2016-01-02,20042665,2016-01-02T07:55:52.87Z,FUV,1,12
2016-01-02,20042666,2016-01-02T07:56:02.15Z,SJI_1400,1,0
2016-01-02,20042668,2016-01-02T07:56:02.22Z,FUV,1,14
2016-01-02,20042669,2016-01-02T07:56:11.82Z,SJI_1330,1,0
2016-01-02,20042671,2016-01-02T07:56:11.89Z,FUV,1,14
2016-01-02,20042672,2016-01-02T07:56:21.39Z,SJI_2796,1,0
2016-01-02,20042674,2016-01-02T07:56:21.46Z,FUV,1,20
2016-01-02,20042675,2016-01-02T07:56:31.02Z,SJI_2832,1,0
2016-01-02,20042677,2016-01-02T07:56:31.09Z,FUV,1,20
2016-01-02,20042678,2016-01-02T07:56:40.41Z,SJI_1400,1,0
2016-01-02,20042680,2016-01-02T07:56:40.48Z,FUV,1,22
2016-01-02,20042681,2016-01-02T07:56:50.12Z,SJI_1330,1,0
2016-01-02,20042683,2016-01-02T07:56:50.19Z,FUV,1,14
2016-01-02,20042684,2016-01-02T07:56:59.61Z,SJI_2796,1,0
2016-01-02,20042686,2016-01-02T07:56:59.68Z,FUV,1,16
2016-01-02,20042687,2016-01-02T07:57:09.23Z,SJI_2832,1,0
2016-01-02,20042689,2016-01-02T07:57:09.31Z,FUV,1,21
2016-01-02,20042690,2016-01-02T07:57:18.55Z,SJI_1400,1,0
2016-01-02,20042692,2016-01-02T07:57:18.62Z,FUV,1,34
2016-01-02,20042693,2016-01-02T07:57:28.23Z,SJI_1330,1,0
2016-01-02,20042695,2016-01-02T07:57:28.31Z,FUV,1,18
2016-01-02,20042696,2016-01-02T07:57:37.83Z,SJI_2796,1,0
2016-01-02,20042698,2016-01-02T07:57:37.90Z,FUV,1,16
2016-01-02,20042699,2016-01-02T07:57:47.45Z,SJI_2832,1,0
2016-01-02,20042701,2016-01-02T07:57:47.52Z,FUV,1,12
2016-01-02,20042702,2016-01-02T07:57:56.84Z,SJI_1400,1,0
2016-01-02,20042704,2016-01-02T07:57:56.91Z,FUV,1,23
2016-01-02,20042705,2016-01-02T07:58:06.58Z,SJI_1330,1,0
2016-01-02,20042707,2016-01-02T07:58:06.65Z,FUV,1,16
2016-01-02,20042708,2016-01-02T07:58:16.05Z,SJI_2796,1,0
2016-01-02,20042710,2016-01-02T07:58:16.12Z,FUV,1,19
2016-01-02,20042711,2016-01-02T07:58:25.67Z,SJI_2832,1,0
2016-01-02,20042713,2016-01-02T07:58:25.74Z,FUV,1,15
2016-01-02,20042714,2016-01-02T07:58:35.01Z,SJI_1400,1,0
2016-01-02,20042716,2016-01-02T07:58:35.08Z,FUV,1,15
2016-01-02,20042717,2016-01-02T07:58:44.69Z,SJI_1330,1,0
2016-01-02,20042719,2016-01-02T07:58:44.77Z,FUV,1,11
2016-01-02,20042720,2016-01-02T07:58:54.27Z,SJI_2796,1,0
2016-01-02,20042722,2016-01-02T07:58:54.34Z,FUV,1,13
2016-01-02,20042723,2016-01-02T07:59:03.89Z,SJI_2832,1,0
2016-01-02,20042725,2016-01-02T07:59:03.96Z,FUV,1,9
2016-01-02,20042726,2016-01-02T07:59:13.25Z,SJI_1400,1,0
2016-01-02,20042728,2016-01-02T07:59:13.32Z,FUV,1,14
2016-01-02,20042729,2016-01-02T07:59:22.96Z,SJI_1330,1,0
2016-01-02,20042731,2016-01-02T07:59:23.03Z,FUV,1,5
2016-01-02,20042732,2016-01-02T07:59:32.48Z,SJI_2796,1,0
2016-01-02,20042734,2016-01-02T07:59:32.56Z,FUV,1,7
2016-01-02,20042735,2016-01-02T07:59:42.11Z,SJI_2832,1,0
2016-01-02,20042737,2016-01-02T07:59:42.18Z,FUV,1,7
2016-01-02,20042738,2016-01-02T07:59:51.42Z,SJI_1400,1,0
2016-01-02,20042740,2016-01-02T07:59:51.49Z,FUV,1,5
2016-01-02,20042741,2016-01-02T08:00:01.10Z,SJI_1330,1,0
2016-01-02,20042743,2016-01-02T08:00:01.17Z,FUV,1,3
2016-01-02,20042744,2016-01-02T08:00:10.70Z,SJI_2796,1,0
2016-01-02,20042746,2016-01-02T08:00:10.77Z,FUV,1,0
2016-01-02,20042747,2016-01-02T08:00:20.33Z,SJI_2832,1,0
2016-01-02,20042749,2016-01-02T08:00:20.40Z,FUV,1,3
2016-01-02,20042750,2016-01-02T08:00:29.66Z,SJI_1400,1,0
2016-01-02,20042752,2016-01-02T08:00:29.73Z,FUV,1,4
2016-01-02,20042753,2016-01-02T08:00:39.34Z,SJI_1330,1,0
2016-01-02,20042755,2016-01-02T08:00:39.41Z,FUV,1,2
2016-01-02,20042756,2016-01-02T08:00:48.92Z,SJI_2796,1,0
2016-01-02,20042758,2016-01-02T08:00:48.99Z,FUV,1,0
2016-01-02,20042759,2016-01-02T08:00:58.55Z,SJI_2832,1,0
2016-01-02,20042761,2016-01-02T08:00:58.62Z,FUV,1,1
2016-01-02,20042762,2016-01-02T08:01:07.90Z,SJI_1400,1,0
2016-01-02,20042764,2016-01-02T08:01:07.97Z,FUV,1,0
2016-01-02,20042765,2016-01-02T08:01:17.58Z,SJI_1330,1,0
2016-01-02,20042767,2016-01-02T08:01:17.66Z,FUV,1,0
2016-01-02,20042768,2016-01-02T08:01:27.14Z,SJI_2796,1,0
2016-01-02,20042770,2016-01-02T08:01:27.21Z,FUV,1,1
2016-01-02,20042771,2016-01-02T08:01:36.77Z,SJI_2832,1,0
2016-01-02,20042773,2016-01-02T08:01:36.84Z,FUV,1,0
2016-01-02,20042774,2016-01-02T08:01:46.15Z,SJI_1400,1,0
2016-01-02,20042776,2016-01-02T08:01:46.22Z,FUV,1,0
2016-01-02,20042777,2016-01-02T08:01:55.83Z,SJI_1330,1,0
2016-01-02,20042779,2016-01-02T08:01:55.91Z,FUV,1,2
2016-01-02,20042780,2016-01-02T08:02:05.36Z,SJI_2796,1,0
2016-01-02,20042782,2016-01-02T08:02:05.43Z,FUV,1,0
2016-01-02,20042783,2016-01-02T08:02:14.98Z,SJI_2832,1,0
2016-01-02,20042785,2016-01-02T08:02:15.06Z,FUV,1,0
2016-01-02,20042786,2016-01-02T08:02:24.32Z,SJI_1400,1,0
2016-01-02,20042788,2016-01-02T08:02:24.39Z,FUV,1,1
2016-01-02,20042789,2016-01-02T08:02:34.00Z,SJI_1330,1,0
2016-01-02,20042791,2016-01-02T08:02:34.07Z,FUV,1,0
2016-01-02,20042792,2016-01-02T08:02:43.58Z,SJI_2796,1,0
2016-01-02,20042794,2016-01-02T08:02:43.65Z,FUV,1,1
2016-01-02,20042795,2016-01-02T08:02:53.20Z,SJI_2832,1,0
2016-01-02,20042797,2016-01-02T08:02:53.27Z,FUV,1,0
2016-01-02,20042798,2016-01-02T08:03:02.55Z,SJI_1400,1,0
2016-01-02,20042800,2016-01-02T08:03:02.62Z,FUV,1,2
2016-01-02,20042801,2016-01-02T08:03:12.24Z,SJI_1330,1,0
2016-01-02,20042803,2016-01-02T08:03:12.31Z,FUV,1,1
2016-01-02,20042804,2016-01-02T08:03:21.80Z,SJI_2796,1,0
2016-01-02,20042806,2016-01-02T08:03:21.87Z,FUV,1,2
2016-01-02,20042807,2016-01-02T08:03:31.42Z,SJI_2832,1,0
2016-01-02,20042809,2016-01-02T08:03:31.49Z,FUV,1,0
2016-01-02,20042810,2016-01-02T08:03:40.77Z,SJI_1400,1,0
2016-01-02,20042812,2016-01-02T08:03:40.84Z,FUV,1,0
2016-01-02,20042813,2016-01-02T08:03:50.45Z,SJI_1330,1,0
2016-01-02,20042815,2016-01-02T08:03:50.52Z,FUV,1,0
2016-01-02,20042816,2016-01-02T08:04:00.02Z,SJI_2796,1,0
2016-01-02,20042818,2016-01-02T08:04:00.09Z,FUV,1,1
2016-01-02,20042819,2016-01-02T08:04:09.64Z,SJI_2832,1,0
2016-01-02,20042821,2016-01-02T08:04:09.71Z,FUV,1,2
2016-01-02,20042822,2016-01-02T08:04:19.00Z,SJI_1400,1,0
2016-01-02,20042824,2016-01-02T08:04:19.07Z,FUV,1,1
2016-01-02,20042825,2016-01-02T08:04:28.70Z,SJI_1330,1,0
2016-01-02,20042827,2016-01-02T08:04:28.77Z,FUV,1,1
2016-01-02,20042828,2016-01-02T08:04:38.23Z,SJI_2796,1,0
2016-01-02,20042830,2016-01-02T08:04:38.31Z,FUV,1,2
2016-01-02,20042831,2016-01-02T08:04:47.86Z,SJI_2832,1,0
2016-01-02,20042833,2016-01-02T08:04:47.93Z,FUV,1,2
2016-01-02,20042834,2016-01-02T08:04:57.19Z,SJI_1400,1,0
2016-01-02,20042836,2016-01-02T08:04:57.26Z,FUV,1,0
2016-01-02,20042837,2016-01-02T08:05:06.84Z,SJI_1330,1,0
2016-01-02,20042839,2016-01-02T08:05:06.91Z,FUV,1,0
2016-01-02,20042840,2016-01-02T08:05:16.45Z,SJI_2796,1,0
2016-01-02,20042842,2016-01-02T08:05:16.52Z,FUV,1,0
2016-01-02,20042843,2016-01-02T08:05:26.08Z,SJI_2832,1,0
2016-01-02,20042845,2016-01-02T08:05:26.15Z,FUV,1,0
2016-01-02,20042846,2016-01-02T08:05:35.43Z,SJI_1400,1,0
2016-01-02,20042848,2016-01-02T08:05:35.50Z,FUV,1,0
2016-01-02,20042849,2016-01-02T08:05:45.11Z,SJI_1330,1,0
2016-01-02,20042851,2016-01-02T08:05:45.18Z,FUV,1,1
2016-01-02,20042852,2016-01-02T08:05:54.67Z,SJI_2796,1,0
2016-01-02,20042854,2016-01-02T08:05:54.74Z,FUV,1,0
2016-01-02,20042855,2016-01-02T08:06:04.30Z,SJI_2832,1,0
2016-01-02,20042857,2016-01-02T08:06:04.37Z,FUV,1,1
2016-01-02,20042858,2016-01-02T08:06:13.64Z,SJI_1400,1,0
2016-01-02,20042860,2016-01-02T08:06:13.71Z,FUV,1,0
2016-01-02,20042862,2016-01-02T08:53:25.77Z,SJI_1330,0,0
2016-01-02,20042864,2016-01-02T08:53:25.84Z,FUV,0,0
2016-01-02,20042865,2016-01-02T08:53:35.39Z,SJI_2796,0,0
2016-01-02,20042867,2016-01-02T08:53:35.46Z,FUV,0,0
2016-01-02,20042868,2016-01-02T08:53:45.02Z,SJI_2832,0,0
2016-01-02,20042870,2016-01-02T08:53:45.09Z,FUV,0,0
2016-01-02,20042871,2016-01-02T08:53:54.37Z,SJI_1400,0,0
2016-01-02,20042873,2016-01-02T08:53:54.44Z,FUV,0,0
2016-01-02,20042874,2016-01-02T08:54:04.05Z,SJI_1330,0,0
2016-01-02,20042876,2016-01-02T08:54:04.12Z,FUV,0,0
2016-01-02,20042877,2016-01-02T08:54:13.61Z,SJI_2796,0,0
2016-01-02,20042879,2016-01-02T08:54:13.68Z,FUV,0,0
2016-01-02,20042880,2016-01-02T08:54:23.23Z,SJI_2832,0,0
2016-01-02,20042882,2016-01-02T08:54:23.31Z,FUV,0,0
2016-01-02,20042883,2016-01-02T08:54:32.58Z,SJI_1400,0,0
2016-01-02,20042885,2016-01-02T08:54:32.65Z,FUV,0,0
2016-01-02,20042886,2016-01-02T08:54:42.30Z,SJI_1330,0,0
2016-01-02,20042888,2016-01-02T08:54:42.37Z,FUV,0,0
2016-01-02,20042889,2016-01-02T08:54:51.83Z,SJI_2796,0,0
2016-01-02,20042891,2016-01-02T08:54:51.90Z,FUV,0,0
2016-01-02,20042892,2016-01-02T08:55:01.45Z,SJI_2832,0,0
2016-01-02,20042894,2016-01-02T08:55:01.52Z,FUV,0,0
2016-01-02,20042895,2016-01-02T08:55:10.80Z,SJI_1400,0,0
2016-01-02,20042897,2016-01-02T08:55:10.87Z,FUV,0,0
2016-01-02,20042898,2016-01-02T08:55:20.48Z,SJI_1330,0,0
2016-01-02,20042900,2016-01-02T08:55:20.55Z,FUV,0,0
2016-01-02,20042901,2016-01-02T08:55:30.05Z,SJI_2796,0,0
2016-01-02,20042903,2016-01-02T08:55:30.12Z,FUV,0,0
2016-01-02,20042904,2016-01-02T08:55:39.67Z,SJI_2832,0,0
2016-01-02,20042906,2016-01-02T08:55:39.74Z,FUV,0,0
2016-01-02,20042907,2016-01-02T08:55:49.02Z,SJI_1400,0,0
2016-01-02,20042909,2016-01-02T08:55:49.09Z,FUV,0,0
2016-01-02,20042910,2016-01-02T08:55:58.73Z,SJI_1330,0,0
2016-01-02,20042912,2016-01-02T08:55:58.80Z,FUV,0,0
2016-01-02,20042913,2016-01-02T08:56:08.27Z,SJI_2796,0,0
2016-01-02,20042915,2016-01-02T08:56:08.34Z,FUV,0,0
2016-01-02,20042916,2016-01-02T08:56:17.89Z,SJI_2832,0,0
2016-01-02,20042918,2016-01-02T08:56:17.96Z,FUV,0,0
2016-01-02,20042919,2016-01-02T08:56:27.25Z,SJI_1400,0,0
2016-01-02,20042921,2016-01-02T08:56:27.32Z,FUV,0,0
2016-01-02,20042922,2016-01-02T08:56:36.99Z,SJI_1330,0,0
2016-01-02,20042924,2016-01-02T08:56:37.06Z,FUV,0,0
2016-01-02,20042925,2016-01-02T08:56:46.48Z,SJI_2796,0,0
2016-01-02,20042927,2016-01-02T08:56:46.56Z,FUV,0,0
2016-01-02,20042928,2016-01-02T08:56:56.11Z,SJI_2832,0,0
2016-01-02,20042930,2016-01-02T08:56:56.18Z,FUV,0,0
2016-01-02,20042931,2016-01-02T08:57:05.42Z,SJI_1400,0,0
2016-01-02,20042933,2016-01-02T08:57:05.49Z,FUV,0,0
2016-01-02,20042934,2016-01-02T08:57:15.12Z,SJI_1330,0,0
2016-01-02,20042936,2016-01-02T08:57:15.19Z,FUV,0,0
2016-01-02,20042937,2016-01-02T08:57:24.70Z,SJI_2796,0,0
2016-01-02,20042939,2016-01-02T08:57:24.78Z,FUV,0,0
2016-01-02,20042940,2016-01-02T08:57:34.33Z,SJI_2832,0,0
2016-01-02,20042942,2016-01-02T08:57:34.40Z,FUV,0,0
2016-01-02,20042943,2016-01-02T08:57:43.69Z,SJI_1400,0,0
2016-01-02,20042945,2016-01-02T08:57:43.76Z,FUV,0,0
2016-01-02,20042946,2016-01-02T08:57:53.40Z,SJI_1330,0,0
2016-01-02,20042948,2016-01-02T08:57:53.47Z,FUV,0,0
2016-01-02,20042949,2016-01-02T08:58:02.92Z,SJI_2796,0,0
2016-01-02,20042951,2016-01-02T08:58:02.99Z,FUV,0,0
2016-01-02,20042952,2016-01-02T08:58:12.55Z,SJI_2832,0,0
2016-01-02,20042954,2016-01-02T08:58:12.62Z,FUV,0,0
2016-01-02,20042955,2016-01-02T08:58:21.86Z,SJI_1400,0,0
2016-01-02,20042957,2016-01-02T08:58:21.93Z,FUV,0,0
2016-01-02,20042958,2016-01-02T08:58:31.53Z,SJI_1330,0,0
2016-01-02,20042960,2016-01-02T08:58:31.60Z,FUV,0,0
2016-01-02,20042961,2016-01-02T08:58:41.14Z,SJI_2796,0,0
2016-01-02,20042963,2016-01-02T08:58:41.21Z,FUV,0,0
2016-01-02,20042964,2016-01-02T08:58:50.77Z,SJI_2832,0,0
2016-01-02,20042966,2016-01-02T08:58:50.84Z,FUV,0,0
2016-01-02,20042967,2016-01-02T08:59:00.12Z,SJI_1400,0,0
2016-01-02,20042969,2016-01-02T08:59:00.19Z,FUV,0,0
2016-01-02,20042970,2016-01-02T08:59:09.83Z,SJI_1330,0,0
2016-01-02,20042972,2016-01-02T08:59:09.91Z,FUV,0,0
2016-01-02,20042973,2016-01-02T08:59:19.36Z,SJI_2796,0,0
2016-01-02,20042975,2016-01-02T08:59:19.43Z,FUV,0,0
2016-01-02,20042976,2016-01-02T08:59:28.98Z,SJI_2832,0,0
2016-01-02,20042978,2016-01-02T08:59:29.06Z,FUV,0,0
2016-01-02,20042979,2016-01-02T08:59:38.31Z,SJI_1400,0,0
2016-01-02,20042981,2016-01-02T08:59:38.38Z,FUV,0,0
2016-01-02,20042982,2016-01-02T08:59:47.99Z,SJI_1330,0,0
2016-01-02,20042984,2016-01-02T08:59:48.06Z,FUV,0,0
2016-01-02,20042985,2016-01-02T08:59:57.58Z,SJI_2796,0,0
2016-01-02,20042987,2016-01-02T08:59:57.65Z,FUV,0,0
2016-01-02,20042988,2016-01-02T09:00:07.20Z,SJI_2832,0,0
2016-01-02,20042990,2016-01-02T09:00:07.27Z,FUV,0,0
2016-01-02,20042991,2016-01-02T09:00:16.55Z,SJI_1400,0,0
2016-01-02,20042993,2016-01-02T09:00:16.62Z,FUV,0,0
2016-01-02,20042994,2016-01-02T09:00:26.27Z,SJI_1330,0,0
2016-01-02,20042996,2016-01-02T09:00:26.34Z,FUV,0,0
2016-01-02,20042997,2016-01-02T09:00:35.80Z,SJI_2796,0,0
2016-01-02,20042999,2016-01-02T09:00:35.87Z,FUV,0,0
2016-01-02,20043000,2016-01-02T09:00:45.42Z,SJI_2832,0,0
2016-01-02,20043002,2016-01-02T09:00:45.49Z,FUV,0,0
2016-01-02,20043003,2016-01-02T09:00:54.77Z,SJI_1400,0,0
2016-01-02,20043005,2016-01-02T09:00:54.84Z,FUV,0,0
2016-01-02,20043006,2016-01-02T09:01:04.45Z,SJI_1330,0,0
2016-01-02,20043008,2016-01-02T09:01:04.52Z,FUV,0,0
2016-01-02,20043009,2016-01-02T09:01:14.02Z,SJI_2796,0,0
2016-01-02,20043011,2016-01-02T09:01:14.09Z,FUV,0,0
2016-01-02,20043012,2016-01-02T09:01:23.64Z,SJI_2832,0,0
2016-01-02,20043014,2016-01-02T09:01:23.71Z,FUV,0,0
2016-01-02,20043015,2016-01-02T09:01:33.00Z,SJI_1400,0,0
2016-01-02,20043017,2016-01-02T09:01:33.07Z,FUV,0,0
2016-01-02,20043018,2016-01-02T09:01:42.67Z,SJI_1330,0,0
2016-01-02,20043020,2016-01-02T09:01:42.74Z,FUV,0,0
2016-01-02,20043021,2016-01-02T09:01:52.23Z,SJI_2796,0,0
2016-01-02,20043023,2016-01-02T09:01:52.31Z,FUV,0,0
2016-01-02,20043024,2016-01-02T09:02:01.86Z,SJI_2832,0,0
2016-01-02,20043026,2016-01-02T09:02:01.93Z,FUV,0,0
2016-01-02,20043027,2016-01-02T09:02:11.24Z,SJI_1400,0,0
2016-01-02,20043029,2016-01-02T09:02:11.31Z,FUV,0,0
2016-01-02,20043030,2016-01-02T09:02:20.93Z,SJI_1330,0,0
2016-01-02,20043032,2016-01-02T09:02:21.00Z,FUV,0,0
2016-01-02,20043033,2016-01-02T09:02:30.45Z,SJI_2796,0,0
2016-01-02,20043035,2016-01-02T09:02:30.52Z,FUV,0,0
2016-01-02,20043036,2016-01-02T09:02:40.08Z,SJI_2832,0,0
2016-01-02,20043038,2016-01-02T09:02:40.15Z,FUV,0,0
2016-01-02,20043039,2016-01-02T09:02:49.41Z,SJI_1400,0,0
2016-01-02,20043041,2016-01-02T09:02:49.48Z,FUV,0,0
2016-01-02,20043042,2016-01-02T09:02:59.05Z,SJI_1330,0,0
2016-01-02,20043044,2016-01-02T09:02:59.12Z,FUV,0,0
2016-01-02,20043045,2016-01-02T09:03:08.67Z,SJI_2796,0,0
2016-01-02,20043047,2016-01-02T09:03:08.74Z,FUV,0,0
2016-01-02,20043048,2016-01-02T09:03:18.30Z,SJI_2832,0,0
2016-01-02,20043050,2016-01-02T09:03:18.37Z,FUV,0,0
2016-01-02,20043051,2016-01-02T09:03:27.65Z,SJI_1400,0,0
2016-01-02,20043053,2016-01-02T09:03:27.72Z,FUV,0,0
2016-01-02,20043054,2016-01-02T09:03:37.33Z,SJI_1330,0,0
2016-01-02,20043056,2016-01-02T09:03:37.40Z,FUV,0,0
2016-01-02,20043057,2016-01-02T09:03:46.89Z,SJI_2796,0,0
2016-01-02,20043059,2016-01-02T09:03:46.96Z,FUV,0,0
2016-01-02,20043060,2016-01-02T09:03:56.52Z,SJI_2832,0,0
2016-01-02,20043062,2016-01-02T09:03:56.59Z,FUV,0,0
2016-01-02,20043063,2016-01-02T09:04:05.86Z,SJI_1400,0,0
2016-01-02,20043065,2016-01-02T09:04:05.93Z,FUV,0,0
2016-01-02,20043066,2016-01-02T09:04:15.55Z,SJI_1330,0,0
2016-01-02,20043068,2016-01-02T09:04:15.62Z,FUV,0,0
2016-01-02,20043069,2016-01-02T09:04:25.11Z,SJI_2796,0,0
2016-01-02,20043071,2016-01-02T09:04:25.18Z,FUV,0,0
2016-01-02,20043072,2016-01-02T09:04:34.73Z,SJI_2832,0,0
2016-01-02,20043074,2016-01-02T09:04:34.81Z,FUV,0,0
2016-01-02,20043075,2016-01-02T09:04:44.09Z,SJI_1400,0,0
2016-01-02,20043077,2016-01-02T09:04:44.16Z,FUV,0,0
2016-01-02,20043078,2016-01-02T09:04:53.80Z,SJI_1330,0,0
2016-01-02,20043080,2016-01-02T09:04:53.87Z,FUV,0,0
2016-01-02,20043081,2016-01-02T09:05:03.33Z,SJI_2796,0,0
2016-01-02,20043083,2016-01-02T09:05:03.40Z,FUV,0,0
2016-01-02,20043084,2016-01-02T09:05:12.95Z,SJI_2832,0,0
2016-01-02,20043086,2016-01-02T09:05:13.02Z,FUV,0,0
2016-01-02,20043087,2016-01-02T09:05:22.30Z,SJI_1400,0,0
2016-01-02,20043089,2016-01-02T09:05:22.37Z,FUV,0,0
2016-01-02,20043090,2016-01-02T09:05:31.99Z,SJI_1330,0,0
2016-01-02,20043092,2016-01-02T09:05:32.06Z,FUV,0,0
2016-01-02,20043093,2016-01-02T09:05:41.55Z,SJI_2796,0,0
2016-01-02,20043095,2016-01-02T09:05:41.62Z,FUV,0,0
2016-01-02,20043096,2016-01-02T09:05:51.17Z,SJI_2832,0,0
2016-01-02,20043098,2016-01-02T09:05:51.24Z,FUV,0,0
2016-01-02,20043099,2016-01-02T09:06:00.55Z,SJI_1400,0,0
2016-01-02,20043101,2016-01-02T09:06:00.62Z,FUV,0,0
2016-01-02,20043102,2016-01-02T09:06:10.27Z,SJI_1330,0,0
2016-01-02,20043104,2016-01-02T09:06:10.34Z,FUV,0,0
2016-01-02,20043105,2016-01-02T09:06:19.77Z,SJI_2796,0,0
2016-01-02,20043107,2016-01-02T09:06:19.84Z,FUV,0,0
2016-01-02,20043108,2016-01-02T09:06:29.39Z,SJI_2832,0,0
2016-01-02,20043110,2016-01-02T09:06:29.46Z,FUV,0,0
2016-01-02,20043111,2016-01-02T09:06:38.74Z,SJI_1400,0,0
2016-01-02,20043113,2016-01-02T09:06:38.81Z,FUV,0,0
2016-01-02,20043114,2016-01-02T09:06:48.41Z,SJI_1330,0,0
2016-01-02,20043116,2016-01-02T09:06:48.48Z,FUV,0,0
2016-01-02,20043117,2016-01-02T09:06:57.98Z,SJI_2796,0,0
2016-01-02,20043119,2016-01-02T09:06:58.06Z,FUV,0,0
2016-01-02,20043120,2016-01-02T09:07:07.61Z,SJI_2832,0,0
2016-01-02,20043122,2016-01-02T09:07:07.68Z,FUV,0,0
2016-01-02,20043123,2016-01-02T09:07:16.99Z,SJI_1400,0,0
2016-01-02,20043125,2016-01-02T09:07:17.06Z,FUV,0,0
2016-01-02,20043126,2016-01-02T09:07:26.71Z,SJI_1330,0,0
2016-01-02,20043128,2016-01-02T09:07:26.78Z,FUV,0,0
2016-01-02,20043129,2016-01-02T09:07:36.20Z,SJI_2796,0,0
2016-01-02,20043131,2016-01-02T09:07:36.27Z,FUV,0,0
2016-01-02,20043132,2016-01-02T09:07:45.83Z,SJI_2832,0,0
2016-01-02,20043134,2016-01-02T09:07:45.90Z,FUV,0,0
2016-01-02,20043135,2016-01-02T09:07:55.16Z,SJI_1400,0,0
2016-01-02,20043137,2016-01-02T09:07:55.23Z,FUV,0,0
2016-01-02,20043138,2016-01-02T09:08:04.82Z,SJI_1330,0,0
2016-01-02,20043140,2016-01-02T09:08:04.89Z,FUV,0,0
2016-01-02,20043141,2016-01-02T09:08:14.42Z,SJI_2796,0,0
2016-01-02,20043143,2016-01-02T09:08:14.49Z,FUV,0,0
2016-01-02,20043144,2016-01-02T09:08:24.05Z,SJI_2832,0,0
2016-01-02,20043146,2016-01-02T09:08:24.12Z,FUV,0,0
2016-01-02,20043147,2016-01-02T09:08:33.41Z,SJI_1400,0,0
2016-01-02,20043149,2016-01-02T09:08:33.48Z,FUV,0,0
2016-01-02,20043150,2016-01-02T09:08:43.08Z,SJI_1330,0,0
2016-01-02,20043152,2016-01-02T09:08:43.15Z,FUV,0,0
2016-01-02,20043153,2016-01-02T09:08:52.64Z,SJI_2796,0,0
2016-01-02,20043155,2016-01-02T09:08:52.71Z,FUV,0,0
2016-01-02,20043156,2016-01-02T09:09:02.27Z,SJI_2832,0,0
2016-01-02,20043158,2016-01-02T09:09:02.34Z,FUV,0,0
2016-01-02,20043159,2016-01-02T09:09:11.62Z,SJI_1400,0,0
2016-01-02,20043161,2016-01-02T09:09:11.69Z,FUV,0,0
2016-01-02,20043162,2016-01-02T09:09:21.30Z,SJI_1330,0,0
2016-01-02,20043164,2016-01-02T09:09:21.37Z,FUV,0,0
2016-01-02,20043165,2016-01-02T09:09:30.86Z,SJI_2796,0,0
2016-01-02,20043167,2016-01-02T09:09:30.93Z,FUV,0,0
2016-01-02,20043168,2016-01-02T09:09:40.48Z,SJI_2832,0,0
2016-01-02,20043170,2016-01-02T09:09:40.56Z,FUV,0,0
2016-01-02,20043171,2016-01-02T09:09:49.84Z,SJI_1400,0,0
2016-01-02,20043173,2016-01-02T09:09:49.91Z,FUV,0,0
2016-01-02,20043174,2016-01-02T09:09:59.52Z,SJI_1330,0,0
2016-01-02,20043176,2016-01-02T09:09:59.59Z,FUV,0,0
2016-01-02,20043177,2016-01-02T09:10:09.08Z,SJI_2796,0,0
2016-01-02,20043179,2016-01-02T09:10:09.15Z,FUV,0,0
2016-01-02,20043180,2016-01-02T09:10:18.70Z,SJI_2832,0,0
2016-01-02,20043182,2016-01-02T09:10:18.78Z,FUV,0,0
2016-01-02,20043183,2016-01-02T09:10:28.05Z,SJI_1400,0,0
2016-01-02,20043185,2016-01-02T09:10:28.12Z,FUV,0,0
2016-01-02,20043186,2016-01-02T09:10:37.74Z,SJI_1330,0,0
2016-01-02,20043188,2016-01-02T09:10:37.81Z,FUV,0,0
2016-01-02,20043189,2016-01-02T09:10:47.30Z,SJI_2796,0,0
2016-01-02,20043191,2016-01-02T09:10:47.37Z,FUV,0,0
2016-01-02,20043192,2016-01-02T09:10:56.92Z,SJI_2832,0,0
2016-01-02,20043194,2016-01-02T09:10:56.99Z,FUV,0,0
2016-01-02,20043195,2016-01-02T09:11:06.29Z,SJI_1400,0,0
2016-01-02,20043197,2016-01-02T09:11:06.36Z,FUV,0,0
2016-01-02,20043198,2016-01-02T09:11:15.96Z,SJI_1330,0,0
2016-01-02,20043200,2016-01-02T09:11:16.03Z,FUV,0,0
2016-01-02,20043201,2016-01-02T09:11:25.52Z,SJI_2796,0,0
2016-01-02,20043203,2016-01-02T09:11:25.59Z,FUV,0,0
2016-01-02,20043204,2016-01-02T09:11:35.14Z,SJI_2832,0,0
2016-01-02,20043206,2016-01-02T09:11:35.21Z,FUV,0,0
2016-01-02,20043207,2016-01-02T09:11:44.48Z,SJI_1400,0,0
2016-01-02,20043209,2016-01-02T09:11:44.56Z,FUV,0,0
2016-01-02,20043210,2016-01-02T09:11:54.19Z,SJI_1330,0,0
2016-01-02,20043212,2016-01-02T09:11:54.26Z,FUV,0,0
2016-01-02,20043213,2016-01-02T09:12:03.73Z,SJI_2796,0,0
2016-01-02,20043215,2016-01-02T09:12:03.81Z,FUV,0,0
2016-01-02,20043216,2016-01-02T09:12:13.36Z,SJI_2832,0,0
2016-01-02,20043218,2016-01-02T09:12:13.43Z,FUV,0,0
2016-01-02,20043219,2016-01-02T09:12:22.70Z,SJI_1400,0,0
2016-01-02,20043221,2016-01-02T09:12:22.78Z,FUV,0,0
2016-01-02,20043222,2016-01-02T09:12:32.39Z,SJI_1330,0,0
2016-01-02,20043224,2016-01-02T09:12:32.46Z,FUV,0,0
2016-01-02,20043225,2016-01-02T09:12:41.95Z,SJI_2796,0,0
2016-01-02,20043227,2016-01-02T09:12:42.02Z,FUV,0,0
2016-01-02,20043228,2016-01-02T09:12:51.58Z,SJI_2832,0,0
2016-01-02,20043230,2016-01-02T09:12:51.65Z,FUV,0,0
2016-01-02,20043231,2016-01-02T09:13:00.93Z,SJI_1400,0,0
2016-01-02,20043233,2016-01-02T09:13:01.00Z,FUV,0,0
2016-01-02,20043234,2016-01-02T09:13:10.62Z,SJI_1330,0,0
2016-01-02,20043236,2016-01-02T09:13:10.69Z,FUV,0,0
2016-01-02,20043237,2016-01-02T09:13:20.17Z,SJI_2796,0,0
2016-01-02,20043239,2016-01-02T09:13:20.24Z,FUV,0,0
2016-01-02,20043240,2016-01-02T09:13:29.80Z,SJI_2832,0,0
2016-01-02,20043242,2016-01-02T09:13:29.87Z,FUV,0,0
2016-01-02,20043243,2016-01-02T09:13:39.16Z,SJI_1400,0,0
2016-01-02,20043245,2016-01-02T09:13:39.23Z,FUV,0,0
2016-01-02,20043246,2016-01-02T09:13:48.85Z,SJI_1330,0,0
2016-01-02,20043248,2016-01-02T09:13:48.92Z,FUV,0,0
2016-01-02,20043249,2016-01-02T09:13:58.39Z,SJI_2796,0,0
2016-01-02,20043251,2016-01-02T09:13:58.46Z,FUV,0,0
2016-01-02,20043252,2016-01-02T09:14:08.02Z,SJI_2832,0,0
2016-01-02,20043254,2016-01-02T09:14:08.09Z,FUV,0,0
2016-01-02,20043255,2016-01-02T09:14:17.37Z,SJI_1400,0,0
2016-01-02,20043257,2016-01-02T09:14:17.44Z,FUV,0,0
2016-01-02,20043258,2016-01-02T09:14:27.05Z,SJI_1330,0,0
2016-01-02,20043260,2016-01-02T09:14:27.12Z,FUV,0,0
2016-01-02,20043261,2016-01-02T09:14:36.61Z,SJI_2796,0,0
2016-01-02,20043263,2016-01-02T09:14:36.68Z,FUV,0,0
2016-01-02,20043264,2016-01-02T09:14:46.23Z,SJI_2832,0,0
2016-01-02,20043266,2016-01-02T09:14:46.31Z,FUV,0,0
2016-01-02,20043267,2016-01-02T09:14:55.62Z,SJI_1400,0,0
2016-01-02,20043269,2016-01-02T09:14:55.69Z,FUV,0,0
2016-01-02,20043270,2016-01-02T09:15:05.32Z,SJI_1330,0,0
2016-01-02,20043272,2016-01-02T09:15:05.39Z,FUV,0,0
2016-01-02,20043273,2016-01-02T09:15:14.83Z,SJI_2796,0,0
2016-01-02,20043275,2016-01-02T09:15:14.90Z,FUV,0,0
2016-01-02,20043276,2016-01-02T09:15:24.45Z,SJI_2832,0,0
2016-01-02,20043278,2016-01-02T09:15:24.52Z,FUV,0,0
2016-01-02,20043279,2016-01-02T09:15:33.80Z,SJI_1400,0,0
2016-01-02,20043281,2016-01-02T09:15:33.87Z,FUV,0,0
2016-01-02,20043282,2016-01-02T09:15:43.48Z,SJI_1330,0,0
2016-01-02,20043284,2016-01-02T09:15:43.55Z,FUV,0,0
2016-01-02,20043285,2016-01-02T09:15:53.05Z,SJI_2796,0,0
2016-01-02,20043287,2016-01-02T09:15:53.12Z,FUV,0,0
2016-01-02,20043288,2016-01-02T09:16:02.67Z,SJI_2832,0,0
2016-01-02,20043290,2016-01-02T09:16:02.74Z,FUV,0,0
2016-01-02,20043291,2016-01-02T09:16:12.02Z,SJI_1400,0,0
2016-01-02,20043293,2016-01-02T09:16:12.09Z,FUV,0,0
2016-01-02,20043294,2016-01-02T09:16:21.70Z,SJI_1330,0,0
2016-01-02,20043296,2016-01-02T09:16:21.77Z,FUV,0,0
2016-01-02,20043297,2016-01-02T09:16:31.27Z,SJI_2796,0,0
2016-01-02,20043299,2016-01-02T09:16:31.34Z,FUV,0,0
2016-01-02,20043300,2016-01-02T09:16:40.89Z,SJI_2832,0,0
2016-01-02,20043302,2016-01-02T09:16:40.96Z,FUV,0,0
2016-01-02,20043303,2016-01-02T09:16:50.23Z,SJI_1400,0,0
2016-01-02,20043305,2016-01-02T09:16:50.30Z,FUV,0,0
2016-01-02,20043306,2016-01-02T09:16:59.91Z,SJI_1330,0,0
2016-01-02,20043308,2016-01-02T09:16:59.98Z,FUV,0,0
2016-01-02,20043309,2016-01-02T09:17:09.48Z,SJI_2796,0,0
2016-01-02,20043311,2016-01-02T09:17:09.56Z,FUV,0,0
2016-01-02,20043312,2016-01-02T09:17:19.11Z,SJI_2832,0,0
2016-01-02,20043314,2016-01-02T09:17:19.18Z,FUV,0,0
2016-01-02,20043315,2016-01-02T09:17:28.48Z,SJI_1400,0,0
2016-01-02,20043317,2016-01-02T09:17:28.55Z,FUV,0,0
2016-01-02,20043318,2016-01-02T09:17:38.19Z,SJI_1330,0,0
2016-01-02,20043320,2016-01-02T09:17:38.26Z,FUV,0,0
2016-01-02,20043321,2016-01-02T09:17:47.70Z,SJI_2796,0,0
2016-01-02,20043323,2016-01-02T09:17:47.77Z,FUV,0,0
2016-01-02,20043324,2016-01-02T09:17:57.33Z,SJI_2832,0,0
2016-01-02,20043326,2016-01-02T09:17:57.40Z,FUV,0,0
2016-01-02,20043327,2016-01-02T09:18:06.65Z,SJI_1400,0,0
2016-01-02,20043329,2016-01-02T09:18:06.72Z,FUV,0,0
2016-01-02,20043330,2016-01-02T09:18:16.31Z,SJI_1330,0,0
2016-01-02,20043332,2016-01-02T09:18:16.38Z,FUV,0,0
2016-01-02,20043333,2016-01-02T09:18:25.92Z,SJI_2796,0,0
2016-01-02,20043335,2016-01-02T09:18:25.99Z,FUV,0,0
2016-01-02,20043336,2016-01-02T09:18:35.55Z,SJI_2832,0,0
2016-01-02,20043338,2016-01-02T09:18:35.62Z,FUV,0,0
2016-01-02,20043339,2016-01-02T09:18:44.90Z,SJI_1400,0,0
2016-01-02,20043341,2016-01-02T09:18:44.97Z,FUV,0,0
2016-01-02,20043342,2016-01-02T09:18:54.58Z,SJI_1330,0,0
2016-01-02,20043344,2016-01-02T09:18:54.66Z,FUV,0,0
2016-01-02,20043345,2016-01-02T09:19:04.14Z,SJI_2796,0,0
2016-01-02,20043347,2016-01-02T09:19:04.21Z,FUV,0,0
2016-01-02,20043348,2016-01-02T09:19:13.77Z,SJI_2832,0,0
2016-01-02,20043350,2016-01-02T09:19:13.84Z,FUV,0,0
2016-01-02,20043351,2016-01-02T09:19:23.12Z,SJI_1400,0,0
2016-01-02,20043353,2016-01-02T09:19:23.19Z,FUV,0,0
2016-01-02,20043354,2016-01-02T09:19:32.80Z,SJI_1330,0,0
2016-01-02,20043356,2016-01-02T09:19:32.87Z,FUV,0,0
2016-01-02,20043357,2016-01-02T09:19:42.36Z,SJI_2796,0,0
2016-01-02,20043359,2016-01-02T09:19:42.43Z,FUV,0,0
2016-01-02,20043360,2016-01-02T09:19:51.98Z,SJI_2832,0,0
2016-01-02,20043362,2016-01-02T09:19:52.06Z,FUV,0,0
2016-01-02,20043363,2016-01-02T09:20:01.34Z,SJI_1400,0,0
2016-01-02,20043365,2016-01-02T09:20:01.41Z,FUV,0,0
2016-01-02,20043366,2016-01-02T09:20:11.02Z,SJI_1330,0,0
2016-01-02,20043368,2016-01-02T09:20:11.09Z,FUV,0,0
2016-01-02,20043369,2016-01-02T09:20:20.58Z,SJI_2796,0,0
2016-01-02,20043371,2016-01-02T09:20:20.65Z,FUV,0,0
2016-01-02,20043372,2016-01-02T09:20:30.20Z,SJI_2832,0,0
2016-01-02,20043374,2016-01-02T09:20:30.27Z,FUV,0,0
2016-01-02,20043375,2016-01-02T09:20:39.55Z,SJI_1400,0,0
2016-01-02,20043377,2016-01-02T09:20:39.62Z,FUV,0,0
2016-01-02,20043378,2016-01-02T09:20:49.23Z,SJI_1330,0,0
2016-01-02,20043380,2016-01-02T09:20:49.31Z,FUV,0,0
2016-01-02,20043381,2016-01-02T09:20:58.80Z,SJI_2796,0,0
2016-01-02,20043383,2016-01-02T09:20:58.87Z,FUV,0,0
2016-01-02,20043384,2016-01-02T09:21:08.42Z,SJI_2832,0,0
2016-01-02,20043386,2016-01-02T09:21:08.49Z,FUV,0,0
2016-01-02,20043387,2016-01-02T09:21:17.77Z,SJI_1400,0,0
2016-01-02,20043389,2016-01-02T09:21:17.84Z,FUV,0,0
2016-01-02,20043390,2016-01-02T09:21:27.45Z,SJI_1330,0,0
2016-01-02,20043392,2016-01-02T09:21:27.52Z,FUV,0,0
2016-01-02,20043393,2016-01-02T09:21:37.02Z,SJI_2796,0,0
2016-01-02,20043395,2016-01-02T09:21:37.09Z,FUV,0,0
2016-01-02,20043396,2016-01-02T09:21:46.64Z,SJI_2832,0,0
2016-01-02,20043398,2016-01-02T09:21:46.71Z,FUV,0,0
2016-01-02,20043399,2016-01-02T09:21:55.98Z,SJI_1400,0,0
2016-01-02,20043401,2016-01-02T09:21:56.06Z,FUV,0,0
2016-01-02,20043402,2016-01-02T09:22:05.68Z,SJI_1330,0,0
2016-01-02,20043404,2016-01-02T09:22:05.75Z,FUV,0,0
2016-01-02,20043405,2016-01-02T09:22:15.23Z,SJI_2796,0,0
2016-01-02,20043407,2016-01-02T09:22:15.31Z,FUV,0,0
2016-01-02,20043408,2016-01-02T09:22:24.86Z,SJI_2832,0,0
2016-01-02,20043410,2016-01-02T09:22:24.93Z,FUV,0,0
2016-01-02,20043411,2016-01-02T09:22:34.21Z,SJI_1400,0,0
2016-01-02,20043413,2016-01-02T09:22:34.28Z,FUV,0,0
2016-01-02,20043414,2016-01-02T09:22:43.91Z,SJI_1330,0,0
2016-01-02,20043416,2016-01-02T09:22:43.98Z,FUV,0,0
2016-01-02,20043417,2016-01-02T09:22:53.46Z,SJI_2796,0,0
2016-01-02,20043419,2016-01-02T09:22:53.53Z,FUV,0,0
2016-01-02,20043420,2016-01-02T09:23:03.08Z,SJI_2832,0,0
2016-01-02,20043422,2016-01-02T09:23:03.15Z,FUV,0,0
2016-01-02,20043423,2016-01-02T09:23:12.43Z,SJI_1400,0,0
2016-01-02,20043425,2016-01-02T09:23:12.50Z,FUV,0,0
2016-01-02,20043426,2016-01-02T09:23:22.11Z,SJI_1330,0,0
2016-01-02,20043428,2016-01-02T09:23:22.18Z,FUV,0,0
2016-01-02,20043429,2016-01-02T09:23:31.67Z,SJI_2796,0,0
2016-01-02,20043431,2016-01-02T09:23:31.74Z,FUV,0,0
2016-01-02,20043432,2016-01-02T09:23:41.30Z,SJI_2832,0,0
2016-01-02,20043434,2016-01-02T09:23:41.37Z,FUV,0,0
2016-01-02,20043435,2016-01-02T09:23:50.66Z,SJI_1400,0,0
2016-01-02,20043437,2016-01-02T09:23:50.73Z,FUV,0,0
2016-01-02,20043438,2016-01-02T09:24:00.37Z,SJI_1330,0,0
2016-01-02,20043440,2016-01-02T09:24:00.44Z,FUV,0,0
2016-01-02,20043441,2016-01-02T09:24:09.89Z,SJI_2796,0,0
2016-01-02,20043443,2016-01-02T09:24:09.96Z,FUV,0,0
2016-01-02,20043444,2016-01-02T09:24:19.52Z,SJI_2832,0,0
2016-01-02,20043446,2016-01-02T09:24:19.59Z,FUV,0,0
2016-01-02,20043447,2016-01-02T09:24:28.87Z,SJI_1400,0,0
2016-01-02,20043449,2016-01-02T09:24:28.94Z,FUV,0,0
2016-01-02,20043450,2016-01-02T09:24:38.56Z,SJI_1330,0,0
2016-01-02,20043452,2016-01-02T09:24:38.63Z,FUV,0,0
2016-01-02,20043453,2016-01-02T09:24:48.11Z,SJI_2796,0,0
2016-01-02,20043455,2016-01-02T09:24:48.18Z,FUV,0,0
2016-01-02,20043456,2016-01-02T09:24:57.73Z,SJI_2832,0,0
2016-01-02,20043458,2016-01-02T09:24:57.81Z,FUV,0,0
2016-01-02,20043459,2016-01-02T09:25:07.08Z,SJI_1400,0,0
2016-01-02,20043461,2016-01-02T09:25:07.16Z,FUV,0,0
2016-01-02,20043462,2016-01-02T09:25:16.80Z,SJI_1330,0,0
2016-01-02,20043464,2016-01-02T09:25:16.87Z,FUV,0,0
2016-01-02,20043465,2016-01-02T09:25:26.33Z,SJI_2796,0,0
2016-01-02,20043467,2016-01-02T09:25:26.40Z,FUV,0,0
2016-01-02,20043468,2016-01-02T09:25:35.95Z,SJI_2832,0,0
2016-01-02,20043470,2016-01-02T09:25:36.02Z,FUV,0,0
2016-01-02,20043471,2016-01-02T09:25:48.07Z,SJI_1400,0,0
2016-01-02,20043473,2016-01-02T09:25:45.35Z,FUV,0,0
2016-01-02,20043474,2016-01-02T09:25:54.95Z,SJI_1330,0,0
2016-01-02,20043476,2016-01-02T09:25:55.02Z,FUV,0,0
2016-01-02,20043477,2016-01-02T09:26:04.55Z,SJI_2796,0,0
2016-01-02,20043479,2016-01-02T09:26:04.62Z,FUV,0,0
2016-01-02,20043480,2016-01-02T09:26:14.17Z,SJI_2832,0,0
2016-01-02,20043482,2016-01-02T09:26:14.24Z,FUV,0,0
2016-01-02,20043483,2016-01-02T09:26:25.12Z,SJI_1400,0,0
2016-01-02,20043485,2016-01-02T09:26:23.59Z,FUV,0,0
2016-01-02,20043486,2016-01-02T09:26:33.18Z,SJI_1330,1,0
2016-01-02,20043488,2016-01-02T09:26:33.25Z,FUV,1,0
2016-01-02,20043489,2016-01-02T09:26:42.77Z,SJI_2796,1,0
2016-01-02,20043491,2016-01-02T09:26:42.84Z,FUV,1,0
2016-01-02,20043492,2016-01-02T09:26:52.39Z,SJI_2832,1,0
2016-01-02,20043494,2016-01-02T09:26:52.46Z,FUV,1,1
2016-01-02,20043495,2016-01-02T09:27:01.77Z,SJI_1400,1,0
2016-01-02,20043497,2016-01-02T09:27:01.84Z,FUV,1,0
2016-01-02,20043498,2016-01-02T09:27:11.48Z,SJI_1330,1,0
2016-01-02,20043500,2016-01-02T09:27:11.55Z,FUV,1,0
2016-01-02,20043501,2016-01-02T09:27:20.98Z,SJI_2796,1,0
2016-01-02,20043503,2016-01-02T09:27:21.05Z,FUV,1,0
2016-01-02,20043504,2016-01-02T09:27:30.61Z,SJI_2832,1,0
2016-01-02,20043506,2016-01-02T09:27:30.68Z,FUV,1,0
2016-01-02,20043507,2016-01-02T09:27:39.97Z,SJI_1400,1,0
2016-01-02,20043509,2016-01-02T09:27:40.04Z,FUV,1,0
2016-01-02,20043510,2016-01-02T09:27:49.66Z,SJI_1330,1,0
2016-01-02,20043512,2016-01-02T09:27:49.73Z,FUV,1,0
2016-01-02,20043513,2016-01-02T09:27:59.20Z,SJI_2796,1,0
2016-01-02,20043515,2016-01-02T09:27:59.27Z,FUV,1,0
2016-01-02,20043516,2016-01-02T09:28:08.83Z,SJI_2832,1,0
2016-01-02,20043518,2016-01-02T09:28:08.90Z,FUV,1,1
2016-01-02,20043519,2016-01-02T09:28:18.16Z,SJI_1400,1,0
2016-01-02,20043521,2016-01-02T09:28:18.23Z,FUV,1,1
2016-01-02,20043522,2016-01-02T09:28:27.83Z,SJI_1330,1,0
2016-01-02,20043524,2016-01-02T09:28:27.90Z,FUV,1,0
2016-01-02,20043525,2016-01-02T09:28:37.42Z,SJI_2796,1,0
2016-01-02,20043527,2016-01-02T09:28:37.49Z,FUV,1,0
2016-01-02,20043528,2016-01-02T09:28:47.05Z,SJI_2832,1,0
2016-01-02,20043530,2016-01-02T09:28:47.12Z,FUV,1,1
2016-01-02,20043531,2016-01-02T09:28:56.37Z,SJI_1400,1,0
2016-01-02,20043533,2016-01-02T09:28:56.44Z,FUV,1,3
2016-01-02,20043534,2016-01-02T09:29:06.08Z,SJI_1330,1,0
2016-01-02,20043536,2016-01-02T09:29:06.15Z,FUV,1,1
2016-01-02,20043537,2016-01-02T09:29:15.64Z,SJI_2796,1,0
2016-01-02,20043539,2016-01-02T09:29:15.71Z,FUV,1,1
2016-01-02,20043540,2016-01-02T09:29:25.27Z,SJI_2832,1,0
2016-01-02,20043542,2016-01-02T09:29:25.34Z,FUV,1,1
2016-01-02,20043543,2016-01-02T09:29:34.58Z,SJI_1400,1,0
2016-01-02,20043545,2016-01-02T09:29:34.65Z,FUV,1,4
2016-01-02,20043546,2016-01-02T09:29:44.28Z,SJI_1330,1,0
2016-01-02,20043548,2016-01-02T09:29:44.35Z,FUV,1,3
2016-01-02,20043549,2016-01-02T09:29:53.86Z,SJI_2796,1,0
2016-01-02,20043551,2016-01-02T09:29:53.93Z,FUV,1,6
2016-01-02,20043552,2016-01-02T09:30:03.48Z,SJI_2832,1,0
2016-01-02,20043554,2016-01-02T09:30:03.55Z,FUV,1,9
2016-01-02,20043555,2016-01-02T09:30:12.83Z,SJI_1400,1,0
2016-01-02,20043557,2016-01-02T09:30:12.90Z,FUV,1,5
2016-01-02,20043558,2016-01-02T09:30:22.52Z,SJI_1330,1,0
2016-01-02,20043560,2016-01-02T09:30:22.59Z,FUV,1,4
2016-01-02,20043561,2016-01-02T09:30:32.08Z,SJI_2796,1,0
2016-01-02,20043563,2016-01-02T09:30:32.15Z,FUV,1,10
2016-01-02,20043564,2016-01-02T09:30:41.70Z,SJI_2832,1,1
2016-01-02,20043566,2016-01-02T09:30:41.77Z,FUV,1,13
2016-01-02,20043567,2016-01-02T09:30:51.05Z,SJI_1400,1,0
2016-01-02,20043569,2016-01-02T09:30:51.12Z,FUV,1,14
2016-01-02,20043570,2016-01-02T09:31:00.72Z,SJI_1330,1,0
2016-01-02,20043572,2016-01-02T09:31:00.79Z,FUV,1,13
2016-01-02,20043573,2016-01-02T09:31:10.30Z,SJI_2796,1,0
2016-01-02,20043575,2016-01-02T09:31:10.37Z,FUV,1,16
2016-01-02,20043576,2016-01-02T09:31:19.92Z,SJI_2832,1,0
2016-01-02,20043578,2016-01-02T09:31:19.99Z,FUV,1,17
2016-01-02,20043579,2016-01-02T09:31:29.27Z,SJI_1400,1,0
2016-01-02,20043581,2016-01-02T09:31:29.34Z,FUV,1,22
2016-01-02,20043582,2016-01-02T09:31:38.96Z,SJI_1330,1,0
2016-01-02,20043584,2016-01-02T09:31:39.03Z,FUV,1,26
2016-01-02,20043585,2016-01-02T09:31:48.52Z,SJI_2796,1,0
2016-01-02,20043587,2016-01-02T09:31:48.59Z,FUV,1,19
2016-01-02,20043588,2016-01-02T09:31:58.14Z,SJI_2832,1,1
2016-01-02,20043590,2016-01-02T09:31:58.21Z,FUV,1,17
2016-01-02,20043591,2016-01-02T09:32:07.48Z,SJI_1400,1,0
2016-01-02,20043593,2016-01-02T09:32:07.55Z,FUV,1,31
2016-01-02,20043594,2016-01-02T09:32:17.15Z,SJI_1330,1,0
2016-01-02,20043596,2016-01-02T09:32:17.22Z,FUV,1,25
2016-01-02,20043597,2016-01-02T09:32:26.73Z,SJI_2796,1,0
2016-01-02,20043599,2016-01-02T09:32:26.80Z,FUV,1,22
2016-01-02,20043600,2016-01-02T09:32:36.36Z,SJI_2832,1,1
2016-01-02,20043602,2016-01-02T09:32:36.43Z,FUV,1,26
2016-01-02,20043603,2016-01-02T09:32:45.70Z,SJI_1400,1,0
2016-01-02,20043605,2016-01-02T09:32:45.77Z,FUV,1,27
2016-01-02,20043606,2016-01-02T09:32:55.41Z,SJI_1330,1,0
2016-01-02,20043608,2016-01-02T09:32:55.48Z,FUV,1,29
2016-01-02,20043609,2016-01-02T09:33:04.95Z,SJI_2796,1,0
2016-01-02,20043611,2016-01-02T09:33:05.02Z,FUV,1,26
2016-01-02,20043612,2016-01-02T09:33:14.58Z,SJI_2832,1,0
2016-01-02,20043614,2016-01-02T09:33:14.65Z,FUV,1,29
2016-01-02,20043615,2016-01-02T09:33:23.90Z,SJI_1400,1,0
2016-01-02,20043617,2016-01-02T09:33:23.97Z,FUV,1,26
2016-01-02,20043618,2016-01-02T09:33:33.58Z,SJI_1330,1,0
2016-01-02,20043620,2016-01-02T09:33:33.65Z,FUV,1,26
2016-01-02,20043621,2016-01-02T09:33:43.17Z,SJI_2796,1,0
2016-01-02,20043623,2016-01-02T09:33:43.24Z,FUV,1,22
2016-01-02,20043624,2016-01-02T09:33:52.80Z,SJI_2832,1,0
2016-01-02,20043626,2016-01-02T09:33:52.87Z,FUV,1,29
2016-01-02,20043627,2016-01-02T09:34:02.15Z,SJI_1400,1,0
2016-01-02,20043629,2016-01-02T09:34:02.22Z,FUV,1,25
2016-01-02,20043630,2016-01-02T09:34:11.83Z,SJI_1330,1,0
2016-01-02,20043632,2016-01-02T09:34:11.90Z,FUV,1,23
2016-01-02,20043633,2016-01-02T09:34:21.39Z,SJI_2796,1,0
2016-01-02,20043635,2016-01-02T09:34:21.46Z,FUV,1,21
2016-01-02,20043636,2016-01-02T09:34:31.02Z,SJI_2832,1,0
2016-01-02,20043638,2016-01-02T09:34:31.09Z,FUV,1,10
2016-01-02,20043639,2016-01-02T09:34:40.33Z,SJI_1400,1,0
2016-01-02,20043641,2016-01-02T09:34:40.40Z,FUV,1,15
2016-01-02,20043642,2016-01-02T09:34:50.03Z,SJI_1330,1,0
2016-01-02,20043644,2016-01-02T09:34:50.10Z,FUV,1,18
2016-01-02,20043645,2016-01-02T09:34:59.61Z,SJI_2796,1,0
2016-01-02,20043647,2016-01-02T09:34:59.68Z,FUV,1,14
2016-01-02,20043648,2016-01-02T09:35:09.23Z,SJI_2832,1,0
2016-01-02,20043650,2016-01-02T09:35:09.30Z,FUV,1,15
2016-01-02,20043651,2016-01-02T09:35:18.55Z,SJI_1400,1,0
2016-01-02,20043653,2016-01-02T09:35:18.62Z,FUV,1,17
2016-01-02,20043654,2016-01-02T09:35:28.26Z,SJI_1330,1,0
2016-01-02,20043656,2016-01-02T09:35:28.33Z,FUV,1,10
2016-01-02,20043657,2016-01-02T09:35:37.83Z,SJI_2796,1,0
2016-01-02,20043659,2016-01-02T09:35:37.90Z,FUV,1,5
2016-01-02,20043660,2016-01-02T09:35:47.45Z,SJI_2832,1,0
2016-01-02,20043662,2016-01-02T09:35:47.52Z,FUV,1,7
2016-01-02,20043663,2016-01-02T09:35:56.79Z,SJI_1400,1,0
2016-01-02,20043665,2016-01-02T09:35:56.86Z,FUV,1,9
2016-01-02,20043666,2016-01-02T09:36:06.46Z,SJI_1330,1,0
2016-01-02,20043668,2016-01-02T09:36:06.53Z,FUV,1,7
2016-01-02,20043669,2016-01-02T09:36:16.05Z,SJI_2796,1,0
2016-01-02,20043671,2016-01-02T09:36:16.12Z,FUV,1,4
2016-01-02,20043672,2016-01-02T09:36:25.67Z,SJI_2832,1,0
2016-01-02,20043674,2016-01-02T09:36:25.74Z,FUV,1,7
2016-01-02,20043675,2016-01-02T09:36:35.00Z,SJI_1400,1,0
2016-01-02,20043677,2016-01-02T09:36:35.07Z,FUV,1,2
2016-01-02,20043678,2016-01-02T09:36:44.69Z,SJI_1330,1,0
2016-01-02,20043680,2016-01-02T09:36:44.76Z,FUV,1,1
2016-01-02,20043681,2016-01-02T09:36:54.27Z,SJI_2796,1,0
2016-01-02,20043683,2016-01-02T09:36:54.34Z,FUV,1,5
2016-01-02,20043684,2016-01-02T09:37:03.89Z,SJI_2832,1,0
2016-01-02,20043686,2016-01-02T09:37:03.96Z,FUV,1,3
2016-01-02,20043687,2016-01-02T09:37:13.21Z,SJI_1400,1,0
2016-01-02,20043689,2016-01-02T09:37:13.28Z,FUV,1,3
2016-01-02,20043690,2016-01-02T09:37:22.91Z,SJI_1330,1,0
2016-01-02,20043692,2016-01-02T09:37:22.98Z,FUV,1,2
2016-01-02,20043693,2016-01-02T09:37:32.49Z,SJI_2796,1,0
2016-01-02,20043695,2016-01-02T09:37:32.55Z,FUV,1,4
2016-01-02,20043696,2016-01-02T09:37:42.11Z,SJI_2832,1,0
2016-01-02,20043698,2016-01-02T09:37:42.18Z,FUV,1,4
2016-01-02,20043699,2016-01-02T09:37:51.43Z,SJI_1400,1,0
2016-01-02,20043701,2016-01-02T09:37:51.50Z,FUV,1,7
2016-01-02,20043702,2016-01-02T09:38:01.13Z,SJI_1330,1,0
2016-01-02,20043704,2016-01-02T09:38:01.20Z,FUV,1,3
2016-01-02,20043705,2016-01-02T09:38:10.70Z,SJI_2796,1,0
2016-01-02,20043707,2016-01-02T09:38:10.77Z,FUV,1,0
2016-01-02,20043708,2016-01-02T09:38:20.33Z,SJI_2832,1,0
2016-01-02,20043710,2016-01-02T09:38:20.40Z,FUV,1,3
2016-01-02,20043711,2016-01-02T09:38:29.65Z,SJI_1400,1,0
2016-01-02,20043713,2016-01-02T09:38:29.72Z,FUV,1,2
2016-01-02,20043714,2016-01-02T09:38:39.36Z,SJI_1330,1,0
2016-01-02,20043716,2016-01-02T09:38:39.43Z,FUV,1,2
2016-01-02,20043717,2016-01-02T09:38:48.92Z,SJI_2796,1,0
2016-01-02,20043719,2016-01-02T09:38:48.99Z,FUV,1,6
2016-01-02,20043720,2016-01-02T09:38:58.55Z,SJI_2832,1,0
2016-01-02,20043722,2016-01-02T09:38:58.62Z,FUV,1,3
2016-01-02,20043723,2016-01-02T09:39:07.87Z,SJI_1400,1,0
2016-01-02,20043725,2016-01-02T09:39:07.94Z,FUV,1,4
2016-01-02,20043726,2016-01-02T09:39:17.59Z,SJI_1330,1,0
2016-01-02,20043728,2016-01-02T09:39:17.65Z,FUV,1,6
2016-01-02,20043729,2016-01-02T09:39:27.14Z,SJI_2796,1,0
2016-01-02,20043731,2016-01-02T09:39:27.21Z,FUV,1,1
2016-01-02,20043732,2016-01-02T09:39:36.77Z,SJI_2832,1,0
2016-01-02,20043734,2016-01-02T09:39:36.84Z,FUV,1,7
2016-01-02,20043735,2016-01-02T09:39:46.09Z,SJI_1400,1,0
2016-01-02,20043737,2016-01-02T09:39:46.16Z,FUV,1,2
2016-01-02,20043738,2016-01-02T09:39:55.76Z,SJI_1330,1,0
2016-01-02,20043740,2016-01-02T09:39:55.83Z,FUV,1,0
2016-01-02,20043741,2016-01-02T09:40:05.36Z,SJI_2796,1,0
2016-01-02,20043743,2016-01-02T09:40:05.43Z,FUV,1,3
2016-01-02,20043744,2016-01-02T09:40:14.98Z,SJI_2832,1,0
2016-01-02,20043746,2016-01-02T09:40:15.05Z,FUV,1,1
2016-01-02,20043747,2016-01-02T09:40:24.35Z,SJI_1400,1,0
2016-01-02,20043749,2016-01-02T09:40:24.42Z,FUV,1,0
2016-01-02,20043750,2016-01-02T09:40:34.02Z,SJI_1330,1,0
2016-01-02,20043752,2016-01-02T09:40:34.09Z,FUV,1,0
2016-01-02,20043753,2016-01-02T09:40:43.58Z,SJI_2796,1,0
2016-01-02,20043755,2016-01-02T09:40:43.65Z,FUV,1,1
2016-01-02,20043756,2016-01-02T09:40:53.20Z,SJI_2832,1,0
2016-01-02,20043758,2016-01-02T09:40:53.27Z,FUV,1,0
2016-01-02,20043759,2016-01-02T09:41:02.58Z,SJI_1400,1,0
2016-01-02,20043761,2016-01-02T09:41:02.65Z,FUV,1,0
2016-01-02,20043762,2016-01-02T09:41:12.30Z,SJI_1330,1,0
2016-01-02,20043764,2016-01-02T09:41:12.37Z,FUV,1,0
2016-01-02,20043765,2016-01-02T09:41:21.80Z,SJI_2796,1,0
2016-01-02,20043767,2016-01-02T09:41:21.87Z,FUV,1,0
2016-01-02,20043768,2016-01-02T09:41:31.42Z,SJI_2832,1,0
2016-01-02,20043770,2016-01-02T09:41:31.49Z,FUV,1,0
2016-01-02,20043771,2016-01-02T09:41:40.77Z,SJI_1400,1,0
2016-01-02,20043773,2016-01-02T09:41:40.84Z,FUV,1,0
2016-01-02,20043774,2016-01-02T09:41:50.45Z,SJI_1330,1,0
2016-01-02,20043776,2016-01-02T09:41:50.52Z,FUV,1,0
2016-01-02,20043777,2016-01-02T09:42:00.02Z,SJI_2796,1,0
2016-01-02,20043779,2016-01-02T09:42:00.09Z,FUV,1,0
2016-01-02,20043780,2016-01-02T09:42:09.64Z,SJI_2832,1,0
2016-01-02,20043782,2016-01-02T09:42:09.71Z,FUV,1,0
2016-01-02,20043783,2016-01-02T09:42:18.96Z,SJI_1400,1,0
2016-01-02,20043785,2016-01-02T09:42:19.03Z,FUV,1,0
2016-01-02,20043786,2016-01-02T09:42:28.65Z,SJI_1330,0,0
2016-01-02,20043788,2016-01-02T09:42:28.72Z,FUV,0,0
2016-01-02,20043789,2016-01-02T09:42:38.23Z,SJI_2796,0,0
2016-01-02,20043791,2016-01-02T09:42:38.30Z,FUV,0,0
2016-01-02,20043792,2016-01-02T09:42:47.86Z,SJI_2832,0,0
2016-01-02,20043794,2016-01-02T09:42:47.93Z,FUV,0,0
2016-01-02,20043795,2016-01-02T09:42:57.20Z,SJI_1400,0,0
2016-01-02,20043797,2016-01-02T09:42:57.27Z,FUV,0,0
2016-01-02,20043798,2016-01-02T09:43:06.91Z,SJI_1330,0,0
2016-01-02,20043800,2016-01-02T09:43:06.98Z,FUV,0,0
2016-01-02,20043801,2016-01-02T09:43:16.45Z,SJI_2796,0,0
2016-01-02,20043803,2016-01-02T09:43:16.52Z,FUV,0,0
2016-01-02,20043804,2016-01-02T09:43:26.08Z,SJI_2832,0,0
2016-01-02,20043806,2016-01-02T09:43:26.15Z,FUV,0,0
2016-01-02,20043807,2016-01-02T09:43:35.39Z,SJI_1400,0,0
2016-01-02,20043809,2016-01-02T09:43:35.46Z,FUV,0,0
2016-01-02,20043810,2016-01-02T09:43:45.08Z,SJI_1330,0,0
2016-01-02,20043812,2016-01-02T09:43:45.15Z,FUV,0,0
2016-01-02,20043813,2016-01-02T09:43:54.67Z,SJI_2796,0,0
2016-01-02,20043816,2016-01-02T09:44:04.30Z,SJI_2832,0,0
2016-01-02,20043818,2016-01-02T09:44:04.37Z,FUV,0,0
2016-01-02,20043819,2016-01-02T09:44:13.63Z,SJI_1400,0,0
2016-01-02,20043821,2016-01-02T09:44:13.70Z,FUV,0,0
2016-01-02,20043823,2016-01-02T10:30:25.77Z,SJI_1330,0,0
2016-01-02,20043825,2016-01-02T10:30:25.84Z,FUV,0,0
2016-01-02,20043826,2016-01-02T10:30:35.39Z,SJI_2796,0,0
2016-01-02,20043828,2016-01-02T10:30:35.46Z,FUV,0,0
2016-01-02,20043829,2016-01-02T10:30:45.02Z,SJI_2832,0,0
2016-01-02,20043831,2016-01-02T10:30:45.09Z,FUV,0,0
2016-01-02,20043832,2016-01-02T10:30:54.39Z,SJI_1400,0,0
2016-01-02,20043834,2016-01-02T10:30:54.46Z,FUV,0,0
2016-01-02,20043835,2016-01-02T10:31:04.13Z,SJI_1330,0,0
2016-01-02,20043837,2016-01-02T10:31:04.20Z,FUV,0,0
2016-01-02,20043838,2016-01-02T10:31:13.61Z,SJI_2796,0,0
2016-01-02,20043840,2016-01-02T10:31:13.68Z,FUV,0,0
2016-01-02,20043841,2016-01-02T10:31:23.23Z,SJI_2832,0,0
2016-01-02,20043843,2016-01-02T10:31:23.31Z,FUV,0,0
2016-01-02,20043844,2016-01-02T10:31:32.55Z,SJI_1400,0,0
2016-01-02,20043846,2016-01-02T10:31:32.62Z,FUV,0,0
2016-01-02,20043847,2016-01-02T10:31:42.23Z,SJI_1330,0,0
2016-01-02,20043849,2016-01-02T10:31:42.30Z,FUV,0,0
2016-01-02,20043850,2016-01-02T10:31:51.83Z,SJI_2796,0,0
2016-01-02,20043852,2016-01-02T10:31:51.90Z,FUV,0,0
2016-01-02,20043853,2016-01-02T10:32:01.45Z,SJI_2832,0,0
2016-01-02,20043855,2016-01-02T10:32:01.52Z,FUV,0,0
2016-01-02,20043856,2016-01-02T10:32:10.80Z,SJI_1400,0,0
2016-01-02,20043858,2016-01-02T10:32:10.87Z,FUV,0,0
2016-01-02,20043859,2016-01-02T10:32:20.51Z,SJI_1330,0,0
2016-01-02,20043861,2016-01-02T10:32:20.58Z,FUV,0,0
2016-01-02,20043862,2016-01-02T10:32:30.05Z,SJI_2796,0,0
2016-01-02,20043864,2016-01-02T10:32:30.12Z,FUV,0,0
2016-01-02,20043865,2016-01-02T10:32:39.67Z,SJI_2832,0,0
2016-01-02,20043867,2016-01-02T10:32:39.74Z,FUV,0,0
2016-01-02,20043868,2016-01-02T10:32:48.98Z,SJI_1400,0,0
2016-01-02,20043870,2016-01-02T10:32:49.06Z,FUV,0,0
2016-01-02,20043871,2016-01-02T10:32:58.64Z,SJI_1330,0,0
2016-01-02,20043873,2016-01-02T10:32:58.71Z,FUV,0,0
2016-01-02,20043874,2016-01-02T10:33:08.27Z,SJI_2796,0,0
2016-01-02,20043876,2016-01-02T10:33:08.34Z,FUV,0,0
2016-01-02,20043877,2016-01-02T10:33:17.89Z,SJI_2832,0,0
2016-01-02,20043879,2016-01-02T10:33:17.96Z,FUV,0,0
2016-01-02,20043880,2016-01-02T10:33:27.24Z,SJI_1400,0,0
2016-01-02,20043882,2016-01-02T10:33:27.31Z,FUV,0,0
2016-01-02,20043883,2016-01-02T10:33:36.93Z,SJI_1330,0,0
2016-01-02,20043885,2016-01-02T10:33:37.00Z,FUV,0,0
2016-01-02,20043886,2016-01-02T10:33:46.48Z,SJI_2796,0,0
2016-01-02,20043888,2016-01-02T10:33:46.56Z,FUV,0,0
2016-01-02,20043889,2016-01-02T10:33:56.11Z,SJI_2832,0,0
2016-01-02,20043891,2016-01-02T10:33:56.18Z,FUV,0,0
2016-01-02,20043892,2016-01-02T10:34:05.47Z,SJI_1400,0,0
2016-01-02,20043894,2016-01-02T10:34:05.54Z,FUV,0,0
2016-01-02,20043895,2016-01-02T10:34:15.16Z,SJI_1330,0,0
2016-01-02,20043897,2016-01-02T10:34:15.23Z,FUV,0,0
2016-01-02,20043898,2016-01-02T10:34:24.70Z,SJI_2796,0,0
2016-01-02,20043900,2016-01-02T10:34:24.78Z,FUV,0,0
2016-01-02,20043901,2016-01-02T10:34:34.33Z,SJI_2832,0,0
2016-01-02,20043903,2016-01-02T10:34:34.40Z,FUV,0,0
2016-01-02,20043904,2016-01-02T10:34:43.66Z,SJI_1400,0,0
2016-01-02,20043906,2016-01-02T10:34:43.73Z,FUV,0,0
2016-01-02,20043907,2016-01-02T10:34:53.31Z,SJI_1330,0,0
2016-01-02,20043909,2016-01-02T10:34:53.38Z,FUV,0,0
2016-01-02,20043910,2016-01-02T10:35:02.92Z,SJI_2796,0,0
2016-01-02,20043912,2016-01-02T10:35:02.99Z,FUV,0,0
2016-01-02,20043913,2016-01-02T10:35:12.55Z,SJI_2832,0,0
2016-01-02,20043915,2016-01-02T10:35:12.62Z,FUV,0,0
2016-01-02,20043916,2016-01-02T10:35:21.90Z,SJI_1400,0,0
2016-01-02,20043918,2016-01-02T10:35:21.97Z,FUV,0,0
2016-01-02,20043919,2016-01-02T10:35:31.59Z,SJI_1330,0,0
2016-01-02,20043921,2016-01-02T10:35:31.66Z,FUV,0,0
2016-01-02,20043922,2016-01-02T10:35:41.14Z,SJI_2796,0,0
2016-01-02,20043924,2016-01-02T10:35:41.21Z,FUV,0,0
2016-01-02,20043925,2016-01-02T10:35:50.77Z,SJI_2832,0,0
2016-01-02,20043927,2016-01-02T10:35:50.84Z,FUV,0,0
2016-01-02,20043928,2016-01-02T10:36:00.12Z,SJI_1400,0,0
2016-01-02,20043930,2016-01-02T10:36:00.19Z,FUV,0,0
2016-01-02,20043931,2016-01-02T10:36:09.85Z,SJI_1330,0,0
2016-01-02,20043933,2016-01-02T10:36:09.92Z,FUV,0,0
2016-01-02,20043934,2016-01-02T10:36:19.36Z,SJI_2796,0,0
2016-01-02,20043936,2016-01-02T10:36:19.43Z,FUV,0,0
2016-01-02,20043937,2016-01-02T10:36:28.98Z,SJI_2832,0,0
2016-01-02,20043939,2016-01-02T10:36:29.06Z,FUV,0,0
2016-01-02,20043940,2016-01-02T10:36:38.30Z,SJI_1400,0,0
2016-01-02,20043942,2016-01-02T10:36:38.37Z,FUV,0,0
2016-01-02,20043943,2016-01-02T10:36:47.99Z,SJI_1330,0,0
2016-01-02,20043945,2016-01-02T10:36:48.06Z,FUV,0,0
2016-01-02,20043946,2016-01-02T10:36:57.58Z,SJI_2796,0,0
2016-01-02,20043948,2016-01-02T10:36:57.65Z,FUV,0,0
2016-01-02,20043949,2016-01-02T10:37:07.20Z,SJI_2832,0,0
2016-01-02,20043951,2016-01-02T10:37:07.27Z,FUV,0,0
2016-01-02,20043952,2016-01-02T10:37:16.55Z,SJI_1400,0,0
2016-01-02,20043954,2016-01-02T10:37:16.62Z,FUV,0,0
2016-01-02,20043955,2016-01-02T10:37:26.23Z,SJI_1330,0,0
2016-01-02,20043957,2016-01-02T10:37:26.31Z,FUV,0,0
2016-01-02,20043958,2016-01-02T10:37:35.80Z,SJI_2796,0,0
2016-01-02,20043960,2016-01-02T10:37:35.87Z,FUV,0,0
2016-01-02,20043961,2016-01-02T10:37:45.42Z,SJI_2832,0,0
2016-01-02,20043963,2016-01-02T10:37:45.49Z,FUV,0,0
2016-01-02,20043964,2016-01-02T10:37:54.77Z,SJI_1400,0,0
2016-01-02,20043966,2016-01-02T10:37:54.84Z,FUV,0,0
2016-01-02,20043967,2016-01-02T10:38:04.45Z,SJI_1330,0,0
2016-01-02,20043969,2016-01-02T10:38:04.52Z,FUV,0,0
2016-01-02,20043970,2016-01-02T10:38:14.02Z,SJI_2796,0,0
2016-01-02,20043972,2016-01-02T10:38:14.09Z,FUV,0,0
2016-01-02,20043973,2016-01-02T10:38:23.64Z,SJI_2832,0,0
2016-01-02,20043975,2016-01-02T10:38:23.71Z,FUV,0,0
2016-01-02,20043976,2016-01-02T10:38:33.02Z,SJI_1400,0,0
2016-01-02,20043978,2016-01-02T10:38:33.09Z,FUV,0,0
2016-01-02,20043979,2016-01-02T10:38:42.71Z,SJI_1330,0,0
2016-01-02,20043981,2016-01-02T10:38:42.78Z,FUV,0,0
2016-01-02,20043982,2016-01-02T10:38:52.23Z,SJI_2796,0,0
2016-01-02,20043984,2016-01-02T10:38:52.31Z,FUV,0,0
2016-01-02,20043985,2016-01-02T10:39:01.86Z,SJI_2832,0,0
2016-01-02,20043987,2016-01-02T10:39:01.93Z,FUV,0,0
2016-01-02,20043988,2016-01-02T10:39:11.19Z,SJI_1400,0,0
2016-01-02,20043990,2016-01-02T10:39:11.26Z,FUV,0,0
2016-01-02,20043991,2016-01-02T10:39:20.85Z,SJI_1330,0,0
2016-01-02,20043993,2016-01-02T10:39:20.92Z,FUV,0,0
2016-01-02,20043994,2016-01-02T10:39:30.45Z,SJI_2796,0,0
2016-01-02,20043996,2016-01-02T10:39:30.52Z,FUV,0,0
2016-01-02,20043997,2016-01-02T10:39:40.08Z,SJI_2832,0,0
2016-01-02,20043999,2016-01-02T10:39:40.15Z,FUV,0,0
2016-01-02,20044000,2016-01-02T10:39:49.43Z,SJI_1400,0,0
2016-01-02,20044002,2016-01-02T10:39:49.50Z,FUV,0,0
2016-01-02,20044003,2016-01-02T10:39:59.13Z,SJI_1330,0,0
2016-01-02,20044005,2016-01-02T10:39:59.20Z,FUV,0,0
2016-01-02,20044006,2016-01-02T10:40:08.67Z,SJI_2796,0,0
2016-01-02,20044008,2016-01-02T10:40:08.74Z,FUV,0,0
2016-01-02,20044009,2016-01-02T10:40:18.30Z,SJI_2832,0,0
2016-01-02,20044011,2016-01-02T10:40:18.37Z,FUV,0,0
2016-01-02,20044012,2016-01-02T10:40:27.65Z,SJI_1400,0,0
2016-01-02,20044014,2016-01-02T10:40:27.72Z,FUV,0,0
2016-01-02,20044015,2016-01-02T10:40:37.33Z,SJI_1330,0,0
2016-01-02,20044017,2016-01-02T10:40:37.40Z,FUV,0,0
2016-01-02,20044018,2016-01-02T10:40:46.89Z,SJI_2796,0,0
2016-01-02,20044020,2016-01-02T10:40:46.96Z,FUV,0,0
2016-01-02,20044021,2016-01-02T10:40:56.52Z,SJI_2832,0,0
2016-01-02,20044023,2016-01-02T10:40:56.59Z,FUV,0,0
2016-01-02,20044024,2016-01-02T10:41:05.87Z,SJI_1400,0,0
2016-01-02,20044026,2016-01-02T10:41:05.94Z,FUV,0,0
2016-01-02,20044027,2016-01-02T10:41:15.61Z,SJI_1330,0,0
2016-01-02,20044029,2016-01-02T10:41:15.68Z,FUV,0,0
2016-01-02,20044030,2016-01-02T10:41:25.11Z,SJI_2796,0,0
2016-01-02,20044032,2016-01-02T10:41:25.18Z,FUV,0,0
2016-01-02,20044033,2016-01-02T10:41:34.73Z,SJI_2832,0,0
2016-01-02,20044035,2016-01-02T10:41:34.81Z,FUV,0,0
2016-01-02,20044036,2016-01-02T10:41:44.06Z,SJI_1400,0,0
2016-01-02,20044038,2016-01-02T10:41:44.13Z,FUV,0,0
2016-01-02,20044039,2016-01-02T10:41:53.74Z,SJI_1330,0,0
2016-01-02,20044041,2016-01-02T10:41:53.81Z,FUV,0,0
2016-01-02,20044042,2016-01-02T10:42:03.33Z,SJI_2796,0,0
2016-01-02,20044044,2016-01-02T10:42:03.40Z,FUV,0,0
2016-01-02,20044045,2016-01-02T10:42:12.95Z,SJI_2832,0,0
2016-01-02,20044047,2016-01-02T10:42:13.02Z,FUV,0,0
2016-01-02,20044048,2016-01-02T10:42:22.30Z,SJI_1400,0,0
2016-01-02,20044050,2016-01-02T10:42:22.37Z,FUV,0,0
2016-01-02,20044051,2016-01-02T10:42:31.98Z,SJI_1330,0,0
2016-01-02,20044053,2016-01-02T10:42:32.05Z,FUV,0,0
2016-01-02,20044054,2016-01-02T10:42:41.55Z,SJI_2796,0,0
2016-01-02,20044056,2016-01-02T10:42:41.62Z,FUV,0,0
2016-01-02,20044057,2016-01-02T10:42:51.17Z,SJI_2832,0,0
2016-01-02,20044059,2016-01-02T10:42:51.24Z,FUV,0,0
2016-01-02,20044060,2016-01-02T10:43:00.52Z,SJI_1400,0,0
2016-01-02,20044062,2016-01-02T10:43:00.59Z,FUV,0,0
2016-01-02,20044063,2016-01-02T10:43:10.20Z,SJI_1330,0,0
2016-01-02,20044065,2016-01-02T10:43:10.27Z,FUV,0,0
2016-01-02,20044066,2016-01-02T10:43:19.77Z,SJI_2796,0,0
2016-01-02,20044068,2016-01-02T10:43:19.84Z,FUV,0,0
2016-01-02,20044069,2016-01-02T10:43:29.39Z,SJI_2832,0,0
2016-01-02,20044071,2016-01-02T10:43:29.46Z,FUV,0,0
2016-01-02,20044072,2016-01-02T10:43:38.73Z,SJI_1400,0,0
2016-01-02,20044074,2016-01-02T10:43:38.81Z,FUV,0,0
2016-01-02,20044075,2016-01-02T10:43:48.43Z,SJI_1330,0,0
2016-01-02,20044077,2016-01-02T10:43:48.50Z,FUV,0,0
2016-01-02,20044078,2016-01-02T10:43:57.98Z,SJI_2796,0,0
2016-01-02,20044080,2016-01-02T10:43:58.06Z,FUV,0,0
2016-01-02,20044081,2016-01-02T10:44:07.61Z,SJI_2832,0,0
2016-01-02,20044083,2016-01-02T10:44:07.68Z,FUV,0,0
2016-01-02,20044084,2016-01-02T10:44:16.96Z,SJI_1400,0,0
2016-01-02,20044086,2016-01-02T10:44:17.03Z,FUV,0,0
2016-01-02,20044087,2016-01-02T10:44:26.67Z,SJI_1330,0,0
2016-01-02,20044089,2016-01-02T10:44:26.74Z,FUV,0,0
2016-01-02,20044090,2016-01-02T10:44:36.20Z,SJI_2796,0,0
2016-01-02,20044092,2016-01-02T10:44:36.27Z,FUV,0,0
2016-01-02,20044093,2016-01-02T10:44:45.83Z,SJI_2832,0,0
2016-01-02,20044095,2016-01-02T10:44:45.90Z,FUV,0,0
2016-01-02,20044096,2016-01-02T10:44:55.18Z,SJI_1400,0,0
2016-01-02,20044098,2016-01-02T10:44:55.25Z,FUV,0,0
2016-01-02,20044099,2016-01-02T10:45:04.87Z,SJI_1330,0,0
2016-01-02,20044101,2016-01-02T10:45:04.94Z,FUV,0,0
2016-01-02,20044102,2016-01-02T10:45:14.42Z,SJI_2796,0,0
2016-01-02,20044104,2016-01-02T10:45:14.49Z,FUV,0,0
2016-01-02,20044105,2016-01-02T10:45:24.05Z,SJI_2832,0,0
2016-01-02,20044107,2016-01-02T10:45:24.12Z,FUV,0,0
2016-01-02,20044108,2016-01-02T10:45:33.41Z,SJI_1400,0,0
2016-01-02,20044110,2016-01-02T10:45:33.48Z,FUV,0,0
2016-01-02,20044111,2016-01-02T10:45:43.10Z,SJI_1330,0,0
2016-01-02,20044113,2016-01-02T10:45:43.17Z,FUV,0,0
2016-01-02,20044114,2016-01-02T10:45:52.64Z,SJI_2796,0,0
2016-01-02,20044116,2016-01-02T10:45:52.71Z,FUV,0,0
2016-01-02,20044117,2016-01-02T10:46:02.27Z,SJI_2832,0,0
2016-01-02,20044119,2016-01-02T10:46:02.34Z,FUV,0,0
2016-01-02,20044120,2016-01-02T10:46:11.59Z,SJI_1400,0,0
2016-01-02,20044122,2016-01-02T10:46:11.66Z,FUV,0,0
2016-01-02,20044123,2016-01-02T10:46:21.24Z,SJI_1330,0,0
2016-01-02,20044125,2016-01-02T10:46:21.31Z,FUV,0,0
2016-01-02,20044126,2016-01-02T10:46:30.86Z,SJI_2796,0,0
2016-01-02,20044128,2016-01-02T10:46:30.93Z,FUV,0,0
2016-01-02,20044129,2016-01-02T10:46:40.48Z,SJI_2832,0,0
2016-01-02,20044131,2016-01-02T10:46:40.56Z,FUV,0,0
2016-01-02,20044132,2016-01-02T10:46:49.84Z,SJI_1400,0,0
2016-01-02,20044134,2016-01-02T10:46:49.91Z,FUV,0,0
2016-01-02,20044135,2016-01-02T10:46:59.52Z,SJI_1330,0,0
2016-01-02,20044137,2016-01-02T10:46:59.59Z,FUV,0,0
2016-01-02,20044138,2016-01-02T10:47:09.08Z,SJI_2796,0,0
2016-01-02,20044140,2016-01-02T10:47:09.15Z,FUV,0,0
2016-01-02,20044141,2016-01-02T10:47:18.70Z,SJI_2832,0,0
2016-01-02,20044143,2016-01-02T10:47:18.77Z,FUV,0,0
2016-01-02,20044144,2016-01-02T10:47:28.08Z,SJI_1400,0,0
2016-01-02,20044146,2016-01-02T10:47:28.16Z,FUV,0,0
2016-01-02,20044147,2016-01-02T10:47:37.82Z,SJI_1330,0,0
2016-01-02,20044149,2016-01-02T10:47:37.89Z,FUV,0,0
2016-01-02,20044150,2016-01-02T10:47:47.30Z,SJI_2796,0,0
2016-01-02,20044152,2016-01-02T10:47:47.37Z,FUV,0,0
2016-01-02,20044153,2016-01-02T10:47:56.92Z,SJI_2832,0,0
2016-01-02,20044155,2016-01-02T10:47:56.99Z,FUV,0,0
2016-01-02,20044156,2016-01-02T10:48:06.25Z,SJI_1400,0,0
2016-01-02,20044158,2016-01-02T10:48:06.32Z,FUV,0,0
2016-01-02,20044159,2016-01-02T10:48:15.95Z,SJI_1330,0,0
2016-01-02,20044161,2016-01-02T10:48:16.02Z,FUV,0,0
2016-01-02,20044162,2016-01-02T10:48:25.52Z,SJI_2796,0,0
2016-01-02,20044164,2016-01-02T10:48:25.59Z,FUV,0,0
2016-01-02,20044165,2016-01-02T10:48:35.14Z,SJI_2832,0,0
2016-01-02,20044167,2016-01-02T10:48:35.21Z,FUV,0,0
2016-01-02,20044168,2016-01-02T10:48:44.50Z,SJI_1400,0,0
2016-01-02,20044170,2016-01-02T10:48:44.57Z,FUV,0,0
2016-01-02,20044171,2016-01-02T10:48:54.20Z,SJI_1330,0,0
2016-01-02,20044173,2016-01-02T10:48:54.27Z,FUV,0,0
2016-01-02,20044174,2016-01-02T10:49:03.73Z,SJI_2796,0,0
2016-01-02,20044176,2016-01-02T10:49:03.81Z,FUV,0,0
2016-01-02,20044177,2016-01-02T10:49:13.36Z,SJI_2832,0,0
2016-01-02,20044179,2016-01-02T10:49:13.43Z,FUV,0,0
2016-01-02,20044180,2016-01-02T10:49:22.70Z,SJI_1400,0,0
2016-01-02,20044182,2016-01-02T10:49:22.77Z,FUV,0,0
2016-01-02,20044183,2016-01-02T10:49:32.39Z,SJI_1330,0,0
2016-01-02,20044185,2016-01-02T10:49:32.46Z,FUV,0,0
2016-01-02,20044186,2016-01-02T10:49:41.95Z,SJI_2796,0,0
2016-01-02,20044188,2016-01-02T10:49:42.02Z,FUV,0,0
2016-01-02,20044189,2016-01-02T10:49:51.58Z,SJI_2832,0,0
2016-01-02,20044191,2016-01-02T10:49:51.65Z,FUV,0,0
2016-01-02,20044192,2016-01-02T10:50:00.93Z,SJI_1400,0,0
2016-01-02,20044194,2016-01-02T10:50:01.00Z,FUV,0,0
2016-01-02,20044195,2016-01-02T10:50:10.61Z,SJI_1330,0,0
2016-01-02,20044197,2016-01-02T10:50:10.68Z,FUV,0,0
2016-01-02,20044198,2016-01-02T10:50:20.17Z,SJI_2796,0,0
2016-01-02,20044200,2016-01-02T10:50:20.24Z,FUV,0,0
2016-01-02,20044201,2016-01-02T10:50:29.80Z,SJI_2832,0,0
2016-01-02,20044203,2016-01-02T10:50:29.87Z,FUV,0,0
2016-01-02,20044204,2016-01-02T10:50:39.14Z,SJI_1400,0,0
2016-01-02,20044206,2016-01-02T10:50:39.21Z,FUV,0,0
2016-01-02,20044207,2016-01-02T10:50:48.84Z,SJI_1330,0,0
2016-01-02,20044209,2016-01-02T10:50:48.91Z,FUV,0,0
2016-01-02,20044210,2016-01-02T10:50:58.39Z,SJI_2796,0,0
2016-01-02,20044212,2016-01-02T10:50:58.46Z,FUV,0,0
2016-01-02,20044213,2016-01-02T10:51:08.02Z,SJI_2832,0,0
2016-01-02,20044215,2016-01-02T10:51:08.09Z,FUV,0,0
2016-01-02,20044216,2016-01-02T10:51:17.37Z,SJI_1400,0,0
2016-01-02,20044218,2016-01-02T10:51:17.44Z,FUV,0,0
2016-01-02,20044219,2016-01-02T10:51:27.05Z,SJI_1330,0,0
2016-01-02,20044221,2016-01-02T10:51:27.12Z,FUV,0,0
2016-01-02,20044222,2016-01-02T10:51:36.61Z,SJI_2796,0,0
2016-01-02,20044224,2016-01-02T10:51:36.68Z,FUV,0,0
2016-01-02,20044225,2016-01-02T10:51:46.23Z,SJI_2832,0,0
2016-01-02,20044227,2016-01-02T10:51:46.31Z,FUV,0,0
2016-01-02,20044228,2016-01-02T10:51:55.59Z,SJI_1400,0,0
2016-01-02,20044230,2016-01-02T10:51:55.66Z,FUV,0,0
2016-01-02,20044231,2016-01-02T10:52:05.29Z,SJI_1330,0,0
2016-01-02,20044233,2016-01-02T10:52:05.36Z,FUV,0,0
2016-01-02,20044234,2016-01-02T10:52:14.83Z,SJI_2796,0,0
2016-01-02,20044236,2016-01-02T10:52:14.90Z,FUV,0,0
2016-01-02,20044237,2016-01-02T10:52:24.45Z,SJI_2832,0,0
2016-01-02,20044239,2016-01-02T10:52:24.52Z,FUV,0,0
2016-01-02,20044240,2016-01-02T10:52:33.80Z,SJI_1400,0,0
2016-01-02,20044242,2016-01-02T10:52:33.88Z,FUV,0,0
2016-01-02,20044243,2016-01-02T10:52:43.55Z,SJI_1330,0,0
2016-01-02,20044245,2016-01-02T10:52:43.62Z,FUV,0,0
2016-01-02,20044246,2016-01-02T10:52:53.05Z,SJI_2796,0,0
2016-01-02,20044248,2016-01-02T10:52:53.12Z,FUV,0,0
2016-01-02,20044249,2016-01-02T10:53:02.67Z,SJI_2832,0,0
2016-01-02,20044251,2016-01-02T10:53:02.74Z,FUV,0,0
2016-01-02,20044252,2016-01-02T10:53:12.00Z,SJI_1400,0,0
2016-01-02,20044254,2016-01-02T10:53:12.07Z,FUV,0,0
2016-01-02,20044255,2016-01-02T10:53:21.66Z,SJI_1330,0,0
2016-01-02,20044257,2016-01-02T10:53:21.73Z,FUV,0,0
2016-01-02,20044258,2016-01-02T10:53:31.27Z,SJI_2796,0,0
2016-01-02,20044260,2016-01-02T10:53:31.34Z,FUV,0,0
2016-01-02,20044261,2016-01-02T10:53:40.89Z,SJI_2832,0,0
2016-01-02,20044263,2016-01-02T10:53:40.96Z,FUV,0,0
2016-01-02,20044264,2016-01-02T10:53:50.26Z,SJI_1400,0,0
2016-01-02,20044266,2016-01-02T10:53:50.33Z,FUV,0,0
2016-01-02,20044267,2016-01-02T10:53:59.94Z,SJI_1330,0,0
2016-01-02,20044269,2016-01-02T10:54:00.01Z,FUV,0,0
2016-01-02,20044270,2016-01-02T10:54:09.48Z,SJI_2796,0,0
2016-01-02,20044272,2016-01-02T10:54:09.56Z,FUV,0,0
2016-01-02,20044273,2016-01-02T10:54:19.11Z,SJI_2832,0,0
2016-01-02,20044275,2016-01-02T10:54:19.18Z,FUV,0,0
2016-01-02,20044276,2016-01-02T10:54:28.49Z,SJI_1400,0,0
2016-01-02,20044278,2016-01-02T10:54:28.56Z,FUV,0,0
2016-01-02,20044279,2016-01-02T10:54:38.23Z,SJI_1330,0,0
2016-01-02,20044281,2016-01-02T10:54:38.30Z,FUV,0,0
2016-01-02,20044282,2016-01-02T10:54:47.70Z,SJI_2796,0,0
2016-01-02,20044284,2016-01-02T10:54:47.77Z,FUV,0,0
2016-01-02,20044285,2016-01-02T10:54:57.33Z,SJI_2832,0,0
2016-01-02,20044287,2016-01-02T10:54:57.40Z,FUV,0,0
2016-01-02,20044288,2016-01-02T10:55:06.66Z,SJI_1400,0,0
2016-01-02,20044290,2016-01-02T10:55:06.73Z,FUV,0,0
2016-01-02,20044291,2016-01-02T10:55:16.31Z,SJI_1330,0,0
2016-01-02,20044293,2016-01-02T10:55:16.38Z,FUV,0,0
2016-01-02,20044294,2016-01-02T10:55:25.92Z,SJI_2796,0,0
2016-01-02,20044296,2016-01-02T10:55:25.99Z,FUV,0,0
2016-01-02,20044297,2016-01-02T10:55:35.55Z,SJI_2832,0,0
2016-01-02,20044299,2016-01-02T10:55:35.62Z,FUV,0,0
2016-01-02,20044300,2016-01-02T10:55:44.90Z,SJI_1400,0,0
2016-01-02,20044302,2016-01-02T10:55:44.97Z,FUV,0,0
2016-01-02,20044303,2016-01-02T10:55:54.58Z,SJI_1330,0,0
2016-01-02,20044305,2016-01-02T10:55:54.65Z,FUV,0,0
2016-01-02,20044306,2016-01-02T10:56:04.14Z,SJI_2796,0,0
2016-01-02,20044308,2016-01-02T10:56:04.21Z,FUV,0,0
2016-01-02,20044309,2016-01-02T10:56:13.77Z,SJI_2832,0,0
2016-01-02,20044311,2016-01-02T10:56:13.84Z,FUV,0,0
2016-01-02,20044312,2016-01-02T10:56:23.15Z,SJI_1400,0,0
2016-01-02,20044314,2016-01-02T10:56:23.22Z,FUV,0,0
2016-01-02,20044315,2016-01-02T10:56:32.85Z,SJI_1330,0,0
2016-01-02,20044317,2016-01-02T10:56:32.92Z,FUV,0,0
2016-01-02,20044318,2016-01-02T10:56:42.36Z,SJI_2796,0,0
2016-01-02,20044320,2016-01-02T10:56:42.43Z,FUV,0,0
2016-01-02,20044321,2016-01-02T10:56:51.98Z,SJI_2832,0,0
2016-01-02,20044323,2016-01-02T10:56:52.06Z,FUV,0,0
2016-01-02,20044324,2016-01-02T10:57:01.30Z,SJI_1400,0,0
2016-01-02,20044326,2016-01-02T10:57:01.37Z,FUV,0,0
2016-01-02,20044327,2016-01-02T10:57:10.95Z,SJI_1330,0,0
2016-01-02,20044329,2016-01-02T10:57:11.02Z,FUV,0,0
2016-01-02,20044330,2016-01-02T10:57:20.58Z,SJI_2796,0,0
2016-01-02,20044332,2016-01-02T10:57:20.65Z,FUV,0,0
2016-01-02,20044333,2016-01-02T10:57:30.20Z,SJI_2832,0,0
2016-01-02,20044335,2016-01-02T10:57:30.27Z,FUV,0,0
2016-01-02,20044336,2016-01-02T10:57:39.55Z,SJI_1400,0,0
2016-01-02,20044338,2016-01-02T10:57:39.62Z,FUV,0,0
2016-01-02,20044339,2016-01-02T10:57:49.23Z,SJI_1330,0,0
2016-01-02,20044341,2016-01-02T10:57:49.30Z,FUV,0,0
2016-01-02,20044342,2016-01-02T10:57:58.80Z,SJI_2796,0,0
2016-01-02,20044344,2016-01-02T10:57:58.87Z,FUV,0,0
2016-01-02,20044345,2016-01-02T10:58:08.42Z,SJI_2832,0,0
2016-01-02,20044347,2016-01-02T10:58:08.49Z,FUV,0,0
2016-01-02,20044348,2016-01-02T10:58:17.78Z,SJI_1400,0,0
2016-01-02,20044350,2016-01-02T10:58:17.85Z,FUV,0,0
2016-01-02,20044351,2016-01-02T10:58:27.51Z,SJI_1330,0,0
2016-01-02,20044353,2016-01-02T10:58:27.58Z,FUV,0,0
2016-01-02,20044354,2016-01-02T10:58:37.02Z,SJI_2796,0,0
2016-01-02,20044356,2016-01-02T10:58:37.09Z,FUV,0,0
2016-01-02,20044357,2016-01-02T10:58:46.64Z,SJI_2832,0,0
2016-01-02,20044359,2016-01-02T10:58:46.71Z,FUV,0,0
2016-01-02,20044360,2016-01-02T10:58:55.97Z,SJI_1400,0,0
2016-01-02,20044362,2016-01-02T10:58:56.04Z,FUV,0,0
2016-01-02,20044363,2016-01-02T10:59:05.65Z,SJI_1330,0,0
2016-01-02,20044365,2016-01-02T10:59:05.72Z,FUV,0,0
2016-01-02,20044366,2016-01-02T10:59:15.23Z,SJI_2796,0,0
2016-01-02,20044368,2016-01-02T10:59:15.31Z,FUV,0,0
2016-01-02,20044369,2016-01-02T10:59:24.86Z,SJI_2832,0,0
2016-01-02,20044371,2016-01-02T10:59:24.93Z,FUV,0,0
2016-01-02,20044372,2016-01-02T10:59:34.21Z,SJI_1400,0,0
2016-01-02,20044374,2016-01-02T10:59:34.28Z,FUV,0,0
2016-01-02,20044375,2016-01-02T10:59:43.88Z,SJI_1330,0,0
2016-01-02,20044377,2016-01-02T10:59:43.95Z,FUV,0,0
2016-01-02,20044378,2016-01-02T10:59:53.46Z,SJI_2796,0,0
2016-01-02,20044380,2016-01-02T10:59:53.53Z,FUV,0,0
2016-01-02,20044381,2016-01-02T11:00:03.08Z,SJI_2832,0,0
2016-01-02,20044383,2016-01-02T11:00:03.15Z,FUV,0,0
2016-01-02,20044384,2016-01-02T11:00:12.43Z,SJI_1400,0,0
2016-01-02,20044386,2016-01-02T11:00:12.50Z,FUV,0,0
2016-01-02,20044387,2016-01-02T11:00:22.12Z,SJI_1330,0,0
2016-01-02,20044389,2016-01-02T11:00:22.19Z,FUV,0,0
2016-01-02,20044390,2016-01-02T11:00:31.67Z,SJI_2796,0,0
2016-01-02,20044392,2016-01-02T11:00:31.74Z,FUV,0,0
2016-01-02,20044393,2016-01-02T11:00:41.30Z,SJI_2832,0,0
2016-01-02,20044395,2016-01-02T11:00:41.37Z,FUV,0,0
2016-01-02,20044396,2016-01-02T11:00:50.65Z,SJI_1400,0,0
2016-01-02,20044398,2016-01-02T11:00:50.72Z,FUV,0,0
2016-01-02,20044399,2016-01-02T11:01:00.33Z,SJI_1330,0,0
2016-01-02,20044401,2016-01-02T11:01:00.40Z,FUV,0,0
2016-01-02,20044402,2016-01-02T11:01:09.89Z,SJI_2796,0,0
2016-01-02,20044404,2016-01-02T11:01:09.96Z,FUV,0,0
2016-01-02,20044405,2016-01-02T11:01:19.52Z,SJI_2832,0,0
2016-01-02,20044407,2016-01-02T11:01:19.59Z,FUV,0,0
2016-01-02,20044408,2016-01-02T11:01:28.89Z,SJI_1400,0,0
2016-01-02,20044410,2016-01-02T11:01:28.96Z,FUV,0,0
2016-01-02,20044411,2016-01-02T11:01:38.58Z,SJI_1330,0,0
2016-01-02,20044413,2016-01-02T11:01:38.66Z,FUV,0,0
2016-01-02,20044414,2016-01-02T11:01:48.11Z,SJI_2796,0,0
2016-01-02,20044416,2016-01-02T11:01:48.18Z,FUV,0,0
2016-01-02,20044417,2016-01-02T11:01:57.73Z,SJI_2832,0,0
2016-01-02,20044419,2016-01-02T11:01:57.81Z,FUV,0,0
2016-01-02,20044420,2016-01-02T11:02:07.07Z,SJI_1400,0,0
2016-01-02,20044422,2016-01-02T11:02:07.14Z,FUV,0,0
2016-01-02,20044423,2016-01-02T11:02:16.73Z,SJI_1330,0,0
2016-01-02,20044425,2016-01-02T11:02:16.81Z,FUV,0,0
2016-01-02,20044426,2016-01-02T11:02:26.33Z,SJI_2796,0,0
2016-01-02,20044428,2016-01-02T11:02:26.40Z,FUV,0,0
2016-01-02,20044429,2016-01-02T11:02:35.95Z,SJI_2832,0,0
2016-01-02,20044431,2016-01-02T11:02:36.02Z,FUV,0,0
2016-01-02,20044432,2016-01-02T11:02:45.30Z,SJI_1400,0,0
2016-01-02,20044434,2016-01-02T11:02:45.37Z,FUV,0,0
2016-01-02,20044435,2016-01-02T11:02:54.98Z,SJI_1330,0,0
2016-01-02,20044437,2016-01-02T11:02:55.06Z,FUV,0,0
2016-01-02,20044438,2016-01-02T11:03:04.55Z,SJI_2796,0,0
2016-01-02,20044440,2016-01-02T11:03:04.62Z,FUV,0,0
2016-01-02,20044441,2016-01-02T11:03:14.17Z,SJI_2832,0,0
2016-01-02,20044443,2016-01-02T11:03:14.24Z,FUV,0,0
2016-01-02,20044444,2016-01-02T11:03:23.52Z,SJI_1400,0,0
2016-01-02,20044446,2016-01-02T11:03:23.59Z,FUV,0,0
2016-01-02,20044447,2016-01-02T11:03:33.21Z,SJI_1330,0,0
2016-01-02,20044449,2016-01-02T11:03:33.28Z,FUV,0,0
2016-01-02,20044450,2016-01-02T11:03:42.77Z,SJI_2796,0,0
2016-01-02,20044452,2016-01-02T11:03:42.84Z,FUV,0,0
2016-01-02,20044453,2016-01-02T11:03:52.39Z,SJI_2832,0,0
2016-01-02,20044455,2016-01-02T11:03:52.46Z,FUV,0,0
2016-01-02,20044456,2016-01-02T11:04:01.78Z,SJI_1400,0,0
2016-01-02,20044458,2016-01-02T11:04:01.85Z,FUV,0,0
2016-01-02,20044459,2016-01-02T11:04:11.51Z,SJI_1330,0,0
2016-01-02,20044461,2016-01-02T11:04:11.58Z,FUV,0,0
2016-01-02,20044462,2016-01-02T11:04:20.98Z,SJI_2796,0,0
2016-01-02,20044464,2016-01-02T11:04:21.06Z,FUV,0,0
2016-01-02,20044465,2016-01-02T11:04:30.61Z,SJI_2832,0,0
2016-01-02,20044467,2016-01-02T11:04:30.68Z,FUV,0,0
2016-01-02,20044468,2016-01-02T11:04:39.96Z,SJI_1400,0,0
2016-01-02,20044470,2016-01-02T11:04:40.03Z,FUV,0,0
2016-01-02,20044471,2016-01-02T11:04:49.62Z,SJI_1330,0,0
2016-01-02,20044473,2016-01-02T11:04:49.69Z,FUV,0,0
2016-01-02,20044474,2016-01-02T11:04:59.20Z,SJI_2796,0,0
2016-01-02,20044476,2016-01-02T11:04:59.27Z,FUV,0,0
2016-01-02,20044477,2016-01-02T11:05:08.83Z,SJI_2832,0,0
2016-01-02,20044479,2016-01-02T11:05:08.90Z,FUV,0,0
2016-01-02,20044480,2016-01-02T11:05:18.17Z,SJI_1400,0,0
2016-01-02,20044482,2016-01-02T11:05:18.24Z,FUV,0,0
2016-01-02,20044483,2016-01-02T11:05:27.86Z,SJI_1330,0,0
2016-01-02,20044485,2016-01-02T11:05:27.93Z,FUV,0,0
2016-01-02,20044486,2016-01-02T11:05:37.42Z,SJI_2796,1,0
2016-01-02,20044488,2016-01-02T11:05:37.49Z,FUV,1,0
2016-01-02,20044489,2016-01-02T11:05:47.05Z,SJI_2832,1,0
2016-01-02,20044491,2016-01-02T11:05:47.12Z,FUV,1,0
2016-01-02,20044492,2016-01-02T11:05:56.40Z,SJI_1400,1,0
2016-01-02,20044494,2016-01-02T11:05:56.47Z,FUV,1,2
2016-01-02,20044495,2016-01-02T11:06:06.07Z,SJI_1330,1,0
2016-01-02,20044497,2016-01-02T11:06:06.14Z,FUV,1,0
2016-01-02,20044498,2016-01-02T11:06:15.64Z,SJI_2796,1,0
2016-01-02,20044500,2016-01-02T11:06:15.71Z,FUV,1,0
2016-01-02,20044501,2016-01-02T11:06:25.27Z,SJI_2832,1,0
2016-01-02,20044503,2016-01-02T11:06:25.34Z,FUV,1,0
2016-01-02,20044504,2016-01-02T11:06:34.62Z,SJI_1400,1,0
2016-01-02,20044506,2016-01-02T11:06:34.70Z,FUV,1,0
2016-01-02,20044507,2016-01-02T11:06:44.31Z,SJI_1330,1,0
2016-01-02,20044509,2016-01-02T11:06:44.38Z,FUV,1,0
2016-01-02,20044510,2016-01-02T11:06:53.86Z,SJI_2796,1,0
2016-01-02,20044512,2016-01-02T11:06:53.93Z,FUV,1,0
2016-01-02,20044513,2016-01-02T11:07:03.48Z,SJI_2832,1,0
2016-01-02,20044515,2016-01-02T11:07:03.56Z,FUV,1,1
2016-01-02,20044516,2016-01-02T11:07:12.84Z,SJI_1400,1,0
2016-01-02,20044518,2016-01-02T11:07:12.91Z,FUV,1,1
2016-01-02,20044519,2016-01-02T11:07:22.55Z,SJI_1330,1,0
2016-01-02,20044521,2016-01-02T11:07:22.62Z,FUV,1,0
2016-01-02,20044522,2016-01-02T11:07:32.08Z,SJI_2796,1,0
2016-01-02,20044524,2016-01-02T11:07:32.15Z,FUV,1,0
2016-01-02,20044525,2016-01-02T11:07:41.70Z,SJI_2832,1,0
2016-01-02,20044527,2016-01-02T11:07:41.77Z,FUV,1,2
2016-01-02,20044528,2016-01-02T11:07:51.03Z,SJI_1400,1,0
2016-01-02,20044530,2016-01-02T11:07:51.10Z,FUV,1,3
2016-01-02,20044531,2016-01-02T11:08:00.71Z,SJI_1330,1,0
2016-01-02,20044533,2016-01-02T11:08:00.78Z,FUV,1,1
2016-01-02,20044534,2016-01-02T11:08:10.30Z,SJI_2796,1,0
2016-01-02,20044536,2016-01-02T11:08:10.37Z,FUV,1,7
2016-01-02,20044537,2016-01-02T11:08:19.92Z,SJI_2832,1,0
2016-01-02,20044539,2016-01-02T11:08:19.99Z,FUV,1,5
2016-01-02,20044540,2016-01-02T11:08:29.28Z,SJI_1400,1,0
2016-01-02,20044542,2016-01-02T11:08:29.35Z,FUV,1,2
2016-01-02,20044543,2016-01-02T11:08:39.00Z,SJI_1330,1,0
2016-01-02,20044545,2016-01-02T11:08:39.07Z,FUV,1,3
2016-01-02,20044546,2016-01-02T11:08:48.52Z,SJI_2796,1,0
2016-01-02,20044548,2016-01-02T11:08:48.59Z,FUV,1,4
2016-01-02,20044549,2016-01-02T11:08:58.14Z,SJI_2832,1,0
2016-01-02,20044551,2016-01-02T11:08:58.21Z,FUV,1,0
2016-01-02,20044552,2016-01-02T11:09:07.47Z,SJI_1400,1,0
2016-01-02,20044554,2016-01-02T11:09:07.54Z,FUV,1,2
2016-01-02,20044555,2016-01-02T11:09:17.15Z,SJI_1330,1,0
2016-01-02,20044557,2016-01-02T11:09:17.22Z,FUV,1,4
2016-01-02,20044558,2016-01-02T11:09:26.73Z,SJI_2796,1,0
2016-01-02,20044560,2016-01-02T11:09:26.81Z,FUV,1,6
2016-01-02,20044561,2016-01-02T11:09:36.36Z,SJI_2832,1,0
2016-01-02,20044563,2016-01-02T11:09:36.43Z,FUV,1,3
2016-01-02,20044564,2016-01-02T11:09:45.71Z,SJI_1400,1,0
2016-01-02,20044566,2016-01-02T11:09:45.78Z,FUV,1,1
2016-01-02,20044567,2016-01-02T11:09:55.41Z,SJI_1330,1,0
2016-01-02,20044569,2016-01-02T11:09:55.48Z,FUV,1,2
2016-01-02,20044570,2016-01-02T11:10:04.95Z,SJI_2796,1,0
2016-01-02,20044572,2016-01-02T11:10:05.02Z,FUV,1,2
2016-01-02,20044573,2016-01-02T11:10:14.58Z,SJI_2832,1,0
2016-01-02,20044575,2016-01-02T11:10:14.65Z,FUV,1,1
2016-01-02,20044576,2016-01-02T11:10:23.90Z,SJI_1400,1,0
2016-01-02,20044578,2016-01-02T11:10:23.97Z,FUV,1,0
2016-01-02,20044579,2016-01-02T11:10:33.58Z,SJI_1330,1,0
2016-01-02,20044581,2016-01-02T11:10:33.66Z,FUV,1,1
2016-01-02,20044582,2016-01-02T11:10:43.17Z,SJI_2796,1,0
2016-01-02,20044584,2016-01-02T11:10:43.24Z,FUV,1,1
2016-01-02,20044585,2016-01-02T11:10:52.80Z,SJI_2832,1,0
2016-01-02,20044587,2016-01-02T11:10:52.87Z,FUV,1,1
2016-01-02,20044588,2016-01-02T11:11:02.15Z,SJI_1400,1,0
2016-01-02,20044590,2016-01-02T11:11:02.22Z,FUV,1,1
2016-01-02,20044591,2016-01-02T11:11:11.82Z,SJI_1330,1,0
2016-01-02,20044593,2016-01-02T11:11:11.89Z,FUV,1,0
2016-01-02,20044594,2016-01-02T11:11:21.39Z,SJI_2796,1,0
2016-01-02,20044596,2016-01-02T11:11:21.46Z,FUV,1,1
2016-01-02,20044597,2016-01-02T11:11:31.02Z,SJI_2832,1,0
2016-01-02,20044599,2016-01-02T11:11:31.09Z,FUV,1,2
2016-01-02,20044600,2016-01-02T11:11:40.38Z,SJI_1400,1,0
2016-01-02,20044602,2016-01-02T11:11:40.45Z,FUV,1,2
2016-01-02,20044603,2016-01-02T11:11:50.08Z,SJI_1330,1,0
2016-01-02,20044605,2016-01-02T11:11:50.15Z,FUV,1,0
2016-01-02,20044606,2016-01-02T11:11:59.61Z,SJI_2796,1,0
2016-01-02,20044608,2016-01-02T11:11:59.68Z,FUV,1,0
2016-01-02,20044609,2016-01-02T11:12:09.23Z,SJI_2832,1,0
2016-01-02,20044611,2016-01-02T11:12:09.31Z,FUV,1,0
2016-01-02,20044612,2016-01-02T11:12:18.56Z,SJI_1400,1,0
2016-01-02,20044614,2016-01-02T11:12:18.63Z,FUV,1,1
2016-01-02,20044615,2016-01-02T11:12:28.23Z,SJI_1330,1,0
2016-01-02,20044617,2016-01-02T11:12:28.30Z,FUV,1,0
2016-01-02,20044618,2016-01-02T11:12:37.83Z,SJI_2796,1,0
2016-01-02,20044620,2016-01-02T11:12:37.90Z,FUV,1,1
2016-01-02,20044621,2016-01-02T11:12:47.45Z,SJI_2832,1,0
2016-01-02,20044623,2016-01-02T11:12:47.52Z,FUV,1,0
2016-01-02,20044624,2016-01-02T11:12:56.83Z,SJI_1400,1,0
2016-01-02,20044626,2016-01-02T11:12:56.90Z,FUV,1,1
2016-01-02,20044627,2016-01-02T11:13:06.55Z,SJI_1330,1,0
2016-01-02,20044629,2016-01-02T11:13:06.62Z,FUV,1,0
2016-01-02,20044630,2016-01-02T11:13:16.05Z,SJI_2796,1,0
2016-01-02,20044632,2016-01-02T11:13:16.12Z,FUV,1,2
2016-01-02,20044633,2016-01-02T11:13:25.67Z,SJI_2832,1,0
2016-01-02,20044635,2016-01-02T11:13:25.74Z,FUV,1,0
2016-01-02,20044636,2016-01-02T11:13:35.00Z,SJI_1400,1,0
2016-01-02,20044638,2016-01-02T11:13:35.07Z,FUV,1,0
2016-01-02,20044639,2016-01-02T11:13:44.66Z,SJI_1330,1,0
2016-01-02,20044641,2016-01-02T11:13:44.73Z,FUV,1,0
2016-01-02,20044642,2016-01-02T11:13:54.27Z,SJI_2796,1,0
2016-01-02,20044644,2016-01-02T11:13:54.34Z,FUV,1,0
2016-01-02,20044645,2016-01-02T11:14:03.89Z,SJI_2832,1,0
2016-01-02,20044647,2016-01-02T11:14:03.96Z,FUV,1,1
2016-01-02,20044648,2016-01-02T11:14:13.24Z,SJI_1400,1,0
2016-01-02,20044650,2016-01-02T11:14:13.31Z,FUV,1,0
2016-01-02,20044651,2016-01-02T11:14:22.91Z,SJI_1330,1,0
2016-01-02,20044653,2016-01-02T11:14:22.98Z,FUV,1,2
2016-01-02,20044654,2016-01-02T11:14:32.48Z,SJI_2796,1,0
2016-01-02,20044656,2016-01-02T11:14:32.56Z,FUV,1,1
2016-01-02,20044657,2016-01-02T11:14:42.11Z,SJI_2832,1,0
2016-01-02,20044659,2016-01-02T11:14:42.18Z,FUV,1,1
2016-01-02,20044660,2016-01-02T11:14:51.47Z,SJI_1400,1,0
2016-01-02,20044662,2016-01-02T11:14:51.54Z,FUV,1,1
2016-01-02,20044663,2016-01-02T11:15:01.18Z,SJI_1330,1,0
2016-01-02,20044665,2016-01-02T11:15:01.25Z,FUV,1,0
2016-01-02,20044666,2016-01-02T11:15:10.70Z,SJI_2796,1,0
2016-01-02,20044668,2016-01-02T11:15:10.77Z,FUV,1,1
2016-01-02,20044669,2016-01-02T11:15:20.33Z,SJI_2832,1,0
2016-01-02,20044671,2016-01-02T11:15:20.40Z,FUV,1,0
2016-01-02,20044672,2016-01-02T11:15:29.65Z,SJI_1400,1,0
2016-01-02,20044674,2016-01-02T11:15:29.72Z,FUV,1,2
2016-01-02,20044675,2016-01-02T11:15:39.33Z,SJI_1330,1,0
2016-01-02,20044677,2016-01-02T11:15:39.41Z,FUV,1,3
2016-01-02,20044678,2016-01-02T11:15:48.92Z,SJI_2796,1,0
2016-01-02,20044680,2016-01-02T11:15:48.99Z,FUV,1,2
2016-01-02,20044681,2016-01-02T11:15:58.55Z,SJI_2832,1,0
2016-01-02,20044683,2016-01-02T11:15:58.62Z,FUV,1,0
2016-01-02,20044684,2016-01-02T11:16:07.89Z,SJI_1400,1,0
2016-01-02,20044686,2016-01-02T11:16:07.96Z,FUV,1,0
2016-01-02,20044687,2016-01-02T11:16:17.58Z,SJI_1330,1,0
2016-01-02,20044689,2016-01-02T11:16:17.65Z,FUV,1,0
2016-01-02,20044690,2016-01-02T11:16:27.14Z,SJI_2796,1,0
2016-01-02,20044692,2016-01-02T11:16:27.21Z,FUV,1,0
2016-01-02,20044693,2016-01-02T11:16:36.77Z,SJI_2832,0,0
2016-01-02,20044695,2016-01-02T11:16:36.84Z,FUV,0,0
2016-01-02,20044696,2016-01-02T11:16:46.12Z,SJI_1400,0,0
2016-01-02,20044698,2016-01-02T11:16:46.19Z,FUV,0,0
2016-01-02,20044699,2016-01-02T11:16:55.78Z,SJI_1330,0,0
2016-01-02,20044701,2016-01-02T11:16:55.85Z,FUV,0,0
2016-01-02,20044702,2016-01-02T11:17:05.36Z,SJI_2796,0,0
2016-01-02,20044704,2016-01-02T11:17:05.43Z,FUV,0,0
2016-01-02,20044705,2016-01-02T11:17:14.98Z,SJI_2832,0,0
2016-01-02,20044707,2016-01-02T11:17:15.06Z,FUV,0,0
2016-01-02,20044708,2016-01-02T11:17:24.34Z,SJI_1400,0,0
2016-01-02,20044710,2016-01-02T11:17:24.41Z,FUV,0,0
2016-01-02,20044711,2016-01-02T11:17:34.02Z,SJI_1330,0,0
2016-01-02,20044713,2016-01-02T11:17:34.09Z,FUV,0,0
2016-01-02,20044714,2016-01-02T11:17:43.58Z,SJI_2796,0,0
2016-01-02,20044716,2016-01-02T11:17:43.65Z,FUV,0,0
2016-01-02,20044717,2016-01-02T11:17:53.20Z,SJI_2832,0,0
2016-01-02,20044719,2016-01-02T11:17:53.27Z,FUV,0,0
2016-01-02,20044720,2016-01-02T11:18:02.56Z,SJI_1400,0,0
2016-01-02,20044722,2016-01-02T11:18:02.63Z,FUV,0,0
2016-01-02,20044723,2016-01-02T11:18:12.24Z,SJI_1330,0,0
2016-01-02,20044725,2016-01-02T11:18:12.31Z,FUV,0,0
2016-01-02,20044726,2016-01-02T11:18:21.80Z,SJI_2796,0,0
2016-01-02,20044728,2016-01-02T11:18:21.87Z,FUV,0,0
2016-01-02,20044729,2016-01-02T11:18:31.42Z,SJI_2832,0,0
2016-01-02,20044731,2016-01-02T11:18:31.49Z,FUV,0,0
2016-01-02,20044732,2016-01-02T11:18:40.80Z,SJI_1400,0,0
2016-01-02,20044734,2016-01-02T11:18:40.87Z,FUV,0,0
2016-01-02,20044735,2016-01-02T11:18:50.52Z,SJI_1330,0,0
2016-01-02,20044737,2016-01-02T11:18:50.59Z,FUV,0,0
2016-01-02,20044738,2016-01-02T11:19:00.02Z,SJI_2796,0,0
2016-01-02,20044740,2016-01-02T11:19:00.09Z,FUV,0,0
2016-01-02,20044741,2016-01-02T11:19:09.64Z,SJI_2832,0,0
2016-01-02,20044743,2016-01-02T11:19:09.71Z,FUV,0,0
2016-01-02,20044744,2016-01-02T11:19:18.96Z,SJI_1400,0,0
2016-01-02,20044746,2016-01-02T11:19:19.03Z,FUV,0,0
2016-01-02,20044747,2016-01-02T11:19:28.62Z,SJI_1330,0,0
2016-01-02,20044749,2016-01-02T11:19:28.69Z,FUV,0,0
2016-01-02,20044750,2016-01-02T11:19:38.23Z,SJI_2796,0,0
2016-01-02,20044752,2016-01-02T11:19:38.31Z,FUV,0,0
2016-01-02,20044753,2016-01-02T11:19:47.86Z,SJI_2832,0,0
2016-01-02,20044755,2016-01-02T11:19:47.93Z,FUV,0,0
2016-01-02,20044756,2016-01-02T11:19:57.21Z,SJI_1400,0,0
2016-01-02,20044758,2016-01-02T11:19:57.28Z,FUV,0,0
2016-01-02,20044759,2016-01-02T11:20:06.89Z,SJI_1330,0,0
2016-01-02,20044761,2016-01-02T11:20:06.96Z,FUV,0,0
2016-01-02,20044762,2016-01-02T11:20:16.45Z,SJI_2796,0,0
2016-01-02,20044764,2016-01-02T11:20:16.52Z,FUV,0,0
2016-01-02,20044765,2016-01-02T11:20:26.08Z,SJI_2832,0,0
2016-01-02,20044767,2016-01-02T11:20:26.15Z,FUV,0,0
2016-01-02,20044768,2016-01-02T11:20:35.46Z,SJI_1400,0,0
2016-01-02,20044770,2016-01-02T11:20:35.53Z,FUV,0,0
2016-01-02,20044771,2016-01-02T11:20:45.18Z,SJI_1330,0,0
2016-01-02,20044773,2016-01-02T11:20:45.25Z,FUV,0,0
2016-01-02,20044774,2016-01-02T11:20:54.67Z,SJI_2796,0,0
2016-01-02,20044776,2016-01-02T11:20:54.74Z,FUV,0,0
2016-01-02,20044777,2016-01-02T11:21:04.30Z,SJI_2832,0,0
2016-01-02,20044779,2016-01-02T11:21:04.37Z,FUV,0,0
2016-10-28,27615298,2016-10-28T07:15:38.64Z,FUV,0,0
2016-10-28,27615306,2016-10-28T07:16:06.24Z,FUV,0,0
2016-10-28,27615314,2016-10-28T07:16:33.89Z,FUV,0,0
2016-10-28,27615323,2016-10-28T07:17:01.71Z,FUV,0,0
2016-10-28,27615331,2016-10-28T07:17:28.94Z,FUV,0,0
2016-10-28,27615339,2016-10-28T07:17:56.56Z,FUV,0,0
2016-10-28,27615347,2016-10-28T07:18:24.16Z,FUV,0,0
2016-10-28,27615356,2016-10-28T07:18:52.02Z,FUV,0,0
2016-10-28,27615364,2016-10-28T07:19:19.26Z,FUV,0,0
2016-10-28,27615372,2016-10-28T07:19:46.84Z,FUV,0,0
2016-10-28,27615380,2016-10-28T07:20:14.46Z,FUV,0,0
2016-10-28,27615389,2016-10-28T07:20:42.31Z,FUV,0,0
2016-10-28,27615397,2016-10-28T07:21:09.56Z,FUV,0,0
2016-10-28,27615405,2016-10-28T07:21:37.15Z,FUV,0,0
2016-10-28,27615413,2016-10-28T07:22:04.76Z,FUV,0,0
2016-10-28,27615422,2016-10-28T07:22:32.62Z,FUV,0,0
2016-10-28,27615430,2016-10-28T07:22:59.84Z,FUV,0,0
2016-10-28,27615438,2016-10-28T07:23:27.44Z,FUV,0,0
2016-10-28,27615446,2016-10-28T07:23:55.07Z,FUV,0,0
2016-10-28,27615455,2016-10-28T07:24:22.90Z,FUV,0,0
2016-10-28,27615463,2016-10-28T07:24:50.15Z,FUV,0,0
2016-10-28,27615471,2016-10-28T07:25:17.74Z,FUV,0,0
2016-10-28,27615479,2016-10-28T07:25:45.34Z,FUV,0,0
2016-10-28,27615488,2016-10-28T07:26:13.21Z,FUV,0,0
2016-10-28,27615496,2016-10-28T07:26:40.44Z,FUV,0,0
2016-10-28,27615504,2016-10-28T07:27:08.02Z,FUV,0,0
2016-10-28,27615512,2016-10-28T07:27:35.66Z,FUV,0,0
2016-10-28,27615521,2016-10-28T07:28:03.49Z,FUV,0,0
2016-10-28,27615529,2016-10-28T07:28:30.73Z,FUV,0,0
2016-10-28,27615537,2016-10-28T07:28:58.34Z,FUV,0,0
2016-10-28,27615545,2016-10-28T07:29:25.92Z,FUV,0,0
2016-10-28,27615554,2016-10-28T07:29:53.81Z,FUV,0,0
2016-10-28,27615562,2016-10-28T07:30:21.05Z,FUV,0,0
2016-10-28,27615570,2016-10-28T07:30:48.62Z,FUV,0,0
2016-10-28,27615578,2016-10-28T07:31:16.25Z,FUV,0,0
2016-10-28,27615587,2016-10-28T07:31:44.09Z,FUV,0,0
2016-10-28,27615595,2016-10-28T07:32:11.33Z,FUV,0,0
2016-10-28,27615603,2016-10-28T07:32:38.93Z,FUV,0,0
2016-10-28,27615611,2016-10-28T07:33:06.54Z,FUV,0,0
2016-10-28,27615620,2016-10-28T07:33:34.40Z,FUV,0,0
2016-10-28,27615628,2016-10-28T07:34:01.65Z,FUV,0,0
2016-10-28,27615636,2016-10-28T07:34:29.21Z,FUV,0,0
2016-10-28,27615644,2016-10-28T07:34:56.85Z,FUV,0,0
2016-10-28,27615653,2016-10-28T07:35:24.68Z,FUV,0,0
2016-10-28,27615661,2016-10-28T07:35:51.92Z,FUV,0,0
2016-10-28,27615669,2016-10-28T07:36:19.52Z,FUV,0,0
2016-10-28,27615677,2016-10-28T07:36:47.13Z,FUV,0,0
2016-10-28,27615686,2016-10-28T07:37:14.99Z,FUV,0,0
2016-10-28,27615694,2016-10-28T07:37:42.22Z,FUV,0,0
2016-10-28,27615702,2016-10-28T07:38:09.81Z,FUV,0,0
2016-10-28,27615710,2016-10-28T07:38:37.42Z,FUV,0,0
2016-10-28,27615719,2016-10-28T07:39:05.27Z,FUV,0,0
2016-10-28,27615727,2016-10-28T07:39:32.52Z,FUV,0,0
2016-10-28,27615735,2016-10-28T07:40:00.12Z,FUV,0,0
2016-10-28,27615743,2016-10-28T07:40:27.72Z,FUV,0,0
2016-10-28,27615752,2016-10-28T07:40:55.59Z,FUV,0,0
2016-10-28,27615760,2016-10-28T07:41:22.81Z,FUV,0,0
2016-10-28,27615768,2016-10-28T07:41:50.40Z,FUV,0,0
2016-10-28,27615776,2016-10-28T07:42:18.04Z,FUV,0,0
2016-10-28,27615785,2016-10-28T07:42:45.87Z,FUV,0,0
2016-10-28,27615793,2016-10-28T07:43:13.12Z,FUV,0,0
2016-10-28,27615801,2016-10-28T07:43:40.71Z,FUV,0,0
2016-10-28,27615809,2016-10-28T07:44:08.32Z,FUV,0,0
2016-10-28,27615818,2016-10-28T07:44:36.18Z,FUV,0,0
2016-10-28,27615826,2016-10-28T07:45:03.40Z,FUV,0,0
2016-10-28,27615834,2016-10-28T07:45:30.99Z,FUV,0,0
2016-10-28,27615842,2016-10-28T07:45:58.62Z,FUV,0,0
2016-10-28,27615851,2016-10-28T07:46:26.46Z,FUV,0,0
2016-10-28,27615859,2016-10-28T07:46:53.70Z,FUV,0,0
2016-10-28,27615867,2016-10-28T07:47:21.31Z,FUV,0,0
2016-10-28,27615875,2016-10-28T07:47:48.91Z,FUV,0,0
2016-10-28,27615884,2016-10-28T07:48:16.77Z,FUV,0,0
2016-10-28,27615892,2016-10-28T07:48:44.01Z,FUV,0,0
2016-10-28,27615900,2016-10-28T07:49:11.59Z,FUV,0,0
2016-10-28,27615908,2016-10-28T07:49:39.22Z,FUV,0,0
2016-10-28,27615917,2016-10-28T07:50:07.06Z,FUV,0,0
2016-10-28,27615925,2016-10-28T07:50:34.29Z,FUV,0,0
2016-10-28,27615933,2016-10-28T07:51:01.90Z,FUV,0,0
2016-10-28,27615941,2016-10-28T07:51:29.51Z,FUV,0,0
2016-10-28,27615950,2016-10-28T07:51:57.37Z,FUV,0,0
2016-10-28,27615958,2016-10-28T07:52:24.60Z,FUV,0,0
2016-10-28,27615966,2016-10-28T07:52:52.18Z,FUV,0,0
2016-10-28,27615974,2016-10-28T07:53:19.80Z,FUV,0,0
2016-10-28,27615983,2016-10-28T07:53:47.65Z,FUV,0,0
2016-10-28,27615991,2016-10-28T07:54:14.90Z,FUV,0,0
2016-10-28,27615999,2016-10-28T07:54:42.49Z,FUV,0,0
2016-10-28,27616007,2016-10-28T07:55:10.09Z,FUV,0,0
2016-10-28,27616016,2016-10-28T07:55:37.96Z,FUV,0,0
2016-10-28,27616024,2016-10-28T07:56:05.19Z,FUV,0,0
2016-10-28,27616032,2016-10-28T07:56:32.77Z,FUV,0,0
2016-10-28,27616040,2016-10-28T07:57:00.40Z,FUV,0,0
2016-10-28,27616049,2016-10-28T07:57:28.24Z,FUV,0,0
2016-10-28,27616057,2016-10-28T07:57:55.48Z,FUV,0,0
2016-10-28,27616065,2016-10-28T07:58:23.09Z,FUV,0,0
2016-10-28,27616073,2016-10-28T07:58:50.68Z,FUV,0,0
2016-10-28,27616079,2016-10-28T07:59:09.02Z,FUV,1,0
2016-10-28,27616082,2016-10-28T07:59:18.56Z,FUV,1,0
2016-10-28,27616084,2016-10-28T07:59:27.46Z,FUV,1,0
2016-10-28,27616087,2016-10-28T07:59:36.62Z,FUV,1,0
2016-10-28,27616090,2016-10-28T07:59:45.79Z,FUV,1,0
2016-10-28,27616093,2016-10-28T07:59:55.31Z,FUV,1,0
2016-10-28,27616095,2016-10-28T08:00:04.20Z,FUV,1,0
2016-10-28,27616098,2016-10-28T08:00:13.37Z,FUV,1,0
2016-10-28,27616101,2016-10-28T08:00:22.56Z,FUV,1,0
2016-10-28,27616104,2016-10-28T08:00:32.09Z,FUV,1,0
2016-10-28,27616106,2016-10-28T08:00:41.01Z,FUV,1,0
2016-10-28,27616109,2016-10-28T08:00:50.15Z,FUV,1,0
2016-10-28,27616112,2016-10-28T08:00:59.32Z,FUV,1,0
2016-10-28,27616115,2016-10-28T08:01:08.84Z,FUV,1,0
2016-10-28,27616117,2016-10-28T08:01:17.75Z,FUV,1,0
2016-10-28,27616120,2016-10-28T08:01:26.90Z,FUV,1,1
2016-10-28,27616123,2016-10-28T08:01:36.09Z,FUV,1,0
2016-10-28,27616126,2016-10-28T08:01:45.62Z,FUV,1,0
2016-10-28,27616128,2016-10-28T08:01:54.54Z,FUV,1,0
2016-10-28,27616131,2016-10-28T08:02:03.68Z,FUV,1,0
2016-10-28,27616134,2016-10-28T08:02:12.84Z,FUV,1,0
2016-10-28,27616137,2016-10-28T08:02:22.37Z,FUV,1,0
2016-10-28,27616139,2016-10-28T08:02:31.29Z,FUV,1,0
2016-10-28,27616142,2016-10-28T08:02:40.43Z,FUV,1,0
2016-10-28,27616145,2016-10-28T08:02:49.62Z,FUV,1,0
2016-10-28,27616148,2016-10-28T08:02:59.15Z,FUV,1,0
2016-10-28,27616150,2016-10-28T08:03:08.06Z,FUV,1,0
2016-10-28,27616153,2016-10-28T08:03:17.21Z,FUV,1,0
2016-10-28,27616156,2016-10-28T08:03:26.39Z,FUV,1,0
2016-10-28,27616159,2016-10-28T08:03:35.90Z,FUV,1,0
2016-10-28,27616161,2016-10-28T08:03:44.80Z,FUV,1,0
2016-10-28,27616164,2016-10-28T08:03:53.96Z,FUV,1,0
2016-10-28,27616167,2016-10-28T08:04:03.15Z,FUV,1,1
2016-10-28,27616170,2016-10-28T08:04:12.68Z,FUV,1,0
2016-10-28,27616172,2016-10-28T08:04:21.60Z,FUV,1,2
2016-10-28,27616175,2016-10-28T08:04:30.74Z,FUV,1,0
2016-10-28,27616178,2016-10-28T08:04:39.90Z,FUV,1,1
2016-10-28,27616181,2016-10-28T08:04:49.43Z,FUV,1,1
2016-10-28,27616183,2016-10-28T08:04:58.34Z,FUV,1,1
2016-10-28,27616186,2016-10-28T08:05:07.49Z,FUV,1,3
2016-10-28,27616189,2016-10-28T08:05:16.66Z,FUV,1,1
2016-10-28,27616192,2016-10-28T08:05:26.21Z,FUV,1,2
2016-10-28,27616194,2016-10-28T08:05:35.13Z,FUV,1,3
2016-10-28,27616197,2016-10-28T08:05:44.27Z,FUV,1,2
2016-10-28,27616200,2016-10-28T08:05:53.43Z,FUV,1,4
2016-10-28,27616203,2016-10-28T08:06:02.96Z,FUV,1,7
2016-10-28,27616205,2016-10-28T08:06:11.88Z,FUV,1,3
2016-10-28,27616208,2016-10-28T08:06:21.02Z,FUV,1,5
2016-10-28,27616211,2016-10-28T08:06:30.19Z,FUV,1,2
2016-10-28,27616214,2016-10-28T08:06:39.74Z,FUV,1,1
2016-10-28,27616216,2016-10-28T08:06:48.65Z,FUV,1,6
2016-10-28,27616219,2016-10-28T08:06:57.81Z,FUV,1,12
2016-10-28,27616222,2016-10-28T08:07:06.96Z,FUV,1,5
2016-10-28,27616225,2016-10-28T08:07:16.49Z,FUV,1,11
2016-10-28,27616227,2016-10-28T08:07:25.40Z,FUV,1,10
2016-10-28,27616230,2016-10-28T08:07:34.56Z,FUV,1,7
2016-10-28,27616233,2016-10-28T08:07:43.73Z,FUV,1,16
2016-10-28,27616236,2016-10-28T08:07:53.27Z,FUV,1,10
2016-10-28,27616238,2016-10-28T08:08:02.19Z,FUV,1,12
2016-10-28,27616241,2016-10-28T08:08:11.34Z,FUV,1,9
2016-10-28,27616244,2016-10-28T08:08:20.50Z,FUV,1,9
2016-10-28,27616247,2016-10-28T08:08:30.02Z,FUV,1,15
2016-10-28,27616249,2016-10-28T08:08:38.94Z,FUV,1,7
2016-10-28,27616252,2016-10-28T08:08:48.09Z,FUV,1,7
2016-10-28,27616255,2016-10-28T08:08:57.27Z,FUV,1,12
2016-10-28,27616258,2016-10-28T08:09:06.81Z,FUV,1,10
2016-10-28,27616260,2016-10-28T08:09:15.72Z,FUV,1,11
2016-10-28,27616263,2016-10-28T08:09:24.87Z,FUV,1,10
2016-10-28,27616266,2016-10-28T08:09:34.04Z,FUV,1,7
2016-10-28,27616269,2016-10-28T08:09:43.56Z,FUV,1,6
2016-10-28,27616271,2016-10-28T08:09:52.46Z,FUV,1,10
2016-10-28,27616274,2016-10-28T08:10:01.62Z,FUV,1,11
2016-10-28,27616277,2016-10-28T08:10:10.80Z,FUV,1,1
2016-10-28,27616280,2016-10-28T08:10:20.34Z,FUV,1,2
2016-10-28,27616282,2016-10-28T08:10:29.26Z,FUV,1,5
2016-10-28,27616285,2016-10-28T08:10:38.40Z,FUV,1,3
2016-10-28,27616288,2016-10-28T08:10:47.56Z,FUV,1,2
2016-10-28,27616291,2016-10-28T08:10:57.09Z,FUV,1,2
2016-10-28,27616293,2016-10-28T08:11:06.00Z,FUV,1,2
2016-10-28,27616296,2016-10-28T08:11:15.15Z,FUV,1,1
2016-10-28,27616299,2016-10-28T08:11:24.32Z,FUV,1,0
2016-10-28,27616302,2016-10-28T08:11:33.87Z,FUV,1,0
2016-10-28,27616304,2016-10-28T08:11:42.77Z,FUV,1,0
2016-10-28,27616307,2016-10-28T08:11:51.93Z,FUV,1,0
2016-10-28,27616310,2016-10-28T08:12:01.12Z,FUV,1,2
2016-10-28,27616313,2016-10-28T08:12:10.62Z,FUV,1,0
2016-10-28,27616315,2016-10-28T08:12:19.54Z,FUV,1,0
2016-10-28,27616318,2016-10-28T08:12:28.68Z,FUV,1,0
2016-10-28,27616321,2016-10-28T08:12:37.86Z,FUV,1,0
2016-10-28,27616324,2016-10-28T08:12:47.40Z,FUV,1,0
2016-10-28,27616326,2016-10-28T08:12:56.30Z,FUV,1,0
2016-10-28,27616329,2016-10-28T08:13:05.46Z,FUV,1,0
2016-10-28,27616332,2016-10-28T08:13:14.62Z,FUV,1,0
2016-10-28,27616335,2016-10-28T08:13:24.15Z,FUV,1,0
2016-10-28,27616337,2016-10-28T08:13:33.05Z,FUV,1,0
2016-10-28,27616340,2016-10-28T08:13:42.21Z,FUV,1,0
2016-10-28,27616343,2016-10-28T08:13:51.39Z,FUV,1,0
2016-10-28,27616346,2016-10-28T08:14:00.93Z,FUV,1,0
2016-10-28,27616348,2016-10-28T08:14:09.84Z,FUV,1,0
2016-10-28,27616351,2016-10-28T08:14:18.99Z,FUV,1,0
2016-10-28,27616354,2016-10-28T08:14:28.16Z,FUV,1,1
2016-10-28,27616357,2016-10-28T08:14:37.68Z,FUV,1,0
2016-10-28,27616359,2016-10-28T08:14:46.60Z,FUV,1,0
2016-10-28,27616362,2016-10-28T08:14:55.74Z,FUV,1,0
2016-10-28,27616365,2016-10-28T08:15:04.93Z,FUV,1,0
2016-10-28,27616368,2016-10-28T08:15:14.46Z,FUV,1,0
2016-10-28,27616370,2016-10-28T08:15:23.37Z,FUV,1,0
2016-10-28,27616373,2016-10-28T08:15:32.52Z,FUV,1,0
2016-10-28,27616376,2016-10-28T08:15:41.67Z,FUV,1,0
2016-10-28,27616379,2016-10-28T08:15:51.21Z,FUV,1,0
2016-10-28,27616381,2016-10-28T08:16:00.09Z,FUV,1,0
2016-10-28,27616384,2016-10-28T08:16:09.27Z,FUV,1,0
2016-10-28,27616387,2016-10-28T08:16:18.44Z,FUV,1,0
2016-10-28,27616390,2016-10-28T08:16:27.99Z,FUV,1,0
2016-10-28,27616392,2016-10-28T08:16:36.90Z,FUV,1,0
2016-10-28,27616395,2016-10-28T08:16:46.06Z,FUV,1,0
2016-10-28,27616398,2016-10-28T08:16:55.23Z,FUV,1,0
2016-10-28,27616403,2016-10-28T08:17:13.65Z,FUV,0,0
2016-10-28,27616412,2016-10-28T08:17:41.52Z,FUV,0,0
2016-10-28,27616420,2016-10-28T08:18:08.74Z,FUV,0,0
2016-10-28,27616428,2016-10-28T08:18:36.34Z,FUV,0,0
2016-10-28,27616436,2016-10-28T08:19:03.96Z,FUV,0,0
2016-10-28,27616445,2016-10-28T08:19:31.81Z,FUV,0,0
2016-10-28,27616453,2016-10-28T08:19:59.05Z,FUV,0,0
2016-10-28,27616461,2016-10-28T08:20:26.65Z,FUV,0,0
2016-10-28,27616469,2016-10-28T08:20:54.26Z,FUV,0,0
2016-10-28,27616478,2016-10-28T08:21:22.12Z,FUV,0,0
2016-10-28,27616486,2016-10-28T08:21:49.34Z,FUV,0,0
2016-10-28,27616494,2016-10-28T08:22:16.93Z,FUV,0,0
2016-10-28,27616502,2016-10-28T08:22:44.55Z,FUV,0,0
2016-10-28,27616511,2016-10-28T08:23:12.40Z,FUV,0,0
2016-10-28,27616519,2016-10-28T08:23:39.65Z,FUV,0,0
2016-10-28,27616527,2016-10-28T08:24:07.24Z,FUV,0,0
2016-10-28,27616535,2016-10-28T08:24:34.85Z,FUV,0,0
2016-10-28,27616544,2016-10-28T08:25:02.71Z,FUV,0,0
2016-10-28,27616552,2016-10-28T08:25:29.93Z,FUV,0,0
2016-10-28,27616560,2016-10-28T08:25:57.52Z,FUV,0,0
2016-10-28,27616568,2016-10-28T08:26:25.16Z,FUV,0,0
2016-10-28,27616577,2016-10-28T08:26:52.99Z,FUV,0,0
2016-10-28,27616585,2016-10-28T08:27:20.23Z,FUV,0,0
2016-10-28,27616593,2016-10-28T08:27:47.84Z,FUV,0,0
2016-10-28,27616601,2016-10-28T08:28:15.44Z,FUV,0,0
2016-10-28,27616610,2016-10-28T08:28:43.31Z,FUV,0,0
2016-10-28,27616618,2016-10-28T08:29:10.54Z,FUV,0,0
2016-10-28,27616626,2016-10-28T08:29:38.12Z,FUV,0,0
2016-10-28,27616634,2016-10-28T08:30:05.76Z,FUV,0,0
2016-10-28,27616643,2016-10-28T08:30:33.59Z,FUV,0,0
2016-10-28,27616651,2016-10-28T08:31:00.82Z,FUV,0,0
2016-10-28,27616659,2016-10-28T08:31:28.43Z,FUV,0,0
2016-10-28,27616667,2016-10-28T08:31:56.03Z,FUV,0,0
2016-10-28,27616676,2016-10-28T08:32:23.90Z,FUV,0,0
2016-10-28,27616684,2016-10-28T08:32:51.12Z,FUV,0,0
2016-10-28,27616692,2016-10-28T08:33:18.71Z,FUV,0,0
2016-10-28,27616700,2016-10-28T08:33:46.35Z,FUV,0,0
2016-10-28,27616709,2016-10-28T08:34:14.18Z,FUV,0,0
2016-10-28,27616717,2016-10-28T08:34:41.42Z,FUV,0,0
2016-10-28,27616725,2016-10-28T08:35:09.02Z,FUV,0,0
2016-10-28,27616733,2016-10-28T08:35:36.61Z,FUV,0,0
2016-10-28,27616742,2016-10-28T08:36:04.49Z,FUV,0,0
2016-10-28,27616750,2016-10-28T08:36:31.73Z,FUV,0,0
2016-10-28,27616758,2016-10-28T08:36:59.31Z,FUV,0,0
2016-10-28,27616766,2016-10-28T08:37:26.94Z,FUV,0,0
2016-10-28,27616775,2016-10-28T08:37:54.77Z,FUV,0,0
2016-10-28,27616783,2016-10-28T08:38:22.03Z,FUV,0,0
2016-10-28,27616791,2016-10-28T08:38:49.62Z,FUV,0,0
2016-10-28,27616799,2016-10-28T08:39:17.20Z,FUV,0,0
2016-10-28,27616808,2016-10-28T08:39:45.09Z,FUV,0,0
2016-10-28,27616816,2016-10-28T08:40:12.31Z,FUV,0,0
2016-10-28,27616824,2016-10-28T08:40:39.90Z,FUV,0,0
2016-10-28,27616832,2016-10-28T08:41:07.54Z,FUV,0,0
2016-10-28,27616841,2016-10-28T08:41:35.37Z,FUV,0,0
2016-10-28,27616849,2016-10-28T08:42:02.62Z,FUV,0,0
2016-10-28,27616857,2016-10-28T08:42:30.21Z,FUV,0,0
2016-10-28,27616865,2016-10-28T08:42:57.83Z,FUV,0,0
2016-10-28,27616874,2016-10-28T08:43:25.68Z,FUV,0,0
2016-10-28,27616882,2016-10-28T08:43:52.90Z,FUV,0,0
2016-10-28,27616890,2016-10-28T08:44:20.49Z,FUV,0,0
2016-10-28,27616898,2016-10-28T08:44:48.13Z,FUV,0,0
2016-10-28,27616907,2016-10-28T08:45:15.96Z,FUV,0,0
2016-10-28,27616915,2016-10-28T08:45:43.20Z,FUV,0,0
2016-10-28,27616923,2016-10-28T08:46:10.81Z,FUV,0,0
2016-10-28,27616931,2016-10-28T08:46:38.41Z,FUV,0,0
2016-10-28,27616940,2016-10-28T08:47:06.27Z,FUV,0,0
2016-12-13,28395968,2016-12-13T12:56:13.89Z,SJI_1330,0,0
2016-12-13,28395970,2016-12-13T12:56:13.96Z,FUV,0,0
2016-12-13,28395971,2016-12-13T12:56:23.42Z,SJI_2796,0,0
2016-12-13,28395974,2016-12-13T12:56:33.02Z,SJI_2832,0,0
2016-12-13,28395976,2016-12-13T12:56:33.09Z,FUV,0,0
2016-12-13,28395977,2016-12-13T12:56:42.34Z,SJI_1400,0,0
2016-12-13,28395982,2016-12-13T12:56:52.03Z,FUV,0,0
2016-12-13,28395988,2016-12-13T12:57:11.09Z,FUV,0,0
2016-12-13,28395992,2016-12-13T12:57:30.02Z,SJI_1330,0,0
2016-12-13,28395994,2016-12-13T12:57:30.09Z,FUV,0,0
2016-12-13,28395995,2016-12-13T12:57:39.45Z,SJI_2796,0,0
2016-12-13,28395998,2016-12-13T12:57:49.05Z,SJI_2832,0,0
2016-12-13,28396000,2016-12-13T12:57:49.12Z,FUV,0,0
2016-12-13,28396001,2016-12-13T12:57:58.33Z,SJI_1400,0,0
2016-12-13,28396006,2016-12-13T12:58:08.00Z,FUV,0,0
2016-12-13,28396012,2016-12-13T12:58:27.12Z,FUV,0,0
2016-12-13,28396016,2016-12-13T12:58:45.96Z,SJI_1330,0,0
2016-12-13,28396018,2016-12-13T12:58:46.03Z,FUV,0,0
2016-12-13,28396019,2016-12-13T12:58:55.48Z,SJI_2796,0,0
2016-12-13,28396022,2016-12-13T12:59:05.08Z,SJI_2832,0,0
2016-12-13,28396024,2016-12-13T12:59:05.15Z,FUV,0,0
2016-12-13,28396025,2016-12-13T12:59:14.38Z,SJI_1400,0,0
2016-12-13,28396030,2016-12-13T12:59:24.12Z,FUV,0,0
2016-12-13,28396036,2016-12-13T12:59:43.15Z,FUV,0,0
2016-12-13,28396040,2016-12-13T13:00:01.98Z,SJI_1330,0,0
2016-12-13,28396042,2016-12-13T13:00:02.06Z,FUV,0,0
2016-12-13,28396043,2016-12-13T13:00:11.52Z,SJI_2796,0,0
2016-12-13,28396046,2016-12-13T13:00:21.11Z,SJI_2832,0,0
2016-12-13,28396048,2016-12-13T13:00:21.18Z,FUV,0,0
2016-12-13,28396049,2016-12-13T13:00:30.43Z,SJI_1400,0,0
2016-12-13,28396054,2016-12-13T13:00:40.13Z,FUV,0,0
2016-12-13,28396060,2016-12-13T13:00:59.18Z,FUV,0,0
2016-12-13,28396064,2016-12-13T13:01:18.06Z,SJI_1330,0,0
2016-12-13,28396066,2016-12-13T13:01:18.13Z,FUV,0,0
2016-12-13,28396067,2016-12-13T13:01:27.55Z,SJI_2796,0,0
2016-12-13,28396070,2016-12-13T13:01:37.14Z,SJI_2832,0,0
2016-12-13,28396072,2016-12-13T13:01:37.21Z,FUV,0,0
2016-12-13,28396073,2016-12-13T13:01:46.47Z,SJI_1400,0,0
2016-12-13,28396078,2016-12-13T13:01:56.20Z,FUV,0,0
2016-12-13,28396084,2016-12-13T13:02:15.21Z,FUV,0,0
2016-12-13,28396088,2016-12-13T13:02:34.05Z,SJI_1330,0,0
2016-12-13,28396090,2016-12-13T13:02:34.12Z,FUV,0,0
2016-12-13,28396091,2016-12-13T13:02:43.58Z,SJI_2796,0,0
2016-12-13,28396094,2016-12-13T13:02:53.17Z,SJI_2832,0,0
2016-12-13,28396096,2016-12-13T13:02:53.24Z,FUV,0,0
2016-12-13,28396097,2016-12-13T13:03:02.46Z,SJI_1400,0,0
2016-12-13,28396102,2016-12-13T13:03:12.16Z,FUV,0,0
2016-12-13,28396108,2016-12-13T13:03:31.24Z,FUV,0,0
2016-12-13,28396112,2016-12-13T13:03:50.12Z,SJI_1330,0,0
2016-12-13,28396114,2016-12-13T13:03:50.19Z,FUV,0,0
2016-12-13,28396115,2016-12-13T13:03:59.61Z,SJI_2796,0,0
2016-12-13,28396118,2016-12-13T13:04:09.20Z,SJI_2832,0,0
2016-12-13,28396120,2016-12-13T13:04:09.27Z,FUV,0,0
2016-12-13,28396121,2016-12-13T13:04:18.53Z,SJI_1400,0,0
2016-12-13,28396126,2016-12-13T13:04:28.28Z,FUV,0,0
2016-12-13,28396132,2016-12-13T13:04:47.27Z,FUV,0,0
2016-12-13,28396136,2016-12-13T13:05:06.11Z,SJI_1330,0,0
2016-12-13,28396138,2016-12-13T13:05:06.18Z,FUV,0,0
2016-12-13,28396139,2016-12-13T13:05:15.64Z,SJI_2796,0,0
2016-12-13,28396142,2016-12-13T13:05:25.23Z,SJI_2832,0,0
2016-12-13,28396144,2016-12-13T13:05:25.31Z,FUV,0,0
2016-12-13,28396145,2016-12-13T13:05:34.53Z,SJI_1400,0,0
2016-12-13,28396150,2016-12-13T13:05:44.25Z,FUV,0,0
2016-12-13,28396156,2016-12-13T13:06:03.31Z,FUV,0,0
2016-12-13,28396160,2016-12-13T13:06:22.18Z,SJI_1330,0,0
2016-12-13,28396162,2016-12-13T13:06:22.25Z,FUV,0,0
2016-12-13,28396163,2016-12-13T13:06:31.67Z,SJI_2796,0,0
2016-12-13,28396166,2016-12-13T13:06:41.27Z,SJI_2832,0,0
2016-12-13,28396168,2016-12-13T13:06:41.34Z,FUV,0,0
2016-12-13,28396169,2016-12-13T13:06:50.55Z,SJI_1400,0,0
2016-12-13,28396174,2016-12-13T13:07:00.25Z,FUV,0,0
2016-12-13,28396180,2016-12-13T13:07:19.34Z,FUV,0,0
2016-12-13,28396184,2016-12-13T13:07:38.19Z,SJI_1330,0,0
2016-12-13,28396186,2016-12-13T13:07:38.27Z,FUV,0,0
2016-12-13,28396187,2016-12-13T13:07:47.70Z,SJI_2796,0,0
2016-12-13,28396190,2016-12-13T13:07:57.30Z,SJI_2832,0,0
2016-12-13,28396192,2016-12-13T13:07:57.37Z,FUV,0,0
2016-12-13,28396193,2016-12-13T13:08:06.65Z,SJI_1400,0,0
2016-12-13,28396198,2016-12-13T13:08:16.37Z,FUV,0,0
2016-12-13,28396204,2016-12-13T13:08:35.37Z,FUV,0,0
2016-12-13,28396208,2016-12-13T13:08:54.20Z,SJI_1330,0,0
2016-12-13,28396210,2016-12-13T13:08:54.27Z,FUV,0,0
2016-12-13,28396211,2016-12-13T13:09:03.73Z,SJI_2796,0,0
2016-12-13,28396214,2016-12-13T13:09:13.33Z,SJI_2832,0,0
2016-12-13,28396216,2016-12-13T13:09:13.40Z,FUV,0,0
2016-12-13,28396217,2016-12-13T13:09:22.62Z,SJI_1400,0,0
2016-12-13,28396222,2016-12-13T13:09:32.33Z,FUV,0,0
2016-12-13,28396228,2016-12-13T13:09:51.40Z,FUV,0,0
2016-12-13,28396232,2016-12-13T13:10:10.31Z,SJI_1330,0,0
2016-12-13,28396234,2016-12-13T13:10:10.38Z,FUV,0,0
2016-12-13,28396235,2016-12-13T13:10:19.77Z,SJI_2796,0,0
2016-12-13,28396238,2016-12-13T13:10:29.36Z,SJI_2832,0,0
2016-12-13,28396240,2016-12-13T13:10:29.43Z,FUV,0,0
2016-12-13,28396241,2016-12-13T13:10:38.69Z,SJI_1400,0,0
2016-12-13,28396246,2016-12-13T13:10:48.44Z,FUV,0,0
2016-12-13,28396252,2016-12-13T13:11:07.43Z,FUV,0,0
2016-12-13,28396256,2016-12-13T13:11:26.27Z,SJI_1330,0,0
2016-12-13,28396258,2016-12-13T13:11:26.34Z,FUV,0,0
2016-12-13,28396259,2016-12-13T13:11:35.83Z,SJI_2796,0,0
2016-12-13,28396262,2016-12-13T13:11:45.39Z,SJI_2832,0,0
2016-12-13,28396264,2016-12-13T13:11:45.46Z,FUV,0,0
2016-12-13,28396265,2016-12-13T13:11:54.70Z,SJI_1400,0,0
2016-12-13,28396270,2016-12-13T13:12:04.42Z,FUV,0,0
2016-12-13,28396276,2016-12-13T13:12:23.46Z,FUV,0,0
2016-12-13,28396280,2016-12-13T13:12:42.35Z,SJI_1330,0,0
2016-12-13,28396282,2016-12-13T13:12:42.42Z,FUV,0,0
2016-12-13,28396283,2016-12-13T13:12:51.86Z,SJI_2796,0,0
2016-12-13,28396286,2016-12-13T13:13:01.42Z,SJI_2832,0,0
2016-12-13,28396288,2016-12-13T13:13:01.49Z,FUV,0,0
2016-12-13,28396289,2016-12-13T13:13:10.72Z,SJI_1400,0,0
2016-12-13,28396294,2016-12-13T13:13:20.44Z,FUV,0,0
2016-12-13,28396300,2016-12-13T13:13:39.49Z,FUV,0,0
2016-12-13,28396304,2016-12-13T13:13:58.37Z,SJI_1330,0,0
2016-12-13,28396306,2016-12-13T13:13:58.44Z,FUV,0,0
2016-12-13,28396307,2016-12-13T13:14:07.89Z,SJI_2796,0,0
2016-12-13,28396310,2016-12-13T13:14:17.45Z,SJI_2832,0,0
2016-12-13,28396312,2016-12-13T13:14:17.52Z,FUV,0,0
2016-12-13,28396313,2016-12-13T13:14:26.77Z,SJI_1400,0,0
2016-12-13,28396318,2016-12-13T13:14:36.49Z,FUV,0,0
2016-12-13,28396324,2016-12-13T13:14:55.52Z,FUV,0,0
2016-12-13,28396328,2016-12-13T13:15:14.41Z,SJI_1330,0,0
2016-12-13,28396330,2016-12-13T13:15:14.48Z,FUV,0,0
2016-12-13,28396331,2016-12-13T13:15:23.92Z,SJI_2796,0,0
2016-12-13,28396334,2016-12-13T13:15:33.48Z,SJI_2832,0,0
2016-12-13,28396336,2016-12-13T13:15:33.56Z,FUV,0,0
2016-12-13,28396337,2016-12-13T13:15:42.80Z,SJI_1400,0,0
2016-12-13,28396342,2016-12-13T13:15:52.53Z,FUV,0,0
2016-12-13,28396348,2016-12-13T13:16:11.59Z,FUV,0,0
2016-12-13,28396352,2016-12-13T13:16:30.52Z,SJI_1330,0,0
2016-12-13,28396354,2016-12-13T13:16:30.59Z,FUV,0,0
2016-12-13,28396355,2016-12-13T13:16:39.95Z,SJI_2796,0,0
2016-12-13,28396358,2016-12-13T13:16:49.52Z,SJI_2832,0,0
2016-12-13,28396360,2016-12-13T13:16:49.59Z,FUV,0,0
2016-12-13,28396361,2016-12-13T13:16:58.79Z,SJI_1400,0,0
2016-12-13,28396366,2016-12-13T13:17:08.48Z,FUV,0,0
2016-12-13,28396372,2016-12-13T13:17:27.59Z,FUV,0,0
2016-12-13,28396376,2016-12-13T13:17:46.46Z,SJI_1330,0,0
2016-12-13,28396378,2016-12-13T13:17:46.53Z,FUV,0,0
2016-12-13,28396379,2016-12-13T13:17:55.98Z,SJI_2796,0,0
2016-12-13,28396382,2016-12-13T13:18:05.55Z,SJI_2832,0,0
2016-12-13,28396384,2016-12-13T13:18:05.62Z,FUV,0,0
2016-12-13,28396385,2016-12-13T13:18:14.87Z,SJI_1400,0,0
2016-12-13,28396390,2016-12-13T13:18:24.58Z,FUV,0,0
2016-12-13,28396396,2016-12-13T13:18:43.62Z,FUV,0,0
2016-12-13,28396400,2016-12-13T13:19:02.58Z,SJI_1330,0,0
2016-12-13,28396402,2016-12-13T13:19:02.66Z,FUV,0,0
2016-12-13,28396403,2016-12-13T13:19:12.02Z,SJI_2796,0,0
2016-12-13,28396406,2016-12-13T13:19:21.58Z,SJI_2832,0,0
2016-12-13,28396408,2016-12-13T13:19:21.65Z,FUV,0,0
2016-12-13,28396409,2016-12-13T13:19:30.86Z,SJI_1400,0,0
2016-12-13,28396414,2016-12-13T13:19:40.53Z,FUV,0,0
2016-12-13,28396420,2016-12-13T13:19:59.65Z,FUV,0,0
2016-12-13,28396424,2016-12-13T13:20:18.51Z,SJI_1330,0,0
2016-12-13,28396426,2016-12-13T13:20:18.58Z,FUV,0,0
2016-12-13,28396427,2016-12-13T13:20:28.05Z,SJI_2796,0,0
2016-12-13,28396430,2016-12-13T13:20:37.61Z,SJI_2832,0,0
2016-12-13,28396432,2016-12-13T13:20:37.68Z,FUV,0,0
2016-12-13,28396433,2016-12-13T13:20:46.92Z,SJI_1400,0,0
2016-12-13,28396438,2016-12-13T13:20:56.63Z,FUV,0,0
2016-12-13,28396444,2016-12-13T13:21:15.68Z,FUV,0,0
2016-12-13,28396448,2016-12-13T13:21:34.55Z,SJI_1330,0,0
2016-12-13,28396450,2016-12-13T13:21:34.62Z,FUV,0,0
2016-12-13,28396451,2016-12-13T13:21:44.08Z,SJI_2796,0,0
2016-12-13,28396454,2016-12-13T13:21:53.64Z,SJI_2832,0,0
2016-12-13,28396456,2016-12-13T13:21:53.71Z,FUV,0,0
2016-12-13,28396457,2016-12-13T13:22:02.97Z,SJI_1400,0,0
2016-12-13,28396462,2016-12-13T13:22:12.68Z,FUV,0,0
2016-12-13,28396468,2016-12-13T13:22:31.71Z,FUV,0,0
2016-12-13,28396472,2016-12-13T13:22:50.62Z,SJI_1330,0,0
2016-12-13,28396474,2016-12-13T13:22:50.69Z,FUV,0,0
2016-12-13,28396475,2016-12-13T13:23:00.11Z,SJI_2796,0,0
2016-12-13,28396478,2016-12-13T13:23:09.67Z,SJI_2832,0,0
2016-12-13,28396480,2016-12-13T13:23:09.74Z,FUV,0,0
2016-12-13,28396481,2016-12-13T13:23:19.00Z,SJI_1400,0,0
2016-12-13,28396486,2016-12-13T13:23:28.71Z,FUV,0,0
2016-12-13,28396492,2016-12-13T13:23:47.74Z,FUV,0,0
2016-12-13,28396496,2016-12-13T13:24:06.68Z,SJI_1330,0,0
2016-12-13,28396498,2016-12-13T13:24:06.75Z,FUV,0,0
2016-12-13,28396499,2016-12-13T13:24:16.14Z,SJI_2796,0,0
2016-12-13,28396502,2016-12-13T13:24:25.70Z,SJI_2832,0,0
2016-12-13,28396504,2016-12-13T13:24:25.77Z,FUV,0,0
2016-12-13,28396505,2016-12-13T13:24:34.97Z,SJI_1400,0,0
2016-12-13,28396510,2016-12-13T13:24:44.66Z,FUV,0,0
2016-12-13,28396516,2016-12-13T13:25:03.77Z,FUV,0,0
2016-12-13,28396520,2016-12-13T13:25:22.63Z,SJI_1330,0,0
2016-12-13,28396522,2016-12-13T13:25:22.70Z,FUV,0,0
2016-12-13,28396523,2016-12-13T13:25:32.17Z,SJI_2796,0,0
2016-12-13,28396526,2016-12-13T13:25:41.73Z,SJI_2832,0,0
2016-12-13,28396528,2016-12-13T13:25:41.81Z,FUV,0,0
2016-12-13,28396529,2016-12-13T13:25:51.06Z,SJI_1400,0,0
2016-12-13,28396534,2016-12-13T13:26:00.78Z,FUV,0,0
2016-12-13,28396540,2016-12-13T13:26:19.81Z,FUV,0,0
2016-12-13,28396544,2016-12-13T13:26:38.70Z,SJI_1330,0,0
2016-12-13,28396546,2016-12-13T13:26:38.77Z,FUV,0,0
2016-12-13,28396547,2016-12-13T13:26:48.20Z,SJI_2796,0,0
2016-12-13,28396550,2016-12-13T13:26:57.77Z,SJI_2832,0,0
2016-12-13,28396552,2016-12-13T13:26:57.84Z,FUV,0,0
2016-12-13,28396553,2016-12-13T13:27:07.10Z,SJI_1400,0,0
2016-12-13,28396558,2016-12-13T13:27:16.82Z,FUV,0,0
2016-12-13,28396564,2016-12-13T13:27:35.87Z,FUV,0,0
2016-12-13,28396568,2016-12-13T13:27:54.80Z,SJI_1330,0,0
2016-12-13,28396570,2016-12-13T13:27:54.87Z,FUV,0,0
2016-12-13,28396571,2016-12-13T13:28:04.23Z,SJI_2796,0,0
2016-12-13,28396574,2016-12-13T13:28:13.80Z,SJI_2832,0,0
2016-12-13,28396576,2016-12-13T13:28:13.87Z,FUV,0,0
2016-12-13,28396577,2016-12-13T13:28:23.06Z,SJI_1400,0,0
2016-12-13,28396582,2016-12-13T13:28:32.77Z,FUV,0,0
2016-12-13,28396588,2016-12-13T13:28:51.90Z,FUV,0,0
2016-12-13,28396592,2016-12-13T13:29:10.75Z,SJI_1330,0,0
2016-12-13,28396594,2016-12-13T13:29:10.82Z,FUV,0,0
2016-12-13,28396595,2016-12-13T13:29:20.27Z,SJI_2796,0,0
2016-12-13,28396598,2016-12-13T13:29:29.83Z,SJI_2832,0,0
2016-12-13,28396600,2016-12-13T13:29:29.90Z,FUV,0,0
2016-12-13,28396601,2016-12-13T13:29:39.14Z,SJI_1400,0,0
2016-12-13,28396606,2016-12-13T13:29:48.87Z,FUV,0,0
2016-12-13,28396612,2016-12-13T13:30:07.93Z,FUV,0,0
2016-12-13,28396616,2016-12-13T13:30:26.75Z,SJI_1330,0,0
2016-12-13,28396618,2016-12-13T13:30:26.82Z,FUV,0,0
2016-12-13,28396619,2016-12-13T13:30:36.30Z,SJI_2796,0,0
2016-12-13,28396622,2016-12-13T13:30:45.86Z,SJI_2832,0,0
2016-12-13,28396624,2016-12-13T13:30:45.93Z,FUV,0,0
2016-12-13,28396625,2016-12-13T13:30:55.15Z,SJI_1400,0,0
2016-12-13,28396630,2016-12-13T13:31:04.84Z,FUV,0,0
2016-12-13,28396636,2016-12-13T13:31:23.96Z,FUV,0,0
2016-12-13,28396640,2016-12-13T13:31:42.85Z,SJI_1330,0,0
2016-12-13,28396642,2016-12-13T13:31:42.92Z,FUV,0,0
2016-12-13,28396643,2016-12-13T13:31:52.33Z,SJI_2796,0,0
2016-12-13,28396646,2016-12-13T13:32:01.89Z,SJI_2832,0,0
2016-12-13,28396648,2016-12-13T13:32:01.96Z,FUV,0,0
2016-12-13,28396649,2016-12-13T13:32:11.16Z,SJI_1400,0,0
2016-12-13,28396654,2016-12-13T13:32:20.87Z,FUV,0,0
2016-12-13,28396660,2016-12-13T13:32:39.99Z,FUV,0,0
2016-12-13,28396664,2016-12-13T13:32:58.86Z,SJI_1330,0,0
2016-12-13,28396666,2016-12-13T13:32:58.93Z,FUV,0,0
2016-12-13,28396667,2016-12-13T13:33:08.36Z,SJI_2796,0,0
2016-12-13,28396670,2016-12-13T13:33:17.92Z,SJI_2832,0,0
2016-12-13,28396672,2016-12-13T13:33:17.99Z,FUV,0,0
2016-12-13,28396673,2016-12-13T13:33:27.26Z,SJI_1400,0,0
2016-12-13,28396678,2016-12-13T13:33:36.98Z,FUV,0,0
2016-12-13,28396684,2016-12-13T13:33:56.02Z,FUV,0,0
2016-12-13,28396688,2016-12-13T13:34:14.97Z,SJI_1330,0,0
2016-12-13,28396690,2016-12-13T13:34:15.04Z,FUV,0,0
2016-12-13,28396691,2016-12-13T13:34:24.39Z,SJI_2796,0,0
2016-12-13,28396694,2016-12-13T13:34:33.95Z,SJI_2832,0,0
2016-12-13,28396696,2016-12-13T13:34:34.02Z,FUV,0,0
2016-12-13,28396697,2016-12-13T13:34:43.22Z,SJI_1400,0,0
2016-12-13,28396702,2016-12-13T13:34:52.93Z,FUV,0,0
2016-12-13,28396708,2016-12-13T13:35:12.06Z,FUV,0,0
2016-12-13,28396712,2016-12-13T13:35:30.96Z,SJI_1330,0,0
2016-12-13,28396714,2016-12-13T13:35:31.03Z,FUV,0,0
2016-12-13,28396715,2016-12-13T13:35:40.42Z,SJI_2796,0,0
2016-12-13,28396718,2016-12-13T13:35:49.98Z,SJI_2832,0,0
2016-12-13,28396720,2016-12-13T13:35:50.06Z,FUV,0,0
2016-12-13,28396721,2016-12-13T13:35:59.28Z,SJI_1400,0,0
2016-12-13,28396726,2016-12-13T13:36:08.98Z,FUV,0,0
2016-12-13,28396732,2016-12-13T13:36:28.09Z,FUV,0,0
2016-12-13,28396736,2016-12-13T13:36:46.94Z,SJI_1330,0,0
2016-12-13,28396738,2016-12-13T13:36:47.01Z,FUV,0,0
2016-12-13,28396739,2016-12-13T13:36:56.45Z,SJI_2796,0,0
2016-12-13,28396742,2016-12-13T13:37:06.02Z,SJI_2832,0,0
2016-12-13,28396744,2016-12-13T13:37:06.09Z,FUV,0,0
2016-12-13,28396745,2016-12-13T13:37:15.31Z,SJI_1400,0,0
2016-12-13,28396750,2016-12-13T13:37:24.99Z,FUV,0,0
2016-12-13,28396756,2016-12-13T13:37:44.12Z,FUV,0,0
2016-12-13,28396760,2016-12-13T13:38:03.02Z,SJI_1330,0,0
2016-12-13,28396762,2016-12-13T13:38:03.09Z,FUV,0,0
2016-12-13,28396763,2016-12-13T13:38:12.48Z,SJI_2796,0,0
2016-12-13,28396766,2016-12-13T13:38:22.05Z,SJI_2832,0,0
2016-12-13,28396768,2016-12-13T13:38:22.12Z,FUV,0,0
2016-12-13,28396769,2016-12-13T13:38:31.37Z,SJI_1400,0,0
2016-12-13,28396774,2016-12-13T13:38:41.09Z,FUV,0,0
2016-12-13,28396780,2016-12-13T13:39:00.15Z,FUV,0,0
2016-12-13,28396784,2016-12-13T13:39:19.05Z,SJI_1330,0,0
2016-12-13,28396786,2016-12-13T13:39:19.12Z,FUV,0,0
2016-12-13,28396787,2016-12-13T13:39:28.52Z,SJI_2796,0,0
2016-12-13,28396790,2016-12-13T13:39:38.08Z,SJI_2832,0,0
2016-12-13,28396792,2016-12-13T13:39:38.15Z,FUV,0,0
2016-12-13,28396793,2016-12-13T13:39:47.35Z,SJI_1400,0,0
2016-12-13,28396798,2016-12-13T13:39:57.06Z,FUV,0,0
2016-12-13,28396804,2016-12-13T13:40:16.18Z,FUV,0,0
2016-12-13,28396808,2016-12-13T13:40:35.02Z,SJI_1330,0,0
2016-12-13,28396810,2016-12-13T13:40:35.09Z,FUV,0,0
2016-12-13,28396811,2016-12-13T13:40:44.55Z,SJI_2796,0,0
2016-12-13,28396814,2016-12-13T13:40:54.11Z,SJI_2832,0,0
2016-12-13,28396816,2016-12-13T13:40:54.18Z,FUV,0,0
2016-12-13,28396817,2016-12-13T13:41:03.41Z,SJI_1400,0,0
2016-12-13,28396822,2016-12-13T13:41:13.12Z,FUV,0,0
2016-12-13,28396828,2016-12-13T13:41:32.21Z,FUV,0,0
2016-12-13,28396832,2016-12-13T14:24:07.89Z,SJI_1330,0,0
2016-12-13,28396834,2016-12-13T14:24:07.96Z,FUV,0,0
2016-12-13,28396835,2016-12-13T14:24:17.42Z,SJI_2796,0,0
2016-12-13,28396838,2016-12-13T14:24:27.02Z,SJI_2832,0,0
2016-12-13,28396840,2016-12-13T14:24:27.09Z,FUV,0,0
2016-12-13,28396841,2016-12-13T14:24:36.30Z,SJI_1400,0,0
2016-12-13,28396846,2016-12-13T14:24:46.02Z,FUV,0,0
2016-12-13,28396852,2016-12-13T14:25:05.09Z,FUV,0,0
2016-12-13,28396856,2016-12-13T14:25:23.92Z,SJI_1330,0,0
2016-12-13,28396858,2016-12-13T14:25:23.99Z,FUV,0,0
2016-12-13,28396859,2016-12-13T14:25:33.45Z,SJI_2796,0,0
2016-12-13,28396862,2016-12-13T14:25:43.05Z,SJI_2832,0,0
2016-12-13,28396864,2016-12-13T14:25:43.12Z,FUV,0,0
2016-12-13,28396865,2016-12-13T14:25:52.40Z,SJI_1400,0,0
2016-12-13,28396870,2016-12-13T14:26:02.17Z,FUV,0,0
2016-12-13,28396876,2016-12-13T14:26:21.12Z,FUV,0,0
2016-12-13,28396880,2016-12-13T14:26:39.95Z,SJI_1330,0,0
2016-12-13,28396882,2016-12-13T14:26:40.02Z,FUV,0,0
2016-12-13,28396883,2016-12-13T14:26:49.48Z,SJI_2796,0,0
2016-12-13,28396886,2016-12-13T14:26:59.08Z,SJI_2832,0,0
2016-12-13,28396888,2016-12-13T14:26:59.15Z,FUV,0,0
2016-12-13,28396889,2016-12-13T14:27:08.39Z,SJI_1400,0,0
2016-12-13,28396894,2016-12-13T14:27:18.09Z,FUV,0,0
2016-12-13,28396900,2016-12-13T14:27:37.15Z,FUV,0,0
2016-12-13,28396904,2016-12-13T14:27:56.03Z,SJI_1330,0,0
2016-12-13,28396906,2016-12-13T14:27:56.10Z,FUV,0,0
2016-12-13,28396907,2016-12-13T14:28:05.52Z,SJI_2796,0,0
2016-12-13,28396910,2016-12-13T14:28:15.11Z,SJI_2832,0,0
2016-12-13,28396912,2016-12-13T14:28:15.18Z,FUV,0,0
2016-12-13,28396913,2016-12-13T14:28:24.41Z,SJI_1400,0,0
2016-12-13,28396918,2016-12-13T14:28:34.16Z,FUV,0,0
2016-12-13,28396924,2016-12-13T14:28:53.18Z,FUV,0,0
2016-12-13,28396928,2016-12-13T14:29:12.02Z,SJI_1330,0,0
2016-12-13,28396930,2016-12-13T14:29:12.09Z,FUV,0,0
2016-12-13,28396931,2016-12-13T14:29:21.55Z,SJI_2796,0,0
2016-12-13,28396934,2016-12-13T14:29:31.14Z,SJI_2832,0,0
2016-12-13,28396936,2016-12-13T14:29:31.21Z,FUV,0,0
2016-12-13,28396937,2016-12-13T14:29:40.45Z,SJI_1400,0,0
2016-12-13,28396942,2016-12-13T14:29:50.17Z,FUV,0,0
2016-12-13,28396948,2016-12-13T14:30:09.21Z,FUV,0,0
2016-12-13,28396952,2016-12-13T14:30:28.15Z,SJI_1330,0,0
2016-12-13,28396954,2016-12-13T14:30:28.22Z,FUV,0,0
2016-12-13,28396955,2016-12-13T14:30:37.58Z,SJI_2796,0,0
2016-12-13,28396958,2016-12-13T14:30:47.17Z,SJI_2832,0,0
2016-12-13,28396960,2016-12-13T14:30:47.24Z,FUV,0,0
2016-12-13,28396961,2016-12-13T14:30:56.44Z,SJI_1400,0,0
2016-12-13,28396966,2016-12-13T14:31:06.12Z,FUV,0,0
2016-12-13,28396972,2016-12-13T14:31:25.24Z,FUV,0,0
2016-12-13,28396976,2016-12-13T14:31:44.09Z,SJI_1330,0,0
2016-12-13,28396978,2016-12-13T14:31:44.16Z,FUV,0,0
2016-12-13,28396979,2016-12-13T14:31:53.61Z,SJI_2796,0,0
2016-12-13,28396982,2016-12-13T14:32:03.20Z,SJI_2832,0,0
2016-12-13,28396984,2016-12-13T14:32:03.27Z,FUV,0,0
2016-12-13,28396985,2016-12-13T14:32:12.52Z,SJI_1400,0,0
2016-12-13,28396990,2016-12-13T14:32:22.24Z,FUV,0,0
2016-12-13,28396996,2016-12-13T14:32:41.27Z,FUV,0,0
2016-12-13,28397000,2016-12-13T14:33:00.16Z,SJI_1330,0,0
2016-12-13,28397002,2016-12-13T14:33:00.23Z,FUV,0,0
2016-12-13,28397003,2016-12-13T14:33:09.64Z,SJI_2796,0,0
2016-12-13,28397006,2016-12-13T14:33:19.23Z,SJI_2832,0,0
2016-12-13,28397008,2016-12-13T14:33:19.31Z,FUV,0,0
2016-12-13,28397009,2016-12-13T14:33:28.56Z,SJI_1400,0,0
2016-12-13,28397014,2016-12-13T14:33:38.31Z,FUV,0,0
2016-12-13,28397020,2016-12-13T14:33:57.31Z,FUV,0,0
2016-12-13,28397024,2016-12-13T14:34:16.14Z,SJI_1330,0,0
2016-12-13,28397026,2016-12-13T14:34:16.21Z,FUV,0,0
2016-12-13,28397027,2016-12-13T14:34:25.67Z,SJI_2796,0,0
2016-12-13,28397030,2016-12-13T14:34:35.27Z,SJI_2832,0,0
2016-12-13,28397032,2016-12-13T14:34:35.34Z,FUV,0,0
2016-12-13,28397033,2016-12-13T14:34:44.57Z,SJI_1400,0,0
2016-12-13,28397038,2016-12-13T14:34:54.26Z,FUV,0,0
2016-12-13,28397044,2016-12-13T14:35:13.34Z,FUV,0,0
2016-12-13,28397048,2016-12-13T14:35:32.21Z,SJI_1330,0,0
2016-12-13,28397050,2016-12-13T14:35:32.28Z,FUV,0,0
2016-12-13,28397051,2016-12-13T14:35:41.70Z,SJI_2796,0,0
2016-12-13,28397054,2016-12-13T14:35:51.30Z,SJI_2832,0,0
2016-12-13,28397056,2016-12-13T14:35:51.37Z,FUV,0,0
2016-12-13,28397057,2016-12-13T14:36:00.62Z,SJI_1400,0,0
2016-12-13,28397062,2016-12-13T14:36:10.31Z,FUV,0,0
2016-12-13,28397066,2016-12-13T14:36:29.30Z,SJI_2832,1,0
2016-12-13,28397068,2016-12-13T14:36:29.37Z,FUV,1,0
2016-12-13,28397069,2016-12-13T14:36:38.60Z,SJI_1400,1,0
2016-12-13,28397071,2016-12-13T14:36:38.67Z,FUV,1,0
2016-12-13,28397072,2016-12-13T14:36:48.25Z,SJI_1330,1,0
2016-12-13,28397074,2016-12-13T14:36:48.32Z,FUV,1,0
2016-12-13,28397075,2016-12-13T14:36:57.73Z,SJI_2796,1,0
2016-12-13,28397077,2016-12-13T14:36:57.81Z,FUV,1,0
2016-12-13,28397078,2016-12-13T14:37:07.33Z,SJI_2832,1,0
2016-12-13,28397080,2016-12-13T14:37:07.40Z,FUV,1,0
2016-12-13,28397081,2016-12-13T14:37:16.66Z,SJI_1400,1,0
2016-12-13,28397083,2016-12-13T14:37:16.73Z,FUV,1,0
2016-12-13,28397084,2016-12-13T14:37:26.34Z,SJI_1330,1,0
2016-12-13,28397086,2016-12-13T14:37:26.41Z,FUV,1,0
2016-12-13,28397087,2016-12-13T14:37:35.77Z,SJI_2796,1,0
2016-12-13,28397089,2016-12-13T14:37:35.84Z,FUV,1,0
2016-12-13,28397090,2016-12-13T14:37:45.33Z,SJI_2832,1,0
2016-12-13,28397092,2016-12-13T14:37:45.40Z,FUV,1,0
2016-12-13,28397093,2016-12-13T14:37:54.60Z,SJI_1400,1,0
2016-12-13,28397095,2016-12-13T14:37:54.67Z,FUV,1,0
2016-12-13,28397096,2016-12-13T14:38:04.23Z,SJI_1330,1,0
2016-12-13,28397098,2016-12-13T14:38:04.30Z,FUV,1,0
2016-12-13,28397099,2016-12-13T14:38:13.77Z,SJI_2796,1,0
2016-12-13,28397101,2016-12-13T14:38:13.84Z,FUV,1,0
2016-12-13,28397102,2016-12-13T14:38:23.36Z,SJI_2832,1,0
2016-12-13,28397104,2016-12-13T14:38:23.43Z,FUV,1,0
2016-12-13,28397105,2016-12-13T14:38:32.66Z,SJI_1400,1,0
2016-12-13,28397107,2016-12-13T14:38:32.73Z,FUV,1,0
2016-12-13,28397108,2016-12-13T14:38:42.28Z,SJI_1330,1,0
2016-12-13,28397110,2016-12-13T14:38:42.35Z,FUV,1,0
2016-12-13,28397111,2016-12-13T14:38:51.80Z,SJI_2796,1,0
2016-12-13,28397113,2016-12-13T14:38:51.87Z,FUV,1,0
2016-12-13,28397114,2016-12-13T14:39:01.36Z,SJI_2832,1,0
2016-12-13,28397116,2016-12-13T14:39:01.43Z,FUV,1,0
2016-12-13,28397117,2016-12-13T14:39:10.69Z,SJI_1400,1,0
2016-12-13,28397119,2016-12-13T14:39:10.77Z,FUV,1,0
2016-12-13,28397120,2016-12-13T14:39:20.34Z,SJI_1330,1,0
2016-12-13,28397122,2016-12-13T14:39:20.41Z,FUV,1,0
2016-12-13,28397123,2016-12-13T14:39:29.83Z,SJI_2796,1,0
2016-12-13,28397125,2016-12-13T14:39:29.90Z,FUV,1,0
2016-12-13,28397126,2016-12-13T14:39:39.39Z,SJI_2832,1,0
2016-12-13,28397128,2016-12-13T14:39:39.46Z,FUV,1,0
2016-12-13,28397129,2016-12-13T14:39:48.72Z,SJI_1400,1,0
2016-12-13,28397131,2016-12-13T14:39:48.79Z,FUV,1,0
2016-12-13,28397132,2016-12-13T14:39:58.36Z,SJI_1330,1,0
2016-12-13,28397134,2016-12-13T14:39:58.43Z,FUV,1,0
2016-12-13,28397135,2016-12-13T14:40:07.83Z,SJI_2796,1,0
2016-12-13,28397137,2016-12-13T14:40:07.90Z,FUV,1,0
2016-12-13,28397138,2016-12-13T14:40:17.39Z,SJI_2832,1,0
2016-12-13,28397140,2016-12-13T14:40:17.46Z,FUV,1,0
2016-12-13,28397141,2016-12-13T14:40:26.71Z,SJI_1400,1,0
2016-12-13,28397143,2016-12-13T14:40:26.78Z,FUV,1,0
2016-12-13,28397144,2016-12-13T14:40:36.36Z,SJI_1330,1,0
2016-12-13,28397146,2016-12-13T14:40:36.43Z,FUV,1,0
2016-12-13,28397147,2016-12-13T14:40:45.86Z,SJI_2796,1,0
2016-12-13,28397149,2016-12-13T14:40:45.93Z,FUV,1,0
2016-12-13,28397150,2016-12-13T14:40:55.42Z,SJI_2832,1,0
2016-12-13,28397152,2016-12-13T14:40:55.49Z,FUV,1,0
2016-12-13,28397153,2016-12-13T14:41:04.72Z,SJI_1400,1,0
2016-12-13,28397155,2016-12-13T14:41:04.79Z,FUV,1,0
2016-12-13,28397156,2016-12-13T14:41:14.36Z,SJI_1330,1,0
2016-12-13,28397158,2016-12-13T14:41:14.43Z,FUV,1,0
2016-12-13,28397159,2016-12-13T14:41:23.86Z,SJI_2796,1,0
2016-12-13,28397161,2016-12-13T14:41:23.93Z,FUV,1,0
2016-12-13,28397162,2016-12-13T14:41:33.42Z,SJI_2832,1,0
2016-12-13,28397164,2016-12-13T14:41:33.49Z,FUV,1,0
2016-12-13,28397165,2016-12-13T14:41:42.74Z,SJI_1400,1,0
2016-12-13,28397167,2016-12-13T14:41:42.81Z,FUV,1,0
2016-12-13,28397168,2016-12-13T14:41:52.39Z,SJI_1330,1,0
2016-12-13,28397170,2016-12-13T14:41:52.46Z,FUV,1,0
2016-12-13,28397171,2016-12-13T14:42:01.89Z,SJI_2796,1,0
2016-12-13,28397173,2016-12-13T14:42:01.96Z,FUV,1,0
2016-12-13,28397174,2016-12-13T14:42:11.45Z,SJI_2832,1,0
2016-12-13,28397176,2016-12-13T14:42:11.52Z,FUV,1,0
2016-12-13,28397177,2016-12-13T14:42:20.78Z,SJI_1400,1,0
2016-12-13,28397179,2016-12-13T14:42:20.85Z,FUV,1,0
2016-12-13,28397182,2016-12-13T14:42:30.49Z,FUV,0,0
2016-12-13,28397188,2016-12-13T14:42:49.52Z,FUV,0,0
2016-12-13,28397192,2016-12-13T14:43:08.46Z,SJI_1330,0,0
2016-12-13,28397194,2016-12-13T14:43:08.53Z,FUV,0,0
2016-12-13,28397195,2016-12-13T14:43:17.92Z,SJI_2796,0,0
2016-12-13,28397198,2016-12-13T14:43:27.48Z,SJI_2832,0,0
2016-12-13,28397200,2016-12-13T14:43:27.56Z,FUV,0,0
2016-12-13,28397201,2016-12-13T14:43:36.76Z,SJI_1400,0,0
2016-12-13,28397206,2016-12-13T14:43:46.44Z,FUV,0,0
2016-12-13,28397212,2016-12-13T14:44:05.56Z,FUV,0,0
2016-12-13,28397216,2016-12-13T14:44:24.41Z,SJI_1330,0,0
2016-12-13,28397218,2016-12-13T14:44:24.48Z,FUV,0,0
2016-12-13,28397219,2016-12-13T14:44:33.95Z,SJI_2796,0,0
2016-12-13,28397222,2016-12-13T14:44:43.52Z,SJI_2832,0,0
2016-12-13,28397224,2016-12-13T14:44:43.59Z,FUV,0,0
2016-12-13,28397225,2016-12-13T14:44:52.82Z,SJI_1400,0,0
2016-12-13,28397230,2016-12-13T14:45:02.54Z,FUV,0,0
2016-12-13,28397236,2016-12-13T14:45:21.59Z,FUV,0,0
2016-12-13,28397240,2016-12-13T14:45:40.50Z,SJI_1330,0,0
2016-12-13,28397242,2016-12-13T14:45:40.57Z,FUV,0,0
2016-12-13,28397243,2016-12-13T14:45:49.98Z,SJI_2796,0,0
2016-12-13,28397246,2016-12-13T14:45:59.55Z,SJI_2832,0,0
2016-12-13,28397248,2016-12-13T14:45:59.62Z,FUV,0,0
2016-12-13,28397249,2016-12-13T14:46:08.87Z,SJI_1400,0,0
2016-12-13,28397254,2016-12-13T14:46:18.58Z,FUV,0,0
2016-12-13,28397260,2016-12-13T14:46:37.62Z,FUV,0,0
2016-12-13,28397264,2016-12-13T14:46:56.52Z,SJI_1330,0,0
2016-12-13,28397266,2016-12-13T14:46:56.59Z,FUV,0,0
2016-12-13,28397267,2016-12-13T14:47:06.02Z,SJI_2796,0,0
2016-12-13,28397270,2016-12-13T14:47:15.58Z,SJI_2832,0,0
2016-12-13,28397272,2016-12-13T14:47:15.65Z,FUV,0,0
2016-12-13,28397273,2016-12-13T14:47:24.90Z,SJI_1400,0,0
2016-12-13,28397278,2016-12-13T14:47:34.62Z,FUV,0,0
2016-12-13,28397284,2016-12-13T14:47:53.65Z,FUV,0,0
2016-12-13,28397288,2016-12-13T14:48:12.57Z,SJI_1330,0,0
2016-12-13,28397290,2016-12-13T14:48:12.64Z,FUV,0,0
2016-12-13,28397291,2016-12-13T14:48:22.05Z,SJI_2796,0,0
2016-12-13,28397294,2016-12-13T14:48:31.61Z,SJI_2832,0,0
2016-12-13,28397296,2016-12-13T14:48:31.68Z,FUV,0,0
2016-12-13,28397297,2016-12-13T14:48:40.88Z,SJI_1400,0,0
2016-12-13,28397302,2016-12-13T14:48:50.56Z,FUV,0,0
2016-12-13,28397308,2016-12-13T14:49:09.68Z,FUV,0,0
2016-12-13,28397312,2016-12-13T14:49:28.57Z,SJI_1330,0,0
2016-12-13,28397314,2016-12-13T14:49:28.64Z,FUV,0,0
2016-12-13,28397315,2016-12-13T14:49:38.08Z,SJI_2796,0,0
2016-12-13,28397318,2016-12-13T14:49:47.64Z,SJI_2832,0,0
2016-12-13,28397320,2016-12-13T14:49:47.71Z,FUV,0,0
2016-12-13,28397321,2016-12-13T14:49:56.99Z,SJI_1400,0,0
2016-12-13,28397326,2016-12-13T14:50:06.74Z,FUV,0,0
2016-12-13,28397332,2016-12-13T14:50:25.71Z,FUV,0,0
2016-12-13,28397336,2016-12-13T14:50:44.55Z,SJI_1330,0,0
2016-12-13,28397338,2016-12-13T14:50:44.62Z,FUV,0,0
2016-12-13,28397339,2016-12-13T14:50:54.11Z,SJI_2796,0,0
2016-12-13,28397342,2016-12-13T14:51:03.67Z,SJI_2832,0,0
2016-12-13,28397344,2016-12-13T14:51:03.74Z,FUV,0,0
2016-12-13,28397345,2016-12-13T14:51:12.95Z,SJI_1400,0,0
2016-12-13,28397350,2016-12-13T14:51:22.65Z,FUV,0,0
2016-12-13,28397356,2016-12-13T14:51:41.74Z,FUV,0,0
2016-12-13,28397360,2016-12-13T14:52:00.65Z,SJI_1330,0,0
2016-12-13,28397362,2016-12-13T14:52:00.72Z,FUV,0,0
2016-12-13,28397363,2016-12-13T14:52:10.14Z,SJI_2796,0,0
2016-12-13,28397366,2016-12-13T14:52:19.70Z,SJI_2832,0,0
2016-12-13,28397368,2016-12-13T14:52:19.77Z,FUV,0,0
2016-12-13,28397369,2016-12-13T14:52:29.02Z,SJI_1400,0,0
2016-12-13,28397374,2016-12-13T14:52:38.73Z,FUV,0,0
2016-12-13,28397380,2016-12-13T14:52:57.77Z,FUV,0,0
2016-12-13,28397384,2016-12-13T14:53:16.61Z,SJI_1330,0,0
2016-12-13,28397386,2016-12-13T14:53:16.68Z,FUV,0,0
2016-12-13,28397390,2016-12-13T14:53:35.73Z,SJI_2832,0,0
2016-12-13,28397392,2016-12-13T14:53:35.81Z,FUV,0,0
2016-12-13,28397393,2016-12-13T14:53:45.02Z,SJI_1400,0,0
2016-12-13,28397398,2016-12-13T14:53:54.69Z,FUV,0,0
2016-12-13,28397399,2016-12-13T14:54:04.17Z,SJI_2796,0,0
2016-12-13,28397404,2016-12-13T14:54:13.81Z,FUV,0,0
2016-12-13,28397408,2016-12-13T14:54:32.71Z,SJI_1330,0,0
2016-12-13,28397410,2016-12-13T14:54:32.78Z,FUV,0,0
2016-12-13,28397414,2016-12-13T14:54:51.77Z,SJI_2832,0,0
2016-12-13,28397416,2016-12-13T14:54:51.84Z,FUV,0,0
2016-12-13,28397417,2016-12-13T14:55:01.12Z,SJI_1400,0,0
2016-12-13,28397422,2016-12-13T14:55:10.84Z,FUV,0,0
2016-12-13,28397423,2016-12-13T14:55:20.20Z,SJI_2796,0,0
2016-12-13,28397428,2016-12-13T14:55:29.87Z,FUV,0,0
2016-12-13,28397432,2016-12-13T14:55:48.68Z,SJI_1330,0,0
2016-12-13,28397434,2016-12-13T14:55:48.75Z,FUV,0,0
2016-12-13,28397438,2016-12-13T14:56:07.80Z,SJI_2832,0,0
2016-12-13,28397440,2016-12-13T14:56:07.87Z,FUV,0,0
2016-12-13,28397441,2016-12-13T14:56:17.09Z,SJI_1400,0,0
2016-12-13,28397446,2016-12-13T14:56:26.81Z,FUV,0,0
2016-12-13,28397447,2016-12-13T14:56:36.23Z,SJI_2796,0,0
2016-12-13,28397452,2016-12-13T14:56:45.90Z,FUV,0,0
2016-12-13,28397456,2016-12-13T14:57:04.80Z,SJI_1330,0,0
2016-12-13,28397458,2016-12-13T14:57:04.87Z,FUV,0,0
2016-12-13,28397462,2016-12-13T14:57:23.83Z,SJI_2832,0,0
2016-12-13,28397464,2016-12-13T14:57:23.90Z,FUV,0,0
2016-12-13,28397465,2016-12-13T14:57:33.10Z,SJI_1400,0,0
2016-12-13,28397470,2016-12-13T14:57:42.81Z,FUV,0,0
2016-12-13,28397471,2016-12-13T14:57:52.27Z,SJI_2796,0,0
2016-12-13,28397476,2016-12-13T14:58:01.93Z,FUV,0,0
2016-12-13,28397480,2016-12-13T14:58:20.79Z,SJI_1330,0,0
2016-12-13,28397482,2016-12-13T14:58:20.86Z,FUV,0,0
2016-12-13,28397486,2016-12-13T14:58:39.86Z,SJI_2832,0,0
2016-12-13,28397488,2016-12-13T14:58:39.93Z,FUV,0,0
2016-12-13,28397489,2016-12-13T14:58:49.17Z,SJI_1400,0,0
2016-12-13,28397494,2016-12-13T14:58:58.89Z,FUV,0,0
2016-12-13,28397495,2016-12-13T14:59:08.30Z,SJI_2796,0,0
2016-12-13,28397500,2016-12-13T14:59:17.96Z,FUV,0,0
2016-12-13,28397504,2016-12-13T14:59:36.86Z,SJI_1330,0,0
2016-12-13,28397506,2016-12-13T14:59:36.93Z,FUV,0,0
2016-12-13,28397510,2016-12-13T14:59:55.89Z,SJI_2832,0,0
2016-12-13,28397512,2016-12-13T14:59:55.96Z,FUV,0,0
2016-12-13,28397513,2016-12-13T15:00:05.16Z,SJI_1400,0,0
2016-12-13,28397518,2016-12-13T15:00:14.87Z,FUV,0,0
2016-12-13,28397519,2016-12-13T15:00:24.33Z,SJI_2796,0,0
2016-12-13,28397524,2016-12-13T15:00:33.99Z,FUV,0,0
2016-12-13,28397528,2016-12-13T15:00:52.85Z,SJI_1330,0,0
2016-12-13,28397530,2016-12-13T15:00:52.92Z,FUV,0,0
2016-12-13,28397534,2016-12-13T15:01:11.92Z,SJI_2832,0,0
2016-12-13,28397536,2016-12-13T15:01:11.99Z,FUV,0,0
2016-12-13,28397537,2016-12-13T15:01:21.28Z,SJI_1400,0,0
2016-12-13,28397542,2016-12-13T15:01:31.00Z,FUV,0,0
2016-12-13,28397543,2016-12-13T15:01:40.36Z,SJI_2796,0,0
2016-12-13,28397548,2016-12-13T15:01:50.02Z,FUV,0,0
2016-12-13,28397552,2016-12-13T15:02:08.83Z,SJI_1330,0,0
2016-12-13,28397554,2016-12-13T15:02:08.91Z,FUV,0,0
2016-12-13,28397558,2016-12-13T15:02:27.95Z,SJI_2832,0,0
2016-12-13,28397560,2016-12-13T15:02:28.02Z,FUV,0,0
2016-12-13,28397561,2016-12-13T15:02:37.25Z,SJI_1400,0,0
2016-12-13,28397566,2016-12-13T15:02:46.97Z,FUV,0,0
2016-12-13,28397567,2016-12-13T15:02:56.39Z,SJI_2796,0,0
2016-12-13,28397572,2016-12-13T15:03:06.06Z,FUV,0,0
2016-12-13,28397576,2016-12-13T15:03:24.99Z,SJI_1330,0,0
2016-12-13,28397578,2016-12-13T15:03:25.06Z,FUV,0,0
2016-12-13,28397582,2016-12-13T15:03:43.98Z,SJI_2832,0,0
2016-12-13,28397584,2016-12-13T15:03:44.06Z,FUV,0,0
2016-12-13,28397585,2016-12-13T15:03:53.25Z,SJI_1400,0,0
2016-12-13,28397590,2016-12-13T15:04:02.96Z,FUV,0,0
2016-12-13,28397591,2016-12-13T15:04:12.42Z,SJI_2796,0,0
2016-12-13,28397596,2016-12-13T15:04:22.09Z,FUV,0,0
2016-12-13,28397600,2016-12-13T15:04:40.93Z,SJI_1330,0,0
2016-12-13,28397602,2016-12-13T15:04:41.00Z,FUV,0,0
2016-12-13,28397606,2016-12-13T15:05:00.02Z,SJI_2832,0,0
2016-12-13,28397608,2016-12-13T15:05:00.09Z,FUV,0,0
2016-12-13,28397609,2016-12-13T15:05:09.32Z,SJI_1400,0,0
2016-12-13,28397614,2016-12-13T15:05:19.03Z,FUV,0,0
2016-12-13,28397615,2016-12-13T15:05:28.45Z,SJI_2796,0,0
2016-12-13,28397620,2016-12-13T15:05:38.12Z,FUV,0,0
2016-12-13,28397624,2016-12-13T15:05:57.02Z,SJI_1330,0,0
2016-12-13,28397626,2016-12-13T15:05:57.09Z,FUV,0,0
2016-12-13,28397630,2016-12-13T15:06:16.05Z,SJI_2832,0,0
2016-12-13,28397632,2016-12-13T15:06:16.12Z,FUV,0,0
2016-12-13,28397633,2016-12-13T15:06:25.40Z,SJI_1400,0,0
2016-12-13,28397638,2016-12-13T15:06:35.12Z,FUV,0,0
2016-12-13,28397639,2016-12-13T15:06:44.48Z,SJI_2796,0,0
2016-12-13,28397644,2016-12-13T15:06:54.15Z,FUV,0,0
2016-12-13,28397648,2016-12-13T15:07:12.96Z,SJI_1330,0,0
2016-12-13,28397650,2016-12-13T15:07:13.03Z,FUV,0,0
2016-12-13,28397654,2016-12-13T15:07:32.08Z,SJI_2832,0,0
2016-12-13,28397656,2016-12-13T15:07:32.15Z,FUV,0,0
2016-12-13,28397657,2016-12-13T15:07:41.37Z,SJI_1400,0,0
2016-12-13,28397662,2016-12-13T15:07:51.09Z,FUV,0,0
2016-12-13,28397663,2016-12-13T15:08:00.52Z,SJI_2796,0,0
2016-12-13,28397668,2016-12-13T15:08:10.18Z,FUV,0,0
2016-12-13,28397672,2016-12-13T15:08:29.12Z,SJI_1330,0,0
2016-12-13,28397674,2016-12-13T15:08:29.19Z,FUV,0,0
2016-12-13,28397678,2016-12-13T15:08:48.11Z,SJI_2832,0,0
2016-12-13,28397680,2016-12-13T15:08:48.18Z,FUV,0,0
2016-12-13,28397681,2016-12-13T15:08:57.39Z,SJI_1400,0,0
2016-12-13,28397686,2016-12-13T15:09:07.09Z,FUV,0,0
2016-12-13,28397687,2016-12-13T15:09:16.55Z,SJI_2796,0,0
2016-12-13,28397692,2016-12-13T15:09:26.21Z,FUV,0,0
2016-12-13,28397696,2016-12-13T15:09:45.09Z,SJI_1330,0,0
2016-12-13,28397698,2016-12-13T15:09:45.16Z,FUV,0,0
2016-12-13,28397702,2016-12-13T15:10:04.14Z,SJI_2832,0,0
2016-12-13,28397704,2016-12-13T15:10:04.21Z,FUV,0,0
2016-12-13,28397705,2016-12-13T15:10:13.44Z,SJI_1400,0,0
2016-12-13,28397710,2016-12-13T15:10:23.17Z,FUV,0,0
2016-12-13,28397711,2016-12-13T15:10:32.61Z,SJI_2796,0,0
2016-12-13,28397716,2016-12-13T15:10:42.24Z,FUV,0,0
2016-12-13,28397720,2016-12-13T15:11:01.13Z,SJI_1330,0,0
2016-12-13,28397722,2016-12-13T15:11:01.20Z,FUV,0,0
2016-12-13,28397726,2016-12-13T15:11:20.17Z,SJI_2832,0,0
2016-12-13,28397728,2016-12-13T15:11:20.24Z,FUV,0,0
2016-12-13,28397729,2016-12-13T15:11:29.49Z,SJI_1400,0,0
2016-12-13,28397734,2016-12-13T15:11:39.25Z,FUV,0,0
2016-12-13,28397735,2016-12-13T15:11:48.64Z,SJI_2796,0,0
2016-12-13,28397740,2016-12-13T15:11:58.27Z,FUV,0,0
2016-12-13,28397744,2016-12-13T15:12:17.08Z,SJI_1330,0,0
2016-12-13,28397746,2016-12-13T15:12:17.16Z,FUV,0,0
2016-12-13,28397750,2016-12-13T15:12:36.20Z,SJI_2832,0,0
2016-12-13,28397752,2016-12-13T15:12:36.27Z,FUV,0,0
2016-12-13,28397753,2016-12-13T15:12:45.49Z,SJI_1400,0,0
2016-12-13,28397758,2016-12-13T15:12:55.18Z,FUV,0,0
2016-12-13,28397759,2016-12-13T15:13:04.67Z,SJI_2796,0,0
2016-12-13,28397764,2016-12-13T15:13:14.31Z,FUV,0,0
2016-12-13,28397768,2016-12-13T15:13:33.18Z,SJI_1330,0,0
2016-12-13,28397770,2016-12-13T15:13:33.25Z,FUV,0,0
2016-12-13,28397774,2016-12-13T15:13:52.23Z,SJI_2832,0,0
2016-12-13,28397776,2016-12-13T15:13:52.31Z,FUV,0,0
2016-12-13,28397777,2016-12-13T15:14:01.54Z,SJI_1400,0,0
2016-12-13,28397782,2016-12-13T15:14:11.27Z,FUV,0,0
2016-12-13,28397783,2016-12-13T15:14:20.70Z,SJI_2796,0,0
2016-12-13,28397788,2016-12-13T15:14:30.34Z,FUV,0,0
2016-12-13,28397792,2016-12-13T15:14:49.21Z,SJI_1330,0,0
2016-12-13,28397794,2016-12-13T15:14:49.28Z,FUV,0,0
2016-12-13,28397798,2016-12-13T15:15:08.27Z,SJI_2832,0,0
2016-12-13,28397800,2016-12-13T15:15:08.34Z,FUV,0,0
2016-12-13,28397801,2016-12-13T15:15:17.59Z,SJI_1400,0,0
2016-12-13,28397806,2016-12-13T15:15:27.34Z,FUV,0,0
2016-12-13,28397807,2016-12-13T15:15:36.73Z,SJI_2796,0,0
2016-12-13,28397812,2016-12-13T15:15:46.37Z,FUV,0,0
2016-12-13,28397816,2016-12-13T15:16:05.17Z,SJI_1330,0,0
2016-12-13,28397818,2016-12-13T15:16:05.24Z,FUV,0,0
2016-12-13,28397822,2016-12-13T15:16:24.30Z,SJI_2832,0,0
2016-12-13,28397824,2016-12-13T15:16:24.37Z,FUV,0,0
2016-12-13,28397825,2016-12-13T15:16:33.57Z,SJI_1400,0,0
2016-12-13,28397830,2016-12-13T15:16:43.28Z,FUV,0,0
2016-12-13,28397831,2016-12-13T15:16:52.77Z,SJI_2796,0,0
2016-12-13,28397836,2016-12-13T15:17:02.40Z,FUV,0,0
2016-12-13,28397840,2016-12-13T15:17:21.30Z,SJI_1330,0,0
2016-12-13,28397842,2016-12-13T15:17:21.37Z,FUV,0,0
2016-12-13,28397846,2016-12-13T15:17:40.33Z,SJI_2832,0,0
2016-12-13,28397848,2016-12-13T15:17:40.40Z,FUV,0,0
2016-12-13,28397849,2016-12-13T15:17:49.63Z,SJI_1400,0,0
2016-12-13,28397854,2016-12-13T15:17:59.35Z,FUV,0,0
2016-12-13,28397855,2016-12-13T15:18:08.80Z,SJI_2796,0,0
2016-12-13,28397860,2016-12-13T15:18:18.43Z,FUV,0,0
2016-12-13,28397864,2016-12-13T15:18:37.36Z,SJI_1330,0,0
2016-12-13,28397866,2016-12-13T15:18:37.43Z,FUV,0,0
2016-12-13,28397870,2016-12-13T15:18:56.36Z,SJI_2832,0,0
2016-12-13,28397872,2016-12-13T15:18:56.43Z,FUV,0,0
2016-12-13,28397873,2016-12-13T15:19:05.64Z,SJI_1400,0,0
2016-12-13,28397878,2016-12-13T15:19:15.34Z,FUV,0,0
2016-12-13,28397879,2016-12-13T15:19:24.80Z,SJI_2796,0,0
2016-12-13,28397884,2016-12-13T15:19:34.46Z,FUV,0,0
2016-12-13,28397888,2016-12-13T15:19:53.34Z,SJI_1330,0,0
2016-12-13,28397890,2016-12-13T15:19:53.41Z,FUV,0,0
2016-12-13,28397894,2016-12-13T15:20:12.39Z,SJI_2832,0,0
2016-12-13,28397896,2016-12-13T15:20:12.46Z,FUV,0,0
2016-12-13,28397897,2016-12-13T15:20:21.74Z,SJI_1400,0,0
2016-12-13,28397902,2016-12-13T15:20:31.45Z,FUV,0,0
2016-12-13,28397903,2016-12-13T15:20:40.86Z,SJI_2796,0,0
2016-12-13,28397908,2016-12-13T15:20:50.49Z,FUV,0,0
2016-12-13,28397912,2016-12-13T15:21:09.39Z,SJI_1330,0,0
2016-12-13,28397914,2016-12-13T15:21:09.46Z,FUV,0,0
2016-12-13,28397918,2016-12-13T15:21:28.42Z,SJI_2832,0,0
2016-12-13,28397920,2016-12-13T15:21:28.49Z,FUV,0,0
2016-12-13,28397921,2016-12-13T15:21:37.72Z,SJI_1400,0,0
2016-12-13,28397926,2016-12-13T15:21:47.43Z,FUV,0,0
2016-12-13,28397927,2016-12-13T15:21:56.89Z,SJI_2796,0,0
2016-12-13,28397932,2016-12-13T15:22:06.52Z,FUV,0,0
2016-12-13,28397936,2016-12-13T15:22:25.45Z,SJI_1330,0,0
2016-12-13,28397938,2016-12-13T15:22:25.52Z,FUV,0,0
2016-12-13,28397942,2016-12-13T15:22:44.45Z,SJI_2832,0,0
2016-12-13,28397944,2016-12-13T15:22:44.52Z,FUV,0,0
2016-12-13,28397945,2016-12-13T15:22:53.73Z,SJI_1400,0,0
2016-12-13,28397950,2016-12-13T15:23:03.43Z,FUV,0,0
2016-12-13,28397951,2016-12-13T15:23:12.92Z,SJI_2796,0,0
2016-12-13,28397956,2016-12-13T15:23:22.56Z,FUV,0,0
2016-12-13,28397960,2016-12-13T15:23:41.39Z,SJI_1330,0,0
2016-12-13,28397962,2016-12-13T15:23:41.46Z,FUV,0,0
2016-12-13,28397966,2016-12-13T15:24:00.52Z,SJI_2832,0,0
2016-12-13,28397968,2016-12-13T15:24:00.59Z,FUV,0,0
2016-12-13,28397969,2016-12-13T15:24:09.83Z,SJI_1400,0,0
2016-12-13,28397974,2016-12-13T15:24:19.56Z,FUV,0,0
2016-12-13,28397975,2016-12-13T15:24:28.95Z,SJI_2796,0,0
2016-12-13,28397980,2016-12-13T15:24:38.59Z,FUV,0,0
2016-12-13,28397984,2016-12-13T16:01:35.92Z,SJI_1330,0,0
2016-12-13,28397986,2016-12-13T16:01:35.99Z,FUV,0,0
2016-12-13,28397990,2016-12-13T16:01:55.05Z,SJI_2832,0,0
2016-12-13,28397992,2016-12-13T16:01:55.12Z,FUV,0,0
2016-12-13,28397993,2016-12-13T16:02:04.33Z,SJI_1400,0,0
2016-12-13,28397998,2016-12-13T16:02:14.02Z,FUV,0,0
2016-12-13,28397999,2016-12-13T16:02:23.52Z,SJI_2796,0,0
2016-12-13,28398004,2016-12-13T16:02:33.15Z,FUV,0,0
2016-12-13,28398008,2016-12-13T16:02:51.98Z,SJI_1330,0,0
2016-12-13,28398010,2016-12-13T16:02:52.06Z,FUV,0,0
2016-12-13,28398014,2016-12-13T16:03:11.08Z,SJI_2832,0,0
2016-12-13,28398016,2016-12-13T16:03:11.15Z,FUV,0,0
2016-12-13,28398017,2016-12-13T16:03:20.38Z,SJI_1400,0,0
2016-12-13,28398022,2016-12-13T16:03:30.10Z,FUV,0,0
2016-12-13,28398023,2016-12-13T16:03:39.55Z,SJI_2796,0,0
2016-12-13,28398028,2016-12-13T16:03:49.18Z,FUV,0,0
2016-12-13,28398032,2016-12-13T16:04:08.07Z,SJI_1330,0,0
2016-12-13,28398034,2016-12-13T16:04:08.14Z,FUV,0,0
2016-12-13,28398038,2016-12-13T16:04:27.11Z,SJI_2832,0,0
2016-12-13,28398040,2016-12-13T16:04:27.18Z,FUV,0,0
2016-12-13,28398041,2016-12-13T16:04:36.44Z,SJI_1400,0,0
2016-12-13,28398046,2016-12-13T16:04:46.17Z,FUV,0,0
2016-12-13,28398047,2016-12-13T16:04:55.55Z,SJI_2796,0,0
2016-12-13,28398052,2016-12-13T16:05:05.21Z,FUV,0,0
2016-12-13,28398056,2016-12-13T16:05:24.02Z,SJI_1330,0,0
2016-12-13,28398058,2016-12-13T16:05:24.09Z,FUV,0,0
2016-12-13,28398062,2016-12-13T16:05:43.14Z,SJI_2832,0,0
2016-12-13,28398064,2016-12-13T16:05:43.21Z,FUV,0,0
2016-12-13,28398065,2016-12-13T16:05:52.42Z,SJI_1400,0,0
2016-12-13,28398070,2016-12-13T16:06:02.12Z,FUV,0,0
2016-12-13,28398071,2016-12-13T16:06:11.61Z,SJI_2796,0,0
2016-12-13,28398076,2016-12-13T16:06:21.24Z,FUV,0,0
2016-12-13,28398080,2016-12-13T16:06:40.18Z,SJI_1330,0,0
2016-12-13,28398082,2016-12-13T16:06:40.25Z,FUV,0,0
2016-12-13,28398086,2016-12-13T16:06:59.17Z,SJI_2832,0,0
2016-12-13,28398088,2016-12-13T16:06:59.24Z,FUV,0,0
2016-12-13,28398089,2016-12-13T16:07:08.44Z,SJI_1400,0,0
2016-12-13,28398094,2016-12-13T16:07:18.15Z,FUV,0,0
2016-12-13,28398095,2016-12-13T16:07:27.61Z,SJI_2796,0,0
2016-12-13,28398100,2016-12-13T16:07:37.27Z,FUV,0,0
2016-12-13,28398104,2016-12-13T16:07:56.16Z,SJI_1330,0,0
2016-12-13,28398106,2016-12-13T16:07:56.23Z,FUV,0,0
2016-12-13,28398110,2016-12-13T16:08:15.20Z,SJI_2832,0,0
2016-12-13,28398112,2016-12-13T16:08:15.28Z,FUV,0,0
2016-12-13,28398113,2016-12-13T16:08:24.51Z,SJI_1400,0,0
2016-12-13,28398118,2016-12-13T16:08:34.22Z,FUV,0,0
2016-12-13,28398119,2016-12-13T16:08:43.67Z,SJI_2796,0,0
2016-12-13,28398124,2016-12-13T16:08:53.31Z,FUV,0,0
2016-12-13,28398128,2016-12-13T16:09:12.27Z,SJI_1330,0,0
2016-12-13,28398130,2016-12-13T16:09:12.34Z,FUV,0,0
2016-12-13,28398134,2016-12-13T16:09:31.27Z,SJI_2832,0,0
2016-12-13,28398136,2016-12-13T16:09:31.34Z,FUV,0,0
2016-12-13,28398137,2016-12-13T16:09:40.55Z,SJI_1400,0,0
2016-12-13,28398142,2016-12-13T16:09:50.23Z,FUV,0,0
2016-12-13,28398143,2016-12-13T16:09:59.70Z,SJI_2796,0,0
2016-12-13,28398148,2016-12-13T16:10:09.34Z,FUV,0,0
2016-12-13,28398152,2016-12-13T16:10:28.22Z,SJI_1330,0,0
2016-12-13,28398154,2016-12-13T16:10:28.29Z,FUV,0,0
2016-12-13,28398158,2016-12-13T16:10:47.27Z,SJI_2832,0,0
2016-12-13,28398160,2016-12-13T16:10:47.34Z,FUV,0,0
2016-12-13,28398161,2016-12-13T16:10:56.62Z,SJI_1400,0,0
2016-12-13,28398166,2016-12-13T16:11:06.33Z,FUV,0,0
2016-12-13,28398167,2016-12-13T16:11:15.73Z,SJI_2796,0,0
2016-12-13,28398170,2016-12-13T16:11:25.30Z,SJI_2832,1,0
2016-12-13,28398172,2016-12-13T16:11:25.37Z,FUV,1,0
2016-12-13,28398173,2016-12-13T16:11:34.58Z,SJI_1400,1,0
2016-12-13,28398175,2016-12-13T16:11:34.65Z,FUV,1,0
2016-12-13,28398176,2016-12-13T16:11:44.18Z,SJI_1330,1,0
2016-12-13,28398178,2016-12-13T16:11:44.25Z,FUV,1,0
2016-12-13,28398179,2016-12-13T16:11:53.73Z,SJI_2796,1,0
2016-12-13,28398181,2016-12-13T16:11:53.81Z,FUV,1,0
2016-12-13,28398182,2016-12-13T16:12:03.30Z,SJI_2832,1,0
2016-12-13,28398184,2016-12-13T16:12:03.37Z,FUV,1,0
2016-12-13,28398185,2016-12-13T16:12:12.57Z,SJI_1400,1,0
2016-12-13,28398187,2016-12-13T16:12:12.64Z,FUV,1,0
2016-12-13,28398188,2016-12-13T16:12:22.20Z,SJI_1330,1,0
2016-12-13,28398190,2016-12-13T16:12:22.27Z,FUV,1,0
2016-12-13,28398191,2016-12-13T16:12:31.77Z,SJI_2796,1,0
2016-12-13,28398193,2016-12-13T16:12:31.84Z,FUV,1,0
2016-12-13,28398194,2016-12-13T16:12:41.33Z,SJI_2832,1,0
2016-12-13,28398196,2016-12-13T16:12:41.40Z,FUV,1,0
2016-12-13,28398197,2016-12-13T16:12:50.67Z,SJI_1400,1,0
2016-12-13,28398199,2016-12-13T16:12:50.74Z,FUV,1,0
2016-12-13,28398200,2016-12-13T16:13:00.33Z,SJI_1330,1,0
2016-12-13,28398202,2016-12-13T16:13:00.41Z,FUV,1,0
2016-12-13,28398203,2016-12-13T16:13:09.77Z,SJI_2796,1,0
2016-12-13,28398205,2016-12-13T16:13:09.84Z,FUV,1,0
2016-12-13,28398206,2016-12-13T16:13:19.33Z,SJI_2832,1,0
2016-12-13,28398208,2016-12-13T16:13:19.40Z,FUV,1,0
2016-12-13,28398209,2016-12-13T16:13:28.61Z,SJI_1400,1,0
2016-12-13,28398211,2016-12-13T16:13:28.68Z,FUV,1,0
2016-12-13,28398212,2016-12-13T16:13:38.23Z,SJI_1330,1,0
2016-12-13,28398214,2016-12-13T16:13:38.31Z,FUV,1,0
2016-12-13,28398215,2016-12-13T16:13:47.80Z,SJI_2796,1,0
2016-12-13,28398217,2016-12-13T16:13:47.87Z,FUV,1,0
2016-12-13,28398218,2016-12-13T16:13:57.36Z,SJI_2832,1,0
2016-12-13,28398220,2016-12-13T16:13:57.43Z,FUV,1,0
2016-12-13,28398221,2016-12-13T16:14:06.66Z,SJI_1400,1,0
2016-12-13,28398223,2016-12-13T16:14:06.73Z,FUV,1,0
2016-12-13,28398224,2016-12-13T16:14:16.30Z,SJI_1330,1,0
2016-12-13,28398226,2016-12-13T16:14:16.37Z,FUV,1,0
2016-12-13,28398227,2016-12-13T16:14:25.80Z,SJI_2796,1,0
2016-12-13,28398229,2016-12-13T16:14:25.87Z,FUV,1,0
2016-12-13,28398230,2016-12-13T16:14:35.36Z,SJI_2832,1,0
2016-12-13,28398232,2016-12-13T16:14:35.44Z,FUV,1,0
2016-12-13,28398233,2016-12-13T16:14:44.66Z,SJI_1400,1,0
2016-12-13,28398235,2016-12-13T16:14:44.73Z,FUV,1,0
2016-12-13,28398236,2016-12-13T16:14:54.31Z,SJI_1330,1,0
2016-12-13,28398238,2016-12-13T16:14:54.38Z,FUV,1,0
2016-12-13,28398239,2016-12-13T16:15:03.83Z,SJI_2796,1,0
2016-12-13,28398241,2016-12-13T16:15:03.90Z,FUV,1,0
2016-12-13,28398242,2016-12-13T16:15:13.39Z,SJI_2832,1,0
2016-12-13,28398244,2016-12-13T16:15:13.46Z,FUV,1,0
2016-12-13,28398245,2016-12-13T16:15:22.69Z,SJI_1400,1,0
2016-12-13,28398247,2016-12-13T16:15:22.76Z,FUV,1,0
2016-12-13,28398248,2016-12-13T16:15:32.34Z,SJI_1330,1,0
2016-12-13,28398250,2016-12-13T16:15:32.41Z,FUV,1,0
2016-12-13,28398251,2016-12-13T16:15:41.83Z,SJI_2796,1,1
2016-12-13,28398253,2016-12-13T16:15:41.90Z,FUV,1,0
2016-12-13,28398254,2016-12-13T16:15:51.39Z,SJI_2832,1,0
2016-12-13,28398256,2016-12-13T16:15:51.46Z,FUV,1,0
2016-12-13,28398257,2016-12-13T16:16:00.67Z,SJI_1400,1,1
2016-12-13,28398259,2016-12-13T16:16:00.74Z,FUV,1,0
2016-12-13,28398260,2016-12-13T16:16:10.30Z,SJI_1330,1,0
2016-12-13,28398262,2016-12-13T16:16:10.37Z,FUV,1,0
2016-12-13,28398263,2016-12-13T16:16:19.86Z,SJI_2796,1,1
2016-12-13,28398265,2016-12-13T16:16:19.93Z,FUV,1,0
2016-12-13,28398266,2016-12-13T16:16:29.42Z,SJI_2832,1,0
2016-12-13,28398268,2016-12-13T16:16:29.49Z,FUV,1,0
2016-12-13,28398269,2016-12-13T16:16:38.73Z,SJI_1400,1,0
2016-12-13,28398271,2016-12-13T16:16:38.81Z,FUV,1,0
2016-12-13,28398272,2016-12-13T16:16:48.38Z,SJI_1330,1,0
2016-12-13,28398274,2016-12-13T16:16:48.45Z,FUV,1,0
2016-12-13,28398275,2016-12-13T16:16:57.86Z,SJI_2796,1,0
2016-12-13,28398277,2016-12-13T16:16:57.93Z,FUV,1,0
2016-12-13,28398278,2016-12-13T16:17:07.45Z,SJI_2832,1,0
2016-12-13,28398280,2016-12-13T16:17:07.52Z,FUV,1,0
2016-12-13,28398281,2016-12-13T16:17:16.79Z,SJI_1400,1,0
2016-12-13,28398283,2016-12-13T16:17:16.86Z,FUV,1,0
2016-12-13,28398284,2016-12-13T16:17:26.44Z,SJI_1330,1,0
2016-12-13,28398286,2016-12-13T16:17:26.52Z,FUV,1,0
2016-12-13,28398287,2016-12-13T16:17:35.89Z,SJI_2796,1,0
2016-12-13,28398289,2016-12-13T16:17:35.96Z,FUV,1,0
2016-12-13,28398290,2016-12-13T16:17:45.45Z,SJI_2832,1,0
2016-12-13,28398292,2016-12-13T16:17:45.52Z,FUV,1,0
2016-12-13,28398293,2016-12-13T16:17:54.73Z,SJI_1400,1,0
2016-12-13,28398295,2016-12-13T16:17:54.80Z,FUV,1,1
2016-12-13,28398296,2016-12-13T16:18:04.36Z,SJI_1330,1,0
2016-12-13,28398298,2016-12-13T16:18:04.43Z,FUV,1,0
2016-12-13,28398299,2016-12-13T16:18:13.89Z,SJI_2796,1,0
2016-12-13,28398301,2016-12-13T16:18:13.96Z,FUV,1,0
2016-12-13,28398302,2016-12-13T16:18:23.48Z,SJI_2832,1,0
2016-12-13,28398304,2016-12-13T16:18:23.56Z,FUV,1,0
2016-12-13,28398305,2016-12-13T16:18:32.78Z,SJI_1400,1,0
2016-12-13,28398307,2016-12-13T16:18:32.85Z,FUV,1,0
2016-12-13,28398308,2016-12-13T16:18:42.41Z,SJI_1330,1,0
2016-12-13,28398310,2016-12-13T16:18:42.48Z,FUV,1,0
2016-12-13,28398311,2016-12-13T16:18:51.92Z,SJI_2796,1,0
2016-12-13,28398313,2016-12-13T16:18:51.99Z,FUV,1,0
2016-12-13,28398314,2016-12-13T16:19:01.48Z,SJI_2832,1,0
2016-12-13,28398316,2016-12-13T16:19:01.56Z,FUV,1,0
2016-12-13,28398317,2016-12-13T16:19:10.80Z,SJI_1400,1,0
2016-12-13,28398319,2016-12-13T16:19:10.87Z,FUV,1,1
2016-12-13,28398320,2016-12-13T16:19:20.44Z,SJI_1330,1,0
2016-12-13,28398322,2016-12-13T16:19:20.52Z,FUV,1,0
2016-12-13,28398323,2016-12-13T16:19:29.92Z,SJI_2796,1,0
2016-12-13,28398325,2016-12-13T16:19:29.99Z,FUV,1,0
2016-12-13,28398326,2016-12-13T16:19:39.52Z,SJI_2832,1,0
2016-12-13,28398328,2016-12-13T16:19:39.59Z,FUV,1,0
2016-12-13,28398329,2016-12-13T16:19:48.87Z,SJI_1400,1,0
2016-12-13,28398331,2016-12-13T16:19:48.94Z,FUV,1,0
2016-12-13,28398332,2016-12-13T16:19:58.52Z,SJI_1330,1,0
2016-12-13,28398334,2016-12-13T16:19:58.59Z,FUV,1,0
2016-12-13,28398335,2016-12-13T16:20:07.95Z,SJI_2796,1,0
2016-12-13,28398337,2016-12-13T16:20:08.02Z,FUV,1,0
2016-12-13,28398338,2016-12-13T16:20:17.52Z,SJI_2832,1,0
2016-12-13,28398340,2016-12-13T16:20:17.59Z,FUV,1,0
2016-12-13,28398341,2016-12-13T16:20:26.79Z,SJI_1400,1,0
2016-12-13,28398343,2016-12-13T16:20:26.86Z,FUV,1,0
2016-12-13,28398344,2016-12-13T16:20:36.42Z,SJI_1330,1,0
2016-12-13,28398346,2016-12-13T16:20:36.49Z,FUV,1,0
2016-12-13,28398347,2016-12-13T16:20:45.95Z,SJI_2796,1,0
2016-12-13,28398349,2016-12-13T16:20:46.02Z,FUV,1,0
2016-12-13,28398350,2016-12-13T16:20:55.55Z,SJI_2832,1,0
2016-12-13,28398352,2016-12-13T16:20:55.62Z,FUV,1,0
2016-12-13,28398353,2016-12-13T16:21:04.85Z,SJI_1400,1,0
2016-12-13,28398355,2016-12-13T16:21:04.92Z,FUV,1,0
2016-12-13,28398356,2016-12-13T16:21:14.46Z,SJI_1330,1,0
2016-12-13,28398358,2016-12-13T16:21:14.53Z,FUV,1,0
2016-12-13,28398359,2016-12-13T16:21:23.98Z,SJI_2796,1,0
2016-12-13,28398361,2016-12-13T16:21:24.06Z,FUV,1,0
2016-12-13,28398362,2016-12-13T16:21:33.55Z,SJI_2832,1,0
2016-12-13,28398364,2016-12-13T16:21:33.62Z,FUV,1,0
2016-12-13,28398365,2016-12-13T16:21:42.89Z,SJI_1400,1,0
2016-12-13,28398367,2016-12-13T16:21:42.96Z,FUV,1,0
2016-12-13,28398368,2016-12-13T16:21:52.55Z,SJI_1330,1,0
2016-12-13,28398370,2016-12-13T16:21:52.62Z,FUV,1,0
2016-12-13,28398371,2016-12-13T16:22:01.99Z,SJI_2796,1,0
2016-12-13,28398373,2016-12-13T16:22:02.06Z,FUV,1,0
2016-12-13,28398374,2016-12-13T16:22:11.58Z,SJI_2832,1,0
2016-12-13,28398376,2016-12-13T16:22:11.65Z,FUV,1,0
2016-12-13,28398377,2016-12-13T16:22:20.84Z,SJI_1400,0,0
2016-12-13,28398382,2016-12-13T16:22:30.52Z,FUV,0,0
2016-12-13,28398383,2016-12-13T16:22:40.02Z,SJI_2796,0,0
2016-12-13,28398388,2016-12-13T16:22:49.65Z,FUV,0,0
2016-12-13,28398392,2016-12-13T16:23:08.53Z,SJI_1330,0,0
2016-12-13,28398394,2016-12-13T16:23:08.60Z,FUV,0,0
2016-12-13,28398398,2016-12-13T16:23:27.61Z,SJI_2832,0,0
2016-12-13,28398400,2016-12-13T16:23:27.68Z,FUV,0,0
2016-12-13,28398401,2016-12-13T16:23:36.91Z,SJI_1400,0,0
2016-12-13,28398406,2016-12-13T16:23:46.66Z,FUV,0,0
2016-12-13,28398407,2016-12-13T16:23:56.05Z,SJI_2796,0,0
2016-12-13,28398412,2016-12-13T16:24:05.68Z,FUV,0,0
2016-12-13,28398416,2016-12-13T16:24:24.52Z,SJI_1330,0,0
2016-12-13,28398418,2016-12-13T16:24:24.59Z,FUV,0,0
2016-12-13,28398422,2016-12-13T16:24:43.64Z,SJI_2832,0,0
2016-12-13,28398424,2016-12-13T16:24:43.71Z,FUV,0,0
2016-12-13,28398425,2016-12-13T16:24:52.92Z,SJI_1400,0,0
2016-12-13,28398430,2016-12-13T16:25:02.66Z,FUV,0,0
2016-12-13,28398431,2016-12-13T16:25:12.08Z,SJI_2796,0,0
2016-12-13,28398436,2016-12-13T16:25:21.71Z,FUV,0,0
2016-12-13,28398440,2016-12-13T16:25:40.62Z,SJI_1330,0,0
2016-12-13,28398442,2016-12-13T16:25:40.69Z,FUV,0,0
2016-12-13,28398446,2016-12-13T16:25:59.67Z,SJI_2832,0,0
2016-12-13,28398448,2016-12-13T16:25:59.74Z,FUV,0,0
2016-12-13,28398449,2016-12-13T16:26:09.03Z,SJI_1400,0,0
2016-12-13,28398454,2016-12-13T16:26:18.76Z,FUV,0,0
2016-12-13,28398455,2016-12-13T16:26:28.11Z,SJI_2796,0,0
2016-12-13,28398460,2016-12-13T16:26:37.74Z,FUV,0,0
2016-12-13,28398464,2016-12-13T16:26:56.58Z,SJI_1330,0,0
2016-12-13,28398466,2016-12-13T16:26:56.65Z,FUV,0,0
2016-12-13,28398470,2016-12-13T16:27:15.70Z,SJI_2832,0,0
2016-12-13,28398472,2016-12-13T16:27:15.77Z,FUV,0,0
2016-12-13,28398473,2016-12-13T16:27:25.02Z,SJI_1400,0,0
2016-12-13,28398478,2016-12-13T16:27:34.72Z,FUV,0,0
2016-12-13,28398479,2016-12-13T16:27:44.14Z,SJI_2796,0,0
2016-12-13,28398484,2016-12-13T16:27:53.77Z,FUV,0,0
2016-12-13,28398488,2016-12-13T16:28:12.73Z,SJI_1330,0,0
2016-12-13,28398490,2016-12-13T16:28:12.80Z,FUV,0,0
2016-12-13,28398494,2016-12-13T16:28:31.73Z,SJI_2832,0,0
2016-12-13,28398496,2016-12-13T16:28:31.81Z,FUV,0,0
2016-12-13,28398497,2016-12-13T16:28:41.00Z,SJI_1400,0,0
2016-12-13,28398502,2016-12-13T16:28:50.69Z,FUV,0,0
2016-12-13,28398503,2016-12-13T16:29:00.17Z,SJI_2796,0,0
2016-12-13,28398508,2016-12-13T16:29:09.81Z,FUV,0,0
2016-12-13,28398512,2016-12-13T16:29:28.66Z,SJI_1330,0,0
2016-12-13,28398514,2016-12-13T16:29:28.73Z,FUV,0,0
2016-12-13,28398518,2016-12-13T16:29:47.77Z,SJI_2832,0,0
2016-12-13,28398520,2016-12-13T16:29:47.84Z,FUV,0,0
2016-12-13,28398521,2016-12-13T16:29:57.10Z,SJI_1400,0,0
2016-12-13,28398526,2016-12-13T16:30:06.83Z,FUV,0,0
2016-12-13,28398527,2016-12-13T16:30:16.20Z,SJI_2796,0,0
2016-12-13,28398532,2016-12-13T16:30:25.84Z,FUV,0,0
2016-12-13,28398536,2016-12-13T16:30:44.75Z,SJI_1330,0,0
2016-12-13,28398538,2016-12-13T16:30:44.82Z,FUV,0,0
2016-12-13,28398542,2016-12-13T16:31:03.80Z,SJI_2832,0,0
2016-12-13,28398544,2016-12-13T16:31:03.87Z,FUV,0,0
2016-12-13,28398545,2016-12-13T16:31:13.06Z,SJI_1400,0,0
2016-12-13,28398550,2016-12-13T16:31:22.74Z,FUV,0,0
2016-12-13,28398551,2016-12-13T16:31:32.23Z,SJI_2796,0,0
2016-12-13,28398556,2016-12-13T16:31:41.87Z,FUV,0,0
2016-12-13,28398560,2016-12-13T16:32:00.76Z,SJI_1330,0,0
2016-12-13,28398562,2016-12-13T16:32:00.83Z,FUV,0,0
2016-12-13,28398566,2016-12-13T16:32:19.83Z,SJI_2832,0,0
2016-12-13,28398568,2016-12-13T16:32:19.90Z,FUV,0,0
2016-12-13,28398569,2016-12-13T16:32:29.15Z,SJI_1400,0,0
2016-12-13,28398574,2016-12-13T16:32:38.89Z,FUV,0,0
2016-12-13,28398575,2016-12-13T16:32:48.27Z,SJI_2796,0,0
2016-12-13,28398580,2016-12-13T16:32:57.90Z,FUV,0,0
2016-12-13,28398584,2016-12-13T16:33:16.73Z,SJI_1330,0,0
2016-12-13,28398586,2016-12-13T16:33:16.81Z,FUV,0,0
2016-12-13,28398590,2016-12-13T16:33:35.86Z,SJI_2832,0,0
2016-12-13,28398592,2016-12-13T16:33:35.93Z,FUV,0,0
2016-12-13,28398593,2016-12-13T16:33:45.13Z,SJI_1400,0,0
2016-12-13,28398598,2016-12-13T16:33:54.84Z,FUV,0,0
2016-12-13,28398599,2016-12-13T16:34:04.30Z,SJI_2796,0,0
2016-12-13,28398604,2016-12-13T16:34:13.93Z,FUV,0,0
2016-12-13,28398608,2016-12-13T16:34:32.83Z,SJI_1330,0,0
2016-12-13,28398610,2016-12-13T16:34:32.90Z,FUV,0,0
2016-12-13,28398614,2016-12-13T16:34:51.89Z,SJI_2832,0,0
2016-12-13,28398616,2016-12-13T16:34:51.96Z,FUV,0,0
2016-12-13,28398617,2016-12-13T16:35:01.21Z,SJI_1400,0,0
2016-12-13,28398622,2016-12-13T16:35:10.93Z,FUV,0,0
2016-12-13,28398623,2016-12-13T16:35:20.33Z,SJI_2796,0,0
2016-12-13,28398628,2016-12-13T16:35:29.96Z,FUV,0,0
2016-12-13,28398632,2016-12-13T16:35:48.87Z,SJI_1330,0,0
2016-12-13,28398634,2016-12-13T16:35:48.94Z,FUV,0,0
2016-12-13,28398638,2016-12-13T16:36:07.92Z,SJI_2832,0,0
2016-12-13,28398640,2016-12-13T16:36:07.99Z,FUV,0,0
2016-12-13,28398641,2016-12-13T16:36:17.24Z,SJI_1400,0,0
2016-12-13,28398646,2016-12-13T16:36:26.97Z,FUV,0,0
2016-12-13,28398647,2016-12-13T16:36:36.36Z,SJI_2796,0,0
2016-12-13,28398652,2016-12-13T16:36:45.99Z,FUV,0,0
2016-12-13,28398656,2016-12-13T16:37:04.91Z,SJI_1330,0,0
2016-12-13,28398658,2016-12-13T16:37:04.98Z,FUV,0,0
2016-12-13,28398662,2016-12-13T16:37:23.95Z,SJI_2832,0,0
2016-12-13,28398664,2016-12-13T16:37:24.02Z,FUV,0,0
2016-12-13,28398665,2016-12-13T16:37:33.23Z,SJI_1400,0,0
2016-12-13,28398670,2016-12-13T16:37:42.90Z,FUV,0,0
2016-12-13,28398671,2016-12-13T16:37:52.39Z,SJI_2796,0,0
2016-12-13,28398676,2016-12-13T16:38:02.02Z,FUV,0,0
2016-12-13,28398680,2016-12-13T16:38:20.87Z,SJI_1330,0,0
2016-12-13,28398682,2016-12-13T16:38:20.94Z,FUV,0,0
2016-12-13,28398686,2016-12-13T16:38:39.98Z,SJI_2832,0,0
2016-12-13,28398688,2016-12-13T16:38:40.06Z,FUV,0,0
2016-12-13,28398689,2016-12-13T16:38:49.30Z,SJI_1400,0,0
2016-12-13,28398694,2016-12-13T16:38:59.02Z,FUV,0,0
2016-12-13,28398695,2016-12-13T16:39:08.42Z,SJI_2796,0,0
2016-12-13,28398700,2016-12-13T16:39:18.06Z,FUV,0,0
2016-12-13,28398704,2016-12-13T16:39:36.92Z,SJI_1330,0,0
2016-12-13,28398706,2016-12-13T16:39:36.99Z,FUV,0,0
2016-12-13,28398710,2016-12-13T16:39:56.02Z,SJI_2832,0,0
2016-12-13,28398712,2016-12-13T16:39:56.09Z,FUV,0,0
2016-12-13,28398713,2016-12-13T16:40:05.30Z,SJI_1400,0,0
2016-12-13,28398718,2016-12-13T16:40:14.99Z,FUV,0,0
2016-12-13,28398719,2016-12-13T16:40:24.45Z,SJI_2796,0,0
2016-12-13,28398724,2016-12-13T16:40:34.09Z,FUV,0,0
2016-12-13,28398728,2016-12-13T16:40:52.95Z,SJI_1330,0,0
2016-12-13,28398730,2016-12-13T16:40:53.02Z,FUV,0,0
2016-12-13,28398734,2016-12-13T16:41:12.05Z,SJI_2832,0,0
2016-12-13,28398736,2016-12-13T16:41:12.12Z,FUV,0,0
2016-12-13,28398737,2016-12-13T16:41:21.35Z,SJI_1400,0,0
2016-12-13,28398742,2016-12-13T16:41:31.08Z,FUV,0,0
2016-12-13,28398743,2016-12-13T16:41:40.48Z,SJI_2796,0,0
2016-12-13,28398748,2016-12-13T16:41:50.12Z,FUV,0,0
2016-12-13,28398752,2016-12-13T16:42:09.02Z,SJI_1330,0,0
2016-12-13,28398754,2016-12-13T16:42:09.09Z,FUV,0,0
2016-12-13,28398758,2016-12-13T16:42:28.08Z,SJI_2832,0,0
2016-12-13,28398760,2016-12-13T16:42:28.15Z,FUV,0,0
2016-12-13,28398761,2016-12-13T16:42:37.38Z,SJI_1400,0,0
2016-12-13,28398766,2016-12-13T16:42:47.12Z,FUV,0,0
2016-12-13,28398767,2016-12-13T16:42:56.52Z,SJI_2796,0,0
2016-12-13,28398772,2016-12-13T16:43:06.15Z,FUV,0,0
2016-12-13,28398776,2016-12-13T16:43:24.98Z,SJI_1330,0,0
2016-12-13,28398778,2016-12-13T16:43:25.06Z,FUV,0,0
2016-12-13,28398782,2016-12-13T16:43:44.11Z,SJI_2832,0,0
2016-12-13,28398784,2016-12-13T16:43:44.18Z,FUV,0,0
2016-12-13,28398785,2016-12-13T16:43:53.43Z,SJI_1400,0,0
2016-12-13,28398790,2016-12-13T16:44:03.14Z,FUV,0,0
2016-12-13,28398791,2016-12-13T16:44:12.55Z,SJI_2796,0,0
2016-12-13,28398796,2016-12-13T16:44:22.18Z,FUV,0,0
2016-12-13,28398800,2016-12-13T16:44:41.09Z,SJI_1330,0,0
2016-12-13,28398802,2016-12-13T16:44:41.16Z,FUV,0,0
2016-12-13,28398806,2016-12-13T16:45:00.14Z,SJI_2832,0,0
2016-12-13,28398808,2016-12-13T16:45:00.21Z,FUV,0,0
2016-12-13,28398809,2016-12-13T16:45:09.46Z,SJI_1400,0,0
2016-12-13,28398814,2016-12-13T16:45:19.17Z,FUV,0,0
2016-12-13,28398815,2016-12-13T16:45:28.58Z,SJI_2796,0,0
2016-12-13,28398820,2016-12-13T16:45:38.21Z,FUV,0,0
2016-12-13,28398824,2016-12-13T16:45:57.18Z,SJI_1330,0,0
2016-12-13,28398826,2016-12-13T16:45:57.25Z,FUV,0,0
2016-12-13,28398830,2016-12-13T16:46:16.17Z,SJI_2832,0,0
2016-12-13,28398832,2016-12-13T16:46:16.24Z,FUV,0,0
2016-12-13,28398833,2016-12-13T16:46:25.44Z,SJI_1400,0,0
2016-12-13,28398838,2016-12-13T16:46:35.12Z,FUV,0,0
2016-12-13,28398839,2016-12-13T16:46:44.61Z,SJI_2796,0,0
2016-12-13,28398844,2016-12-13T16:46:54.24Z,FUV,0,0
2016-12-13,28398848,2016-12-13T16:47:13.08Z,SJI_1330,0,0
2016-12-13,28398850,2016-12-13T16:47:13.15Z,FUV,0,0
2016-12-13,28398854,2016-12-13T16:47:32.20Z,SJI_2832,0,0
2016-12-13,28398856,2016-12-13T16:47:32.27Z,FUV,0,0
2016-12-13,28398857,2016-12-13T16:47:41.52Z,SJI_1400,0,0
2016-12-13,28398862,2016-12-13T16:47:51.23Z,FUV,0,0
2016-12-13,28398863,2016-12-13T16:48:00.64Z,SJI_2796,0,0
2016-12-13,28398868,2016-12-13T16:48:10.31Z,FUV,0,0
2016-12-13,28398872,2016-12-13T16:48:29.12Z,SJI_1330,0,0
2016-12-13,28398874,2016-12-13T16:48:29.19Z,FUV,0,0
2016-12-13,28398878,2016-12-13T16:48:48.23Z,SJI_2832,0,0
2016-12-13,28398880,2016-12-13T16:48:48.31Z,FUV,0,0
2016-12-13,28398881,2016-12-13T16:48:57.52Z,SJI_1400,0,0
2016-12-13,28398886,2016-12-13T16:49:07.23Z,FUV,0,0
2016-12-13,28398887,2016-12-13T16:49:16.67Z,SJI_2796,0,0
2016-12-13,28398892,2016-12-13T16:49:26.34Z,FUV,0,0
2016-12-13,28398896,2016-12-13T16:49:45.23Z,SJI_1330,0,0
2016-12-13,28398898,2016-12-13T16:49:45.30Z,FUV,0,0
2016-12-13,28398902,2016-12-13T16:50:04.27Z,SJI_2832,0,0
2016-12-13,28398904,2016-12-13T16:50:04.34Z,FUV,0,0
2016-12-13,28398905,2016-12-13T16:50:13.55Z,SJI_1400,0,0
2016-12-13,28398910,2016-12-13T16:50:23.24Z,FUV,0,0
2016-12-13,28398911,2016-12-13T16:50:32.70Z,SJI_2796,0,0
2016-12-13,28398916,2016-12-13T16:50:42.37Z,FUV,0,0
2016-12-13,28398920,2016-12-13T16:51:01.24Z,SJI_1330,0,0
2016-12-13,28398922,2016-12-13T16:51:01.31Z,FUV,0,0
2016-12-13,28398926,2016-12-13T16:51:20.30Z,SJI_2832,0,0
2016-12-13,28398928,2016-12-13T16:51:20.37Z,FUV,0,0
2016-12-13,28398929,2016-12-13T16:51:29.60Z,SJI_1400,0,0
2016-12-13,28398934,2016-12-13T16:51:39.31Z,FUV,0,0
2016-12-13,28398935,2016-12-13T16:51:48.73Z,SJI_2796,0,0
2016-12-13,28398940,2016-12-13T16:51:58.40Z,FUV,0,0
2016-12-13,28398944,2016-12-13T16:52:17.28Z,SJI_1330,0,0
2016-12-13,28398946,2016-12-13T16:52:17.35Z,FUV,0,0
2016-12-13,28398950,2016-12-13T16:52:36.33Z,SJI_2832,0,0
2016-12-13,28398952,2016-12-13T16:52:36.40Z,FUV,0,0
2016-12-13,28398953,2016-12-13T16:52:45.66Z,SJI_1400,0,0
2016-12-13,28398958,2016-12-13T16:52:55.38Z,FUV,0,0
2016-12-13,28398959,2016-12-13T16:53:04.77Z,SJI_2796,0,0
2016-12-13,28398964,2016-12-13T16:53:14.43Z,FUV,0,0
2016-12-13,28398968,2016-12-13T16:53:33.24Z,SJI_1330,0,0
2016-12-13,28398970,2016-12-13T16:53:33.31Z,FUV,0,0
2016-12-13,28398974,2016-12-13T16:53:52.36Z,SJI_2832,0,0
2016-12-13,28398976,2016-12-13T16:53:52.43Z,FUV,0,0
2016-12-13,28398977,2016-12-13T16:54:01.67Z,SJI_1400,0,0
2016-12-13,28398982,2016-12-13T16:54:11.37Z,FUV,0,0
2016-12-13,28398983,2016-12-13T16:54:20.80Z,SJI_2796,0,0
2016-12-13,28398988,2016-12-13T16:54:30.46Z,FUV,0,0
2016-12-13,28398992,2016-12-13T16:54:49.36Z,SJI_1330,0,0
2016-12-13,28398994,2016-12-13T16:54:49.43Z,FUV,0,0
2016-12-13,28398998,2016-12-13T16:55:08.39Z,SJI_2832,0,0
2016-12-13,28399000,2016-12-13T16:55:08.46Z,FUV,0,0
2016-12-13,28399001,2016-12-13T16:55:17.72Z,SJI_1400,0,0
2016-12-13,28399006,2016-12-13T16:55:27.43Z,FUV,0,0
2016-12-13,28399007,2016-12-13T16:55:36.83Z,SJI_2796,0,0
2016-12-13,28399012,2016-12-13T16:55:46.49Z,FUV,0,0
2016-12-13,28399016,2016-12-13T16:56:05.42Z,SJI_1330,0,0
2016-12-13,28399018,2016-12-13T16:56:05.49Z,FUV,0,0
2016-12-13,28399022,2016-12-13T16:56:24.42Z,SJI_2832,0,0
2016-12-13,28399024,2016-12-13T16:56:24.49Z,FUV,0,0
2016-12-13,28399025,2016-12-13T16:56:33.70Z,SJI_1400,0,0
2016-12-13,28399030,2016-12-13T16:56:43.40Z,FUV,0,0
2016-12-13,28399031,2016-12-13T16:56:52.86Z,SJI_2796,0,0
2016-12-13,28399036,2016-12-13T16:57:02.52Z,FUV,0,0
2016-12-13,28399040,2016-12-13T16:57:21.36Z,SJI_1330,0,0
2016-12-13,28399042,2016-12-13T16:57:21.43Z,FUV,0,0
2016-12-13,28399046,2016-12-13T16:57:40.45Z,SJI_2832,0,0
2016-12-13,28399048,2016-12-13T16:57:40.52Z,FUV,0,0
2016-12-13,28399049,2016-12-13T16:57:49.78Z,SJI_1400,0,0
2016-12-13,28399054,2016-12-13T16:57:59.49Z,FUV,0,0
2016-12-13,28399055,2016-12-13T16:58:08.89Z,SJI_2796,0,0
2016-12-13,28399060,2016-12-13T16:58:18.56Z,FUV,0,0
2016-12-13,28399064,2016-12-13T16:58:37.46Z,SJI_1330,0,0
2016-12-13,28399066,2016-12-13T16:58:37.53Z,FUV,0,0
2016-12-13,28399070,2016-12-13T16:58:56.48Z,SJI_2832,0,0
2016-12-13,28399072,2016-12-13T16:58:56.56Z,FUV,0,0
2016-12-13,28399073,2016-12-13T16:59:05.80Z,SJI_1400,0,0
2016-12-13,28399078,2016-12-13T16:59:15.50Z,FUV,0,0
2016-12-13,28399079,2016-12-13T16:59:24.92Z,SJI_2796,0,0
2016-12-13,28399084,2016-12-13T16:59:34.59Z,FUV,0,0
2016-12-13,28399088,2016-12-13T16:59:53.49Z,SJI_1330,0,0
2016-12-13,28399090,2016-12-13T16:59:53.56Z,FUV,0,0
2016-12-13,28399094,2016-12-13T17:00:12.52Z,SJI_2832,0,0
2016-12-13,28399096,2016-12-13T17:00:12.59Z,FUV,0,0
2016-12-13,28399097,2016-12-13T17:00:21.82Z,SJI_1400,0,0
2016-12-13,28399102,2016-12-13T17:00:31.53Z,FUV,0,0
2016-12-13,28399103,2016-12-13T17:00:40.95Z,SJI_2796,0,0
2016-12-13,28399108,2016-12-13T17:00:50.62Z,FUV,0,0
2016-12-13,28399112,2016-12-13T17:01:09.58Z,SJI_1330,0,0
2016-12-13,28399114,2016-12-13T17:01:09.66Z,FUV,0,0
2016-12-13,28399118,2016-12-13T17:01:28.55Z,SJI_2832,0,0
2016-12-13,28399120,2016-12-13T17:01:28.62Z,FUV,0,0
2016-12-13,28399121,2016-12-13T17:01:37.83Z,SJI_1400,0,0
2016-12-13,28399126,2016-12-13T17:01:47.52Z,FUV,0,0
2016-12-13,28399127,2016-12-13T17:01:56.98Z,SJI_2796,0,0
2016-12-13,28399132,2016-12-13T17:02:06.65Z,FUV,0,0
2016-12-13,28399136,2016-12-13T17:39:03.89Z,SJI_1330,0,0
2016-12-13,28399138,2016-12-13T17:39:03.96Z,FUV,0,0
2016-12-13,28399142,2016-12-13T17:39:23.02Z,SJI_2832,0,0
2016-12-13,28399144,2016-12-13T17:39:23.09Z,FUV,0,0
2016-12-13,28399145,2016-12-13T17:39:32.35Z,SJI_1400,0,0
2016-12-13,28399150,2016-12-13T17:39:42.09Z,FUV,0,0
2016-12-13,28399151,2016-12-13T17:39:51.45Z,SJI_2796,0,0
2016-12-13,28399156,2016-12-13T17:40:01.09Z,FUV,0,0
2016-12-13,28399160,2016-12-13T17:40:19.92Z,SJI_1330,0,0
2016-12-13,28399162,2016-12-13T17:40:19.99Z,FUV,0,0
2016-12-13,28399166,2016-12-13T17:40:39.05Z,SJI_2832,0,0
2016-12-13,28399168,2016-12-13T17:40:39.12Z,FUV,0,0
2016-12-13,28399169,2016-12-13T17:40:48.37Z,SJI_1400,0,0
2016-12-13,28399174,2016-12-13T17:40:58.09Z,FUV,0,0
2016-12-13,28399175,2016-12-13T17:41:07.49Z,SJI_2796,0,0
2016-12-13,28399180,2016-12-13T17:41:17.12Z,FUV,0,0
2016-12-13,28399184,2016-12-13T17:41:36.00Z,SJI_1330,0,0
2016-12-13,28399186,2016-12-13T17:41:36.07Z,FUV,0,0
2016-12-13,28399190,2016-12-13T17:41:55.08Z,SJI_2832,0,0
2016-12-13,28399192,2016-12-13T17:41:55.15Z,FUV,0,0
2016-12-13,28399193,2016-12-13T17:42:04.40Z,SJI_1400,0,0
2016-12-13,28399198,2016-12-13T17:42:14.10Z,FUV,0,0
2016-12-13,28399199,2016-12-13T17:42:23.52Z,SJI_2796,0,0
2016-12-13,28399204,2016-12-13T17:42:33.15Z,FUV,0,0
2016-12-13,28399208,2016-12-13T17:42:52.08Z,SJI_1330,0,0
2016-12-13,28399210,2016-12-13T17:42:52.15Z,FUV,0,0
2016-12-13,28399214,2016-12-13T17:43:11.11Z,SJI_2832,0,0
2016-12-13,28399216,2016-12-13T17:43:11.18Z,FUV,0,0
2016-12-13,28399217,2016-12-13T17:43:20.38Z,SJI_1400,0,0
2016-12-13,28399222,2016-12-13T17:43:30.06Z,FUV,0,0
2016-12-13,28399223,2016-12-13T17:43:39.55Z,SJI_2796,0,0
2016-12-13,28399228,2016-12-13T17:43:49.18Z,FUV,0,0
2016-12-13,28399232,2016-12-13T17:44:08.02Z,SJI_1330,0,0
2016-12-13,28399234,2016-12-13T17:44:08.09Z,FUV,0,0
2016-12-13,28399238,2016-12-13T17:44:27.14Z,SJI_2832,0,0
2016-12-13,28399240,2016-12-13T17:44:27.21Z,FUV,0,0
2016-12-13,28399241,2016-12-13T17:44:36.46Z,SJI_1400,0,0
2016-12-13,28399246,2016-12-13T17:44:46.19Z,FUV,0,0
2016-12-13,28399247,2016-12-13T17:44:55.58Z,SJI_2796,0,0
2016-12-13,28399252,2016-12-13T17:45:05.21Z,FUV,0,0
2016-12-13,28399256,2016-12-13T17:45:24.09Z,SJI_1330,0,0
2016-12-13,28399258,2016-12-13T17:45:24.16Z,FUV,0,0
2016-12-13,28399262,2016-12-13T17:45:43.17Z,SJI_2832,0,0
2016-12-13,28399264,2016-12-13T17:45:43.24Z,FUV,0,0
2016-12-13,28399265,2016-12-13T17:45:52.50Z,SJI_1400,0,0
2016-12-13,28399270,2016-12-13T17:46:02.21Z,FUV,0,0
2016-12-13,28399271,2016-12-13T17:46:11.61Z,SJI_2796,0,0
2016-12-13,28399274,2016-12-13T17:46:21.17Z,SJI_2832,1,0
2016-12-13,28399276,2016-12-13T17:46:21.24Z,FUV,1,0
2016-12-13,28399277,2016-12-13T17:46:30.48Z,SJI_1400,1,0
2016-12-13,28399279,2016-12-13T17:46:30.55Z,FUV,1,0
2016-12-13,28399280,2016-12-13T17:46:40.12Z,SJI_1330,1,0
2016-12-13,28399282,2016-12-13T17:46:40.19Z,FUV,1,0
2016-12-13,28399283,2016-12-13T17:46:49.61Z,SJI_2796,1,0
2016-12-13,28399285,2016-12-13T17:46:49.68Z,FUV,1,0
2016-12-13,28399286,2016-12-13T17:46:59.20Z,SJI_2832,1,0
2016-12-13,28399288,2016-12-13T17:46:59.27Z,FUV,1,0
2016-12-13,28399289,2016-12-13T17:47:08.53Z,SJI_1400,1,0
2016-12-13,28399291,2016-12-13T17:47:08.60Z,FUV,1,0
2016-12-13,28399292,2016-12-13T17:47:18.20Z,SJI_1330,1,0
2016-12-13,28399294,2016-12-13T17:47:18.27Z,FUV,1,0
2016-12-13,28399295,2016-12-13T17:47:27.64Z,SJI_2796,1,0
2016-12-13,28399297,2016-12-13T17:47:27.71Z,FUV,1,0
2016-12-13,28399298,2016-12-13T17:47:37.20Z,SJI_2832,1,0
2016-12-13,28399300,2016-12-13T17:47:37.27Z,FUV,1,0
2016-12-13,28399301,2016-12-13T17:47:46.49Z,SJI_1400,1,0
2016-12-13,28399303,2016-12-13T17:47:46.56Z,FUV,1,0
2016-12-13,28399304,2016-12-13T17:47:56.11Z,SJI_1330,1,0
2016-12-13,28399306,2016-12-13T17:47:56.18Z,FUV,1,0
2016-12-13,28399307,2016-12-13T17:48:05.67Z,SJI_2796,1,0
2016-12-13,28399309,2016-12-13T17:48:05.74Z,FUV,1,0
2016-12-13,28399310,2016-12-13T17:48:15.23Z,SJI_2832,1,0
2016-12-13,28399312,2016-12-13T17:48:15.31Z,FUV,1,0
2016-12-13,28399313,2016-12-13T17:48:24.54Z,SJI_1400,1,0
2016-12-13,28399315,2016-12-13T17:48:24.61Z,FUV,1,1
2016-12-13,28399316,2016-12-13T17:48:34.16Z,SJI_1330,1,0
2016-12-13,28399318,2016-12-13T17:48:34.23Z,FUV,1,0
2016-12-13,28399319,2016-12-13T17:48:43.67Z,SJI_2796,1,0
2016-12-13,28399321,2016-12-13T17:48:43.74Z,FUV,1,0
2016-12-13,28399322,2016-12-13T17:48:53.27Z,SJI_2832,1,0
2016-12-13,28399324,2016-12-13T17:48:53.34Z,FUV,1,0
2016-12-13,28399325,2016-12-13T17:49:02.61Z,SJI_1400,1,0
2016-12-13,28399327,2016-12-13T17:49:02.68Z,FUV,1,0
2016-12-13,28399328,2016-12-13T17:49:12.27Z,SJI_1330,1,0
2016-12-13,28399330,2016-12-13T17:49:12.34Z,FUV,1,0
2016-12-13,28399331,2016-12-13T17:49:21.70Z,SJI_2796,1,0
2016-12-13,28399333,2016-12-13T17:49:21.77Z,FUV,1,0
2016-12-13,28399334,2016-12-13T17:49:31.27Z,SJI_2832,1,0
2016-12-13,28399336,2016-12-13T17:49:31.34Z,FUV,1,0
2016-12-13,28399337,2016-12-13T17:49:40.54Z,SJI_1400,1,0
2016-12-13,28399339,2016-12-13T17:49:40.61Z,FUV,1,0
2016-12-13,28399340,2016-12-13T17:49:50.16Z,SJI_1330,1,0
2016-12-13,28399342,2016-12-13T17:49:50.23Z,FUV,1,0
2016-12-13,28399343,2016-12-13T17:49:59.70Z,SJI_2796,1,0
2016-12-13,28399345,2016-12-13T17:49:59.77Z,FUV,1,0
2016-12-13,28399346,2016-12-13T17:50:09.27Z,SJI_2832,1,0
2016-12-13,28399348,2016-12-13T17:50:09.34Z,FUV,1,0
2016-12-13,28399349,2016-12-13T17:50:18.59Z,SJI_1400,1,0
2016-12-13,28399351,2016-12-13T17:50:18.66Z,FUV,1,0
2016-12-13,28399352,2016-12-13T17:50:28.23Z,SJI_1330,1,0
2016-12-13,28399354,2016-12-13T17:50:28.31Z,FUV,1,0
2016-12-13,28399355,2016-12-13T17:50:37.73Z,SJI_2796,1,0
2016-12-13,28399357,2016-12-13T17:50:37.81Z,FUV,1,0
2016-12-13,28399358,2016-12-13T17:50:47.30Z,SJI_2832,1,0
2016-12-13,28399360,2016-12-13T17:50:47.37Z,FUV,1,0
2016-12-13,28399361,2016-12-13T17:50:56.64Z,SJI_1400,1,0
2016-12-13,28399363,2016-12-13T17:50:56.71Z,FUV,1,0
2016-12-13,28399364,2016-12-13T17:51:06.30Z,SJI_1330,1,0
2016-12-13,28399366,2016-12-13T17:51:06.37Z,FUV,1,0
2016-12-13,28399367,2016-12-13T17:51:15.73Z,SJI_2796,1,0
2016-12-13,28399369,2016-12-13T17:51:15.81Z,FUV,1,0
2016-12-13,28399370,2016-12-13T17:51:25.30Z,SJI_2832,1,0
2016-12-13,28399372,2016-12-13T17:51:25.37Z,FUV,1,0
2016-12-13,28399373,2016-12-13T17:51:34.60Z,SJI_1400,1,0
2016-12-13,28399375,2016-12-13T17:51:34.67Z,FUV,1,0
2016-12-13,28399376,2016-12-13T17:51:44.25Z,SJI_1330,1,0
2016-12-13,28399378,2016-12-13T17:51:44.32Z,FUV,1,0
2016-12-13,28399379,2016-12-13T17:51:53.77Z,SJI_2796,1,0
2016-12-13,28399381,2016-12-13T17:51:53.84Z,FUV,1,0
2016-12-13,28399382,2016-12-13T17:52:03.33Z,SJI_2832,1,0
2016-12-13,28399384,2016-12-13T17:52:03.40Z,FUV,1,0
2016-12-13,28399385,2016-12-13T17:52:12.65Z,SJI_1400,1,0
2016-12-13,28399387,2016-12-13T17:52:12.72Z,FUV,1,0
2016-12-13,28399388,2016-12-13T17:52:22.30Z,SJI_1330,1,0
2016-12-13,28399390,2016-12-13T17:52:22.37Z,FUV,1,0
2016-12-13,28399391,2016-12-13T17:52:31.77Z,SJI_2796,1,0
2016-12-13,28399393,2016-12-13T17:52:31.84Z,FUV,1,0
2016-12-13,28399394,2016-12-13T17:52:41.33Z,SJI_2832,1,0
2016-12-13,28399396,2016-12-13T17:52:41.40Z,FUV,1,0
2016-12-13,28399397,2016-12-13T17:52:50.64Z,SJI_1400,1,0
2016-12-13,28399399,2016-12-13T17:52:50.71Z,FUV,1,0
2016-12-13,28399400,2016-12-13T17:53:00.28Z,SJI_1330,1,0
2016-12-13,28399402,2016-12-13T17:53:00.35Z,FUV,1,0
2016-12-13,28399403,2016-12-13T17:53:09.80Z,SJI_2796,1,0
2016-12-13,28399405,2016-12-13T17:53:09.87Z,FUV,1,0
2016-12-13,28399406,2016-12-13T17:53:19.36Z,SJI_2832,1,0
2016-12-13,28399408,2016-12-13T17:53:19.43Z,FUV,1,0
2016-12-13,28399409,2016-12-13T17:53:28.67Z,SJI_1400,1,0
2016-12-13,28399411,2016-12-13T17:53:28.74Z,FUV,1,0
2016-12-13,28399412,2016-12-13T17:53:38.32Z,SJI_1330,1,0
2016-12-13,28399414,2016-12-13T17:53:38.39Z,FUV,1,0
2016-12-13,28399415,2016-12-13T17:53:47.80Z,SJI_2796,1,0
2016-12-13,28399417,2016-12-13T17:53:47.87Z,FUV,1,0
2016-12-13,28399418,2016-12-13T17:53:57.36Z,SJI_2832,1,0
2016-12-13,28399420,2016-12-13T17:53:57.43Z,FUV,1,0
2016-12-13,28399421,2016-12-13T17:54:06.66Z,SJI_1400,1,0
2016-12-13,28399423,2016-12-13T17:54:06.73Z,FUV,1,1
2016-12-13,28399424,2016-12-13T17:54:16.32Z,SJI_1330,1,0
2016-12-13,28399426,2016-12-13T17:54:16.39Z,FUV,1,0
2016-12-13,28399427,2016-12-13T17:54:25.83Z,SJI_2796,1,0
2016-12-13,28399429,2016-12-13T17:54:25.90Z,FUV,1,0
2016-12-13,28399430,2016-12-13T17:54:35.39Z,SJI_2832,1,0
2016-12-13,28399432,2016-12-13T17:54:35.46Z,FUV,1,2
2016-12-13,28399433,2016-12-13T17:54:44.66Z,SJI_1400,1,0
2016-12-13,28399435,2016-12-13T17:54:44.73Z,FUV,1,0
2016-12-13,28399436,2016-12-13T17:54:54.30Z,SJI_1330,1,0
2016-12-13,28399438,2016-12-13T17:54:54.37Z,FUV,1,0
2016-12-13,28399439,2016-12-13T17:55:03.83Z,SJI_2796,1,0
2016-12-13,28399441,2016-12-13T17:55:03.90Z,FUV,1,1
2016-12-13,28399442,2016-12-13T17:55:13.42Z,SJI_2832,1,0
2016-12-13,28399444,2016-12-13T17:55:13.49Z,FUV,1,2
2016-12-13,28399445,2016-12-13T17:55:22.73Z,SJI_1400,1,0
2016-12-13,28399447,2016-12-13T17:55:22.81Z,FUV,1,0
2016-12-13,28399448,2016-12-13T17:55:32.36Z,SJI_1330,1,0
2016-12-13,28399450,2016-12-13T17:55:32.43Z,FUV,1,0
2016-12-13,28399451,2016-12-13T17:55:41.86Z,SJI_2796,1,0
2016-12-13,28399453,2016-12-13T17:55:41.93Z,FUV,1,0
2016-12-13,28399454,2016-12-13T17:55:51.42Z,SJI_2832,1,0
2016-12-13,28399456,2016-12-13T17:55:51.49Z,FUV,1,1
2016-12-13,28399457,2016-12-13T17:56:00.73Z,SJI_1400,1,1
2016-12-13,28399459,2016-12-13T17:56:00.81Z,FUV,1,2
2016-12-13,28399460,2016-12-13T17:56:10.37Z,SJI_1330,1,0
2016-12-13,28399462,2016-12-13T17:56:10.44Z,FUV,1,0
2016-12-13,28399463,2016-12-13T17:56:19.86Z,SJI_2796,1,0
2016-12-13,28399465,2016-12-13T17:56:19.93Z,FUV,1,0
2016-12-13,28399466,2016-12-13T17:56:29.45Z,SJI_2832,1,0
2016-12-13,28399468,2016-12-13T17:56:29.52Z,FUV,1,0
2016-12-13,28399469,2016-12-13T17:56:38.77Z,SJI_1400,1,0
2016-12-13,28399471,2016-12-13T17:56:38.84Z,FUV,1,0
2016-12-13,28399472,2016-12-13T17:56:48.42Z,SJI_1330,1,0
2016-12-13,28399474,2016-12-13T17:56:48.49Z,FUV,1,1
2016-12-13,28399475,2016-12-13T17:56:57.89Z,SJI_2796,1,0
2016-12-13,28399477,2016-12-13T17:56:57.96Z,FUV,1,0
2016-12-13,28399478,2016-12-13T17:57:07.45Z,SJI_2832,1,0
2016-12-13,28399480,2016-12-13T17:57:07.52Z,FUV,1,0
2016-12-13,28399481,2016-12-13T17:57:16.77Z,SJI_1400,1,0
2016-12-13,28399483,2016-12-13T17:57:16.84Z,FUV,1,0
2016-12-13,28399484,2016-12-13T17:57:26.41Z,SJI_1330,1,0
2016-12-13,28399486,2016-12-13T17:57:26.48Z,FUV,1,0
2016-12-13,28399487,2016-12-13T17:57:35.89Z,SJI_2796,1,0
2016-12-13,28399489,2016-12-13T17:57:35.96Z,FUV,1,0
2016-12-13,28399490,2016-12-13T17:57:45.48Z,SJI_2832,1,0
2016-12-13,28399492,2016-12-13T17:57:45.56Z,FUV,1,0
2016-12-13,28399493,2016-12-13T17:57:54.80Z,SJI_1400,1,0
2016-12-13,28399495,2016-12-13T17:57:54.87Z,FUV,1,0
2016-12-13,28399496,2016-12-13T17:58:04.44Z,SJI_1330,1,0
2016-12-13,28399498,2016-12-13T17:58:04.52Z,FUV,1,0
2016-12-13,28399499,2016-12-13T17:58:13.92Z,SJI_2796,1,0
2016-12-13,28399501,2016-12-13T17:58:13.99Z,FUV,1,0
2016-12-13,28399502,2016-12-13T17:58:23.48Z,SJI_2832,1,0
2016-12-13,28399504,2016-12-13T17:58:23.56Z,FUV,1,1
2016-12-13,28399505,2016-12-13T17:58:32.82Z,SJI_1400,1,0
2016-12-13,28399507,2016-12-13T17:58:32.89Z,FUV,1,0
2016-12-13,28399508,2016-12-13T17:58:42.46Z,SJI_1330,1,0
2016-12-13,28399510,2016-12-13T17:58:42.53Z,FUV,1,1
2016-12-13,28399511,2016-12-13T17:58:51.92Z,SJI_2796,1,0
2016-12-13,28399513,2016-12-13T17:58:51.99Z,FUV,1,0
2016-12-13,28399514,2016-12-13T17:59:01.52Z,SJI_2832,1,0
2016-12-13,28399516,2016-12-13T17:59:01.59Z,FUV,1,0
2016-12-13,28399517,2016-12-13T17:59:10.85Z,SJI_1400,1,0
2016-12-13,28399519,2016-12-13T17:59:10.92Z,FUV,1,0
2016-12-13,28399520,2016-12-13T17:59:20.50Z,SJI_1330,1,0
2016-12-13,28399522,2016-12-13T17:59:20.57Z,FUV,1,0
2016-12-13,28399523,2016-12-13T17:59:29.95Z,SJI_2796,1,0
2016-12-13,28399525,2016-12-13T17:59:30.02Z,FUV,1,0
2016-12-13,28399526,2016-12-13T17:59:39.52Z,SJI_2832,1,0
2016-12-13,28399528,2016-12-13T17:59:39.59Z,FUV,1,0
2016-12-13,28399529,2016-12-13T17:59:48.82Z,SJI_1400,1,0
2016-12-13,28399531,2016-12-13T17:59:48.89Z,FUV,1,0
2016-12-13,28399532,2016-12-13T17:59:58.46Z,SJI_1330,1,0
2016-12-13,28399534,2016-12-13T17:59:58.53Z,FUV,1,0
2016-12-13,28399535,2016-12-13T18:00:07.95Z,SJI_2796,1,0
2016-12-13,28399537,2016-12-13T18:00:08.02Z,FUV,1,0
2016-12-13,28399538,2016-12-13T18:00:17.55Z,SJI_2832,1,0
2016-12-13,28399540,2016-12-13T18:00:17.62Z,FUV,1,0
2016-12-13,28399541,2016-12-13T18:00:26.85Z,SJI_1400,1,0
2016-12-13,28399543,2016-12-13T18:00:26.92Z,FUV,1,0
2016-12-13,28399544,2016-12-13T18:00:36.53Z,SJI_1330,1,0
2016-12-13,28399546,2016-12-13T18:00:36.60Z,FUV,1,0
2016-12-13,28399547,2016-12-13T18:00:45.98Z,SJI_2796,1,0
2016-12-13,28399549,2016-12-13T18:00:46.06Z,FUV,1,0
2016-12-13,28399550,2016-12-13T18:00:55.55Z,SJI_2832,1,0
2016-12-13,28399552,2016-12-13T18:00:55.62Z,FUV,1,0
2016-12-13,28399553,2016-12-13T18:01:04.83Z,SJI_1400,1,0
2016-12-13,28399555,2016-12-13T18:01:04.90Z,FUV,1,1
2016-12-13,28399556,2016-12-13T18:01:14.45Z,SJI_1330,1,0
2016-12-13,28399558,2016-12-13T18:01:14.52Z,FUV,1,0
2016-12-13,28399559,2016-12-13T18:01:23.98Z,SJI_2796,1,0
2016-12-13,28399561,2016-12-13T18:01:24.06Z,FUV,1,0
2016-12-13,28399562,2016-12-13T18:01:33.58Z,SJI_2832,1,0
2016-12-13,28399564,2016-12-13T18:01:33.65Z,FUV,1,0
2016-12-13,28399565,2016-12-13T18:01:42.87Z,SJI_1400,1,0
2016-12-13,28399567,2016-12-13T18:01:42.94Z,FUV,1,0
2016-12-13,28399568,2016-12-13T18:01:52.49Z,SJI_1330,1,0
2016-12-13,28399570,2016-12-13T18:01:52.56Z,FUV,1,0
2016-12-13,28399571,2016-12-13T18:02:02.02Z,SJI_2796,1,0
2016-12-13,28399573,2016-12-13T18:02:02.09Z,FUV,1,0
2016-12-13,28399574,2016-12-13T18:02:11.58Z,SJI_2832,1,0
2016-12-13,28399576,2016-12-13T18:02:11.65Z,FUV,1,0
2016-12-13,28399577,2016-12-13T18:02:20.91Z,SJI_1400,1,0
2016-12-13,28399579,2016-12-13T18:02:20.98Z,FUV,1,1
2016-12-13,28399582,2016-12-13T18:02:30.62Z,FUV,0,0
2016-12-13,28399583,2016-12-13T18:02:40.02Z,SJI_2796,0,0
2016-12-13,28399588,2016-12-13T18:02:49.68Z,FUV,0,0
2016-12-13,28399592,2016-12-13T18:03:08.55Z,SJI_1330,0,0
2016-12-13,28399594,2016-12-13T18:03:08.62Z,FUV,0,0
2016-12-13,28399598,2016-12-13T18:03:27.61Z,SJI_2832,0,0
2016-12-13,28399600,2016-12-13T18:03:27.68Z,FUV,0,0
2016-12-13,28399601,2016-12-13T18:03:36.95Z,SJI_1400,0,0
2016-12-13,28399606,2016-12-13T18:03:46.68Z,FUV,0,0
2016-12-13,28399607,2016-12-13T18:03:56.05Z,SJI_2796,0,0
2016-12-13,28399612,2016-12-13T18:04:05.71Z,FUV,0,0
2016-12-13,28399616,2016-12-13T18:04:24.53Z,SJI_1330,0,0
2016-12-13,28399618,2016-12-13T18:04:24.60Z,FUV,0,0
2016-12-13,28399622,2016-12-13T18:04:43.64Z,SJI_2832,0,0
2016-12-13,28399624,2016-12-13T18:04:43.71Z,FUV,0,0
2016-12-13,28399625,2016-12-13T18:04:52.96Z,SJI_1400,0,0
2016-12-13,28399630,2016-12-13T18:05:02.65Z,FUV,0,0
2016-12-13,28399631,2016-12-13T18:05:12.08Z,SJI_2796,0,0
2016-12-13,28399636,2016-12-13T18:05:21.74Z,FUV,0,0
2016-12-13,28399640,2016-12-13T18:05:40.69Z,SJI_1330,0,0
2016-12-13,28399642,2016-12-13T18:05:40.77Z,FUV,0,0
2016-12-13,28399646,2016-12-13T18:05:59.67Z,SJI_2832,0,0
2016-12-13,28399648,2016-12-13T18:05:59.74Z,FUV,0,0
2016-12-13,28399649,2016-12-13T18:06:08.95Z,SJI_1400,0,0
2016-12-13,28399654,2016-12-13T18:06:18.65Z,FUV,0,0
2016-12-13,28399655,2016-12-13T18:06:28.11Z,SJI_2796,0,0
2016-12-13,28399660,2016-12-13T18:06:37.77Z,FUV,0,0
2016-12-13,28399664,2016-12-13T18:06:56.65Z,SJI_1330,0,0
2016-12-13,28399666,2016-12-13T18:06:56.72Z,FUV,0,0
2016-12-13,28399670,2016-12-13T18:07:15.70Z,SJI_2832,0,0
2016-12-13,28399672,2016-12-13T18:07:15.77Z,FUV,0,0
2016-12-13,28399673,2016-12-13T18:07:25.02Z,SJI_1400,0,0
2016-12-13,28399678,2016-12-13T18:07:34.72Z,FUV,0,0
2016-12-13,28399679,2016-12-13T18:07:44.14Z,SJI_2796,0,0
2016-12-13,28399684,2016-12-13T18:07:53.81Z,FUV,0,0
2016-12-13,28399688,2016-12-13T18:08:12.73Z,SJI_1330,0,0
2016-12-13,28399690,2016-12-13T18:08:12.81Z,FUV,0,0
2016-12-13,28399694,2016-12-13T18:08:31.73Z,SJI_2832,0,0
2016-12-13,28399696,2016-12-13T18:08:31.81Z,FUV,0,0
2016-12-13,28399697,2016-12-13T18:08:41.01Z,SJI_1400,0,0
2016-12-13,28399702,2016-12-13T18:08:50.71Z,FUV,0,0
2016-12-13,28399703,2016-12-13T18:09:00.17Z,SJI_2796,0,0
2016-12-13,28399708,2016-12-13T18:09:09.84Z,FUV,0,0
2016-12-13,28399712,2016-12-13T18:09:28.70Z,SJI_1330,0,0
2016-12-13,28399714,2016-12-13T18:09:28.77Z,FUV,0,0
2016-12-13,28399718,2016-12-13T18:09:47.77Z,SJI_2832,0,0
2016-12-13,28399720,2016-12-13T18:09:47.84Z,FUV,0,0
2016-12-13,28399721,2016-12-13T18:09:57.11Z,SJI_1400,0,0
2016-12-13,28399726,2016-12-13T18:10:06.87Z,FUV,0,0
2016-12-13,28399727,2016-12-13T18:10:16.24Z,SJI_2796,0,0
2016-12-13,28399732,2016-12-13T18:10:25.87Z,FUV,0,0
2016-12-13,28399736,2016-12-13T18:10:44.68Z,SJI_1330,0,0
2016-12-13,28399738,2016-12-13T18:10:44.75Z,FUV,0,0
2016-12-13,28399742,2016-12-13T18:11:03.80Z,SJI_2832,0,0
2016-12-13,28399744,2016-12-13T18:11:03.87Z,FUV,0,0
2016-12-13,28399745,2016-12-13T18:11:13.12Z,SJI_1400,0,0
2016-12-13,28399750,2016-12-13T18:11:22.81Z,FUV,0,0
2016-12-13,28399751,2016-12-13T18:11:32.27Z,SJI_2796,0,0
2016-12-13,28399756,2016-12-13T18:11:41.90Z,FUV,0,0
2016-12-13,28399760,2016-12-13T18:12:00.84Z,SJI_1330,0,0
2016-12-13,28399762,2016-12-13T18:12:00.91Z,FUV,0,0
2016-12-13,28399766,2016-12-13T18:12:19.83Z,SJI_2832,0,0
2016-12-13,28399768,2016-12-13T18:12:19.90Z,FUV,0,0
2016-12-13,28399769,2016-12-13T18:12:29.11Z,SJI_1400,0,0
2016-12-13,28399774,2016-12-13T18:12:38.81Z,FUV,0,0
2016-12-13,28399775,2016-12-13T18:12:48.30Z,SJI_2796,0,0
2016-12-13,28399780,2016-12-13T18:12:57.93Z,FUV,0,0
2016-12-13,28399784,2016-12-13T18:13:16.78Z,SJI_1330,0,0
2016-12-13,28399786,2016-12-13T18:13:16.85Z,FUV,0,0
2016-12-13,28399790,2016-12-13T18:13:35.86Z,SJI_2832,0,0
2016-12-13,28399792,2016-12-13T18:13:35.93Z,FUV,0,0
2016-12-13,28399793,2016-12-13T18:13:45.16Z,SJI_1400,0,0
2016-12-13,28399798,2016-12-13T18:13:54.87Z,FUV,0,0
2016-12-13,28399799,2016-12-13T18:14:04.33Z,SJI_2796,0,0
2016-12-13,28399804,2016-12-13T18:14:13.96Z,FUV,0,0
2016-12-13,28399808,2016-12-13T18:14:32.83Z,SJI_1330,0,0
2016-12-13,28399810,2016-12-13T18:14:32.91Z,FUV,0,0
2016-12-13,28399814,2016-12-13T18:14:51.89Z,SJI_2832,0,0
2016-12-13,28399816,2016-12-13T18:14:51.96Z,FUV,0,0
2016-12-13,28399817,2016-12-13T18:15:01.21Z,SJI_1400,0,0
2016-12-13,28399822,2016-12-13T18:15:10.93Z,FUV,0,0
2016-12-13,28399823,2016-12-13T18:15:20.36Z,SJI_2796,0,0
2016-12-13,28399828,2016-12-13T18:15:29.99Z,FUV,0,0
2016-12-13,28399832,2016-12-13T18:15:48.90Z,SJI_1330,0,0
2016-12-13,28399834,2016-12-13T18:15:48.97Z,FUV,0,0
2016-12-13,28399838,2016-12-13T18:16:07.92Z,SJI_2832,0,0
2016-12-13,28399840,2016-12-13T18:16:07.99Z,FUV,0,0
2016-12-13,28399841,2016-12-13T18:16:17.20Z,SJI_1400,0,0
2016-12-13,28399846,2016-12-13T18:16:26.91Z,FUV,0,0
2016-12-13,28399847,2016-12-13T18:16:36.39Z,SJI_2796,0,0
2016-12-13,28399852,2016-12-13T18:16:46.02Z,FUV,0,0
2016-12-13,28399856,2016-12-13T18:17:04.96Z,SJI_1330,0,0
2016-12-13,28399858,2016-12-13T18:17:05.03Z,FUV,0,0
2016-12-13,28399862,2016-12-13T18:17:23.95Z,SJI_2832,0,0
2016-12-13,28399864,2016-12-13T18:17:24.02Z,FUV,0,0
2016-12-13,28399865,2016-12-13T18:17:33.22Z,SJI_1400,0,0
2016-12-13,28399870,2016-12-13T18:17:42.93Z,FUV,0,0
2016-12-13,28399871,2016-12-13T18:17:52.42Z,SJI_2796,0,0
2016-12-13,28399876,2016-12-13T18:18:02.06Z,FUV,0,0
2016-12-13,28399880,2016-12-13T18:18:20.94Z,SJI_1330,0,0
2016-12-13,28399882,2016-12-13T18:18:21.02Z,FUV,0,0
2016-12-13,28399886,2016-12-13T18:18:39.98Z,SJI_2832,0,0
2016-12-13,28399888,2016-12-13T18:18:40.06Z,FUV,0,0
2016-12-13,28399889,2016-12-13T18:18:49.29Z,SJI_1400,0,0
2016-12-13,28399894,2016-12-13T18:18:58.99Z,FUV,0,0
2016-12-13,28399895,2016-12-13T18:19:08.45Z,SJI_2796,0,0
2016-12-13,28399900,2016-12-13T18:19:18.09Z,FUV,0,0
2016-12-13,28399904,2016-12-13T18:19:36.96Z,SJI_1330,0,0
2016-12-13,28399906,2016-12-13T18:19:37.03Z,FUV,0,0
2016-12-13,28399910,2016-12-13T18:19:56.02Z,SJI_2832,0,0
2016-12-13,28399912,2016-12-13T18:19:56.09Z,FUV,0,0
2016-12-13,28399913,2016-12-13T18:20:05.35Z,SJI_1400,0,0
2016-12-13,28399918,2016-12-13T18:20:15.06Z,FUV,0,0
2016-12-13,28399919,2016-12-13T18:20:24.48Z,SJI_2796,0,0
2016-12-13,28399924,2016-12-13T18:20:34.12Z,FUV,0,0
2016-12-13,28399928,2016-12-13T18:20:52.94Z,SJI_1330,0,0
2016-12-13,28399930,2016-12-13T18:20:53.02Z,FUV,0,0
2016-12-13,28399934,2016-12-13T18:21:12.05Z,SJI_2832,0,0
2016-12-13,28399936,2016-12-13T18:21:12.12Z,FUV,0,0
2016-12-13,28399937,2016-12-13T18:21:21.33Z,SJI_1400,0,0
2016-12-13,28399942,2016-12-13T18:21:31.02Z,FUV,0,0
2016-12-13,28399943,2016-12-13T18:21:40.52Z,SJI_2796,0,0
2016-12-13,28399948,2016-12-13T18:21:50.15Z,FUV,0,0
2016-12-13,28399952,2016-12-13T18:22:09.03Z,SJI_1330,0,0
2016-12-13,28399954,2016-12-13T18:22:09.10Z,FUV,0,0
2016-12-13,28399958,2016-12-13T18:22:28.08Z,SJI_2832,0,0
2016-12-13,28399960,2016-12-13T18:22:28.15Z,FUV,0,0
2016-12-13,28399961,2016-12-13T18:22:37.38Z,SJI_1400,0,0
2016-12-13,28399966,2016-12-13T18:22:47.15Z,FUV,0,0
2016-12-13,28399967,2016-12-13T18:22:56.55Z,SJI_2796,0,0
2016-12-13,28399972,2016-12-13T18:23:06.18Z,FUV,0,0
2016-12-13,28399976,2016-12-13T18:23:24.99Z,SJI_1330,0,0
2016-12-13,28399978,2016-12-13T18:23:25.06Z,FUV,0,0
2016-12-13,28399982,2016-12-13T18:23:44.11Z,SJI_2832,0,0
2016-12-13,28399984,2016-12-13T18:23:44.18Z,FUV,0,0
2016-12-13,28399985,2016-12-13T18:23:53.44Z,SJI_1400,0,0
2016-12-13,28399990,2016-12-13T18:24:03.19Z,FUV,0,0
2016-12-13,28399991,2016-12-13T18:24:12.58Z,SJI_2796,0,0
2016-12-13,28399996,2016-12-13T18:24:22.21Z,FUV,0,0
2016-12-13,28400000,2016-12-13T18:24:41.12Z,SJI_1330,0,0
2016-12-13,28400002,2016-12-13T18:24:41.19Z,FUV,0,0
2016-12-13,28400006,2016-12-13T18:25:00.17Z,SJI_2832,0,0
2016-12-13,28400008,2016-12-13T18:25:00.24Z,FUV,0,0
2016-12-13,28400009,2016-12-13T18:25:09.44Z,SJI_1400,0,0
2016-12-13,28400014,2016-12-13T18:25:19.12Z,FUV,0,0
2016-12-13,28400015,2016-12-13T18:25:28.61Z,SJI_2796,0,0
2016-12-13,28400020,2016-12-13T18:25:38.24Z,FUV,0,0
2016-12-13,28400024,2016-12-13T18:25:57.12Z,SJI_1330,0,0
2016-12-13,28400026,2016-12-13T18:25:57.19Z,FUV,0,0
2016-12-13,28400030,2016-12-13T18:26:16.20Z,SJI_2832,0,0
2016-12-13,28400032,2016-12-13T18:26:16.27Z,FUV,0,0
2016-12-13,28400033,2016-12-13T18:26:25.52Z,SJI_1400,0,0
2016-12-13,28400038,2016-12-13T18:26:35.25Z,FUV,0,0
2016-12-13,28400039,2016-12-13T18:26:44.64Z,SJI_2796,0,0
2016-12-13,28400044,2016-12-13T18:26:54.27Z,FUV,0,0
2016-12-13,28400048,2016-12-13T18:27:13.11Z,SJI_1330,0,0
2016-12-13,28400050,2016-12-13T18:27:13.18Z,FUV,0,0
2016-12-13,28400054,2016-12-13T18:27:32.23Z,SJI_2832,0,0
2016-12-13,28400056,2016-12-13T18:27:32.31Z,FUV,0,0
2016-12-13,28400057,2016-12-13T18:27:41.57Z,SJI_1400,0,0
2016-12-13,28400062,2016-12-13T18:27:51.27Z,FUV,0,0
2016-12-13,28400063,2016-12-13T18:28:00.67Z,SJI_2796,0,0
2016-12-13,28400068,2016-12-13T18:28:10.30Z,FUV,0,0
2016-12-13,28400072,2016-12-13T18:28:29.18Z,SJI_1330,0,0
2016-12-13,28400074,2016-12-13T18:28:29.25Z,FUV,0,0
2016-12-13,28400078,2016-12-13T18:28:48.27Z,SJI_2832,0,0
2016-12-13,28400080,2016-12-13T18:28:48.34Z,FUV,0,0
2016-12-13,28400081,2016-12-13T18:28:57.61Z,SJI_1400,0,0
2016-12-13,28400086,2016-12-13T18:29:07.35Z,FUV,0,0
2016-12-13,28400087,2016-12-13T18:29:16.70Z,SJI_2796,0,0
2016-12-13,28400092,2016-12-13T18:29:26.34Z,FUV,0,0
2016-12-13,28400096,2016-12-13T18:29:45.17Z,SJI_1330,0,0
2016-12-13,28400098,2016-12-13T18:29:45.24Z,FUV,0,0
2016-12-13,28400102,2016-12-13T18:30:04.30Z,SJI_2832,0,0
2016-12-13,28400104,2016-12-13T18:30:04.37Z,FUV,0,0
2016-12-13,28400105,2016-12-13T18:30:13.58Z,SJI_1400,0,0
2016-12-13,28400110,2016-12-13T18:30:23.29Z,FUV,0,0
2016-12-13,28400111,2016-12-13T18:30:32.73Z,SJI_2796,0,0
2016-12-13,28400116,2016-12-13T18:30:42.37Z,FUV,0,0
2016-12-13,28400120,2016-12-13T18:31:01.25Z,SJI_1330,0,0
2016-12-13,28400122,2016-12-13T18:31:01.32Z,FUV,0,0
2016-12-13,28400126,2016-12-13T18:31:20.33Z,SJI_2832,0,0
2016-12-13,28400128,2016-12-13T18:31:20.40Z,FUV,0,0
2016-12-13,28400129,2016-12-13T18:31:29.66Z,SJI_1400,0,0
2016-12-13,28400134,2016-12-13T18:31:39.35Z,FUV,0,0
2016-12-13,28400135,2016-12-13T18:31:48.77Z,SJI_2796,0,0
2016-12-13,28400140,2016-12-13T18:31:58.40Z,FUV,0,0
2016-12-13,28400144,2016-12-13T18:32:17.30Z,SJI_1330,0,0
2016-12-13,28400146,2016-12-13T18:32:17.37Z,FUV,0,0
2016-12-13,28400150,2016-12-13T18:32:36.36Z,SJI_2832,0,0
2016-12-13,28400152,2016-12-13T18:32:36.43Z,FUV,0,0
2016-12-13,28400153,2016-12-13T18:32:45.69Z,SJI_1400,0,0
2016-12-13,28400158,2016-12-13T18:32:55.42Z,FUV,0,0
2016-12-13,28400159,2016-12-13T18:33:04.80Z,SJI_2796,0,0
2016-12-13,28400164,2016-12-13T18:33:14.43Z,FUV,0,0
2016-12-13,28400168,2016-12-13T18:33:33.27Z,SJI_1330,0,0
2016-12-13,28400170,2016-12-13T18:33:33.34Z,FUV,0,0
2016-12-13,28400174,2016-12-13T18:33:52.39Z,SJI_2832,0,0
2016-12-13,28400176,2016-12-13T18:33:52.46Z,FUV,0,0
2016-12-13,28400177,2016-12-13T18:34:01.69Z,SJI_1400,0,0
2016-12-13,28400182,2016-12-13T18:34:11.38Z,FUV,0,0
2016-12-13,28400183,2016-12-13T18:34:20.83Z,SJI_2796,0,0
2016-12-13,28400188,2016-12-13T18:34:30.46Z,FUV,0,0
2016-12-13,28400192,2016-12-13T18:34:49.36Z,SJI_1330,0,0
2016-12-13,28400194,2016-12-13T18:34:49.43Z,FUV,0,0
2016-12-13,28400198,2016-12-13T18:35:08.42Z,SJI_2832,0,0
2016-12-13,28400200,2016-12-13T18:35:08.49Z,FUV,0,0
2016-12-13,28400201,2016-12-13T18:35:17.73Z,SJI_1400,0,0
2016-12-13,28400206,2016-12-13T18:35:27.46Z,FUV,0,0
2016-12-13,28400207,2016-12-13T18:35:36.86Z,SJI_2796,0,0
2016-12-13,28400212,2016-12-13T18:35:46.49Z,FUV,0,0
2016-12-13,28400216,2016-12-13T18:36:05.37Z,SJI_1330,0,0
2016-12-13,28400218,2016-12-13T18:36:05.44Z,FUV,0,0
2016-12-13,28400222,2016-12-13T18:36:24.45Z,SJI_2832,0,0
2016-12-13,28400224,2016-12-13T18:36:24.52Z,FUV,0,0
2016-12-13,28400225,2016-12-13T18:36:33.77Z,SJI_1400,0,0
2016-12-13,28400230,2016-12-13T18:36:43.49Z,FUV,0,0
2016-12-13,28400231,2016-12-13T18:36:52.89Z,SJI_2796,0,0
2016-12-13,28400236,2016-12-13T18:37:02.52Z,FUV,0,0
2016-12-13,28400240,2016-12-13T18:37:21.36Z,SJI_1330,0,0
2016-12-13,28400242,2016-12-13T18:37:21.43Z,FUV,0,0
2016-12-13,28400246,2016-12-13T18:37:40.48Z,SJI_2832,0,0
2016-12-13,28400248,2016-12-13T18:37:40.56Z,FUV,0,0
2016-12-13,28400249,2016-12-13T18:37:49.77Z,SJI_1400,0,0
2016-12-13,28400254,2016-12-13T18:37:59.45Z,FUV,0,0
2016-12-13,28400255,2016-12-13T18:38:08.92Z,SJI_2796,0,0
2016-12-13,28400260,2016-12-13T18:38:18.56Z,FUV,0,0
2016-12-13,28400264,2016-12-13T18:38:37.43Z,SJI_1330,0,0
2016-12-13,28400266,2016-12-13T18:38:37.50Z,FUV,0,0
2016-12-13,28400270,2016-12-13T18:38:56.52Z,SJI_2832,0,0
2016-12-13,28400272,2016-12-13T18:38:56.59Z,FUV,0,0
2016-12-13,28400273,2016-12-13T18:39:05.82Z,SJI_1400,0,0
2016-12-13,28400278,2016-12-13T18:39:15.56Z,FUV,0,0
2016-12-13,28400279,2016-12-13T18:39:24.95Z,SJI_2796,0,0
2016-12-13,28400284,2016-12-13T18:39:34.59Z,FUV,0,0
2016-12-13,28400288,2016-12-13T19:16:31.89Z,SJI_1330,0,0
2016-12-13,28400290,2016-12-13T19:16:31.96Z,FUV,0,0
2016-12-13,28400294,2016-12-13T19:16:51.02Z,SJI_2832,0,0
2016-12-13,28400296,2016-12-13T19:16:51.09Z,FUV,0,0
2016-12-13,28400297,2016-12-13T19:17:00.37Z,SJI_1400,0,0
2016-12-13,28400302,2016-12-13T19:17:10.07Z,FUV,0,0
2016-12-13,28400303,2016-12-13T19:17:19.45Z,SJI_2796,0,0
2016-12-13,28400308,2016-12-13T19:17:29.12Z,FUV,0,0
2016-12-13,28400312,2016-12-13T19:17:47.96Z,SJI_1330,0,0
2016-12-13,28400314,2016-12-13T19:17:48.03Z,FUV,0,0
2016-12-13,28400318,2016-12-13T19:18:07.05Z,SJI_2832,0,0
2016-12-13,28400320,2016-12-13T19:18:07.12Z,FUV,0,0
2016-12-13,28400321,2016-12-13T19:18:16.39Z,SJI_1400,0,0
2016-12-13,28400326,2016-12-13T19:18:26.12Z,FUV,0,0
2016-12-13,28400327,2016-12-13T19:18:35.48Z,SJI_2796,0,0
2016-12-13,28400332,2016-12-13T19:18:45.15Z,FUV,0,0
2016-12-13,28400336,2016-12-13T19:19:03.95Z,SJI_1330,0,0
2016-12-13,28400338,2016-12-13T19:19:04.02Z,FUV,0,0
2016-12-13,28400342,2016-12-13T19:19:23.08Z,SJI_2832,0,0
2016-12-13,28400344,2016-12-13T19:19:23.15Z,FUV,0,0
2016-12-13,28400345,2016-12-13T19:19:32.39Z,SJI_1400,0,0
2016-12-13,28400350,2016-12-13T19:19:42.09Z,FUV,0,0
2016-12-13,28400351,2016-12-13T19:19:51.52Z,SJI_2796,0,0
2016-12-13,28400356,2016-12-13T19:20:01.18Z,FUV,0,0
2016-12-13,28400360,2016-12-13T19:20:20.11Z,SJI_1330,0,0
2016-12-13,28400362,2016-12-13T19:20:20.18Z,FUV,0,0
2016-12-13,28400366,2016-12-13T19:20:39.11Z,SJI_2832,0,0
2016-12-13,28400368,2016-12-13T19:20:39.18Z,FUV,0,0
2016-12-13,28400369,2016-12-13T19:20:48.39Z,SJI_1400,0,0
2016-12-13,28400374,2016-12-13T19:20:58.09Z,FUV,0,0
2016-12-13,28400375,2016-12-13T19:21:07.55Z,SJI_2796,0,0
2016-12-13,28400380,2016-12-13T19:21:17.21Z,FUV,0,0
2016-12-13,28400381,2016-12-13T19:21:26.44Z,SJI_1400,1,0
2016-12-13,28400383,2016-12-13T19:21:26.51Z,FUV,1,0
2016-12-13,28400384,2016-12-13T19:21:36.05Z,SJI_1330,1,0
2016-12-13,28400386,2016-12-13T19:21:36.12Z,FUV,1,0
2016-12-13,28400387,2016-12-13T19:21:45.58Z,SJI_2796,1,0
2016-12-13,28400389,2016-12-13T19:21:45.65Z,FUV,1,0
2016-12-13,28400390,2016-12-13T19:21:55.14Z,SJI_2832,1,0
2016-12-13,28400392,2016-12-13T19:21:55.21Z,FUV,1,0
2016-12-13,28400393,2016-12-13T19:22:04.44Z,SJI_1400,1,0
2016-12-13,28400395,2016-12-13T19:22:04.52Z,FUV,1,0
2016-12-13,28400396,2016-12-13T19:22:14.10Z,SJI_1330,1,0
2016-12-13,28400398,2016-12-13T19:22:14.17Z,FUV,1,0
2016-12-13,28400399,2016-12-13T19:22:23.58Z,SJI_2796,1,0
2016-12-13,28400401,2016-12-13T19:22:23.65Z,FUV,1,0
2016-12-13,28400402,2016-12-13T19:22:33.17Z,SJI_2832,1,0
2016-12-13,28400404,2016-12-13T19:22:33.24Z,FUV,1,0
2016-12-13,28400405,2016-12-13T19:22:42.50Z,SJI_1400,1,0
2016-12-13,28400407,2016-12-13T19:22:42.57Z,FUV,1,0
2016-12-13,28400408,2016-12-13T19:22:52.18Z,SJI_1330,1,0
2016-12-13,28400410,2016-12-13T19:22:52.25Z,FUV,1,0
2016-12-13,28400411,2016-12-13T19:23:01.61Z,SJI_2796,1,0
2016-12-13,28400413,2016-12-13T19:23:01.68Z,FUV,1,0
2016-12-13,28400414,2016-12-13T19:23:11.17Z,SJI_2832,1,0
2016-12-13,28400416,2016-12-13T19:23:11.24Z,FUV,1,0
2016-12-13,28400417,2016-12-13T19:23:20.44Z,SJI_1400,1,0
2016-12-13,28400419,2016-12-13T19:23:20.52Z,FUV,1,0
2016-12-13,28400420,2016-12-13T19:23:30.08Z,SJI_1330,1,0
2016-12-13,28400422,2016-12-13T19:23:30.15Z,FUV,1,0
2016-12-13,28400423,2016-12-13T19:23:39.61Z,SJI_2796,1,0
2016-12-13,28400425,2016-12-13T19:23:39.68Z,FUV,1,0
2016-12-13,28400426,2016-12-13T19:23:49.20Z,SJI_2832,1,0
2016-12-13,28400428,2016-12-13T19:23:49.27Z,FUV,1,0
2016-12-13,28400429,2016-12-13T19:23:58.50Z,SJI_1400,1,0
2016-12-13,28400431,2016-12-13T19:23:58.57Z,FUV,1,0
2016-12-13,28400432,2016-12-13T19:24:08.12Z,SJI_1330,1,0
2016-12-13,28400434,2016-12-13T19:24:08.19Z,FUV,1,0
2016-12-13,28400435,2016-12-13T19:24:17.64Z,SJI_2796,1,0
2016-12-13,28400437,2016-12-13T19:24:17.71Z,FUV,1,0
2016-12-13,28400438,2016-12-13T19:24:27.20Z,SJI_2832,1,0
2016-12-13,28400440,2016-12-13T19:24:27.27Z,FUV,1,0
2016-12-13,28400441,2016-12-13T19:24:36.51Z,SJI_1400,1,0
2016-12-13,28400443,2016-12-13T19:24:36.58Z,FUV,1,0
2016-12-13,28400444,2016-12-13T19:24:46.16Z,SJI_1330,1,0
2016-12-13,28400446,2016-12-13T19:24:46.23Z,FUV,1,0
2016-12-13,28400447,2016-12-13T19:24:55.64Z,SJI_2796,1,0
2016-12-13,28400449,2016-12-13T19:24:55.71Z,FUV,1,0
2016-12-13,28400450,2016-12-13T19:25:05.23Z,SJI_2832,1,0
2016-12-13,28400452,2016-12-13T19:25:05.31Z,FUV,1,0
2016-12-13,28400453,2016-12-13T19:25:14.55Z,SJI_1400,1,0
2016-12-13,28400455,2016-12-13T19:25:14.62Z,FUV,1,0
2016-12-13,28400456,2016-12-13T19:25:24.18Z,SJI_1330,1,0
2016-12-13,28400458,2016-12-13T19:25:24.25Z,FUV,1,0
2016-12-13,28400459,2016-12-13T19:25:33.67Z,SJI_2796,1,0
2016-12-13,28400461,2016-12-13T19:25:33.74Z,FUV,1,2
2016-12-13,28400462,2016-12-13T19:25:43.23Z,SJI_2832,1,0
2016-12-13,28400464,2016-12-13T19:25:43.31Z,FUV,1,0
2016-12-13,28400465,2016-12-13T19:25:52.55Z,SJI_1400,1,0
2016-12-13,28400467,2016-12-13T19:25:52.62Z,FUV,1,1
2016-12-13,28400468,2016-12-13T19:26:02.18Z,SJI_1330,1,0
2016-12-13,28400470,2016-12-13T19:26:02.25Z,FUV,1,0
2016-12-13,28400471,2016-12-13T19:26:11.67Z,SJI_2796,1,0
2016-12-13,28400473,2016-12-13T19:26:11.74Z,FUV,1,0
2016-12-13,28400474,2016-12-13T19:26:21.27Z,SJI_2832,1,0
2016-12-13,28400476,2016-12-13T19:26:21.34Z,FUV,1,0
2016-12-13,28400477,2016-12-13T19:26:30.61Z,SJI_1400,1,0
2016-12-13,28400479,2016-12-13T19:26:30.68Z,FUV,1,0
2016-12-13,28400480,2016-12-13T19:26:40.27Z,SJI_1330,1,0
2016-12-13,28400482,2016-12-13T19:26:40.34Z,FUV,1,0
2016-12-13,28400483,2016-12-13T19:26:49.70Z,SJI_2796,1,0
2016-12-13,28400485,2016-12-13T19:26:49.77Z,FUV,1,0
2016-12-13,28400486,2016-12-13T19:26:59.27Z,SJI_2832,1,0
2016-12-13,28400488,2016-12-13T19:26:59.34Z,FUV,1,0
2016-12-13,28400489,2016-12-13T19:27:08.53Z,SJI_1400,1,0
2016-12-13,28400491,2016-12-13T19:27:08.60Z,FUV,1,0
2016-12-13,28400492,2016-12-13T19:27:18.17Z,SJI_1330,1,0
2016-12-13,28400494,2016-12-13T19:27:18.24Z,FUV,1,0
2016-12-13,28400495,2016-12-13T19:27:27.70Z,SJI_2796,1,0
2016-12-13,28400497,2016-12-13T19:27:27.77Z,FUV,1,0
2016-12-13,28400498,2016-12-13T19:27:37.30Z,SJI_2832,1,0
2016-12-13,28400500,2016-12-13T19:27:37.37Z,FUV,1,0
2016-12-13,28400501,2016-12-13T19:27:46.60Z,SJI_1400,1,0
2016-12-13,28400503,2016-12-13T19:27:46.67Z,FUV,1,0
2016-12-13,28400504,2016-12-13T19:27:56.25Z,SJI_1330,1,0
2016-12-13,28400506,2016-12-13T19:27:56.32Z,FUV,1,0
2016-12-13,28400507,2016-12-13T19:28:05.73Z,SJI_2796,1,0
2016-12-13,28400509,2016-12-13T19:28:05.81Z,FUV,1,0
2016-12-13,28400510,2016-12-13T19:28:15.30Z,SJI_2832,1,0
2016-12-13,28400512,2016-12-13T19:28:15.37Z,FUV,1,0
2016-12-13,28400513,2016-12-13T19:28:24.65Z,SJI_1400,1,0
2016-12-13,28400515,2016-12-13T19:28:24.72Z,FUV,1,0
2016-12-13,28400516,2016-12-13T19:28:34.30Z,SJI_1330,1,0
2016-12-13,28400518,2016-12-13T19:28:34.37Z,FUV,1,0
2016-12-13,28400519,2016-12-13T19:28:43.73Z,SJI_2796,1,0
2016-12-13,28400521,2016-12-13T19:28:43.81Z,FUV,1,0
2016-12-13,28400522,2016-12-13T19:28:53.33Z,SJI_2832,1,0
2016-12-13,28400524,2016-12-13T19:28:53.40Z,FUV,1,0
2016-12-13,28400525,2016-12-13T19:29:02.60Z,SJI_1400,1,0
2016-12-13,28400527,2016-12-13T19:29:02.67Z,FUV,1,0
2016-12-13,28400528,2016-12-13T19:29:12.20Z,SJI_1330,1,0
2016-12-13,28400530,2016-12-13T19:29:12.28Z,FUV,1,0
2016-12-13,28400531,2016-12-13T19:29:21.77Z,SJI_2796,1,1
2016-12-13,28400533,2016-12-13T19:29:21.84Z,FUV,1,1
2016-12-13,28400534,2016-12-13T19:29:31.33Z,SJI_2832,1,0
2016-12-13,28400536,2016-12-13T19:29:31.40Z,FUV,1,2
2016-12-13,28400537,2016-12-13T19:29:40.62Z,SJI_1400,1,0
2016-12-13,28400539,2016-12-13T19:29:40.69Z,FUV,1,0
2016-12-13,28400540,2016-12-13T19:29:50.25Z,SJI_1330,1,0
2016-12-13,28400542,2016-12-13T19:29:50.32Z,FUV,1,1
2016-12-13,28400543,2016-12-13T19:29:59.77Z,SJI_2796,1,1
2016-12-13,28400545,2016-12-13T19:29:59.84Z,FUV,1,1
2016-12-13,28400546,2016-12-13T19:30:09.36Z,SJI_2832,1,0
2016-12-13,28400548,2016-12-13T19:30:09.43Z,FUV,1,0
2016-12-13,28400549,2016-12-13T19:30:18.69Z,SJI_1400,1,0
2016-12-13,28400551,2016-12-13T19:30:18.76Z,FUV,1,0
2016-12-13,28400552,2016-12-13T19:30:28.33Z,SJI_1330,1,0
2016-12-13,28400554,2016-12-13T19:30:28.41Z,FUV,1,1
2016-12-13,28400555,2016-12-13T19:30:37.80Z,SJI_2796,1,0
2016-12-13,28400557,2016-12-13T19:30:37.87Z,FUV,1,0
2016-12-13,28400558,2016-12-13T19:30:47.36Z,SJI_2832,1,0
2016-12-13,28400560,2016-12-13T19:30:47.43Z,FUV,1,2
2016-12-13,28400561,2016-12-13T19:30:56.69Z,SJI_1400,1,0
2016-12-13,28400563,2016-12-13T19:30:56.77Z,FUV,1,1
2016-12-13,28400564,2016-12-13T19:31:06.34Z,SJI_1330,1,0
2016-12-13,28400566,2016-12-13T19:31:06.41Z,FUV,1,0
2016-12-13,28400567,2016-12-13T19:31:15.80Z,SJI_2796,1,0
2016-12-13,28400569,2016-12-13T19:31:15.87Z,FUV,1,0
2016-12-13,28400570,2016-12-13T19:31:25.39Z,SJI_2832,1,0
2016-12-13,28400572,2016-12-13T19:31:25.46Z,FUV,1,2
2016-12-13,28400573,2016-12-13T19:31:34.70Z,SJI_1400,1,0
2016-12-13,28400575,2016-12-13T19:31:34.77Z,FUV,1,2
2016-12-13,28400576,2016-12-13T19:31:44.36Z,SJI_1330,1,0
2016-12-13,28400578,2016-12-13T19:31:44.43Z,FUV,1,0
2016-12-13,28400579,2016-12-13T19:31:53.83Z,SJI_2796,1,0
2016-12-13,28400581,2016-12-13T19:31:53.90Z,FUV,1,2
2016-12-13,28400582,2016-12-13T19:32:03.39Z,SJI_2832,1,0
2016-12-13,28400584,2016-12-13T19:32:03.46Z,FUV,1,4
2016-12-13,28400585,2016-12-13T19:32:12.74Z,SJI_1400,1,0
2016-12-13,28400587,2016-12-13T19:32:12.81Z,FUV,1,4
2016-12-13,28400588,2016-12-13T19:32:22.41Z,SJI_1330,1,0
2016-12-13,28400590,2016-12-13T19:32:22.48Z,FUV,1,4
2016-12-13,28400591,2016-12-13T19:32:31.86Z,SJI_2796,1,0
2016-12-13,28400593,2016-12-13T19:32:31.93Z,FUV,1,0
2016-12-13,28400594,2016-12-13T19:32:41.42Z,SJI_2832,1,0
2016-12-13,28400596,2016-12-13T19:32:41.49Z,FUV,1,3
2016-12-13,28400597,2016-12-13T19:32:50.69Z,SJI_1400,1,0
2016-12-13,28400599,2016-12-13T19:32:50.76Z,FUV,1,3
2016-12-13,28400600,2016-12-13T19:33:00.30Z,SJI_1330,1,0
2016-12-13,28400602,2016-12-13T19:33:00.37Z,FUV,1,3
2016-12-13,28400603,2016-12-13T19:33:09.86Z,SJI_2796,1,0
2016-12-13,28400605,2016-12-13T19:33:09.93Z,FUV,1,2
2016-12-13,28400606,2016-12-13T19:33:19.42Z,SJI_2832,1,0
2016-12-13,28400608,2016-12-13T19:33:19.49Z,FUV,1,3
2016-12-13,28400609,2016-12-13T19:33:28.73Z,SJI_1400,1,0
2016-12-13,28400611,2016-12-13T19:33:28.80Z,FUV,1,4
2016-12-13,28400612,2016-12-13T19:33:38.34Z,SJI_1330,1,0
2016-12-13,28400614,2016-12-13T19:33:38.41Z,FUV,1,1
2016-12-13,28400615,2016-12-13T19:33:47.89Z,SJI_2796,1,0
2016-12-13,28400617,2016-12-13T19:33:47.96Z,FUV,1,3
2016-12-13,28400618,2016-12-13T19:33:57.45Z,SJI_2832,1,0
2016-12-13,28400620,2016-12-13T19:33:57.52Z,FUV,1,0
2016-12-13,28400621,2016-12-13T19:34:06.77Z,SJI_1400,1,1
2016-12-13,28400623,2016-12-13T19:34:06.84Z,FUV,1,6
2016-12-13,28400624,2016-12-13T19:34:16.41Z,SJI_1330,1,0
2016-12-13,28400626,2016-12-13T19:34:16.48Z,FUV,1,0
2016-12-13,28400627,2016-12-13T19:34:25.89Z,SJI_2796,1,0
2016-12-13,28400629,2016-12-13T19:34:25.96Z,FUV,1,4
2016-12-13,28400630,2016-12-13T19:34:35.45Z,SJI_2832,1,1
2016-12-13,28400632,2016-12-13T19:34:35.52Z,FUV,1,0
2016-12-13,28400633,2016-12-13T19:34:44.79Z,SJI_1400,1,0
2016-12-13,28400635,2016-12-13T19:34:44.86Z,FUV,1,1
2016-12-13,28400636,2016-12-13T19:34:54.43Z,SJI_1330,1,0
2016-12-13,28400638,2016-12-13T19:34:54.50Z,FUV,1,4
2016-12-13,28400639,2016-12-13T19:35:03.92Z,SJI_2796,1,0
2016-12-13,28400641,2016-12-13T19:35:03.99Z,FUV,1,0
2016-12-13,28400642,2016-12-13T19:35:13.48Z,SJI_2832,1,1
2016-12-13,28400644,2016-12-13T19:35:13.56Z,FUV,1,1
2016-12-13,28400645,2016-12-13T19:35:22.77Z,SJI_1400,1,1
2016-12-13,28400647,2016-12-13T19:35:22.84Z,FUV,1,1
2016-12-13,28400648,2016-12-13T19:35:32.38Z,SJI_1330,1,0
2016-12-13,28400650,2016-12-13T19:35:32.45Z,FUV,1,0
2016-12-13,28400651,2016-12-13T19:35:41.92Z,SJI_2796,1,0
2016-12-13,28400653,2016-12-13T19:35:41.99Z,FUV,1,3
2016-12-13,28400654,2016-12-13T19:35:51.52Z,SJI_2832,1,0
2016-12-13,28400656,2016-12-13T19:35:51.59Z,FUV,1,2
2016-12-13,28400657,2016-12-13T19:36:00.84Z,SJI_1400,1,0
2016-12-13,28400659,2016-12-13T19:36:00.91Z,FUV,1,2
2016-12-13,28400660,2016-12-13T19:36:10.48Z,SJI_1330,1,0
2016-12-13,28400662,2016-12-13T19:36:10.56Z,FUV,1,0
2016-12-13,28400663,2016-12-13T19:36:19.95Z,SJI_2796,1,0
2016-12-13,28400665,2016-12-13T19:36:20.02Z,FUV,1,2
2016-12-13,28400666,2016-12-13T19:36:29.52Z,SJI_2832,1,0
2016-12-13,28400668,2016-12-13T19:36:29.59Z,FUV,1,2
2016-12-13,28400669,2016-12-13T19:36:38.83Z,SJI_1400,1,0
2016-12-13,28400671,2016-12-13T19:36:38.91Z,FUV,1,0
2016-12-13,28400672,2016-12-13T19:36:48.49Z,SJI_1330,1,0
2016-12-13,28400674,2016-12-13T19:36:48.56Z,FUV,1,1
2016-12-13,28400675,2016-12-13T19:36:57.95Z,SJI_2796,1,0
2016-12-13,28400677,2016-12-13T19:36:58.02Z,FUV,1,1
2016-12-13,28400678,2016-12-13T19:37:07.52Z,SJI_2832,1,0
2016-12-13,28400680,2016-12-13T19:37:07.59Z,FUV,1,0
2016-12-13,28400681,2016-12-13T19:37:16.82Z,SJI_1400,1,0
2016-12-13,28400683,2016-12-13T19:37:16.89Z,FUV,1,0
2016-12-13,28400684,2016-12-13T19:37:26.47Z,SJI_1330,1,0
2016-12-13,28400686,2016-12-13T19:37:26.54Z,FUV,1,0
2016-12-13,28400687,2016-12-13T19:37:35.98Z,SJI_2796,1,0
2016-12-13,28400689,2016-12-13T19:37:36.06Z,FUV,1,0
2016-12-13,28400690,2016-12-13T19:37:45.55Z,SJI_2832,1,0
2016-12-13,28400692,2016-12-13T19:37:45.62Z,FUV,1,1
2016-12-13,28400693,2016-12-13T19:37:54.89Z,SJI_1400,1,0
2016-12-13,28400695,2016-12-13T19:37:54.96Z,FUV,1,0
2016-12-13,28400696,2016-12-13T19:38:04.56Z,SJI_1330,1,0
2016-12-13,28400698,2016-12-13T19:38:04.63Z,FUV,1,0
2016-12-13,28400699,2016-12-13T19:38:13.99Z,SJI_2796,1,0
2016-12-13,28400701,2016-12-13T19:38:14.06Z,FUV,1,0
2016-12-13,28400702,2016-12-13T19:38:23.55Z,SJI_2832,1,0
2016-12-13,28400704,2016-12-13T19:38:23.62Z,FUV,1,0
2016-12-13,28400705,2016-12-13T19:38:32.83Z,SJI_1400,1,0
2016-12-13,28400707,2016-12-13T19:38:32.90Z,FUV,1,0
2016-12-13,28400708,2016-12-13T19:38:42.45Z,SJI_1330,1,0
2016-12-13,28400710,2016-12-13T19:38:42.52Z,FUV,1,0
2016-12-13,28400711,2016-12-13T19:38:52.02Z,SJI_2796,1,0
2016-12-13,28400713,2016-12-13T19:38:52.09Z,FUV,1,0
2016-12-13,28400714,2016-12-13T19:39:01.58Z,SJI_2832,1,0
2016-12-13,28400716,2016-12-13T19:39:01.65Z,FUV,1,0
2016-12-13,28400717,2016-12-13T19:39:10.89Z,SJI_1400,1,0
2016-12-13,28400719,2016-12-13T19:39:10.96Z,FUV,1,0
2016-12-13,28400720,2016-12-13T19:39:20.55Z,SJI_1330,1,0
2016-12-13,28400722,2016-12-13T19:39:20.62Z,FUV,1,0
2016-12-13,28400723,2016-12-13T19:39:30.02Z,SJI_2796,1,0
2016-12-13,28400725,2016-12-13T19:39:30.09Z,FUV,1,0
2016-12-13,28400726,2016-12-13T19:39:39.58Z,SJI_2832,1,0
2016-12-13,28400728,2016-12-13T19:39:39.65Z,FUV,1,0
2016-12-13,28400729,2016-12-13T19:39:48.90Z,SJI_1400,1,0
2016-12-13,28400731,2016-12-13T19:39:48.97Z,FUV,1,0
2016-12-13,28400732,2016-12-13T19:39:58.53Z,SJI_1330,1,0
2016-12-13,28400734,2016-12-13T19:39:58.60Z,FUV,1,0
2016-12-13,28400735,2016-12-13T19:40:08.05Z,SJI_2796,1,0
2016-12-13,28400737,2016-12-13T19:40:08.12Z,FUV,1,0
2016-12-13,28400738,2016-12-13T19:40:17.61Z,SJI_2832,1,0
2016-12-13,28400740,2016-12-13T19:40:17.68Z,FUV,1,0
2016-12-13,28400741,2016-12-13T19:40:26.92Z,SJI_1400,1,0
2016-12-13,28400743,2016-12-13T19:40:26.99Z,FUV,1,0
2016-12-13,28400744,2016-12-13T19:40:36.56Z,SJI_1330,0,0
2016-12-13,28400746,2016-12-13T19:40:36.63Z,FUV,0,0
2016-12-13,28400750,2016-12-13T19:40:55.61Z,SJI_2832,0,0
2016-12-13,28400752,2016-12-13T19:40:55.68Z,FUV,0,0
2016-12-13,28400753,2016-12-13T19:41:04.91Z,SJI_1400,0,0
2016-12-13,28400758,2016-12-13T19:41:14.63Z,FUV,0,0
2016-12-13,28400759,2016-12-13T19:41:24.08Z,SJI_2796,0,0
2016-12-13,28400764,2016-12-13T19:41:33.71Z,FUV,0,0
2016-12-13,28400768,2016-12-13T19:41:52.58Z,SJI_1330,0,0
2016-12-13,28400770,2016-12-13T19:41:52.65Z,FUV,0,0
2016-12-13,28400774,2016-12-13T19:42:11.64Z,SJI_2832,0,0
2016-12-13,28400776,2016-12-13T19:42:11.71Z,FUV,0,0
2016-12-13,28400777,2016-12-13T19:42:20.94Z,SJI_1400,0,0
2016-12-13,28400782,2016-12-13T19:42:30.67Z,FUV,0,0
2016-12-13,28400783,2016-12-13T19:42:40.11Z,SJI_2796,0,0
2016-12-13,28400788,2016-12-13T19:42:49.74Z,FUV,0,0
2016-12-13,28400792,2016-12-13T19:43:08.55Z,SJI_1330,0,0
2016-12-13,28400794,2016-12-13T19:43:08.62Z,FUV,0,0
2016-12-13,28400798,2016-12-13T19:43:27.67Z,SJI_2832,0,0
2016-12-13,28400800,2016-12-13T19:43:27.74Z,FUV,0,0
2016-12-13,28400801,2016-12-13T19:43:36.99Z,SJI_1400,0,0
2016-12-13,28400806,2016-12-13T19:43:46.69Z,FUV,0,0
2016-12-13,28400807,2016-12-13T19:43:56.14Z,SJI_2796,0,0
2016-12-13,28400812,2016-12-13T19:44:05.77Z,FUV,0,0
2016-12-13,28400816,2016-12-13T19:44:24.66Z,SJI_1330,0,0
2016-12-13,28400818,2016-12-13T19:44:24.73Z,FUV,0,0
2016-12-13,28400822,2016-12-13T19:44:43.70Z,SJI_2832,0,0
2016-12-13,28400824,2016-12-13T19:44:43.77Z,FUV,0,0
2016-12-13,28400825,2016-12-13T19:44:53.02Z,SJI_1400,0,0
2016-12-13,28400830,2016-12-13T19:45:02.78Z,FUV,0,0
2016-12-13,28400831,2016-12-13T19:45:12.17Z,SJI_2796,0,0
2016-12-13,28400836,2016-12-13T19:45:21.81Z,FUV,0,0
2016-12-13,28400840,2016-12-13T19:45:40.62Z,SJI_1330,0,0
2016-12-13,28400842,2016-12-13T19:45:40.69Z,FUV,0,0
2016-12-13,28400846,2016-12-13T19:45:59.73Z,SJI_2832,0,0
2016-12-13,28400848,2016-12-13T19:45:59.81Z,FUV,0,0
2016-12-13,28400849,2016-12-13T19:46:09.00Z,SJI_1400,0,0
2016-12-13,28400854,2016-12-13T19:46:18.71Z,FUV,0,0
2016-12-13,28400855,2016-12-13T19:46:28.20Z,SJI_2796,0,0
2016-12-13,28400860,2016-12-13T19:46:37.84Z,FUV,0,0
2016-12-13,28400864,2016-12-13T19:46:56.75Z,SJI_1330,0,0
2016-12-13,28400866,2016-12-13T19:46:56.82Z,FUV,0,0
2016-12-13,28400870,2016-12-13T19:47:15.80Z,SJI_2832,0,0
2016-12-13,28400872,2016-12-13T19:47:15.87Z,FUV,0,0
2016-12-13,28400873,2016-12-13T19:47:25.12Z,SJI_1400,0,0
2016-12-13,28400878,2016-12-13T19:47:34.84Z,FUV,0,0
2016-12-13,28400879,2016-12-13T19:47:44.23Z,SJI_2796,0,0
2016-12-13,28400884,2016-12-13T19:47:53.87Z,FUV,0,0
2016-12-13,28400888,2016-12-13T19:48:12.70Z,SJI_1330,0,0
2016-12-13,28400890,2016-12-13T19:48:12.77Z,FUV,0,0
2016-12-13,28400894,2016-12-13T19:48:31.83Z,SJI_2832,0,0
2016-12-13,28400896,2016-12-13T19:48:31.90Z,FUV,0,0
2016-12-13,28400897,2016-12-13T19:48:41.13Z,SJI_1400,0,0
2016-12-13,28400902,2016-12-13T19:48:50.84Z,FUV,0,0
2016-12-13,28400903,2016-12-13T19:49:00.27Z,SJI_2796,0,0
2016-12-13,28400908,2016-12-13T19:49:09.90Z,FUV,0,0
2016-12-13,28400912,2016-12-13T19:49:28.79Z,SJI_1330,0,0
2016-12-13,28400914,2016-12-13T19:49:28.86Z,FUV,0,0
2016-12-13,28400918,2016-12-13T19:49:47.86Z,SJI_2832,0,0
2016-12-13,28400920,2016-12-13T19:49:47.93Z,FUV,0,0
2016-12-13,28400921,2016-12-13T19:49:57.21Z,SJI_1400,0,0
2016-12-13,28400926,2016-12-13T19:50:06.97Z,FUV,0,0
2016-12-13,28400927,2016-12-13T19:50:16.30Z,SJI_2796,0,0
2016-12-13,28400932,2016-12-13T19:50:25.93Z,FUV,0,0
2016-12-13,28400936,2016-12-13T19:50:44.77Z,SJI_1330,0,0
2016-12-13,28400938,2016-12-13T19:50:44.84Z,FUV,0,0
2016-12-13,28400942,2016-12-13T19:51:03.89Z,SJI_2832,0,0
2016-12-13,28400944,2016-12-13T19:51:03.96Z,FUV,0,0
2016-12-13,28400945,2016-12-13T19:51:13.19Z,SJI_1400,0,0
2016-12-13,28400950,2016-12-13T19:51:22.89Z,FUV,0,0
2016-12-13,28400951,2016-12-13T19:51:32.33Z,SJI_2796,0,0
2016-12-13,28400956,2016-12-13T19:51:41.96Z,FUV,0,0
2016-12-13,28400960,2016-12-13T19:52:00.89Z,SJI_1330,0,0
2016-12-13,28400962,2016-12-13T19:52:00.96Z,FUV,0,0
2016-12-13,28400966,2016-12-13T19:52:19.92Z,SJI_2832,0,0
2016-12-13,28400968,2016-12-13T19:52:19.99Z,FUV,0,0
2016-12-13,28400969,2016-12-13T19:52:29.24Z,SJI_1400,0,0
2016-12-13,28400974,2016-12-13T19:52:38.96Z,FUV,0,0
2016-12-13,28400975,2016-12-13T19:52:48.36Z,SJI_2796,0,0
2016-12-13,28400980,2016-12-13T19:52:57.99Z,FUV,0,0
2016-12-13,28400984,2016-12-13T19:53:16.87Z,SJI_1330,0,0
2016-12-13,28400986,2016-12-13T19:53:16.94Z,FUV,0,0
2016-12-13,28400990,2016-12-13T19:53:35.95Z,SJI_2832,0,0
2016-12-13,28400992,2016-12-13T19:53:36.02Z,FUV,0,0
2016-12-13,28400993,2016-12-13T19:53:45.30Z,SJI_1400,0,0
2016-12-13,28400998,2016-12-13T19:53:55.05Z,FUV,0,0
2016-12-13,28400999,2016-12-13T19:54:04.39Z,SJI_2796,0,0
2016-12-13,28401004,2016-12-13T19:54:14.02Z,FUV,0,0
2016-12-13,28401008,2016-12-13T19:54:32.86Z,SJI_1330,0,0
2016-12-13,28401010,2016-12-13T19:54:32.93Z,FUV,0,0
2016-12-13,28401014,2016-12-13T19:54:51.98Z,SJI_2832,0,0
2016-12-13,28401016,2016-12-13T19:54:52.06Z,FUV,0,0
2016-12-13,28401017,2016-12-13T19:55:01.29Z,SJI_1400,0,0
2016-12-13,28401022,2016-12-13T19:55:10.98Z,FUV,0,0
2016-12-13,28401023,2016-12-13T19:55:20.42Z,SJI_2796,0,0
2016-12-13,28401028,2016-12-13T19:55:30.06Z,FUV,0,0
2016-12-13,28401032,2016-12-13T19:55:48.93Z,SJI_1330,0,0
2016-12-13,28401034,2016-12-13T19:55:49.00Z,FUV,0,0
2016-12-13,28401038,2016-12-13T19:56:08.02Z,SJI_2832,0,0
2016-12-13,28401040,2016-12-13T19:56:08.09Z,FUV,0,0
2016-12-13,28401041,2016-12-13T19:56:17.35Z,SJI_1400,0,0
2016-12-13,28401046,2016-12-13T19:56:27.12Z,FUV,0,0
2016-12-13,28401047,2016-12-13T19:56:36.46Z,SJI_2796,0,0
2016-12-13,28401052,2016-12-13T19:56:46.09Z,FUV,0,0
2016-12-13,28401056,2016-12-13T19:57:04.92Z,SJI_1330,0,0
2016-12-13,28401058,2016-12-13T19:57:04.99Z,FUV,0,0
2016-12-13,28401062,2016-12-13T19:57:24.05Z,SJI_2832,0,0
2016-12-13,28401064,2016-12-13T19:57:24.12Z,FUV,0,0
2016-12-13,28401065,2016-12-13T19:57:33.34Z,SJI_1400,0,0
2016-12-13,28401070,2016-12-13T19:57:43.02Z,FUV,0,0
2016-12-13,28401071,2016-12-13T19:57:52.48Z,SJI_2796,0,0
2016-12-13,28401076,2016-12-13T19:58:02.12Z,FUV,0,0
2016-12-13,28401080,2016-12-13T19:58:21.09Z,SJI_1330,0,0
2016-12-13,28401082,2016-12-13T19:58:21.16Z,FUV,0,0
2016-12-13,28401086,2016-12-13T19:58:40.08Z,SJI_2832,0,0
2016-12-13,28401088,2016-12-13T19:58:40.15Z,FUV,0,0
2016-12-13,28401089,2016-12-13T19:58:49.34Z,SJI_1400,0,0
2016-12-13,28401094,2016-12-13T19:58:59.02Z,FUV,0,0
2016-12-13,28401095,2016-12-13T19:59:08.52Z,SJI_2796,0,0
2016-12-13,28401100,2016-12-13T19:59:18.15Z,FUV,0,0
2016-12-13,28401104,2016-12-13T19:59:36.99Z,SJI_1330,0,0
2016-12-13,28401106,2016-12-13T19:59:37.06Z,FUV,0,0
2016-12-13,28401110,2016-12-13T19:59:56.11Z,SJI_2832,0,0
2016-12-13,28401112,2016-12-13T19:59:56.18Z,FUV,0,0
2016-12-13,28401113,2016-12-13T20:00:05.42Z,SJI_1400,0,0
2016-12-13,28401118,2016-12-13T20:00:15.16Z,FUV,0,0
2016-12-13,28401119,2016-12-13T20:00:24.55Z,SJI_2796,0,0
2016-12-13,28401124,2016-12-13T20:00:34.18Z,FUV,0,0
2016-12-13,28401128,2016-12-13T20:00:53.10Z,SJI_1330,0,0
2016-12-13,28401130,2016-12-13T20:00:53.17Z,FUV,0,0
2016-12-13,28401134,2016-12-13T20:01:12.14Z,SJI_2832,0,0
2016-12-13,28401136,2016-12-13T20:01:12.21Z,FUV,0,0
2016-12-13,28401137,2016-12-13T20:01:21.41Z,SJI_1400,0,0
2016-12-13,28401142,2016-12-13T20:01:31.09Z,FUV,0,0
2016-12-13,28401143,2016-12-13T20:01:40.58Z,SJI_2796,0,0
2016-12-13,28401148,2016-12-13T20:01:50.21Z,FUV,0,0
2016-12-13,28401152,2016-12-13T20:02:09.09Z,SJI_1330,0,0
2016-12-13,28401154,2016-12-13T20:02:09.16Z,FUV,0,0
2016-12-13,28401158,2016-12-13T20:02:28.17Z,SJI_2832,0,0
2016-12-13,28401160,2016-12-13T20:02:28.24Z,FUV,0,0
2016-12-13,28401161,2016-12-13T20:02:37.50Z,SJI_1400,0,0
2016-12-13,28401166,2016-12-13T20:02:47.25Z,FUV,0,0
2016-12-13,28401167,2016-12-13T20:02:56.61Z,SJI_2796,0,0
2016-12-13,28401172,2016-12-13T20:03:06.24Z,FUV,0,0
2016-12-13,28401176,2016-12-13T20:03:25.08Z,SJI_1330,0,0
2016-12-13,28401178,2016-12-13T20:03:25.15Z,FUV,0,0
2016-12-13,28401182,2016-12-13T20:03:44.20Z,SJI_2832,0,0
2016-12-13,28401184,2016-12-13T20:03:44.27Z,FUV,0,0
2016-12-13,28401185,2016-12-13T20:03:53.49Z,SJI_1400,0,0
2016-12-13,28401190,2016-12-13T20:04:03.18Z,FUV,0,0
2016-12-13,28401191,2016-12-13T20:04:12.64Z,SJI_2796,0,0
2016-12-13,28401196,2016-12-13T20:04:22.27Z,FUV,0,0
2016-12-13,28401200,2016-12-13T20:04:41.16Z,SJI_1330,0,0
2016-12-13,28401202,2016-12-13T20:04:41.23Z,FUV,0,0
2016-12-13,28401206,2016-12-13T20:05:00.23Z,SJI_2832,0,0
2016-12-13,28401208,2016-12-13T20:05:00.31Z,FUV,0,0
2016-12-13,28401209,2016-12-13T20:05:09.55Z,SJI_1400,0,0
2016-12-13,28401214,2016-12-13T20:05:19.29Z,FUV,0,0
2016-12-13,28401215,2016-12-13T20:05:28.67Z,SJI_2796,0,0
2016-12-13,28401220,2016-12-13T20:05:38.34Z,FUV,0,0
2016-12-13,28401224,2016-12-13T20:05:57.27Z,SJI_1330,0,0
2016-12-13,28401226,2016-12-13T20:05:57.34Z,FUV,0,0
2016-12-13,28401230,2016-12-13T20:06:16.27Z,SJI_2832,0,0
2016-12-13,28401232,2016-12-13T20:06:16.34Z,FUV,0,0
2016-12-13,28401233,2016-12-13T20:06:25.55Z,SJI_1400,0,0
2016-12-13,28401238,2016-12-13T20:06:35.23Z,FUV,0,0
2016-12-13,28401239,2016-12-13T20:06:44.70Z,SJI_2796,0,0
2016-12-13,28401244,2016-12-13T20:06:54.34Z,FUV,0,0
2016-12-13,28401248,2016-12-13T20:07:13.19Z,SJI_1330,0,0
2016-12-13,28401250,2016-12-13T20:07:13.26Z,FUV,0,0
2016-12-13,28401254,2016-12-13T20:07:32.30Z,SJI_2832,0,0
2016-12-13,28401256,2016-12-13T20:07:32.37Z,FUV,0,0
2016-12-13,28401257,2016-12-13T20:07:41.63Z,SJI_1400,0,0
2016-12-13,28401262,2016-12-13T20:07:51.35Z,FUV,0,0
2016-12-13,28401263,2016-12-13T20:08:00.73Z,SJI_2796,0,0
2016-12-13,28401268,2016-12-13T20:08:10.37Z,FUV,0,0
2016-12-13,28401272,2016-12-13T20:08:29.27Z,SJI_1330,0,0
2016-12-13,28401274,2016-12-13T20:08:29.34Z,FUV,0,0
2016-12-13,28401278,2016-12-13T20:08:48.33Z,SJI_2832,0,0
2016-12-13,28401280,2016-12-13T20:08:48.40Z,FUV,0,0
2016-12-13,28401281,2016-12-13T20:08:57.63Z,SJI_1400,0,0
2016-12-13,28401286,2016-12-13T20:09:07.37Z,FUV,0,0
2016-12-13,28401287,2016-12-13T20:09:16.77Z,SJI_2796,0,0
2016-12-13,28401292,2016-12-13T20:09:26.40Z,FUV,0,0
2016-12-13,28401296,2016-12-13T20:09:45.30Z,SJI_1330,0,0
2016-12-13,28401298,2016-12-13T20:09:45.37Z,FUV,0,0
2016-12-13,28401302,2016-12-13T20:10:04.36Z,SJI_2832,0,0
2016-12-13,28401304,2016-12-13T20:10:04.43Z,FUV,0,0
2016-12-13,28401305,2016-12-13T20:10:13.68Z,SJI_1400,0,0
2016-12-13,28401310,2016-12-13T20:10:23.41Z,FUV,0,0
2016-12-13,28401311,2016-12-13T20:10:32.80Z,SJI_2796,0,0
2016-12-13,28401316,2016-12-13T20:10:42.43Z,FUV,0,0
2016-12-13,28401320,2016-12-13T20:11:01.31Z,SJI_1330,0,0
2016-12-13,28401322,2016-12-13T20:11:01.38Z,FUV,0,0
2016-12-13,28401326,2016-12-13T20:11:20.39Z,SJI_2832,0,0
2016-12-13,28401328,2016-12-13T20:11:20.46Z,FUV,0,0
2016-12-13,28401329,2016-12-13T20:11:29.72Z,SJI_1400,0,0
2016-12-13,28401334,2016-12-13T20:11:39.43Z,FUV,0,0
2016-12-13,28401335,2016-12-13T20:11:48.83Z,SJI_2796,0,0
2016-12-13,28401340,2016-12-13T20:11:58.46Z,FUV,0,0
2016-12-13,28401344,2016-12-13T20:12:17.39Z,SJI_1330,0,0
2016-12-13,28401346,2016-12-13T20:12:17.46Z,FUV,0,0
2016-12-13,28401350,2016-12-13T20:12:36.42Z,SJI_2832,0,0
2016-12-13,28401352,2016-12-13T20:12:36.49Z,FUV,0,0
2016-12-13,28401353,2016-12-13T20:12:45.70Z,SJI_1400,0,0
2016-12-13,28401358,2016-12-13T20:12:55.38Z,FUV,0,0
2016-12-13,28401359,2016-12-13T20:13:04.86Z,SJI_2796,0,0
2016-12-13,28401364,2016-12-13T20:13:14.49Z,FUV,0,0
2016-12-13,28401368,2016-12-13T20:13:33.33Z,SJI_1330,0,0
2016-12-13,28401370,2016-12-13T20:13:33.40Z,FUV,0,0
2016-12-13,28401374,2016-12-13T20:13:52.45Z,SJI_2832,0,0
2016-12-13,28401376,2016-12-13T20:13:52.52Z,FUV,0,0
2016-12-13,28401377,2016-12-13T20:14:01.77Z,SJI_1400,0,0
2016-12-13,28401382,2016-12-13T20:14:11.49Z,FUV,0,0
2016-12-13,28401383,2016-12-13T20:14:20.89Z,SJI_2796,0,0
2016-12-13,28401388,2016-12-13T20:14:30.52Z,FUV,0,0
2016-12-13,28401392,2016-12-13T20:14:49.41Z,SJI_1330,0,0
2016-12-13,28401394,2016-12-13T20:14:49.48Z,FUV,0,0
2016-12-13,28401398,2016-12-13T20:15:08.48Z,SJI_2832,0,0
2016-12-13,28401400,2016-12-13T20:15:08.56Z,FUV,0,0
2016-12-13,28401401,2016-12-13T20:15:17.82Z,SJI_1400,0,0
2016-12-13,28401406,2016-12-13T20:15:27.56Z,FUV,0,0
2016-12-13,28401407,2016-12-13T20:15:36.92Z,SJI_2796,0,0
2016-12-13,28401412,2016-12-13T20:15:46.59Z,FUV,0,0
2016-12-13,28401416,2016-12-13T20:16:05.39Z,SJI_1330,0,0
2016-12-13,28401418,2016-12-13T20:16:05.46Z,FUV,0,0
2016-12-13,28401422,2016-12-13T20:16:24.52Z,SJI_2832,0,0
2016-12-13,28401424,2016-12-13T20:16:24.59Z,FUV,0,0
2016-12-13,28401425,2016-12-13T20:16:33.84Z,SJI_1400,0,0
2016-12-13,28401430,2016-12-13T20:16:43.53Z,FUV,0,0
2016-12-13,28401431,2016-12-13T20:16:52.95Z,SJI_2796,0,0
2016-12-13,28401436,2016-12-13T20:17:02.59Z,FUV,0,0
2017-04-15,30883401,2017-04-15T16:44:18.37Z,FUV,0,0
2017-04-15,30883419,2017-04-15T16:45:55.93Z,FUV,0,0
2017-04-15,30883437,2017-04-15T16:47:33.34Z,FUV,0,0
2017-04-15,30883455,2017-04-15T16:49:10.90Z,FUV,0,0
2017-04-15,30883473,2017-04-15T16:50:48.34Z,FUV,0,0
2017-04-15,30883491,2017-04-15T16:52:25.90Z,FUV,0,0
2017-04-15,30883509,2017-04-15T16:54:03.31Z,FUV,0,0
2017-04-15,30883527,2017-04-15T16:55:40.87Z,FUV,0,0
2017-04-15,30883545,2017-04-15T16:57:18.27Z,FUV,0,0
2017-04-15,30883563,2017-04-15T16:58:55.84Z,FUV,0,0
2017-04-15,30883581,2017-04-15T17:00:33.24Z,FUV,0,0
2017-04-15,30883599,2017-04-15T17:02:10.84Z,FUV,0,0
2017-04-15,30883617,2017-04-15T17:03:48.24Z,FUV,0,0
2017-04-15,30883635,2017-04-15T17:05:25.81Z,FUV,0,0
2017-04-15,30883653,2017-04-15T17:07:03.24Z,FUV,0,0
2017-04-15,30883671,2017-04-15T17:08:40.81Z,FUV,0,0
2017-04-15,30883689,2017-04-15T17:10:18.21Z,FUV,0,0
2017-04-15,30883707,2017-04-15T17:11:55.77Z,FUV,0,0
2017-04-15,30883725,2017-04-15T17:13:33.18Z,FUV,0,0
2017-04-15,30883743,2017-04-15T17:15:10.74Z,FUV,0,0
2017-04-15,30883761,2017-04-15T17:16:48.15Z,FUV,0,0
2017-04-15,30883779,2017-04-15T17:18:25.71Z,FUV,0,0
2017-04-15,30883797,2017-04-15T17:20:03.15Z,FUV,0,0
2017-04-15,30883815,2017-04-15T17:21:40.71Z,FUV,1,0
2017-04-15,30883818,2017-04-15T17:21:56.77Z,FUV,1,0
2017-04-15,30883821,2017-04-15T17:22:13.15Z,FUV,1,1
2017-04-15,30883824,2017-04-15T17:22:29.40Z,FUV,1,1
2017-04-15,30883827,2017-04-15T17:22:45.71Z,FUV,1,0
2017-04-15,30883830,2017-04-15T17:23:01.77Z,FUV,1,2
2017-04-15,30883833,2017-04-15T17:23:18.15Z,FUV,1,0
2017-04-15,30883836,2017-04-15T17:23:34.37Z,FUV,1,0
2017-04-15,30883839,2017-04-15T17:23:50.71Z,FUV,1,0
2017-04-15,30883842,2017-04-15T17:24:06.77Z,FUV,1,0
2017-04-15,30883845,2017-04-15T17:24:23.12Z,FUV,1,0
2017-04-15,30883848,2017-04-15T17:24:39.37Z,FUV,1,0
2017-04-15,30883851,2017-04-15T17:24:55.71Z,FUV,1,0
2017-04-15,30883854,2017-04-15T17:25:11.74Z,FUV,1,1
2017-04-15,30883857,2017-04-15T17:25:28.12Z,FUV,1,0
2017-04-15,30883860,2017-04-15T17:25:44.37Z,FUV,1,0
2017-04-15,30883863,2017-04-15T17:26:00.68Z,FUV,1,0
2017-04-15,30883866,2017-04-15T17:26:16.74Z,FUV,1,0
2017-04-15,30883869,2017-04-15T17:26:33.12Z,FUV,1,0
2017-04-15,30883872,2017-04-15T17:26:49.37Z,FUV,1,0
2017-04-15,30883875,2017-04-15T17:27:05.68Z,FUV,1,0
2017-04-15,30883878,2017-04-15T17:27:21.74Z,FUV,1,0
2017-04-15,30883881,2017-04-15T17:27:38.12Z,FUV,1,0
2017-04-15,30883884,2017-04-15T17:27:54.37Z,FUV,1,0
2017-04-15,30883887,2017-04-15T17:28:10.68Z,FUV,1,0
2017-04-15,30883890,2017-04-15T17:28:26.74Z,FUV,1,0
2017-04-15,30883893,2017-04-15T17:28:43.09Z,FUV,1,0
2017-04-15,30883896,2017-04-15T17:28:59.34Z,FUV,1,0
2017-04-15,30883899,2017-04-15T17:29:15.68Z,FUV,1,0
2017-04-15,30883902,2017-04-15T17:29:31.71Z,FUV,1,0
2017-04-15,30883905,2017-04-15T17:29:48.09Z,FUV,1,0
2017-04-15,30883908,2017-04-15T17:30:04.34Z,FUV,1,0
2017-04-15,30883911,2017-04-15T17:30:20.65Z,FUV,1,0
2017-04-15,30883914,2017-04-15T17:30:36.71Z,FUV,1,0
2017-04-15,30883917,2017-04-15T17:30:53.09Z,FUV,1,0
2017-04-15,30883920,2017-04-15T17:31:09.34Z,FUV,1,0
2017-04-15,30883923,2017-04-15T17:31:25.65Z,FUV,1,0
2017-04-15,30883926,2017-04-15T17:31:41.71Z,FUV,1,0
2017-04-15,30883929,2017-04-15T17:31:58.09Z,FUV,1,0
2017-04-15,30883932,2017-04-15T17:32:14.31Z,FUV,1,0
2017-04-15,30883935,2017-04-15T17:32:30.65Z,FUV,1,0
2017-04-15,30883938,2017-04-15T17:32:46.71Z,FUV,1,0
2017-04-15,30883941,2017-04-15T17:33:03.06Z,FUV,1,0
2017-04-15,30883944,2017-04-15T17:33:19.31Z,FUV,1,1
2017-04-15,30883947,2017-04-15T17:33:35.65Z,FUV,1,0
2017-04-15,30883950,2017-04-15T17:33:51.68Z,FUV,1,0
2017-04-15,30883953,2017-04-15T17:34:08.06Z,FUV,1,0
2017-04-15,30883956,2017-04-15T17:34:24.31Z,FUV,1,0
2017-04-15,30883959,2017-04-15T17:34:40.62Z,FUV,1,0
2017-04-15,30883962,2017-04-15T17:34:56.68Z,FUV,1,0
2017-04-15,30883965,2017-04-15T17:35:13.06Z,FUV,1,0
2017-04-15,30883968,2017-04-15T17:35:29.31Z,FUV,1,0
2017-04-15,30883971,2017-04-15T17:35:45.62Z,FUV,1,0
2017-04-15,30883974,2017-04-15T17:36:01.68Z,FUV,1,0
2017-04-15,30883977,2017-04-15T17:36:18.06Z,FUV,0,0
2017-04-15,30883995,2017-04-15T17:37:55.62Z,FUV,0,0
2017-04-15,30884013,2017-04-15T17:39:33.06Z,FUV,0,0
2017-04-15,30884031,2017-04-15T17:41:10.62Z,FUV,0,0
2017-04-15,30884049,2017-04-15T17:42:48.02Z,FUV,0,0
2017-04-15,30884067,2017-04-15T17:44:25.59Z,FUV,0,0
2017-04-15,30884085,2017-04-15T17:46:02.99Z,FUV,0,0
2017-04-15,30884103,2017-04-15T17:47:40.56Z,FUV,0,0
2017-04-15,30884121,2017-04-15T17:49:17.96Z,FUV,0,0
2017-04-15,30884139,2017-04-15T17:50:55.53Z,FUV,0,0
2017-04-15,30884157,2017-04-15T17:52:32.96Z,FUV,0,0
2017-04-15,30884175,2017-04-15T17:54:10.52Z,FUV,0,0
2017-04-15,30884193,2017-04-15T17:55:47.96Z,FUV,0,0
2017-04-15,30884211,2017-04-15T17:57:25.52Z,FUV,0,0
2017-04-15,30884229,2017-04-15T17:59:02.93Z,FUV,0,0
2017-04-15,30884247,2017-04-15T18:00:40.49Z,FUV,0,0
2017-04-15,30884265,2017-04-15T18:02:17.90Z,FUV,0,0
2017-04-15,30884283,2017-04-15T18:03:55.46Z,FUV,0,0
2017-04-15,30884301,2017-04-15T18:05:32.87Z,FUV,0,0
2017-04-15,30884319,2017-04-15T18:07:10.43Z,FUV,0,0
2017-04-15,30884337,2017-04-15T18:08:47.87Z,FUV,0,0
2017-04-15,30884355,2017-04-15T18:10:25.43Z,FUV,0,0
2017-04-15,30884373,2017-04-15T18:12:02.87Z,FUV,0,0
2017-04-15,30884391,2017-04-15T18:13:40.43Z,FUV,0,0
2017-04-15,30884409,2017-04-15T18:15:17.84Z,FUV,0,0
2017-04-15,30884427,2017-04-15T18:16:55.40Z,FUV,0,0
2017-04-15,30884445,2017-04-15T18:18:32.81Z,FUV,0,0
2017-04-15,30884463,2017-04-15T18:20:10.37Z,FUV,0,0
2017-04-15,30884481,2017-04-15T18:21:47.77Z,FUV,0,0
2017-04-15,30884499,2017-04-15T18:23:25.34Z,FUV,0,0
2017-04-15,30884517,2017-04-15T18:25:02.77Z,FUV,0,0
2017-04-15,30884535,2017-04-15T18:26:40.34Z,FUV,0,0
2017-04-15,30884553,2017-04-15T18:28:17.77Z,FUV,0,0
2017-04-15,30884571,2017-04-15T18:29:55.34Z,FUV,0,0
2017-04-15,30884589,2017-04-15T18:31:32.74Z,FUV,0,0
2017-04-15,30884607,2017-04-15T18:33:10.31Z,FUV,0,0
2017-04-15,30884625,2017-04-15T18:34:47.71Z,FUV,0,0
2017-04-15,30884643,2017-04-15T18:36:25.27Z,FUV,0,0
2017-04-15,30884661,2017-04-15T18:38:02.68Z,FUV,0,0
2017-04-15,30884679,2017-04-15T18:39:40.24Z,FUV,0,0
2017-04-15,30884697,2017-04-15T18:41:17.68Z,FUV,0,0
2017-04-15,30884715,2017-04-15T18:42:55.24Z,FUV,0,0
2017-04-15,30884733,2017-04-15T18:44:32.65Z,FUV,0,0
2017-04-15,30884751,2017-04-15T18:46:10.24Z,FUV,0,0
2017-04-15,30884769,2017-04-15T18:47:47.65Z,FUV,0,0
2017-04-15,30884787,2017-04-15T18:49:25.21Z,FUV,0,0
2017-04-15,30884805,2017-04-15T18:51:02.62Z,FUV,0,0
2017-04-15,30884823,2017-04-15T18:52:40.18Z,FUV,0,0
2017-04-15,30884841,2017-04-15T18:54:17.59Z,FUV,0,0
2017-04-15,30884859,2017-04-15T18:55:55.15Z,FUV,0,0
2017-04-15,30884868,2017-04-15T18:56:43.84Z,FUV,1,0
2017-04-15,30884871,2017-04-15T18:57:00.15Z,FUV,1,0
2017-04-15,30884874,2017-04-15T18:57:16.21Z,FUV,1,0
2017-04-15,30884877,2017-04-15T18:57:32.59Z,FUV,1,0
2017-04-15,30884880,2017-04-15T18:57:48.84Z,FUV,1,0
2017-04-15,30884883,2017-04-15T18:58:05.15Z,FUV,1,0
2017-04-15,30884886,2017-04-15T18:58:21.21Z,FUV,1,0
2017-04-15,30884889,2017-04-15T18:58:37.56Z,FUV,1,0
2017-04-15,30884892,2017-04-15T18:58:53.81Z,FUV,1,0
2017-04-15,30884895,2017-04-15T18:59:10.15Z,FUV,1,0
2017-04-15,30884898,2017-04-15T18:59:26.18Z,FUV,1,0
2017-04-15,30884901,2017-04-15T18:59:42.56Z,FUV,1,0
2017-04-15,30884904,2017-04-15T18:59:58.81Z,FUV,1,0
2017-04-15,30884907,2017-04-15T19:00:15.12Z,FUV,1,0
2017-04-15,30884910,2017-04-15T19:00:31.18Z,FUV,1,0
2017-04-15,30884913,2017-04-15T19:00:47.56Z,FUV,1,0
2017-04-15,30884916,2017-04-15T19:01:03.81Z,FUV,1,0
2017-04-15,30884919,2017-04-15T19:01:20.12Z,FUV,1,0
2017-04-15,30884922,2017-04-15T19:01:36.18Z,FUV,1,0
2017-04-15,30884925,2017-04-15T19:01:52.56Z,FUV,1,0
2017-04-15,30884928,2017-04-15T19:02:08.81Z,FUV,1,0
2017-04-15,30884931,2017-04-15T19:02:25.12Z,FUV,1,0
2017-04-15,30884934,2017-04-15T19:02:41.18Z,FUV,1,0
2017-04-15,30884937,2017-04-15T19:02:57.56Z,FUV,1,1
2017-04-15,30884940,2017-04-15T19:03:13.81Z,FUV,1,0
2017-04-15,30884943,2017-04-15T19:03:30.12Z,FUV,1,2
2017-04-15,30884946,2017-04-15T19:03:46.18Z,FUV,1,7
2017-04-15,30884949,2017-04-15T19:04:02.56Z,FUV,1,1
2017-04-15,30884952,2017-04-15T19:04:18.81Z,FUV,1,1
2017-04-15,30884955,2017-04-15T19:04:35.12Z,FUV,1,9
2017-04-15,30884958,2017-04-15T19:04:51.18Z,FUV,1,9
2017-04-15,30884961,2017-04-15T19:05:07.56Z,FUV,1,3
2017-04-15,30884964,2017-04-15T19:05:23.81Z,FUV,1,6
2017-04-15,30884967,2017-04-15T19:05:40.12Z,FUV,1,4
2017-04-15,30884970,2017-04-15T19:05:56.18Z,FUV,1,7
2017-04-15,30884973,2017-04-15T19:06:12.52Z,FUV,1,7
2017-04-15,30884976,2017-04-15T19:06:28.77Z,FUV,1,5
2017-04-15,30884979,2017-04-15T19:06:45.12Z,FUV,1,3
2017-04-15,30884982,2017-04-15T19:07:01.15Z,FUV,1,2
2017-04-15,30884985,2017-04-15T19:07:17.52Z,FUV,1,5
2017-04-15,30884988,2017-04-15T19:07:33.77Z,FUV,1,3
2017-04-15,30884991,2017-04-15T19:07:50.09Z,FUV,1,0
2017-04-15,30884994,2017-04-15T19:08:06.15Z,FUV,1,4
2017-04-15,30884997,2017-04-15T19:08:22.52Z,FUV,1,1
2017-04-15,30885000,2017-04-15T19:08:38.77Z,FUV,1,1
2017-04-15,30885003,2017-04-15T19:08:55.09Z,FUV,1,0
2017-04-15,30885006,2017-04-15T19:09:11.15Z,FUV,1,1
2017-04-15,30885009,2017-04-15T19:09:27.52Z,FUV,1,1
2017-04-15,30885012,2017-04-15T19:09:43.74Z,FUV,1,0
2017-04-15,30885015,2017-04-15T19:10:00.09Z,FUV,1,0
2017-04-15,30885018,2017-04-15T19:10:16.15Z,FUV,1,0
2017-04-15,30885021,2017-04-15T19:10:32.49Z,FUV,1,0
2017-04-15,30885024,2017-04-15T19:10:48.74Z,FUV,1,0
2017-04-15,30885027,2017-04-15T19:11:05.09Z,FUV,1,0
2017-04-15,30885030,2017-04-15T19:11:21.12Z,FUV,1,0
2017-04-15,30885033,2017-04-15T19:11:37.49Z,FUV,1,0
2017-04-15,30885036,2017-04-15T19:11:53.74Z,FUV,1,0
2017-04-15,30885039,2017-04-15T19:12:10.06Z,FUV,1,1
2017-04-15,30885042,2017-04-15T19:12:26.12Z,FUV,1,0
2017-04-15,30885045,2017-04-15T19:12:42.49Z,FUV,1,0
2017-04-15,30885048,2017-04-15T19:12:58.74Z,FUV,1,1
2017-04-15,30885051,2017-04-15T19:13:15.06Z,FUV,1,0
2017-04-15,30885054,2017-04-15T19:13:31.12Z,FUV,1,0
2017-04-15,30885057,2017-04-15T19:13:47.49Z,FUV,1,0
2017-04-15,30885060,2017-04-15T19:14:03.74Z,FUV,1,0
2017-04-15,30885063,2017-04-15T19:14:20.06Z,FUV,1,0
2017-04-15,30885066,2017-04-15T19:14:36.12Z,FUV,1,1
2017-04-15,30885069,2017-04-15T19:14:52.46Z,FUV,1,0
2017-04-15,30885072,2017-04-15T19:15:08.71Z,FUV,1,0
2017-04-15,30885075,2017-04-15T19:15:25.06Z,FUV,0,0
2017-04-15,30885093,2017-04-15T19:17:02.46Z,FUV,0,0
2017-04-15,30885111,2017-04-15T19:18:40.02Z,FUV,0,0
2017-04-15,30885129,2017-04-15T19:20:17.46Z,FUV,0,0
2017-04-15,30885147,2017-04-15T19:21:55.02Z,FUV,0,0
2017-04-15,30885165,2017-04-15T19:23:32.43Z,FUV,0,0
2017-04-15,30885183,2017-04-15T19:25:09.99Z,FUV,0,0
2017-04-15,30885201,2017-04-15T19:26:47.40Z,FUV,0,0
2017-04-15,30885219,2017-04-15T19:28:24.96Z,FUV,0,0
2017-04-15,30885237,2017-04-15T19:30:02.40Z,FUV,0,0
2017-04-15,30885255,2017-04-15T19:31:39.96Z,FUV,0,0
2017-04-15,30885273,2017-04-15T19:33:17.37Z,FUV,0,0
2017-04-15,30885291,2017-04-15T19:34:54.93Z,FUV,0,0
2017-04-15,30885309,2017-04-15T19:36:32.34Z,FUV,0,0
2017-04-15,30885327,2017-04-15T19:38:09.93Z,FUV,0,0
2017-04-15,30885345,2017-04-15T19:39:47.34Z,FUV,0,0
2017-04-15,30885363,2017-04-15T19:41:24.90Z,FUV,0,0
2017-04-15,30885381,2017-04-15T19:43:02.31Z,FUV,0,0
2017-04-15,30885399,2017-04-15T19:44:39.87Z,FUV,0,0
2017-04-15,30885417,2017-04-15T19:46:17.31Z,FUV,0,0
2017-04-15,30885435,2017-04-15T19:47:54.87Z,FUV,0,0
2017-04-15,30885453,2017-04-15T19:49:32.27Z,FUV,0,0
2017-04-15,30885471,2017-04-15T19:51:09.84Z,FUV,0,0
2017-04-15,30885489,2017-04-15T19:52:47.24Z,FUV,0,0
2017-04-15,30885507,2017-04-15T19:54:24.81Z,FUV,0,0
2017-04-15,30885525,2017-04-15T19:56:02.24Z,FUV,0,0
2017-04-15,30885543,2017-04-15T19:57:39.81Z,FUV,0,0
2017-04-15,30885561,2017-04-15T19:59:17.21Z,FUV,0,0
2017-04-15,30885579,2017-04-15T20:00:54.77Z,FUV,0,0
2017-04-15,30885597,2017-04-15T20:02:32.21Z,FUV,0,0
2017-04-15,30885615,2017-04-15T20:04:09.78Z,FUV,0,0
2017-04-15,30885633,2017-04-15T20:05:47.18Z,FUV,0,0
2017-04-15,30885651,2017-04-15T20:07:24.74Z,FUV,0,0
2017-04-15,30885669,2017-04-15T20:09:02.15Z,FUV,0,0
2017-04-15,30885687,2017-04-15T20:10:39.71Z,FUV,0,0
2017-04-15,30885705,2017-04-15T20:12:17.15Z,FUV,0,0
2017-04-15,30885723,2017-04-15T20:13:54.71Z,FUV,0,0
2017-04-15,30885741,2017-04-15T20:15:32.12Z,FUV,0,0
2017-04-15,30885759,2017-04-15T20:17:09.68Z,FUV,0,0
2017-04-15,30885777,2017-04-15T20:18:47.12Z,FUV,0,0
2017-04-15,30885795,2017-04-15T20:20:24.68Z,FUV,0,0
2017-04-15,30885813,2017-04-15T20:22:02.09Z,FUV,0,0
2017-04-15,30885831,2017-04-15T20:23:39.65Z,FUV,0,0
2017-04-15,30885849,2017-04-15T20:25:17.06Z,FUV,0,0
2017-04-15,30885867,2017-04-15T20:26:54.62Z,FUV,0,0
2017-04-15,30885885,2017-04-15T20:28:32.02Z,FUV,0,0
2017-04-15,30885903,2017-04-15T20:30:09.62Z,FUV,0,0
2017-04-15,30885921,2017-04-15T20:31:47.02Z,FUV,0,0
2017-04-15,30885939,2017-04-15T20:33:24.59Z,FUV,0,0
2017-04-15,30885957,2017-04-15T20:35:02.02Z,FUV,1,0
2017-04-15,30885960,2017-04-15T20:35:18.27Z,FUV,1,0
2017-04-15,30885963,2017-04-15T20:35:34.59Z,FUV,1,0
2017-04-15,30885966,2017-04-15T20:35:50.65Z,FUV,1,0
2017-04-15,30885969,2017-04-15T20:36:06.99Z,FUV,1,0
2017-04-15,30885972,2017-04-15T20:36:23.24Z,FUV,1,0
2017-04-15,30885975,2017-04-15T20:36:39.59Z,FUV,1,0
2017-04-15,30885978,2017-04-15T20:36:55.62Z,FUV,1,0
2017-04-15,30885981,2017-04-15T20:37:11.99Z,FUV,1,2
2017-04-15,30885984,2017-04-15T20:37:28.24Z,FUV,1,0
2017-04-15,30885987,2017-04-15T20:37:44.56Z,FUV,1,1
2017-04-15,30885990,2017-04-15T20:38:00.62Z,FUV,1,0
2017-04-15,30885993,2017-04-15T20:38:16.99Z,FUV,1,0
2017-04-15,30885996,2017-04-15T20:38:33.24Z,FUV,1,0
2017-04-15,30885999,2017-04-15T20:38:49.56Z,FUV,1,1
2017-04-15,30886002,2017-04-15T20:39:05.62Z,FUV,1,1
2017-04-15,30886005,2017-04-15T20:39:21.99Z,FUV,1,1
2017-04-15,30886008,2017-04-15T20:39:38.24Z,FUV,1,1
2017-04-15,30886011,2017-04-15T20:39:54.56Z,FUV,1,2
2017-04-15,30886014,2017-04-15T20:40:10.62Z,FUV,1,0
2017-04-15,30886017,2017-04-15T20:40:26.96Z,FUV,1,1
2017-04-15,30886020,2017-04-15T20:40:43.21Z,FUV,1,2
2017-04-15,30886023,2017-04-15T20:40:59.56Z,FUV,1,1
2017-04-15,30886026,2017-04-15T20:41:15.59Z,FUV,1,7
2017-04-15,30886029,2017-04-15T20:41:31.96Z,FUV,1,1
2017-04-15,30886032,2017-04-15T20:41:48.21Z,FUV,1,10
2017-04-15,30886035,2017-04-15T20:42:04.52Z,FUV,1,10
2017-04-15,30886038,2017-04-15T20:42:20.59Z,FUV,1,8
2017-04-15,30886041,2017-04-15T20:42:36.96Z,FUV,1,6
2017-04-15,30886044,2017-04-15T20:42:53.21Z,FUV,1,13
2017-04-15,30886047,2017-04-15T20:43:09.52Z,FUV,1,10
2017-04-15,30886050,2017-04-15T20:43:25.59Z,FUV,1,16
2017-04-15,30886053,2017-04-15T20:43:41.96Z,FUV,1,22
2017-04-15,30886056,2017-04-15T20:43:58.18Z,FUV,1,17
2017-04-15,30886059,2017-04-15T20:44:14.52Z,FUV,1,21
2017-04-15,30886062,2017-04-15T20:44:30.59Z,FUV,1,19
2017-04-15,30886065,2017-04-15T20:44:46.93Z,FUV,1,21
2017-04-15,30886068,2017-04-15T20:45:03.18Z,FUV,1,19
2017-04-15,30886071,2017-04-15T20:45:19.52Z,FUV,1,11
2017-04-15,30886074,2017-04-15T20:45:35.56Z,FUV,1,19
2017-04-15,30886077,2017-04-15T20:45:51.93Z,FUV,1,16
2017-04-15,30886080,2017-04-15T20:46:08.18Z,FUV,1,17
2017-04-15,30886083,2017-04-15T20:46:24.49Z,FUV,1,10
2017-04-15,30886086,2017-04-15T20:46:40.56Z,FUV,1,6
2017-04-15,30886089,2017-04-15T20:46:56.96Z,FUV,1,4
2017-04-15,30886092,2017-04-15T20:47:13.18Z,FUV,1,5
2017-04-15,30886095,2017-04-15T20:47:29.52Z,FUV,1,9
2017-04-15,30886098,2017-04-15T20:47:45.59Z,FUV,1,4
2017-04-15,30886101,2017-04-15T20:48:01.93Z,FUV,1,5
2017-04-15,30886104,2017-04-15T20:48:18.18Z,FUV,1,1
2017-04-15,30886107,2017-04-15T20:48:34.52Z,FUV,1,4
2017-04-15,30886110,2017-04-15T20:48:50.56Z,FUV,1,0
2017-04-15,30886113,2017-04-15T20:49:06.93Z,FUV,1,1
2017-04-15,30886116,2017-04-15T20:49:23.18Z,FUV,1,2
2017-04-15,30886119,2017-04-15T20:49:39.49Z,FUV,1,0
2017-04-15,30886122,2017-04-15T20:49:55.56Z,FUV,1,0
2017-04-15,30886125,2017-04-15T20:50:11.93Z,FUV,1,0
2017-04-15,30886128,2017-04-15T20:50:28.18Z,FUV,1,0
2017-04-15,30886131,2017-04-15T20:50:44.49Z,FUV,1,0
2017-04-15,30886134,2017-04-15T20:51:00.56Z,FUV,1,0
2017-04-15,30886137,2017-04-15T20:51:16.93Z,FUV,1,0
2017-04-15,30886155,2017-04-15T20:52:54.49Z,FUV,0,0
2017-04-15,30886173,2017-04-15T20:54:31.90Z,FUV,0,0
2017-04-15,30886191,2017-04-15T20:56:09.46Z,FUV,0,0
2017-04-15,30886209,2017-04-15T20:57:46.87Z,FUV,0,0
2017-04-15,30886227,2017-04-15T20:59:24.43Z,FUV,0,0
2017-04-15,30886245,2017-04-15T21:01:01.84Z,FUV,0,0
2017-04-15,30886263,2017-04-15T21:02:39.40Z,FUV,0,0
2017-04-15,30886281,2017-04-15T21:04:16.84Z,FUV,0,0
2017-04-15,30886299,2017-04-15T21:05:54.40Z,FUV,0,0
2017-04-15,30886317,2017-04-15T21:07:31.84Z,FUV,0,0
2017-04-15,30886335,2017-04-15T21:09:09.40Z,FUV,0,0
2017-04-15,30886353,2017-04-15T21:10:46.81Z,FUV,0,0
2017-04-15,30886371,2017-04-15T21:12:24.37Z,FUV,0,0
2017-04-15,30886389,2017-04-15T21:14:01.77Z,FUV,0,0
2017-04-15,30886407,2017-04-15T21:15:39.34Z,FUV,0,0
2017-04-15,30886425,2017-04-15T21:17:16.74Z,FUV,0,0
2017-04-15,30886443,2017-04-15T21:18:54.31Z,FUV,0,0
2017-04-15,30886461,2017-04-15T21:20:31.74Z,FUV,0,0
2017-04-15,30886479,2017-04-15T21:22:09.31Z,FUV,0,0
2017-04-15,30886497,2017-04-15T21:23:46.74Z,FUV,0,0
2017-04-15,30886515,2017-04-15T21:25:24.31Z,FUV,0,0
2017-04-15,30886533,2017-04-15T21:27:01.71Z,FUV,0,0
2017-04-15,30886551,2017-04-15T21:28:39.27Z,FUV,0,0
2017-04-15,30886569,2017-04-15T21:30:16.68Z,FUV,0,0
2017-04-15,30886587,2017-04-15T21:31:54.24Z,FUV,0,0
2017-04-15,30886605,2017-04-15T21:33:31.65Z,FUV,0,0
2017-04-15,30886623,2017-04-15T21:35:09.21Z,FUV,0,0
2017-04-15,30886641,2017-04-15T21:36:46.65Z,FUV,0,0
2017-04-15,30886659,2017-04-15T21:38:24.21Z,FUV,0,0
2019-11-13,56733066,2019-11-13T06:59:38.33Z,SJI_1330,0,0
2019-11-13,56733068,2019-11-13T06:59:38.40Z,FUV,0,0
2019-11-13,56733069,2019-11-13T06:59:54.95Z,SJI_2796,0,0
2019-11-13,56733072,2019-11-13T07:00:11.61Z,SJI_2832,0,0
2019-11-13,56733074,2019-11-13T07:00:11.68Z,FUV,0,0
2019-11-13,56733075,2019-11-13T07:00:28.01Z,SJI_1400,0,0
2019-11-13,56733080,2019-11-13T07:00:44.77Z,FUV,0,0
2019-11-13,56733086,2019-11-13T07:01:17.99Z,FUV,0,0
2019-11-13,56733090,2019-11-13T07:01:50.99Z,SJI_1330,0,0
2019-11-13,56733092,2019-11-13T07:01:51.06Z,FUV,0,0
2019-11-13,56733093,2019-11-13T07:02:07.61Z,SJI_2796,0,0
2019-11-13,56733096,2019-11-13T07:02:24.27Z,SJI_2832,0,0
2019-11-13,56733098,2019-11-13T07:02:24.34Z,FUV,0,0
2019-11-13,56733099,2019-11-13T07:02:40.64Z,SJI_1400,0,0
2019-11-13,56733104,2019-11-13T07:02:57.38Z,FUV,0,0
2019-11-13,56733110,2019-11-13T07:03:30.65Z,FUV,0,0
2019-11-13,56733114,2019-11-13T07:04:03.65Z,SJI_1330,0,0
2019-11-13,56733116,2019-11-13T07:04:03.72Z,FUV,0,0
2019-11-13,56733117,2019-11-13T07:04:20.24Z,SJI_2796,0,0
2019-11-13,56733120,2019-11-13T07:04:36.89Z,SJI_2832,0,0
2019-11-13,56733122,2019-11-13T07:04:36.96Z,FUV,0,0
2019-11-13,56733123,2019-11-13T07:04:53.26Z,SJI_1400,0,0
2019-11-13,56733128,2019-11-13T07:05:10.02Z,FUV,0,0
2019-11-13,56733134,2019-11-13T07:05:43.27Z,FUV,0,0
2019-11-13,56733138,2019-11-13T07:06:16.27Z,SJI_1330,0,0
2019-11-13,56733140,2019-11-13T07:06:16.34Z,FUV,0,0
2019-11-13,56733141,2019-11-13T07:06:32.89Z,SJI_2796,0,0
2019-11-13,56733144,2019-11-13T07:06:49.55Z,SJI_2832,0,0
2019-11-13,56733146,2019-11-13T07:06:49.62Z,FUV,0,0
2019-11-13,56733147,2019-11-13T07:07:05.91Z,SJI_1400,0,0
2019-11-13,56733152,2019-11-13T07:07:22.66Z,FUV,0,0
2019-11-13,56733158,2019-11-13T07:07:55.93Z,FUV,0,0
2019-11-13,56733162,2019-11-13T07:08:28.91Z,SJI_1330,0,0
2019-11-13,56733164,2019-11-13T07:08:28.98Z,FUV,0,0
2019-11-13,56733165,2019-11-13T07:08:45.52Z,SJI_2796,0,0
2019-11-13,56733168,2019-11-13T07:09:02.17Z,SJI_2832,0,0
2019-11-13,56733170,2019-11-13T07:09:02.24Z,FUV,0,0
2019-11-13,56733171,2019-11-13T07:09:18.59Z,SJI_1400,0,0
2019-11-13,56733176,2019-11-13T07:09:35.37Z,FUV,0,0
2019-11-13,56733182,2019-11-13T07:10:08.56Z,FUV,0,0
2019-11-13,56733186,2019-11-13T07:10:41.55Z,SJI_1330,0,0
2019-11-13,56733188,2019-11-13T07:10:41.62Z,FUV,0,0
2019-11-13,56733189,2019-11-13T07:10:58.17Z,SJI_2796,0,0
2019-11-13,56733192,2019-11-13T07:11:14.83Z,SJI_2832,0,0
2019-11-13,56733194,2019-11-13T07:11:14.90Z,FUV,0,0
2019-11-13,56733195,2019-11-13T07:11:31.17Z,SJI_1400,0,0
2019-11-13,56733200,2019-11-13T07:11:47.94Z,FUV,0,0
2019-11-13,56733206,2019-11-13T07:12:21.21Z,FUV,0,0
2019-11-13,56733210,2019-11-13T07:12:54.20Z,SJI_1330,0,0
2019-11-13,56733212,2019-11-13T07:12:54.27Z,FUV,0,0
2019-11-13,56733213,2019-11-13T07:13:10.80Z,SJI_2796,0,0
2019-11-13,56733216,2019-11-13T07:13:27.45Z,SJI_2832,0,0
2019-11-13,56733218,2019-11-13T07:13:27.53Z,FUV,0,0
2019-11-13,56733219,2019-11-13T07:13:43.83Z,SJI_1400,0,0
2019-11-13,56733224,2019-11-13T07:14:00.59Z,FUV,0,0
2019-11-13,56733230,2019-11-13T07:14:33.84Z,FUV,0,0
2019-11-13,56733234,2019-11-13T07:15:06.83Z,SJI_1330,0,0
2019-11-13,56733236,2019-11-13T07:15:06.90Z,FUV,0,0
2019-11-13,56733237,2019-11-13T07:15:23.45Z,SJI_2796,0,0
2019-11-13,56733240,2019-11-13T07:15:40.11Z,SJI_2832,0,0
2019-11-13,56733242,2019-11-13T07:15:40.18Z,FUV,0,0
2019-11-13,56733243,2019-11-13T07:15:56.51Z,SJI_1400,0,0
2019-11-13,56733248,2019-11-13T07:16:13.26Z,FUV,0,0
2019-11-13,56733254,2019-11-13T07:16:46.49Z,FUV,0,0
2019-11-13,56733258,2019-11-13T07:17:19.55Z,SJI_1330,0,0
2019-11-13,56733260,2019-11-13T07:17:19.62Z,FUV,0,0
2019-11-13,56733261,2019-11-13T07:17:36.17Z,SJI_2796,0,0
2019-11-13,56733264,2019-11-13T07:17:52.83Z,SJI_2832,0,0
2019-11-13,56733266,2019-11-13T07:17:52.90Z,FUV,0,0
2019-11-13,56733267,2019-11-13T07:18:09.19Z,SJI_1400,0,0
2019-11-13,56733272,2019-11-13T07:18:25.95Z,FUV,0,0
2019-11-13,56733278,2019-11-13T07:18:59.21Z,FUV,0,0
2019-11-13,56733282,2019-11-13T07:19:32.19Z,SJI_1330,0,0
2019-11-13,56733284,2019-11-13T07:19:32.26Z,FUV,0,0
2019-11-13,56733285,2019-11-13T07:19:48.83Z,SJI_2796,0,0
2019-11-13,56733288,2019-11-13T07:20:05.45Z,SJI_2832,0,0
2019-11-13,56733290,2019-11-13T07:20:05.53Z,FUV,0,0
2019-11-13,56733291,2019-11-13T07:20:21.84Z,SJI_1400,0,0
2019-11-13,56733296,2019-11-13T07:20:38.59Z,FUV,0,0
2019-11-13,56733302,2019-11-13T07:21:11.87Z,FUV,0,0
2019-11-13,56733306,2019-11-13T07:21:44.84Z,SJI_1330,0,0
2019-11-13,56733308,2019-11-13T07:21:44.91Z,FUV,0,0
2019-11-13,56733309,2019-11-13T07:22:01.45Z,SJI_2796,0,0
2019-11-13,56733312,2019-11-13T07:22:18.11Z,SJI_2832,0,0
2019-11-13,56733314,2019-11-13T07:22:18.18Z,FUV,0,0
2019-11-13,56733315,2019-11-13T07:22:34.49Z,SJI_1400,0,0
2019-11-13,56733320,2019-11-13T07:22:51.24Z,FUV,0,0
2019-11-13,56733326,2019-11-13T07:23:24.49Z,FUV,0,0
2019-11-13,56733330,2019-11-13T07:23:57.47Z,SJI_1330,0,0
2019-11-13,56733332,2019-11-13T07:23:57.54Z,FUV,0,0
2019-11-13,56733333,2019-11-13T07:24:14.08Z,SJI_2796,0,0
2019-11-13,56733336,2019-11-13T07:24:30.74Z,SJI_2832,0,0
2019-11-13,56733338,2019-11-13T07:24:30.81Z,FUV,0,0
2019-11-13,56733339,2019-11-13T07:24:47.12Z,SJI_1400,0,0
2019-11-13,56733344,2019-11-13T07:25:03.87Z,FUV,0,0
2019-11-13,56733350,2019-11-13T07:25:37.15Z,FUV,0,0
2019-11-13,56733354,2019-11-13T07:26:10.14Z,SJI_1330,0,0
2019-11-13,56733356,2019-11-13T07:26:10.21Z,FUV,0,0
2019-11-13,56733357,2019-11-13T07:26:26.74Z,SJI_2796,0,0
2019-11-13,56733360,2019-11-13T07:26:43.39Z,SJI_2832,0,0
2019-11-13,56733362,2019-11-13T07:26:43.46Z,FUV,0,0
2019-11-13,56733363,2019-11-13T07:26:59.75Z,SJI_1400,0,0
2019-11-13,56733368,2019-11-13T07:27:16.50Z,FUV,0,0
2019-11-13,56733374,2019-11-13T07:27:49.77Z,FUV,0,0
2019-11-13,56733378,2019-11-13T07:28:22.77Z,SJI_1330,0,0
2019-11-13,56733380,2019-11-13T07:28:22.84Z,FUV,0,0
2019-11-13,56733381,2019-11-13T07:28:39.39Z,SJI_2796,0,0
2019-11-13,56733384,2019-11-13T07:28:56.02Z,SJI_2832,0,0
2019-11-13,56733386,2019-11-13T07:28:56.09Z,FUV,0,0
2019-11-13,56733387,2019-11-13T07:29:12.39Z,SJI_1400,0,0
2019-11-13,56733392,2019-11-13T07:29:29.15Z,FUV,0,0
2019-11-13,56733398,2019-11-13T07:30:02.43Z,FUV,0,0
2019-11-13,56733402,2019-11-13T07:30:35.42Z,SJI_1330,0,0
2019-11-13,56733404,2019-11-13T07:30:35.49Z,FUV,0,0
2019-11-13,56733405,2019-11-13T07:30:52.02Z,SJI_2796,0,0
2019-11-13,56733408,2019-11-13T07:31:08.67Z,SJI_2832,0,0
2019-11-13,56733410,2019-11-13T07:31:08.74Z,FUV,0,0
2019-11-13,56733411,2019-11-13T07:31:25.06Z,SJI_1400,0,0
2019-11-13,56733416,2019-11-13T07:31:41.81Z,FUV,0,0
2019-11-13,56733422,2019-11-13T07:32:15.06Z,FUV,0,0
2019-11-13,56733426,2019-11-13T07:32:48.03Z,SJI_1330,0,0
2019-11-13,56733428,2019-11-13T07:32:48.10Z,FUV,0,0
2019-11-13,56733429,2019-11-13T07:33:04.67Z,SJI_2796,0,0
2019-11-13,56733432,2019-11-13T07:33:21.30Z,SJI_2832,0,0
2019-11-13,56733434,2019-11-13T07:33:21.37Z,FUV,0,0
2019-11-13,56733435,2019-11-13T07:33:37.66Z,SJI_1400,0,0
2019-11-13,56733440,2019-11-13T07:33:54.43Z,FUV,0,0
2019-11-13,56733446,2019-11-13T07:34:27.71Z,FUV,0,0
2019-11-13,56733450,2019-11-13T07:35:00.77Z,SJI_1330,0,0
2019-11-13,56733452,2019-11-13T07:35:00.84Z,FUV,0,0
2019-11-13,56733453,2019-11-13T07:35:17.39Z,SJI_2796,0,0
2019-11-13,56733456,2019-11-13T07:35:34.05Z,SJI_2832,0,0
2019-11-13,56733458,2019-11-13T07:35:34.12Z,FUV,0,0
2019-11-13,56733459,2019-11-13T07:35:50.41Z,SJI_1400,1,0
2019-11-13,56733461,2019-11-13T07:35:50.48Z,FUV,1,0
2019-11-13,56733462,2019-11-13T07:36:07.11Z,SJI_1330,1,0
2019-11-13,56733464,2019-11-13T07:36:07.18Z,FUV,1,0
2019-11-13,56733465,2019-11-13T07:36:23.70Z,SJI_2796,1,0
2019-11-13,56733467,2019-11-13T07:36:23.77Z,FUV,1,0
2019-11-13,56733468,2019-11-13T07:36:40.36Z,SJI_2832,1,0
2019-11-13,56733470,2019-11-13T07:36:40.43Z,FUV,1,0
2019-11-13,56733471,2019-11-13T07:36:56.77Z,SJI_1400,1,0
2019-11-13,56733473,2019-11-13T07:36:56.84Z,FUV,1,0
2019-11-13,56733474,2019-11-13T07:37:13.46Z,SJI_1330,1,0
2019-11-13,56733476,2019-11-13T07:37:13.53Z,FUV,1,0
2019-11-13,56733477,2019-11-13T07:37:30.02Z,SJI_2796,1,0
2019-11-13,56733479,2019-11-13T07:37:30.09Z,FUV,1,0
2019-11-13,56733480,2019-11-13T07:37:46.67Z,SJI_2832,1,0
2019-11-13,56733482,2019-11-13T07:37:46.74Z,FUV,1,0
2019-11-13,56733483,2019-11-13T07:38:03.00Z,SJI_1400,1,0
2019-11-13,56733485,2019-11-13T07:38:03.07Z,FUV,1,0
2019-11-13,56733486,2019-11-13T07:38:19.70Z,SJI_1330,1,0
2019-11-13,56733488,2019-11-13T07:38:19.77Z,FUV,1,0
2019-11-13,56733489,2019-11-13T07:38:36.36Z,SJI_2796,1,0
2019-11-13,56733491,2019-11-13T07:38:36.43Z,FUV,1,0
2019-11-13,56733492,2019-11-13T07:38:52.99Z,SJI_2832,1,1
2019-11-13,56733494,2019-11-13T07:38:53.06Z,FUV,1,0
2019-11-13,56733495,2019-11-13T07:39:09.34Z,SJI_1400,1,0
2019-11-13,56733497,2019-11-13T07:39:09.41Z,FUV,1,0
2019-11-13,56733498,2019-11-13T07:39:26.05Z,SJI_1330,1,0
2019-11-13,56733500,2019-11-13T07:39:26.12Z,FUV,1,0
2019-11-13,56733501,2019-11-13T07:39:42.67Z,SJI_2796,1,0
2019-11-13,56733503,2019-11-13T07:39:42.74Z,FUV,1,0
2019-11-13,56733504,2019-11-13T07:39:59.33Z,SJI_2832,1,0
2019-11-13,56733506,2019-11-13T07:39:59.40Z,FUV,1,0
2019-11-13,56733507,2019-11-13T07:40:15.73Z,SJI_1400,1,0
2019-11-13,56733509,2019-11-13T07:40:15.80Z,FUV,1,0
2019-11-13,56733510,2019-11-13T07:40:32.41Z,SJI_1330,1,0
2019-11-13,56733512,2019-11-13T07:40:32.48Z,FUV,1,1
2019-11-13,56733513,2019-11-13T07:40:48.99Z,SJI_2796,1,0
2019-11-13,56733515,2019-11-13T07:40:49.06Z,FUV,1,0
2019-11-13,56733516,2019-11-13T07:41:05.64Z,SJI_2832,1,0
2019-11-13,56733518,2019-11-13T07:41:05.71Z,FUV,1,0
2019-11-13,56733519,2019-11-13T07:41:22.04Z,SJI_1400,1,0
2019-11-13,56733521,2019-11-13T07:41:22.11Z,FUV,1,3
2019-11-13,56733522,2019-11-13T07:41:38.69Z,SJI_1330,1,1
2019-11-13,56733524,2019-11-13T07:41:38.76Z,FUV,1,0
2019-11-13,56733525,2019-11-13T07:41:55.30Z,SJI_2796,1,0
2019-11-13,56733527,2019-11-13T07:41:55.37Z,FUV,1,2
2019-11-13,56733528,2019-11-13T07:42:11.95Z,SJI_2832,1,0
2019-11-13,56733530,2019-11-13T07:42:12.02Z,FUV,1,3
2019-11-13,56733531,2019-11-13T07:42:28.31Z,SJI_1400,1,1
2019-11-13,56733533,2019-11-13T07:42:28.38Z,FUV,1,3
2019-11-13,56733534,2019-11-13T07:42:45.00Z,SJI_1330,1,1
2019-11-13,56733536,2019-11-13T07:42:45.07Z,FUV,1,3
2019-11-13,56733537,2019-11-13T07:43:01.64Z,SJI_2796,1,1
2019-11-13,56733539,2019-11-13T07:43:01.71Z,FUV,1,8
2019-11-13,56733540,2019-11-13T07:43:18.27Z,SJI_2832,1,0
2019-11-13,56733542,2019-11-13T07:43:18.34Z,FUV,1,3
2019-11-13,56733543,2019-11-13T07:43:34.63Z,SJI_1400,1,1
2019-11-13,56733545,2019-11-13T07:43:34.70Z,FUV,1,4
2019-11-13,56733546,2019-11-13T07:43:51.33Z,SJI_1330,1,1
2019-11-13,56733548,2019-11-13T07:43:51.40Z,FUV,1,7
2019-11-13,56733549,2019-11-13T07:44:07.95Z,SJI_2796,1,0
2019-11-13,56733551,2019-11-13T07:44:08.03Z,FUV,1,8
2019-11-13,56733552,2019-11-13T07:44:24.61Z,SJI_2832,1,2
2019-11-13,56733554,2019-11-13T07:44:24.68Z,FUV,1,8
2019-11-13,56733555,2019-11-13T07:44:40.95Z,SJI_1400,1,0
2019-11-13,56733557,2019-11-13T07:44:41.02Z,FUV,1,8
2019-11-13,56733558,2019-11-13T07:44:57.67Z,SJI_1330,1,1
2019-11-13,56733560,2019-11-13T07:44:57.74Z,FUV,1,12
2019-11-13,56733561,2019-11-13T07:45:14.27Z,SJI_2796,1,0
2019-11-13,56733563,2019-11-13T07:45:14.34Z,FUV,1,8
2019-11-13,56733564,2019-11-13T07:45:30.92Z,SJI_2832,1,2
2019-11-13,56733566,2019-11-13T07:45:30.99Z,FUV,1,11
2019-11-13,56733567,2019-11-13T07:45:47.35Z,SJI_1400,1,0
2019-11-13,56733569,2019-11-13T07:45:47.42Z,FUV,1,9
2019-11-13,56733570,2019-11-13T07:46:04.03Z,SJI_1330,1,0
2019-11-13,56733572,2019-11-13T07:46:04.10Z,FUV,1,5
2019-11-13,56733573,2019-11-13T07:46:20.58Z,SJI_2796,1,1
2019-11-13,56733575,2019-11-13T07:46:20.65Z,FUV,1,5
2019-11-13,56733576,2019-11-13T07:46:37.24Z,SJI_2832,1,1
2019-11-13,56733578,2019-11-13T07:46:37.31Z,FUV,1,4
2019-11-13,56733579,2019-11-13T07:46:53.55Z,SJI_1400,1,0
2019-11-13,56733581,2019-11-13T07:46:53.62Z,FUV,1,4
2019-11-13,56733582,2019-11-13T07:47:10.27Z,SJI_1330,1,0
2019-11-13,56733584,2019-11-13T07:47:10.34Z,FUV,1,2
2019-11-13,56733585,2019-11-13T07:47:26.92Z,SJI_2796,1,1
2019-11-13,56733587,2019-11-13T07:47:26.99Z,FUV,1,4
2019-11-13,56733588,2019-11-13T07:47:43.55Z,SJI_2832,1,0
2019-11-13,56733590,2019-11-13T07:47:43.62Z,FUV,1,1
2019-11-13,56733591,2019-11-13T07:47:59.94Z,SJI_1400,1,0
2019-11-13,56733593,2019-11-13T07:48:00.02Z,FUV,1,0
2019-11-13,56733594,2019-11-13T07:48:16.62Z,SJI_1330,1,0
2019-11-13,56733597,2019-11-13T07:48:33.24Z,SJI_2796,1,0
2019-11-13,56733599,2019-11-13T07:48:33.31Z,FUV,1,0
2019-11-13,56733600,2019-11-13T07:48:49.89Z,SJI_2832,1,0
2019-11-13,56733602,2019-11-13T07:48:49.96Z,FUV,1,1
2019-11-13,56733603,2019-11-13T07:49:06.22Z,SJI_1400,1,0
2019-11-13,56733605,2019-11-13T07:49:06.29Z,FUV,1,0
2019-11-13,56733606,2019-11-13T07:49:22.92Z,SJI_1330,1,0
2019-11-13,56733608,2019-11-13T07:49:22.99Z,FUV,1,0
2019-11-13,56733609,2019-11-13T07:49:39.55Z,SJI_2796,1,0
2019-11-13,56733611,2019-11-13T07:49:39.62Z,FUV,1,0
2019-11-13,56733612,2019-11-13T07:49:56.20Z,SJI_2832,1,0
2019-11-13,56733614,2019-11-13T07:49:56.27Z,FUV,1,0
2019-11-13,56733615,2019-11-13T07:50:12.62Z,SJI_1400,1,0
2019-11-13,56733617,2019-11-13T07:50:12.69Z,FUV,1,0
2019-11-13,56733618,2019-11-13T07:50:29.30Z,SJI_1330,1,0
2019-11-13,56733620,2019-11-13T07:50:29.37Z,FUV,1,0
2019-11-13,56733621,2019-11-13T07:50:45.86Z,SJI_2796,1,0
2019-11-13,56733623,2019-11-13T07:50:45.93Z,FUV,1,0
2019-11-13,56733624,2019-11-13T07:51:02.52Z,SJI_2832,1,0
2019-11-13,56733626,2019-11-13T07:51:02.59Z,FUV,1,0
2019-11-13,56733627,2019-11-13T07:51:18.84Z,SJI_1400,1,0
2019-11-13,56733629,2019-11-13T07:51:18.91Z,FUV,1,0
2019-11-13,56733630,2019-11-13T07:51:35.58Z,SJI_1330,1,0
2019-11-13,56733632,2019-11-13T07:51:35.65Z,FUV,1,0
2019-11-13,56733633,2019-11-13T07:51:52.20Z,SJI_2796,1,0
2019-11-13,56733635,2019-11-13T07:51:52.27Z,FUV,1,1
2019-11-13,56733636,2019-11-13T07:52:08.83Z,SJI_2832,1,0
2019-11-13,56733638,2019-11-13T07:52:08.90Z,FUV,1,0
2019-11-13,56733639,2019-11-13T07:52:25.25Z,SJI_1400,1,0
2019-11-13,56733641,2019-11-13T07:52:25.32Z,FUV,1,0
2019-11-13,56733642,2019-11-13T08:36:56.33Z,SJI_1330,0,0
2019-11-13,56733645,2019-11-13T08:37:12.95Z,SJI_2796,0,0
2019-11-13,56733647,2019-11-13T08:37:13.02Z,FUV,0,0
2019-11-13,56733648,2019-11-13T08:37:29.61Z,SJI_2832,0,0
2019-11-13,56733651,2019-11-13T08:37:45.94Z,SJI_1400,0,0
2019-11-13,56733653,2019-11-13T08:37:46.01Z,FUV,0,0
2019-11-13,56733659,2019-11-13T08:38:19.34Z,FUV,0,0
2019-11-13,56733665,2019-11-13T08:38:52.42Z,FUV,0,0
2019-11-13,56733666,2019-11-13T08:39:09.03Z,SJI_1330,0,0
2019-11-13,56733669,2019-11-13T08:39:25.58Z,SJI_2796,0,0
2019-11-13,56733671,2019-11-13T08:39:25.65Z,FUV,0,0
2019-11-13,56733672,2019-11-13T08:39:42.24Z,SJI_2832,0,0
2019-11-13,56733675,2019-11-13T08:39:58.55Z,SJI_1400,0,0
2019-11-13,56733677,2019-11-13T08:39:58.62Z,FUV,0,0
2019-11-13,56733683,2019-11-13T08:40:31.99Z,FUV,0,0
2019-11-13,56733689,2019-11-13T08:41:05.03Z,FUV,0,0
2019-11-13,56733690,2019-11-13T08:41:21.64Z,SJI_1330,0,0
2019-11-13,56733693,2019-11-13T08:41:38.24Z,SJI_2796,0,0
2019-11-13,56733695,2019-11-13T08:41:38.31Z,FUV,0,0
2019-11-13,56733696,2019-11-13T08:41:54.89Z,SJI_2832,0,0
2019-11-13,56733699,2019-11-13T08:42:11.22Z,SJI_1400,0,0
2019-11-13,56733701,2019-11-13T08:42:11.29Z,FUV,0,0
2019-11-13,56733707,2019-11-13T08:42:44.62Z,FUV,0,0
2019-11-13,56733713,2019-11-13T08:43:17.70Z,FUV,0,0
2019-11-13,56733714,2019-11-13T08:43:34.31Z,SJI_1330,0,0
2019-11-13,56733717,2019-11-13T08:43:50.86Z,SJI_2796,0,0
2019-11-13,56733719,2019-11-13T08:43:50.93Z,FUV,0,0
2019-11-13,56733720,2019-11-13T08:44:07.52Z,SJI_2832,0,0
2019-11-13,56733723,2019-11-13T08:44:23.84Z,SJI_1400,0,0
2019-11-13,56733725,2019-11-13T08:44:23.91Z,FUV,0,0
2019-11-13,56733731,2019-11-13T08:44:57.27Z,FUV,0,0
2019-11-13,56733737,2019-11-13T08:45:30.32Z,FUV,0,0
2019-11-13,56733738,2019-11-13T08:45:46.91Z,SJI_1330,0,0
2019-11-13,56733741,2019-11-13T08:46:03.52Z,SJI_2796,0,0
2019-11-13,56733743,2019-11-13T08:46:03.59Z,FUV,0,0
2019-11-13,56733744,2019-11-13T08:46:20.17Z,SJI_2832,0,0
2019-11-13,56733747,2019-11-13T08:46:36.52Z,SJI_1400,0,0
2019-11-13,56733749,2019-11-13T08:46:36.59Z,FUV,0,0
2019-11-13,56733755,2019-11-13T08:47:09.90Z,FUV,0,0
2019-11-13,56733761,2019-11-13T08:47:42.94Z,FUV,0,0
2019-11-13,56733762,2019-11-13T08:47:59.55Z,SJI_1330,0,0
2019-11-13,56733765,2019-11-13T08:48:16.14Z,SJI_2796,0,0
2019-11-13,56733767,2019-11-13T08:48:16.21Z,FUV,0,0
2019-11-13,56733768,2019-11-13T08:48:32.80Z,SJI_2832,0,0
2019-11-13,56733771,2019-11-13T08:48:49.12Z,SJI_1400,0,0
2019-11-13,56733773,2019-11-13T08:48:49.19Z,FUV,0,0
2019-11-13,56733779,2019-11-13T08:49:22.53Z,FUV,0,0
2019-11-13,56733785,2019-11-13T08:49:55.61Z,FUV,0,0
2019-11-13,56733786,2019-11-13T08:50:12.21Z,SJI_1330,0,0
2019-11-13,56733789,2019-11-13T08:50:28.80Z,SJI_2796,0,0
2019-11-13,56733791,2019-11-13T08:50:28.87Z,FUV,0,0
2019-11-13,56733792,2019-11-13T08:50:45.46Z,SJI_2832,0,0
2019-11-13,56733795,2019-11-13T08:51:01.80Z,SJI_1400,0,0
2019-11-13,56733797,2019-11-13T08:51:01.87Z,FUV,0,0
2019-11-13,56733803,2019-11-13T08:51:35.18Z,FUV,0,0
2019-11-13,56733809,2019-11-13T08:52:08.25Z,FUV,0,0
2019-11-13,56733810,2019-11-13T08:52:24.85Z,SJI_1330,0,0
2019-11-13,56733813,2019-11-13T08:52:41.42Z,SJI_2796,0,0
2019-11-13,56733815,2019-11-13T08:52:41.49Z,FUV,0,0
2019-11-13,56733816,2019-11-13T08:52:58.08Z,SJI_2832,0,0
2019-11-13,56733819,2019-11-13T08:53:14.39Z,SJI_1400,0,0
2019-11-13,56733821,2019-11-13T08:53:14.46Z,FUV,0,0
2019-11-13,56733827,2019-11-13T08:53:47.84Z,FUV,0,0
2019-11-13,56733833,2019-11-13T08:54:20.89Z,FUV,0,0
2019-11-13,56733834,2019-11-13T08:54:37.52Z,SJI_1330,0,0
2019-11-13,56733837,2019-11-13T08:54:54.17Z,SJI_2796,0,0
2019-11-13,56733839,2019-11-13T08:54:54.24Z,FUV,0,0
2019-11-13,56733840,2019-11-13T08:55:10.80Z,SJI_2832,0,0
2019-11-13,56733843,2019-11-13T08:55:27.17Z,SJI_1400,0,0
2019-11-13,56733845,2019-11-13T08:55:27.24Z,FUV,0,0
2019-11-13,56733851,2019-11-13T08:56:00.56Z,FUV,0,0
2019-11-13,56733857,2019-11-13T08:56:33.60Z,FUV,0,0
2019-11-13,56733858,2019-11-13T08:56:50.19Z,SJI_1330,0,0
2019-11-13,56733861,2019-11-13T08:57:06.80Z,SJI_2796,0,0
2019-11-13,56733863,2019-11-13T08:57:06.87Z,FUV,0,0
2019-11-13,56733864,2019-11-13T08:57:23.45Z,SJI_2832,0,0
2019-11-13,56733867,2019-11-13T08:57:39.78Z,SJI_1400,0,0
2019-11-13,56733869,2019-11-13T08:57:39.85Z,FUV,0,0
2019-11-13,56733875,2019-11-13T08:58:13.18Z,FUV,0,0
2019-11-13,56733881,2019-11-13T08:58:46.24Z,FUV,0,0
2019-11-13,56733882,2019-11-13T08:59:02.86Z,SJI_1330,0,0
2019-11-13,56733885,2019-11-13T08:59:19.45Z,SJI_2796,0,0
2019-11-13,56733887,2019-11-13T08:59:19.52Z,FUV,0,0
2019-11-13,56733888,2019-11-13T08:59:36.08Z,SJI_2832,0,0
2019-11-13,56733891,2019-11-13T08:59:52.39Z,SJI_1400,0,0
2019-11-13,56733893,2019-11-13T08:59:52.46Z,FUV,0,0
2019-11-13,56733899,2019-11-13T09:00:25.84Z,FUV,0,0
2019-11-13,56733905,2019-11-13T09:00:58.90Z,FUV,0,0
2019-11-13,56733906,2019-11-13T09:01:15.52Z,SJI_1330,0,0
2019-11-13,56733909,2019-11-13T09:01:32.08Z,SJI_2796,0,0
2019-11-13,56733911,2019-11-13T09:01:32.15Z,FUV,0,0
2019-11-13,56733912,2019-11-13T09:01:48.74Z,SJI_2832,0,0
2019-11-13,56733915,2019-11-13T09:02:05.07Z,SJI_1400,0,0
2019-11-13,56733917,2019-11-13T09:02:05.14Z,FUV,0,0
2019-11-13,56733923,2019-11-13T09:02:38.46Z,FUV,0,0
2019-11-13,56733929,2019-11-13T09:03:11.51Z,FUV,0,0
2019-11-13,56733930,2019-11-13T09:03:28.09Z,SJI_1330,0,0
2019-11-13,56733933,2019-11-13T09:03:44.74Z,SJI_2796,0,0
2019-11-13,56733935,2019-11-13T09:03:44.81Z,FUV,0,0
2019-11-13,56733936,2019-11-13T09:04:01.36Z,SJI_2832,0,0
2019-11-13,56733939,2019-11-13T09:04:17.70Z,SJI_1400,0,0
2019-11-13,56733941,2019-11-13T09:04:17.77Z,FUV,0,0
2019-11-13,56733947,2019-11-13T09:04:51.12Z,FUV,0,0
2019-11-13,56733953,2019-11-13T09:05:24.14Z,FUV,0,0
2019-11-13,56733954,2019-11-13T09:05:40.75Z,SJI_1330,0,0
2019-11-13,56733957,2019-11-13T09:05:57.36Z,SJI_2796,0,0
2019-11-13,56733959,2019-11-13T09:05:57.43Z,FUV,0,0
2019-11-13,56733960,2019-11-13T09:06:14.02Z,SJI_2832,0,0
2019-11-13,56733963,2019-11-13T09:06:30.37Z,SJI_1400,0,0
2019-11-13,56733965,2019-11-13T09:06:30.44Z,FUV,0,0
2019-11-13,56733971,2019-11-13T09:07:03.74Z,FUV,0,0
2019-11-13,56733977,2019-11-13T09:07:36.76Z,FUV,0,0
2019-11-13,56733978,2019-11-13T09:07:53.36Z,SJI_1330,0,0
2019-11-13,56733981,2019-11-13T09:08:10.02Z,SJI_2796,0,0
2019-11-13,56733983,2019-11-13T09:08:10.09Z,FUV,0,0
2019-11-13,56733984,2019-11-13T09:08:26.64Z,SJI_2832,0,0
2019-11-13,56733987,2019-11-13T09:08:42.99Z,SJI_1400,0,0
2019-11-13,56733989,2019-11-13T09:08:43.06Z,FUV,0,0
2019-11-13,56733995,2019-11-13T09:09:16.40Z,FUV,0,0
2019-11-13,56734001,2019-11-13T09:09:49.47Z,FUV,0,0
2019-11-13,56734002,2019-11-13T09:10:06.07Z,SJI_1330,0,0
2019-11-13,56734005,2019-11-13T09:10:22.64Z,SJI_2796,0,0
2019-11-13,56734007,2019-11-13T09:10:22.71Z,FUV,0,0
2019-11-13,56734008,2019-11-13T09:10:39.30Z,SJI_2832,0,0
2019-11-13,56734011,2019-11-13T09:10:55.63Z,SJI_1400,0,0
2019-11-13,56734013,2019-11-13T09:10:55.70Z,FUV,0,0
2019-11-13,56734019,2019-11-13T09:11:29.02Z,FUV,0,0
2019-11-13,56734025,2019-11-13T09:12:02.03Z,FUV,0,0
2019-11-13,56734026,2019-11-13T09:12:18.74Z,SJI_1330,0,0
2019-11-13,56734029,2019-11-13T09:12:35.36Z,SJI_2796,0,0
2019-11-13,56734031,2019-11-13T09:12:35.43Z,FUV,0,0
2019-11-13,56734032,2019-11-13T09:12:52.02Z,SJI_2832,1,0
2019-11-13,56734034,2019-11-13T09:12:52.09Z,FUV,1,0
2019-11-13,56734035,2019-11-13T09:13:08.37Z,SJI_1400,1,0
2019-11-13,56734037,2019-11-13T09:13:08.44Z,FUV,1,0
2019-11-13,56734038,2019-11-13T09:13:25.05Z,SJI_1330,1,0
2019-11-13,56734040,2019-11-13T09:13:25.12Z,FUV,1,0
2019-11-13,56734041,2019-11-13T09:13:41.67Z,SJI_2796,1,0
2019-11-13,56734043,2019-11-13T09:13:41.74Z,FUV,1,0
2019-11-13,56734044,2019-11-13T09:13:58.33Z,SJI_2832,1,0
2019-11-13,56734046,2019-11-13T09:13:58.40Z,FUV,1,0
2019-11-13,56734047,2019-11-13T09:14:14.70Z,SJI_1400,1,0
2019-11-13,56734049,2019-11-13T09:14:14.77Z,FUV,1,0
2019-11-13,56734050,2019-11-13T09:14:31.40Z,SJI_1330,1,0
2019-11-13,56734052,2019-11-13T09:14:31.47Z,FUV,1,0
2019-11-13,56734053,2019-11-13T09:14:48.02Z,SJI_2796,1,0
2019-11-13,56734055,2019-11-13T09:14:48.09Z,FUV,1,0
2019-11-13,56734056,2019-11-13T09:15:04.67Z,SJI_2832,1,0
2019-11-13,56734058,2019-11-13T09:15:04.74Z,FUV,1,0
2019-11-13,56734059,2019-11-13T09:15:21.05Z,SJI_1400,1,0
2019-11-13,56734061,2019-11-13T09:15:21.12Z,FUV,1,0
2019-11-13,56734062,2019-11-13T09:15:37.72Z,SJI_1330,1,0
2019-11-13,56734064,2019-11-13T09:15:37.79Z,FUV,1,2
2019-11-13,56734065,2019-11-13T09:15:54.33Z,SJI_2796,1,0
2019-11-13,56734067,2019-11-13T09:15:54.40Z,FUV,1,2
2019-11-13,56734068,2019-11-13T09:16:10.99Z,SJI_2832,1,1
2019-11-13,56734070,2019-11-13T09:16:11.06Z,FUV,1,1
2019-11-13,56734071,2019-11-13T09:16:27.36Z,SJI_1400,1,1
2019-11-13,56734073,2019-11-13T09:16:27.43Z,FUV,1,2
2019-11-13,56734074,2019-11-13T09:16:44.05Z,SJI_1330,1,0
2019-11-13,56734076,2019-11-13T09:16:44.12Z,FUV,1,1
2019-11-13,56734077,2019-11-13T09:17:00.64Z,SJI_2796,1,0
2019-11-13,56734079,2019-11-13T09:17:00.71Z,FUV,1,2
2019-11-13,56734080,2019-11-13T09:17:17.30Z,SJI_2832,1,1
2019-11-13,56734082,2019-11-13T09:17:17.37Z,FUV,1,4
2019-11-13,56734083,2019-11-13T09:17:33.66Z,SJI_1400,1,0
2019-11-13,56734085,2019-11-13T09:17:33.73Z,FUV,1,4
2019-11-13,56734086,2019-11-13T09:17:50.33Z,SJI_1330,1,0
2019-11-13,56734088,2019-11-13T09:17:50.40Z,FUV,1,7
2019-11-13,56734089,2019-11-13T09:18:06.99Z,SJI_2796,1,0
2019-11-13,56734091,2019-11-13T09:18:07.06Z,FUV,1,3
2019-11-13,56734092,2019-11-13T09:18:23.61Z,SJI_2832,1,0
2019-11-13,56734094,2019-11-13T09:18:23.68Z,FUV,1,4
2019-11-13,56734095,2019-11-13T09:18:39.95Z,SJI_1400,1,1
2019-11-13,56734097,2019-11-13T09:18:40.02Z,FUV,1,13
2019-11-13,56734098,2019-11-13T09:18:56.67Z,SJI_1330,1,2
2019-11-13,56734100,2019-11-13T09:18:56.74Z,FUV,1,9
2019-11-13,56734101,2019-11-13T09:19:13.30Z,SJI_2796,1,3
2019-11-13,56734103,2019-11-13T09:19:13.37Z,FUV,1,11
2019-11-13,56734104,2019-11-13T09:19:29.95Z,SJI_2832,1,3
2019-11-13,56734106,2019-11-13T09:19:30.02Z,FUV,1,11
2019-11-13,56734107,2019-11-13T09:19:46.36Z,SJI_1400,1,1
2019-11-13,56734109,2019-11-13T09:19:46.43Z,FUV,1,14
2019-11-13,56734110,2019-11-13T09:20:03.02Z,SJI_1330,1,0
2019-11-13,56734112,2019-11-13T09:20:03.09Z,FUV,1,20
2019-11-13,56734113,2019-11-13T09:20:19.61Z,SJI_2796,1,1
2019-11-13,56734115,2019-11-13T09:20:19.68Z,FUV,1,18
2019-11-13,56734116,2019-11-13T09:20:36.27Z,SJI_2832,1,3
2019-11-13,56734118,2019-11-13T09:20:36.34Z,FUV,1,15
2019-11-13,56734119,2019-11-13T09:20:52.63Z,SJI_1400,1,3
2019-11-13,56734121,2019-11-13T09:20:52.70Z,FUV,1,17
2019-11-13,56734122,2019-11-13T09:21:09.37Z,SJI_1330,1,3
2019-11-13,56734124,2019-11-13T09:21:09.44Z,FUV,1,19
2019-11-13,56734125,2019-11-13T09:21:25.92Z,SJI_2796,1,1
2019-11-13,56734127,2019-11-13T09:21:25.99Z,FUV,1,17
2019-11-13,56734128,2019-11-13T09:21:42.58Z,SJI_2832,1,4
2019-11-13,56734130,2019-11-13T09:21:42.65Z,FUV,1,16
2019-11-13,56734131,2019-11-13T09:21:58.91Z,SJI_1400,1,1
2019-11-13,56734133,2019-11-13T09:21:58.98Z,FUV,1,10
2019-11-13,56734134,2019-11-13T09:22:15.61Z,SJI_1330,1,2
2019-11-13,56734136,2019-11-13T09:22:15.68Z,FUV,1,7
2019-11-13,56734137,2019-11-13T09:22:32.27Z,SJI_2796,1,1
2019-11-13,56734139,2019-11-13T09:22:32.34Z,FUV,1,10
2019-11-13,56734140,2019-11-13T09:22:48.89Z,SJI_2832,1,2
2019-11-13,56734142,2019-11-13T09:22:48.96Z,FUV,1,6
2019-11-13,56734143,2019-11-13T09:23:05.30Z,SJI_1400,1,0
2019-11-13,56734145,2019-11-13T09:23:05.37Z,FUV,1,11
2019-11-13,56734146,2019-11-13T09:23:21.96Z,SJI_1330,1,0
2019-11-13,56734148,2019-11-13T09:23:22.03Z,FUV,1,10
2019-11-13,56734149,2019-11-13T09:23:38.58Z,SJI_2796,1,1
2019-11-13,56734151,2019-11-13T09:23:38.65Z,FUV,1,6
2019-11-13,56734152,2019-11-13T09:23:55.24Z,SJI_2832,1,2
2019-11-13,56734154,2019-11-13T09:23:55.31Z,FUV,1,1
2019-11-13,56734155,2019-11-13T09:24:11.56Z,SJI_1400,1,0
2019-11-13,56734157,2019-11-13T09:24:11.63Z,FUV,1,1
2019-11-13,56734158,2019-11-13T09:24:28.27Z,SJI_1330,1,0
2019-11-13,56734160,2019-11-13T09:24:28.34Z,FUV,1,4
2019-11-13,56734161,2019-11-13T09:24:44.89Z,SJI_2796,1,0
2019-11-13,56734163,2019-11-13T09:24:44.96Z,FUV,1,1
2019-11-13,56734164,2019-11-13T09:25:01.55Z,SJI_2832,1,0
2019-11-13,56734166,2019-11-13T09:25:01.62Z,FUV,1,2
2019-11-13,56734167,2019-11-13T09:25:17.97Z,SJI_1400,1,0
2019-11-13,56734169,2019-11-13T09:25:18.04Z,FUV,1,1
2019-11-13,56734170,2019-11-13T09:25:34.62Z,SJI_1330,1,0
2019-11-13,56734172,2019-11-13T09:25:34.69Z,FUV,1,0
2019-11-13,56734173,2019-11-13T09:25:51.20Z,SJI_2796,1,0
2019-11-13,56734175,2019-11-13T09:25:51.27Z,FUV,1,2
2019-11-13,56734176,2019-11-13T09:26:07.86Z,SJI_2832,1,0
2019-11-13,56734178,2019-11-13T09:26:07.93Z,FUV,1,3
2019-11-13,56734179,2019-11-13T09:26:24.18Z,SJI_1400,1,0
2019-11-13,56734181,2019-11-13T09:26:24.25Z,FUV,1,0
2019-11-13,56734182,2019-11-13T09:26:40.89Z,SJI_1330,1,0
2019-11-13,56734184,2019-11-13T09:26:40.96Z,FUV,1,3
2019-11-13,56734185,2019-11-13T09:26:57.55Z,SJI_2796,1,0
2019-11-13,56734187,2019-11-13T09:26:57.62Z,FUV,1,0
2019-11-13,56734188,2019-11-13T09:27:14.17Z,SJI_2832,1,0
2019-11-13,56734190,2019-11-13T09:27:14.24Z,FUV,1,1
2019-11-13,56734191,2019-11-13T09:27:30.60Z,SJI_1400,1,0
2019-11-13,56734193,2019-11-13T09:27:30.67Z,FUV,1,0
2019-11-13,56734194,2019-11-13T09:27:47.27Z,SJI_1330,1,0
2019-11-13,56734196,2019-11-13T09:27:47.34Z,FUV,1,0
2019-11-13,56734197,2019-11-13T09:28:03.86Z,SJI_2796,1,0
2019-11-13,56734199,2019-11-13T09:28:03.93Z,FUV,1,0
2019-11-13,56734200,2019-11-13T09:28:20.52Z,SJI_2832,1,0
2019-11-13,56734202,2019-11-13T09:28:20.59Z,FUV,1,0
2019-11-13,56734203,2019-11-13T09:28:36.85Z,SJI_1400,1,1
2019-11-13,56734205,2019-11-13T09:28:36.92Z,FUV,1,0
2019-11-13,56734206,2019-11-13T09:28:53.55Z,SJI_1330,1,0
2019-11-13,56734208,2019-11-13T09:28:53.62Z,FUV,1,0
2019-11-13,56734211,2019-11-13T09:29:10.24Z,FUV,0,0
2019-11-13,56734217,2019-11-13T09:29:43.27Z,FUV,0,0
2019-11-13,56734218,2019-11-13T10:14:24.36Z,SJI_1330,0,0
2019-11-13,56734221,2019-11-13T10:14:40.99Z,SJI_2796,0,0
2019-11-13,56734223,2019-11-13T10:14:41.06Z,FUV,0,0
2019-11-13,56734224,2019-11-13T10:14:57.64Z,SJI_2832,0,0
2019-11-13,56734227,2019-11-13T10:15:14.02Z,SJI_1400,0,0
2019-11-13,56734229,2019-11-13T10:15:14.09Z,FUV,0,0
2019-11-13,56734235,2019-11-13T10:15:47.37Z,FUV,0,0
2019-11-13,56734241,2019-11-13T10:16:20.37Z,FUV,0,0
2019-11-13,56734242,2019-11-13T10:16:36.99Z,SJI_1330,0,0
2019-11-13,56734245,2019-11-13T10:16:53.61Z,SJI_2796,0,0
2019-11-13,56734247,2019-11-13T10:16:53.68Z,FUV,0,0
2019-11-13,56734248,2019-11-13T10:17:10.27Z,SJI_2832,0,0
2019-11-13,56734251,2019-11-13T10:17:26.62Z,SJI_1400,0,0
2019-11-13,56734253,2019-11-13T10:17:26.70Z,FUV,0,0
2019-11-13,56734259,2019-11-13T10:18:00.03Z,FUV,0,0
2019-11-13,56734265,2019-11-13T10:18:33.00Z,FUV,0,0
2019-11-13,56734266,2019-11-13T10:18:49.64Z,SJI_1330,0,0
2019-11-13,56734269,2019-11-13T10:19:06.27Z,SJI_2796,0,0
2019-11-13,56734271,2019-11-13T10:19:06.34Z,FUV,0,0
2019-11-13,56734272,2019-11-13T10:19:22.92Z,SJI_2832,0,0
2019-11-13,56734275,2019-11-13T10:19:39.29Z,SJI_1400,0,0
2019-11-13,56734277,2019-11-13T10:19:39.36Z,FUV,0,0
2019-11-13,56734283,2019-11-13T10:20:12.65Z,FUV,0,0
2019-11-13,56734289,2019-11-13T10:20:45.67Z,FUV,0,0
2019-11-13,56734290,2019-11-13T10:21:02.27Z,SJI_1330,0,0
2019-11-13,56734293,2019-11-13T10:21:18.89Z,SJI_2796,0,0
2019-11-13,56734295,2019-11-13T10:21:18.96Z,FUV,0,0
2019-11-13,56734296,2019-11-13T10:21:35.55Z,SJI_2832,0,0
2019-11-13,56734299,2019-11-13T10:21:51.87Z,SJI_1400,0,0
2019-11-13,56734301,2019-11-13T10:21:51.94Z,FUV,0,0
2019-11-13,56734307,2019-11-13T10:22:25.31Z,FUV,0,0
2019-11-13,56734313,2019-11-13T10:22:58.34Z,FUV,0,0
2019-11-13,56734314,2019-11-13T10:23:14.95Z,SJI_1330,0,0
2019-11-13,56734317,2019-11-13T10:23:31.55Z,SJI_2796,0,0
2019-11-13,56734319,2019-11-13T10:23:31.62Z,FUV,0,0
2019-11-13,56734320,2019-11-13T10:23:48.20Z,SJI_2832,0,0
2019-11-13,56734323,2019-11-13T10:24:04.54Z,SJI_1400,0,0
2019-11-13,56734325,2019-11-13T10:24:04.61Z,FUV,0,0
2019-11-13,56734331,2019-11-13T10:24:37.93Z,FUV,0,0
2019-11-13,56734337,2019-11-13T10:25:10.98Z,FUV,0,0
2019-11-13,56734338,2019-11-13T10:25:27.62Z,SJI_1330,0,0
2019-11-13,56734341,2019-11-13T10:25:44.17Z,SJI_2796,0,0
2019-11-13,56734343,2019-11-13T10:25:44.24Z,FUV,0,0
2019-11-13,56734344,2019-11-13T10:26:00.83Z,SJI_2832,0,0
2019-11-13,56734347,2019-11-13T10:26:17.21Z,SJI_1400,0,0
2019-11-13,56734349,2019-11-13T10:26:17.28Z,FUV,0,0
2019-11-13,56734355,2019-11-13T10:26:50.56Z,FUV,0,0
2019-11-13,56734361,2019-11-13T10:27:23.59Z,FUV,0,0
2019-11-13,56734362,2019-11-13T10:27:40.20Z,SJI_1330,0,0
2019-11-13,56734365,2019-11-13T10:27:56.83Z,SJI_2796,0,0
2019-11-13,56734367,2019-11-13T10:27:56.90Z,FUV,0,0
2019-11-13,56734368,2019-11-13T10:28:13.49Z,SJI_2832,0,0
2019-11-13,56734371,2019-11-13T10:28:29.85Z,SJI_1400,0,0
2019-11-13,56734373,2019-11-13T10:28:29.92Z,FUV,0,0
2019-11-13,56734379,2019-11-13T10:29:03.21Z,FUV,0,0
2019-11-13,56734385,2019-11-13T10:29:36.24Z,FUV,0,0
2019-11-13,56734386,2019-11-13T10:29:52.87Z,SJI_1330,0,0
2019-11-13,56734389,2019-11-13T10:30:09.45Z,SJI_2796,0,0
2019-11-13,56734391,2019-11-13T10:30:09.52Z,FUV,0,0
2019-11-13,56734392,2019-11-13T10:30:26.11Z,SJI_2832,0,0
2019-11-13,56734395,2019-11-13T10:30:42.49Z,SJI_1400,0,0
2019-11-13,56734397,2019-11-13T10:30:42.56Z,FUV,0,0
2019-11-13,56734403,2019-11-13T10:31:15.87Z,FUV,0,0
2019-11-13,56734409,2019-11-13T10:31:48.89Z,FUV,0,0
2019-11-13,56734410,2019-11-13T10:32:05.55Z,SJI_1330,0,0
2019-11-13,56734413,2019-11-13T10:32:22.20Z,SJI_2796,0,0
2019-11-13,56734415,2019-11-13T10:32:22.27Z,FUV,0,0
2019-11-13,56734416,2019-11-13T10:32:38.83Z,SJI_2832,0,0
2019-11-13,56734419,2019-11-13T10:32:55.17Z,SJI_1400,0,0
2019-11-13,56734421,2019-11-13T10:32:55.24Z,FUV,0,0
2019-11-13,56734427,2019-11-13T10:33:28.59Z,FUV,0,0
2019-11-13,56734433,2019-11-13T10:34:01.60Z,FUV,0,0
2019-11-13,56734434,2019-11-13T10:34:18.21Z,SJI_1330,0,0
2019-11-13,56734437,2019-11-13T10:34:34.83Z,SJI_2796,0,0
2019-11-13,56734439,2019-11-13T10:34:34.90Z,FUV,0,0
2019-11-13,56734440,2019-11-13T10:34:51.49Z,SJI_2832,0,0
2019-11-13,56734443,2019-11-13T10:35:07.87Z,SJI_1400,0,0
2019-11-13,56734445,2019-11-13T10:35:07.94Z,FUV,0,0
2019-11-13,56734451,2019-11-13T10:35:41.21Z,FUV,0,0
2019-11-13,56734457,2019-11-13T10:36:14.23Z,FUV,0,0
2019-11-13,56734458,2019-11-13T10:36:30.84Z,SJI_1330,0,0
2019-11-13,56734461,2019-11-13T10:36:47.49Z,SJI_2796,0,0
2019-11-13,56734463,2019-11-13T10:36:47.56Z,FUV,0,0
2019-11-13,56734464,2019-11-13T10:37:04.11Z,SJI_2832,0,0
2019-11-13,56734467,2019-11-13T10:37:20.48Z,SJI_1400,0,0
2019-11-13,56734469,2019-11-13T10:37:20.55Z,FUV,0,0
2019-11-13,56734475,2019-11-13T10:37:53.87Z,FUV,0,0
2019-11-13,56734481,2019-11-13T10:38:26.91Z,FUV,0,0
2019-11-13,56734482,2019-11-13T10:38:43.55Z,SJI_1330,0,0
2019-11-13,56734485,2019-11-13T10:39:00.11Z,SJI_2796,0,0
2019-11-13,56734487,2019-11-13T10:39:00.18Z,FUV,0,0
2019-11-13,56734488,2019-11-13T10:39:16.77Z,SJI_2832,0,0
2019-11-13,56734491,2019-11-13T10:39:33.16Z,SJI_1400,0,0
2019-11-13,56734493,2019-11-13T10:39:33.23Z,FUV,0,0
2019-11-13,56734499,2019-11-13T10:40:06.49Z,FUV,0,0
2019-11-13,56734505,2019-11-13T10:40:39.52Z,FUV,0,0
2019-11-13,56734506,2019-11-13T10:40:56.15Z,SJI_1330,0,0
2019-11-13,56734509,2019-11-13T10:41:12.77Z,SJI_2796,0,0
2019-11-13,56734511,2019-11-13T10:41:12.84Z,FUV,0,0
2019-11-13,56734512,2019-11-13T10:41:29.39Z,SJI_2832,0,0
2019-11-13,56734515,2019-11-13T10:41:45.77Z,SJI_1400,0,0
2019-11-13,56734517,2019-11-13T10:41:45.84Z,FUV,0,0
2019-11-13,56734523,2019-11-13T10:42:19.15Z,FUV,0,0
2019-11-13,56734529,2019-11-13T10:42:52.18Z,FUV,0,0
2019-11-13,56734530,2019-11-13T10:43:08.77Z,SJI_1330,0,0
2019-11-13,56734533,2019-11-13T10:43:25.39Z,SJI_2796,0,0
2019-11-13,56734535,2019-11-13T10:43:25.46Z,FUV,0,0
2019-11-13,56734536,2019-11-13T10:43:42.05Z,SJI_2832,0,0
2019-11-13,56734539,2019-11-13T10:43:58.44Z,SJI_1400,0,0
2019-11-13,56734541,2019-11-13T10:43:58.51Z,FUV,0,0
2019-11-13,56734547,2019-11-13T10:44:31.77Z,FUV,0,0
2019-11-13,56734553,2019-11-13T10:45:04.80Z,FUV,0,0
2019-11-13,56734554,2019-11-13T10:45:21.39Z,SJI_1330,0,0
2019-11-13,56734557,2019-11-13T10:45:38.05Z,SJI_2796,0,0
2019-11-13,56734559,2019-11-13T10:45:38.12Z,FUV,0,0
2019-11-13,56734560,2019-11-13T10:45:54.67Z,SJI_2832,0,0
2019-11-13,56734563,2019-11-13T10:46:11.05Z,SJI_1400,0,0
2019-11-13,56734565,2019-11-13T10:46:11.12Z,FUV,0,0
2019-11-13,56734571,2019-11-13T10:46:44.43Z,FUV,0,0
2019-11-13,56734577,2019-11-13T10:47:17.48Z,FUV,0,0
2019-11-13,56734578,2019-11-13T10:47:34.11Z,SJI_1330,0,0
2019-11-13,56734581,2019-11-13T10:47:50.67Z,SJI_2796,0,0
2019-11-13,56734583,2019-11-13T10:47:50.74Z,FUV,0,0
2019-11-13,56734584,2019-11-13T10:48:07.33Z,SJI_2832,0,0
2019-11-13,56734587,2019-11-13T10:48:23.74Z,SJI_1400,0,0
2019-11-13,56734589,2019-11-13T10:48:23.81Z,FUV,0,0
2019-11-13,56734595,2019-11-13T10:48:57.06Z,FUV,0,0
2019-11-13,56734601,2019-11-13T10:49:30.09Z,FUV,0,0
2019-11-13,56734602,2019-11-13T10:49:46.77Z,SJI_1330,0,0
2019-11-13,56734605,2019-11-13T10:50:03.39Z,SJI_2796,0,0
2019-11-13,56734607,2019-11-13T10:50:03.46Z,FUV,0,0
2019-11-13,56734608,2019-11-13T10:50:20.05Z,SJI_2832,0,0
2019-11-13,56734611,2019-11-13T10:50:36.37Z,SJI_1400,0,0
2019-11-13,56734613,2019-11-13T10:50:36.44Z,FUV,0,0
2019-11-13,56734619,2019-11-13T10:51:09.81Z,FUV,0,0
2019-11-13,56734623,2019-11-13T10:51:42.79Z,SJI_1400,1,0
2019-11-13,56734625,2019-11-13T10:51:42.86Z,FUV,1,0
2019-11-13,56734626,2019-11-13T10:51:59.45Z,SJI_1330,1,0
2019-11-13,56734628,2019-11-13T10:51:59.52Z,FUV,1,0
2019-11-13,56734629,2019-11-13T10:52:16.05Z,SJI_2796,1,0
2019-11-13,56734631,2019-11-13T10:52:16.12Z,FUV,1,0
2019-11-13,56734632,2019-11-13T10:52:32.70Z,SJI_2832,1,0
2019-11-13,56734634,2019-11-13T10:52:32.77Z,FUV,1,0
2019-11-13,56734635,2019-11-13T10:52:49.06Z,SJI_1400,1,0
2019-11-13,56734637,2019-11-13T10:52:49.13Z,FUV,1,0
2019-11-13,56734638,2019-11-13T10:53:05.75Z,SJI_1330,1,0
2019-11-13,56734640,2019-11-13T10:53:05.82Z,FUV,1,1
2019-11-13,56734641,2019-11-13T10:53:22.36Z,SJI_2796,1,1
2019-11-13,56734643,2019-11-13T10:53:22.43Z,FUV,1,1
2019-11-13,56734644,2019-11-13T10:53:39.02Z,SJI_2832,1,0
2019-11-13,56734646,2019-11-13T10:53:39.09Z,FUV,1,1
2019-11-13,56734647,2019-11-13T10:53:55.42Z,SJI_1400,1,0
2019-11-13,56734649,2019-11-13T10:53:55.49Z,FUV,1,3
2019-11-13,56734650,2019-11-13T10:54:12.12Z,SJI_1330,1,0
2019-11-13,56734652,2019-11-13T10:54:12.20Z,FUV,1,3
2019-11-13,56734653,2019-11-13T10:54:28.67Z,SJI_2796,1,2
2019-11-13,56734655,2019-11-13T10:54:28.74Z,FUV,1,5
2019-11-13,56734656,2019-11-13T10:54:45.33Z,SJI_2832,1,2
2019-11-13,56734658,2019-11-13T10:54:45.40Z,FUV,1,8
2019-11-13,56734659,2019-11-13T10:55:01.69Z,SJI_1400,1,0
2019-11-13,56734661,2019-11-13T10:55:01.76Z,FUV,1,6
2019-11-13,56734662,2019-11-13T10:55:18.41Z,SJI_1330,1,1
2019-11-13,56734664,2019-11-13T10:55:18.48Z,FUV,1,8
2019-11-13,56734665,2019-11-13T10:55:35.02Z,SJI_2796,1,1
2019-11-13,56734667,2019-11-13T10:55:35.09Z,FUV,1,4
2019-11-13,56734668,2019-11-13T10:55:51.64Z,SJI_2832,1,0
2019-11-13,56734670,2019-11-13T10:55:51.71Z,FUV,1,7
2019-11-13,56734671,2019-11-13T10:56:08.02Z,SJI_1400,1,1
2019-11-13,56734673,2019-11-13T10:56:08.09Z,FUV,1,7
2019-11-13,56734674,2019-11-13T10:56:24.70Z,SJI_1330,1,1
2019-11-13,56734676,2019-11-13T10:56:24.77Z,FUV,1,10
2019-11-13,56734677,2019-11-13T10:56:41.33Z,SJI_2796,1,1
2019-11-13,56734679,2019-11-13T10:56:41.40Z,FUV,1,5
2019-11-13,56734680,2019-11-13T10:56:57.99Z,SJI_2832,1,1
2019-11-13,56734682,2019-11-13T10:56:58.06Z,FUV,1,7
2019-11-13,56734683,2019-11-13T10:57:14.34Z,SJI_1400,1,3
2019-11-13,56734685,2019-11-13T10:57:14.41Z,FUV,1,8
2019-11-13,56734686,2019-11-13T10:57:31.12Z,SJI_1330,1,2
2019-11-13,56734688,2019-11-13T10:57:31.19Z,FUV,1,4
2019-11-13,56734689,2019-11-13T10:57:47.64Z,SJI_2796,1,2
2019-11-13,56734691,2019-11-13T10:57:47.71Z,FUV,1,2
2019-11-13,56734692,2019-11-13T10:58:04.30Z,SJI_2832,1,0
2019-11-13,56734694,2019-11-13T10:58:04.37Z,FUV,1,5
2019-11-13,56734695,2019-11-13T10:58:20.67Z,SJI_1400,1,0
2019-11-13,56734697,2019-11-13T10:58:20.74Z,FUV,1,4
2019-11-13,56734698,2019-11-13T10:58:37.33Z,SJI_1330,1,0
2019-11-13,56734700,2019-11-13T10:58:37.40Z,FUV,1,3
2019-11-13,56734701,2019-11-13T10:58:53.95Z,SJI_2796,1,1
2019-11-13,56734703,2019-11-13T10:58:54.02Z,FUV,1,3
2019-11-13,56734704,2019-11-13T10:59:10.61Z,SJI_2832,1,0
2019-11-13,56734706,2019-11-13T10:59:10.68Z,FUV,1,5
2019-11-13,56734707,2019-11-13T10:59:26.94Z,SJI_1400,1,0
2019-11-13,56734709,2019-11-13T10:59:27.01Z,FUV,1,2
2019-11-13,56734710,2019-11-13T10:59:43.66Z,SJI_1330,1,2
2019-11-13,56734712,2019-11-13T10:59:43.73Z,FUV,1,1
2019-11-13,56734713,2019-11-13T11:00:00.30Z,SJI_2796,1,0
2019-11-13,56734715,2019-11-13T11:00:00.37Z,FUV,1,3
2019-11-13,56734716,2019-11-13T11:00:16.92Z,SJI_2832,1,0
2019-11-13,56734718,2019-11-13T11:00:16.99Z,FUV,1,1
2019-11-13,56734719,2019-11-13T11:00:33.30Z,SJI_1400,1,0
2019-11-13,56734721,2019-11-13T11:00:33.37Z,FUV,1,1
2019-11-13,56734722,2019-11-13T11:00:49.99Z,SJI_1330,1,0
2019-11-13,56734724,2019-11-13T11:00:50.06Z,FUV,1,2
2019-11-13,56734725,2019-11-13T11:01:06.61Z,SJI_2796,1,0
2019-11-13,56734727,2019-11-13T11:01:06.68Z,FUV,1,1
2019-11-13,56734728,2019-11-13T11:01:23.27Z,SJI_2832,1,0
2019-11-13,56734730,2019-11-13T11:01:23.34Z,FUV,1,1
2019-11-13,56734731,2019-11-13T11:01:39.59Z,SJI_1400,1,0
2019-11-13,56734733,2019-11-13T11:01:39.66Z,FUV,1,0
2019-11-13,56734734,2019-11-13T11:01:56.31Z,SJI_1330,1,0
2019-11-13,56734736,2019-11-13T11:01:56.38Z,FUV,1,0
2019-11-13,56734737,2019-11-13T11:02:12.92Z,SJI_2796,1,1
2019-11-13,56734739,2019-11-13T11:02:12.99Z,FUV,1,0
2019-11-13,56734740,2019-11-13T11:02:29.58Z,SJI_2832,1,0
2019-11-13,56734742,2019-11-13T11:02:29.65Z,FUV,1,0
2019-11-13,56734743,2019-11-13T11:02:45.99Z,SJI_1400,1,0
2019-11-13,56734745,2019-11-13T11:02:46.06Z,FUV,1,0
2019-11-13,56734746,2019-11-13T11:03:02.65Z,SJI_1330,1,0
2019-11-13,56734748,2019-11-13T11:03:02.72Z,FUV,1,0
2019-11-13,56734749,2019-11-13T11:03:19.24Z,SJI_2796,1,0
2019-11-13,56734751,2019-11-13T11:03:19.31Z,FUV,1,0
2019-11-13,56734752,2019-11-13T11:03:35.89Z,SJI_2832,0,0
2019-11-13,56734755,2019-11-13T11:03:52.21Z,SJI_1400,0,0
2019-11-13,56734757,2019-11-13T11:03:52.28Z,FUV,0,0
2019-11-13,56734763,2019-11-13T11:04:25.65Z,FUV,0,0
2019-11-13,56734769,2019-11-13T11:04:58.66Z,FUV,0,0
2019-11-13,56734770,2019-11-13T11:05:15.27Z,SJI_1330,0,0
2019-11-13,56734773,2019-11-13T11:05:31.89Z,SJI_2796,0,0
2019-11-13,56734775,2019-11-13T11:05:31.96Z,FUV,0,0
2019-11-13,56734776,2019-11-13T11:05:48.55Z,SJI_2832,0,0
2019-11-13,56734779,2019-11-13T11:06:04.90Z,SJI_1400,0,0
2019-11-13,56734781,2019-11-13T11:06:04.97Z,FUV,0,0
2019-11-13,56734787,2019-11-13T11:06:38.27Z,FUV,0,0
2019-11-13,56734793,2019-11-13T11:07:11.34Z,FUV,0,0
2019-11-13,56735070,2019-11-13T13:29:11.36Z,SJI_1330,0,0
2019-11-13,56735073,2019-11-13T13:29:27.99Z,SJI_2796,0,0
2019-11-13,56735075,2019-11-13T13:29:28.06Z,FUV,0,0
2019-11-13,56735076,2019-11-13T13:29:44.64Z,SJI_2832,0,0
2019-11-13,56735079,2019-11-13T13:30:00.97Z,SJI_1400,0,0
2019-11-13,56735081,2019-11-13T13:30:01.04Z,FUV,0,0
2019-11-13,56735087,2019-11-13T13:30:34.37Z,FUV,0,0
2019-11-13,56735093,2019-11-13T13:31:07.41Z,FUV,0,0
2019-11-13,56735094,2019-11-13T13:31:24.02Z,SJI_1330,0,0
2019-11-13,56735097,2019-11-13T13:31:40.61Z,SJI_2796,0,0
2019-11-13,56735099,2019-11-13T13:31:40.68Z,FUV,0,0
2019-11-13,56735100,2019-11-13T13:31:57.27Z,SJI_2832,0,0
2019-11-13,56735103,2019-11-13T13:32:13.59Z,SJI_1400,0,0
2019-11-13,56735105,2019-11-13T13:32:13.66Z,FUV,0,0
2019-11-13,56735111,2019-11-13T13:32:47.02Z,FUV,0,0
2019-11-13,56735117,2019-11-13T13:33:20.05Z,FUV,0,0
2019-11-13,56735118,2019-11-13T13:33:36.65Z,SJI_1330,0,0
2019-11-13,56735121,2019-11-13T13:33:53.27Z,SJI_2796,0,0
2019-11-13,56735123,2019-11-13T13:33:53.34Z,FUV,0,0
2019-11-13,56735124,2019-11-13T13:34:09.92Z,SJI_2832,0,0
2019-11-13,56735127,2019-11-13T13:34:26.26Z,SJI_1400,0,0
2019-11-13,56735129,2019-11-13T13:34:26.33Z,FUV,0,0
2019-11-13,56735135,2019-11-13T13:34:59.65Z,FUV,0,0
2019-11-13,56735141,2019-11-13T13:35:32.72Z,FUV,0,0
2019-11-13,56735142,2019-11-13T13:35:49.33Z,SJI_1330,0,0
2019-11-13,56735145,2019-11-13T13:36:05.89Z,SJI_2796,0,0
2019-11-13,56735147,2019-11-13T13:36:05.96Z,FUV,0,0
2019-11-13,56735148,2019-11-13T13:36:22.55Z,SJI_2832,0,0
2019-11-13,56735151,2019-11-13T13:36:38.86Z,SJI_1400,0,0
2019-11-13,56735153,2019-11-13T13:36:38.93Z,FUV,0,0
2019-11-13,56735159,2019-11-13T13:37:12.31Z,FUV,0,0
2019-11-13,56735165,2019-11-13T13:37:45.36Z,FUV,0,0
2019-11-13,56735166,2019-11-13T13:38:01.99Z,SJI_1330,0,0
2019-11-13,56735169,2019-11-13T13:38:18.55Z,SJI_2796,0,0
2019-11-13,56735171,2019-11-13T13:38:18.62Z,FUV,0,0
2019-11-13,56735172,2019-11-13T13:38:35.20Z,SJI_2832,0,0
2019-11-13,56735175,2019-11-13T13:38:51.54Z,SJI_1400,0,0
2019-11-13,56735177,2019-11-13T13:38:51.61Z,FUV,0,0
2019-11-13,56735183,2019-11-13T13:39:24.93Z,FUV,0,0
2019-11-13,56735189,2019-11-13T13:39:57.94Z,FUV,0,0
2019-11-13,56735190,2019-11-13T13:40:14.55Z,SJI_1330,0,0
2019-11-13,56735193,2019-11-13T13:40:31.17Z,SJI_2796,0,0
2019-11-13,56735195,2019-11-13T13:40:31.24Z,FUV,0,0
2019-11-13,56735196,2019-11-13T13:40:47.83Z,SJI_2832,0,0
2019-11-13,56735199,2019-11-13T13:41:04.19Z,SJI_1400,0,0
2019-11-13,56735201,2019-11-13T13:41:04.26Z,FUV,0,0
2019-11-13,56735207,2019-11-13T13:41:37.56Z,FUV,0,0
2019-11-13,56735213,2019-11-13T13:42:10.54Z,FUV,0,0
2019-11-13,56735214,2019-11-13T13:42:27.20Z,SJI_1330,0,0
2019-11-13,56735217,2019-11-13T13:42:43.83Z,SJI_2796,0,0
2019-11-13,56735219,2019-11-13T13:42:43.90Z,FUV,0,0
2019-11-13,56735220,2019-11-13T13:43:00.49Z,SJI_2832,0,0
2019-11-13,56735223,2019-11-13T13:43:16.83Z,SJI_1400,0,0
2019-11-13,56735225,2019-11-13T13:43:16.90Z,FUV,0,0
2019-11-13,56735231,2019-11-13T13:43:50.21Z,FUV,0,0
2019-11-13,56735237,2019-11-13T13:44:23.22Z,FUV,0,0
2019-11-13,56735238,2019-11-13T13:44:39.87Z,SJI_1330,0,0
2019-11-13,56735241,2019-11-13T13:44:56.45Z,SJI_2796,0,0
2019-11-13,56735243,2019-11-13T13:44:56.52Z,FUV,0,0
2019-11-13,56735244,2019-11-13T13:45:13.11Z,SJI_2832,0,0
2019-11-13,56735247,2019-11-13T13:45:29.54Z,SJI_1400,0,0
2019-11-13,56735249,2019-11-13T13:45:29.61Z,FUV,0,0
2019-11-13,56735255,2019-11-13T13:46:02.87Z,FUV,0,0
2019-11-13,56735261,2019-11-13T13:46:35.84Z,FUV,0,0
2019-11-13,56735262,2019-11-13T13:46:52.55Z,SJI_1330,0,0
2019-11-13,56735265,2019-11-13T13:47:09.20Z,SJI_2796,0,0
2019-11-13,56735267,2019-11-13T13:47:09.27Z,FUV,0,0
2019-11-13,56735268,2019-11-13T13:47:25.83Z,SJI_2832,0,0
2019-11-13,56735271,2019-11-13T13:47:42.16Z,SJI_1400,0,0
2019-11-13,56735273,2019-11-13T13:47:42.23Z,FUV,0,0
2019-11-13,56735279,2019-11-13T13:48:15.59Z,FUV,0,0
2019-11-13,56735285,2019-11-13T13:48:48.62Z,FUV,0,0
2019-11-13,56735286,2019-11-13T13:49:05.23Z,SJI_1330,0,0
2019-11-13,56735289,2019-11-13T13:49:21.83Z,SJI_2796,0,0
2019-11-13,56735291,2019-11-13T13:49:21.90Z,FUV,0,0
2019-11-13,56735292,2019-11-13T13:49:38.49Z,SJI_2832,0,0
2019-11-13,56735295,2019-11-13T13:49:54.90Z,SJI_1400,0,0
2019-11-13,56735297,2019-11-13T13:49:54.97Z,FUV,0,0
2019-11-13,56735303,2019-11-13T13:50:28.21Z,FUV,0,0
2019-11-13,56735309,2019-11-13T13:51:01.24Z,FUV,0,0
2019-11-13,56735310,2019-11-13T13:51:17.87Z,SJI_1330,0,0
2019-11-13,56735313,2019-11-13T13:51:34.49Z,SJI_2796,0,0
2019-11-13,56735315,2019-11-13T13:51:34.56Z,FUV,0,0
2019-11-13,56735316,2019-11-13T13:51:51.11Z,SJI_2832,0,0
2019-11-13,56735319,2019-11-13T13:52:07.49Z,SJI_1400,0,0
2019-11-13,56735321,2019-11-13T13:52:07.56Z,FUV,0,0
2019-11-13,56735327,2019-11-13T13:52:40.87Z,FUV,0,0
2019-11-13,56735333,2019-11-13T13:53:13.89Z,FUV,0,0
2019-11-13,56735334,2019-11-13T13:53:30.49Z,SJI_1330,0,0
2019-11-13,56735337,2019-11-13T13:53:47.11Z,SJI_2796,0,0
2019-11-13,56735339,2019-11-13T13:53:47.18Z,FUV,0,0
2019-11-13,56735340,2019-11-13T13:54:03.77Z,SJI_2832,0,0
2019-11-13,56735343,2019-11-13T13:54:20.14Z,SJI_1400,0,0
2019-11-13,56735345,2019-11-13T13:54:20.21Z,FUV,0,0
2019-11-13,56735351,2019-11-13T13:54:53.49Z,FUV,0,0
2019-11-13,56735357,2019-11-13T13:55:26.51Z,FUV,0,0
2019-11-13,56735358,2019-11-13T13:55:43.12Z,SJI_1330,0,0
2019-11-13,56735361,2019-11-13T13:55:59.77Z,SJI_2796,0,0
2019-11-13,56735363,2019-11-13T13:55:59.84Z,FUV,0,0
2019-11-13,56735364,2019-11-13T13:56:16.39Z,SJI_2832,0,0
2019-11-13,56735367,2019-11-13T13:56:32.84Z,SJI_1400,0,0
2019-11-13,56735369,2019-11-13T13:56:32.91Z,FUV,0,0
2019-11-13,56735375,2019-11-13T13:57:06.15Z,FUV,0,0
2019-11-13,56735381,2019-11-13T13:57:39.12Z,FUV,0,0
2019-11-13,56735382,2019-11-13T13:57:55.77Z,SJI_1330,0,0
2019-11-13,56735385,2019-11-13T13:58:12.39Z,SJI_2796,0,0
2019-11-13,56735387,2019-11-13T13:58:12.46Z,FUV,0,0
2019-11-13,56735388,2019-11-13T13:58:29.05Z,SJI_2832,0,0
2019-11-13,56735391,2019-11-13T13:58:45.45Z,SJI_1400,0,0
2019-11-13,56735393,2019-11-13T13:58:45.52Z,FUV,0,0
2019-11-13,56735399,2019-11-13T13:59:18.77Z,FUV,0,0
2019-11-13,56735405,2019-11-13T13:59:51.74Z,FUV,0,0
2019-11-13,56735406,2019-11-13T14:00:08.39Z,SJI_1330,0,0
2019-11-13,56735409,2019-11-13T14:00:25.05Z,SJI_2796,0,0
2019-11-13,56735411,2019-11-13T14:00:25.12Z,FUV,0,0
2019-11-13,56735412,2019-11-13T14:00:41.67Z,SJI_2832,0,0
2019-11-13,56735415,2019-11-13T14:00:58.10Z,SJI_1400,0,0
2019-11-13,56735417,2019-11-13T14:00:58.17Z,FUV,0,0
2019-11-13,56735423,2019-11-13T14:01:31.43Z,FUV,0,0
2019-11-13,56735429,2019-11-13T14:02:04.41Z,FUV,0,0
2019-11-13,56735430,2019-11-13T14:02:21.07Z,SJI_1330,0,0
2019-11-13,56735433,2019-11-13T14:02:37.67Z,SJI_2796,0,0
2019-11-13,56735435,2019-11-13T14:02:37.74Z,FUV,0,0
2019-11-13,56735436,2019-11-13T14:02:54.33Z,SJI_2832,0,0
2019-11-13,56735439,2019-11-13T14:03:10.74Z,SJI_1400,0,0
2019-11-13,56735441,2019-11-13T14:03:10.81Z,FUV,0,0
2019-11-13,56735447,2019-11-13T14:03:44.06Z,FUV,0,0
2019-11-13,56735453,2019-11-13T14:04:17.04Z,FUV,0,0
2019-11-13,56735454,2019-11-13T14:04:33.77Z,SJI_1330,0,0
2019-11-13,56735457,2019-11-13T14:04:50.39Z,SJI_2796,0,0
2019-11-13,56735459,2019-11-13T14:04:50.46Z,FUV,0,0
2019-11-13,56735460,2019-11-13T14:05:07.05Z,SJI_2832,0,0
2019-11-13,56735463,2019-11-13T14:05:23.44Z,SJI_1400,0,0
2019-11-13,56735465,2019-11-13T14:05:23.51Z,FUV,0,0
2019-11-13,56735471,2019-11-13T14:05:56.81Z,FUV,0,0
2019-11-13,56735477,2019-11-13T14:06:29.76Z,FUV,0,0
2019-11-13,56735478,2019-11-13T14:06:46.42Z,SJI_1330,0,0
2019-11-13,56735481,2019-11-13T14:07:03.05Z,SJI_2796,0,0
2019-11-13,56735483,2019-11-13T14:07:03.12Z,FUV,0,0
2019-11-13,56735484,2019-11-13T14:07:19.70Z,SJI_2832,0,0
2019-11-13,56735487,2019-11-13T14:07:36.09Z,SJI_1400,0,0
2019-11-13,56735489,2019-11-13T14:07:36.16Z,FUV,0,0
2019-11-13,56735495,2019-11-13T14:08:09.43Z,FUV,0,0
2019-11-13,56735501,2019-11-13T14:08:42.40Z,FUV,0,0
2019-11-13,56735502,2019-11-13T14:08:59.05Z,SJI_1330,0,0
2019-11-13,56735505,2019-11-13T14:09:15.67Z,SJI_2796,0,0
2019-11-13,56735507,2019-11-13T14:09:15.74Z,FUV,0,0
2019-11-13,56735508,2019-11-13T14:09:32.33Z,SJI_2832,0,0
2019-11-13,56735511,2019-11-13T14:09:48.74Z,SJI_1400,0,0
2019-11-13,56735513,2019-11-13T14:09:48.81Z,FUV,0,0
2019-11-13,56735519,2019-11-13T14:10:22.09Z,FUV,0,0
2019-11-13,56735525,2019-11-13T14:10:55.04Z,FUV,0,0
2019-11-13,56735526,2019-11-13T14:11:11.70Z,SJI_1330,0,0
2019-11-13,56735529,2019-11-13T14:11:28.33Z,SJI_2796,0,0
2019-11-13,56735531,2019-11-13T14:11:28.40Z,FUV,0,0
2019-11-13,56735532,2019-11-13T14:11:44.99Z,SJI_2832,0,0
2019-11-13,56735535,2019-11-13T14:12:01.38Z,SJI_1400,0,0
2019-11-13,56735537,2019-11-13T14:12:01.45Z,FUV,0,0
2019-11-13,56735543,2019-11-13T14:12:34.71Z,FUV,0,0
2019-11-13,56735549,2019-11-13T14:13:07.70Z,FUV,0,0
2019-11-13,56735550,2019-11-13T14:13:24.34Z,SJI_1330,0,0
2019-11-13,56735553,2019-11-13T14:13:40.95Z,SJI_2796,0,0
2019-11-13,56735555,2019-11-13T14:13:41.02Z,FUV,0,0
2019-11-13,56735556,2019-11-13T14:13:57.61Z,SJI_2832,0,0
2019-11-13,56735559,2019-11-13T14:14:14.00Z,SJI_1400,0,0
2019-11-13,56735561,2019-11-13T14:14:14.07Z,FUV,0,0
2019-11-13,56735567,2019-11-13T14:14:47.37Z,FUV,0,0
2019-11-13,56735573,2019-11-13T14:15:20.33Z,FUV,0,0
2019-11-13,56735574,2019-11-13T14:15:36.99Z,SJI_1330,0,0
2019-11-13,56735577,2019-11-13T14:15:53.61Z,SJI_2796,0,0
2019-11-13,56735579,2019-11-13T14:15:53.68Z,FUV,0,0
2019-11-13,56735580,2019-11-13T14:16:10.27Z,SJI_2832,0,0
2019-11-13,56735583,2019-11-13T14:16:26.66Z,SJI_1400,0,0
2019-11-13,56735585,2019-11-13T14:16:26.73Z,FUV,0,0
2019-11-13,56735591,2019-11-13T14:16:59.99Z,FUV,0,0
2019-11-13,56735597,2019-11-13T14:17:32.97Z,FUV,0,0
2019-11-13,56735598,2019-11-13T14:17:49.62Z,SJI_1330,0,0
2019-11-13,56735601,2019-11-13T14:18:06.24Z,SJI_2796,0,0
2019-11-13,56735603,2019-11-13T14:18:06.31Z,FUV,0,0
2019-11-13,56735604,2019-11-13T14:18:22.89Z,SJI_2832,0,0
2019-11-13,56735607,2019-11-13T14:18:39.30Z,SJI_1400,0,0
2019-11-13,56735609,2019-11-13T14:18:39.37Z,FUV,0,0
2019-11-13,56735615,2019-11-13T14:19:12.65Z,FUV,0,0
2019-11-13,56735621,2019-11-13T14:19:45.59Z,FUV,0,0
2019-11-13,56735622,2019-11-13T14:20:02.27Z,SJI_1330,0,0
2019-11-13,56735625,2019-11-13T14:20:18.89Z,SJI_2796,0,0
2019-11-13,56735627,2019-11-13T14:20:18.96Z,FUV,0,0
2019-11-13,56735628,2019-11-13T14:20:35.55Z,SJI_2832,0,0
2019-11-13,56735631,2019-11-13T14:20:51.94Z,SJI_1400,0,0
2019-11-13,56735633,2019-11-13T14:20:52.01Z,FUV,0,0
2019-11-13,56735639,2019-11-13T14:21:25.27Z,FUV,0,0
2019-11-13,56735645,2019-11-13T14:21:58.25Z,FUV,0,0
2019-11-13,56735646,2019-11-13T15:06:47.36Z,SJI_1330,0,0
2019-11-13,56735649,2019-11-13T15:07:03.99Z,SJI_2796,0,0
2019-11-13,56735651,2019-11-13T15:07:04.06Z,FUV,0,0
2019-11-13,56735652,2019-11-13T15:07:20.64Z,SJI_2832,0,0
2019-11-13,56735655,2019-11-13T15:07:37.01Z,SJI_1400,0,0
2019-11-13,56735657,2019-11-13T15:07:37.08Z,FUV,0,0
2019-11-13,56735663,2019-11-13T15:08:10.37Z,FUV,0,0
2019-11-13,56735669,2019-11-13T15:08:43.37Z,FUV,0,0
2019-11-13,56735670,2019-11-13T15:08:59.99Z,SJI_1330,0,0
2019-11-13,56735673,2019-11-13T15:09:16.61Z,SJI_2796,0,0
2019-11-13,56735675,2019-11-13T15:09:16.68Z,FUV,0,0
2019-11-13,56735676,2019-11-13T15:09:33.27Z,SJI_2832,0,0
2019-11-13,56735679,2019-11-13T15:09:49.61Z,SJI_1400,0,0
2019-11-13,56735681,2019-11-13T15:09:49.68Z,FUV,0,0
2019-11-13,56735687,2019-11-13T15:10:23.02Z,FUV,0,0
2019-11-13,56735693,2019-11-13T15:10:56.01Z,FUV,0,0
2019-11-13,56735694,2019-11-13T15:11:12.64Z,SJI_1330,1,0
2019-11-13,56735696,2019-11-13T15:11:12.71Z,FUV,1,0
2019-11-13,56735697,2019-11-13T15:11:29.27Z,SJI_2796,1,0
2019-11-13,56735699,2019-11-13T15:11:29.34Z,FUV,1,0
2019-11-13,56735700,2019-11-13T15:11:45.92Z,SJI_2832,1,0
2019-11-13,56735702,2019-11-13T15:11:45.99Z,FUV,1,0
2019-11-13,56735703,2019-11-13T15:12:02.29Z,SJI_1400,1,0
2019-11-13,56735705,2019-11-13T15:12:02.36Z,FUV,1,0
2019-11-13,56735706,2019-11-13T15:12:18.96Z,SJI_1330,1,0
2019-11-13,56735708,2019-11-13T15:12:19.03Z,FUV,1,0
2019-11-13,56735709,2019-11-13T15:12:35.58Z,SJI_2796,1,0
2019-11-13,56735711,2019-11-13T15:12:35.65Z,FUV,1,0
2019-11-13,56735712,2019-11-13T15:12:52.24Z,SJI_2832,1,0
2019-11-13,56735714,2019-11-13T15:12:52.31Z,FUV,1,0
2019-11-13,56735715,2019-11-13T15:13:08.59Z,SJI_1400,1,0
2019-11-13,56735717,2019-11-13T15:13:08.66Z,FUV,1,0
2019-11-13,56735718,2019-11-13T15:13:25.28Z,SJI_1330,1,0
2019-11-13,56735720,2019-11-13T15:13:25.35Z,FUV,1,0
2019-11-13,56735721,2019-11-13T15:13:41.89Z,SJI_2796,1,0
2019-11-13,56735723,2019-11-13T15:13:41.96Z,FUV,1,0
2019-11-13,56735724,2019-11-13T15:13:58.55Z,SJI_2832,1,0
2019-11-13,56735726,2019-11-13T15:13:58.62Z,FUV,1,0
2019-11-13,56735727,2019-11-13T15:14:14.91Z,SJI_1400,1,0
2019-11-13,56735729,2019-11-13T15:14:14.98Z,FUV,1,0
2019-11-13,56735730,2019-11-13T15:14:31.59Z,SJI_1330,1,0
2019-11-13,56735732,2019-11-13T15:14:31.66Z,FUV,1,0
2019-11-13,56735733,2019-11-13T15:14:48.24Z,SJI_2796,1,0
2019-11-13,56735735,2019-11-13T15:14:48.31Z,FUV,1,0
2019-11-13,56735736,2019-11-13T15:15:04.86Z,SJI_2832,1,0
2019-11-13,56735738,2019-11-13T15:15:04.93Z,FUV,1,0
2019-11-13,56735739,2019-11-13T15:15:21.23Z,SJI_1400,1,0
2019-11-13,56735741,2019-11-13T15:15:21.30Z,FUV,1,0
2019-11-13,56735742,2019-11-13T15:15:37.94Z,SJI_1330,1,0
2019-11-13,56735744,2019-11-13T15:15:38.01Z,FUV,1,0
2019-11-13,56735745,2019-11-13T15:15:54.55Z,SJI_2796,1,0
2019-11-13,56735747,2019-11-13T15:15:54.62Z,FUV,1,1
2019-11-13,56735748,2019-11-13T15:16:11.20Z,SJI_2832,1,0
2019-11-13,56735750,2019-11-13T15:16:11.27Z,FUV,1,0
2019-11-13,56735751,2019-11-13T15:16:27.57Z,SJI_1400,1,0
2019-11-13,56735753,2019-11-13T15:16:27.64Z,FUV,1,0
2019-11-13,56735754,2019-11-13T15:16:44.24Z,SJI_1330,1,0
2019-11-13,56735756,2019-11-13T15:16:44.31Z,FUV,1,0
2019-11-13,56735757,2019-11-13T15:17:00.86Z,SJI_2796,1,0
2019-11-13,56735759,2019-11-13T15:17:00.93Z,FUV,1,0
2019-11-13,56735760,2019-11-13T15:17:17.52Z,SJI_2832,1,0
2019-11-13,56735762,2019-11-13T15:17:17.59Z,FUV,1,0
2019-11-13,56735763,2019-11-13T15:17:33.84Z,SJI_1400,1,0
2019-11-13,56735765,2019-11-13T15:17:33.91Z,FUV,1,0
2019-11-13,56735766,2019-11-13T15:17:50.55Z,SJI_1330,1,0
2019-11-13,56735768,2019-11-13T15:17:50.62Z,FUV,1,0
2019-11-13,56735769,2019-11-13T15:18:07.17Z,SJI_2796,1,0
2019-11-13,56735771,2019-11-13T15:18:07.24Z,FUV,1,0
2019-11-13,56735772,2019-11-13T15:18:23.83Z,SJI_2832,1,0
2019-11-13,56735774,2019-11-13T15:18:23.90Z,FUV,1,0
2019-11-13,56735775,2019-11-13T15:18:40.19Z,SJI_1400,0,0
2019-11-13,56735777,2019-11-13T15:18:40.26Z,FUV,0,0
2019-11-13,56735783,2019-11-13T15:19:13.56Z,FUV,0,0
2019-11-13,56735789,2019-11-13T15:19:46.53Z,FUV,0,0
2019-11-13,56735790,2019-11-13T15:20:03.20Z,SJI_1330,0,0
2019-11-13,56735793,2019-11-13T15:20:19.83Z,SJI_2796,0,0
2019-11-13,56735795,2019-11-13T15:20:19.90Z,FUV,0,0
2019-11-13,56735796,2019-11-13T15:20:36.49Z,SJI_2832,0,0
2019-11-13,56735799,2019-11-13T15:20:52.90Z,SJI_1400,0,0
2019-11-13,56735801,2019-11-13T15:20:52.97Z,FUV,0,0
2019-11-13,56735807,2019-11-13T15:21:26.21Z,FUV,0,0
2019-11-13,56735813,2019-11-13T15:21:59.19Z,FUV,0,0
2019-11-13,56735814,2019-11-13T15:22:15.83Z,SJI_1330,0,0
2019-11-13,56735817,2019-11-13T15:22:32.45Z,SJI_2796,0,0
2019-11-13,56735819,2019-11-13T15:22:32.52Z,FUV,0,0
2019-11-13,56735820,2019-11-13T15:22:49.11Z,SJI_2832,0,0
2019-11-13,56735823,2019-11-13T15:23:05.49Z,SJI_1400,0,0
2019-11-13,56735825,2019-11-13T15:23:05.56Z,FUV,0,0
2019-11-13,56735831,2019-11-13T15:23:38.87Z,FUV,0,0
2019-11-13,56735837,2019-11-13T15:24:11.82Z,FUV,0,0
2019-11-13,56735838,2019-11-13T15:24:28.55Z,SJI_1330,0,0
2019-11-13,56735841,2019-11-13T15:24:45.20Z,SJI_2796,0,0
2019-11-13,56735843,2019-11-13T15:24:45.28Z,FUV,0,0
2019-11-13,56735844,2019-11-13T15:25:01.83Z,SJI_2832,0,0
2019-11-13,56735847,2019-11-13T15:25:18.22Z,SJI_1400,0,0
2019-11-13,56735849,2019-11-13T15:25:18.29Z,FUV,0,0
2019-11-13,56735855,2019-11-13T15:25:51.59Z,FUV,0,0
2019-11-13,56735861,2019-11-13T15:26:24.59Z,FUV,0,0
2019-11-13,56735862,2019-11-13T15:26:41.23Z,SJI_1330,0,0
2019-11-13,56735865,2019-11-13T15:26:57.83Z,SJI_2796,0,0
2019-11-13,56735867,2019-11-13T15:26:57.90Z,FUV,0,0
2019-11-13,56735868,2019-11-13T15:27:14.49Z,SJI_2832,0,0
2019-11-13,56735871,2019-11-13T15:27:30.87Z,SJI_1400,0,0
2019-11-13,56735873,2019-11-13T15:27:30.94Z,FUV,0,0
2019-11-13,56735879,2019-11-13T15:28:04.21Z,FUV,0,0
2019-11-13,56735885,2019-11-13T15:28:37.20Z,FUV,0,0
2019-11-13,56735886,2019-11-13T15:28:53.83Z,SJI_1330,0,0
2019-11-13,56735889,2019-11-13T15:29:10.49Z,SJI_2796,0,0
2019-11-13,56735891,2019-11-13T15:29:10.56Z,FUV,0,0
2019-11-13,56735892,2019-11-13T15:29:27.11Z,SJI_2832,0,0
2019-11-13,56735895,2019-11-13T15:29:43.46Z,SJI_1400,0,0
2019-11-13,56735897,2019-11-13T15:29:43.53Z,FUV,0,0
2019-11-13,56735903,2019-11-13T15:30:16.87Z,FUV,0,0
2019-11-13,56735909,2019-11-13T15:30:49.84Z,FUV,0,0
2019-11-13,56735910,2019-11-13T15:31:06.49Z,SJI_1330,0,0
2019-11-13,56735913,2019-11-13T15:31:23.11Z,SJI_2796,0,0
2019-11-13,56735915,2019-11-13T15:31:23.18Z,FUV,0,0
2019-11-13,56735916,2019-11-13T15:31:39.77Z,SJI_2832,0,0
2019-11-13,56735919,2019-11-13T15:31:56.18Z,SJI_1400,0,0
2019-11-13,56735921,2019-11-13T15:31:56.25Z,FUV,0,0
2019-11-13,56735927,2019-11-13T15:32:29.49Z,FUV,0,0
2019-11-13,56735933,2019-11-13T15:33:02.48Z,FUV,0,0
2019-11-13,56735934,2019-11-13T15:33:19.11Z,SJI_1330,0,0
2019-11-13,56735937,2019-11-13T15:33:35.77Z,SJI_2796,0,0
2019-11-13,56735939,2019-11-13T15:33:35.84Z,FUV,0,0
2019-11-13,56735940,2019-11-13T15:33:52.39Z,SJI_2832,0,0
2019-11-13,56735943,2019-11-13T15:34:08.77Z,SJI_1400,0,0
2019-11-13,56735945,2019-11-13T15:34:08.84Z,FUV,0,0
2019-11-13,56735951,2019-11-13T15:34:42.15Z,FUV,0,0
2019-11-13,56735957,2019-11-13T15:35:15.19Z,FUV,0,0
2019-11-13,56735958,2019-11-13T15:35:31.81Z,SJI_1330,0,0
2019-11-13,56735961,2019-11-13T15:35:48.39Z,SJI_2796,0,0
2019-11-13,56735963,2019-11-13T15:35:48.46Z,FUV,0,0
2019-11-13,56735964,2019-11-13T15:36:05.05Z,SJI_2832,0,0
2019-11-13,56735967,2019-11-13T15:36:21.40Z,SJI_1400,0,0
2019-11-13,56735969,2019-11-13T15:36:21.47Z,FUV,0,0
2019-11-13,56735975,2019-11-13T15:36:54.78Z,FUV,0,0
2019-11-13,56735981,2019-11-13T15:37:27.84Z,FUV,0,0
2019-11-13,56735982,2019-11-13T15:37:44.47Z,SJI_1330,0,0
2019-11-13,56735985,2019-11-13T15:38:01.05Z,SJI_2796,0,0
2019-11-13,56735987,2019-11-13T15:38:01.12Z,FUV,0,0
2019-11-13,56735988,2019-11-13T15:38:17.67Z,SJI_2832,0,0
2019-11-13,56735991,2019-11-13T15:38:34.03Z,SJI_1400,0,0
2019-11-13,56735993,2019-11-13T15:38:34.10Z,FUV,0,0
2019-11-13,56735999,2019-11-13T15:39:07.43Z,FUV,0,0
2019-11-13,56736005,2019-11-13T15:39:40.51Z,FUV,0,0
2019-11-13,56736006,2019-11-13T15:39:57.14Z,SJI_1330,0,0
2019-11-13,56736009,2019-11-13T15:40:13.67Z,SJI_2796,0,0
2019-11-13,56736011,2019-11-13T15:40:13.74Z,FUV,0,0
2019-11-13,56736012,2019-11-13T15:40:30.33Z,SJI_2832,0,0
2019-11-13,56736015,2019-11-13T15:40:46.66Z,SJI_1400,0,0
2019-11-13,56736017,2019-11-13T15:40:46.73Z,FUV,0,0
2019-11-13,56736023,2019-11-13T15:41:20.06Z,FUV,0,0
2019-11-13,56736029,2019-11-13T15:41:53.11Z,FUV,0,0
2019-11-13,56736030,2019-11-13T15:42:09.77Z,SJI_1330,0,0
2019-11-13,56736033,2019-11-13T15:42:26.39Z,SJI_2796,0,0
2019-11-13,56736035,2019-11-13T15:42:26.46Z,FUV,0,0
2019-11-13,56736036,2019-11-13T15:42:43.05Z,SJI_2832,0,0
2019-11-13,56736039,2019-11-13T15:42:59.40Z,SJI_1400,0,0
2019-11-13,56736041,2019-11-13T15:42:59.47Z,FUV,0,0
2019-11-13,56736047,2019-11-13T15:43:32.81Z,FUV,0,0
2019-11-13,56736053,2019-11-13T15:44:05.78Z,FUV,0,0
2019-11-13,56736054,2019-11-13T15:44:22.42Z,SJI_1330,0,0
2019-11-13,56736057,2019-11-13T15:44:39.05Z,SJI_2796,0,0
2019-11-13,56736059,2019-11-13T15:44:39.12Z,FUV,0,0
2019-11-13,56736060,2019-11-13T15:44:55.70Z,SJI_2832,0,0
2019-11-13,56736063,2019-11-13T15:45:12.06Z,SJI_1400,0,0
2019-11-13,56736065,2019-11-13T15:45:12.13Z,FUV,0,0
2019-11-13,56736071,2019-11-13T15:45:45.43Z,FUV,0,0
2019-11-13,56736077,2019-11-13T15:46:18.43Z,FUV,0,0
2019-11-13,56736078,2019-11-13T15:46:35.05Z,SJI_1330,0,0
2019-11-13,56736081,2019-11-13T15:46:51.67Z,SJI_2796,0,0
2019-11-13,56736083,2019-11-13T15:46:51.74Z,FUV,0,0
2019-11-13,56736084,2019-11-13T15:47:08.33Z,SJI_2832,0,0
2019-11-13,56736087,2019-11-13T15:47:24.72Z,SJI_1400,0,0
2019-11-13,56736089,2019-11-13T15:47:24.79Z,FUV,0,0
2019-11-13,56736095,2019-11-13T15:47:58.09Z,FUV,0,0
2019-11-13,56736101,2019-11-13T15:48:31.07Z,FUV,0,0
2019-11-13,56736102,2019-11-13T15:48:47.70Z,SJI_1330,0,0
2019-11-13,56736105,2019-11-13T15:49:04.33Z,SJI_2796,0,0
2019-11-13,56736107,2019-11-13T15:49:04.40Z,FUV,0,0
2019-11-13,56736108,2019-11-13T15:49:20.99Z,SJI_2832,0,0
2019-11-13,56736111,2019-11-13T15:49:37.35Z,SJI_1400,0,0
2019-11-13,56736113,2019-11-13T15:49:37.42Z,FUV,0,0
2019-11-13,56736119,2019-11-13T15:50:10.71Z,FUV,0,0
2019-11-13,56736125,2019-11-13T15:50:43.77Z,FUV,0,0
2019-11-13,56736126,2019-11-13T15:51:00.39Z,SJI_1330,0,0
2019-11-13,56736129,2019-11-13T15:51:16.95Z,SJI_2796,0,0
2019-11-13,56736131,2019-11-13T15:51:17.02Z,FUV,0,0
2019-11-13,56736132,2019-11-13T15:51:33.61Z,SJI_2832,0,0
2019-11-13,56736135,2019-11-13T15:51:49.96Z,SJI_1400,0,0
2019-11-13,56736137,2019-11-13T15:51:50.03Z,FUV,0,0
2019-11-13,56736143,2019-11-13T15:52:23.37Z,FUV,0,0
2019-11-13,56736149,2019-11-13T15:52:56.37Z,FUV,0,0
2019-11-13,56736150,2019-11-13T15:53:12.99Z,SJI_1330,0,0
2019-11-13,56736153,2019-11-13T15:53:29.61Z,SJI_2796,0,0
2019-11-13,56736155,2019-11-13T15:53:29.68Z,FUV,0,0
2019-11-13,56736156,2019-11-13T15:53:46.27Z,SJI_2832,0,0
2019-11-13,56736159,2019-11-13T15:54:02.66Z,SJI_1400,0,0
2019-11-13,56736161,2019-11-13T15:54:02.73Z,FUV,0,0
2019-11-13,56736167,2019-11-13T15:54:35.99Z,FUV,0,0
2019-11-13,56736173,2019-11-13T15:55:09.03Z,FUV,0,0
2019-11-13,56736174,2019-11-13T15:55:25.66Z,SJI_1330,0,0
2019-11-13,56736177,2019-11-13T15:55:42.24Z,SJI_2796,0,0
2019-11-13,56736179,2019-11-13T15:55:42.31Z,FUV,0,0
2019-11-13,56736180,2019-11-13T15:55:58.89Z,SJI_2832,0,0
2019-11-13,56736183,2019-11-13T15:56:15.28Z,SJI_1400,0,0
2019-11-13,56736185,2019-11-13T15:56:15.35Z,FUV,0,0
2019-11-13,56736191,2019-11-13T15:56:48.65Z,FUV,0,0
2019-11-13,56736197,2019-11-13T15:57:21.65Z,FUV,0,0
2019-11-13,56736198,2019-11-13T15:57:38.27Z,SJI_1330,0,0
2019-11-13,56736201,2019-11-13T15:57:54.89Z,SJI_2796,0,0
2019-11-13,56736203,2019-11-13T15:57:54.96Z,FUV,0,0
2019-11-13,56736204,2019-11-13T15:58:11.55Z,SJI_2832,0,0
2019-11-13,56736207,2019-11-13T15:58:27.95Z,SJI_1400,0,0
2019-11-13,56736209,2019-11-13T15:58:28.02Z,FUV,0,0
2019-11-13,56736215,2019-11-13T15:59:01.27Z,FUV,0,0
2019-11-13,56736221,2019-11-13T15:59:34.28Z,FUV,0,0
2019-11-13,56736222,2019-11-13T16:44:14.36Z,SJI_1330,0,0
2019-11-13,56736225,2019-11-13T16:44:30.99Z,SJI_2796,0,0
2019-11-13,56736227,2019-11-13T16:44:31.06Z,FUV,0,0
2019-11-13,56736228,2019-11-13T16:44:47.64Z,SJI_2832,0,0
2019-11-13,56736231,2019-11-13T16:45:04.02Z,SJI_1400,0,0
2019-11-13,56736233,2019-11-13T16:45:04.09Z,FUV,0,0
2019-11-13,56736239,2019-11-13T16:45:37.37Z,FUV,0,0
2019-11-13,56736243,2019-11-13T16:46:10.29Z,SJI_1400,1,0
2019-11-13,56736245,2019-11-13T16:46:10.36Z,FUV,1,0
2019-11-13,56736246,2019-11-13T16:46:27.03Z,SJI_1330,1,0
2019-11-13,56736248,2019-11-13T16:46:27.10Z,FUV,1,0
2019-11-13,56736249,2019-11-13T16:46:43.64Z,SJI_2796,1,0
2019-11-13,56736251,2019-11-13T16:46:43.71Z,FUV,1,0
2019-11-13,56736252,2019-11-13T16:47:00.30Z,SJI_2832,1,0
2019-11-13,56736254,2019-11-13T16:47:00.37Z,FUV,1,0
2019-11-13,56736255,2019-11-13T16:47:16.68Z,SJI_1400,1,0
2019-11-13,56736257,2019-11-13T16:47:16.75Z,FUV,1,0
2019-11-13,56736258,2019-11-13T16:47:33.37Z,SJI_1330,1,0
2019-11-13,56736260,2019-11-13T16:47:33.44Z,FUV,1,0
2019-11-13,56736261,2019-11-13T16:47:49.95Z,SJI_2796,1,0
2019-11-13,56736263,2019-11-13T16:47:50.02Z,FUV,1,0
2019-11-13,56736264,2019-11-13T16:48:06.61Z,SJI_2832,1,0
2019-11-13,56736266,2019-11-13T16:48:06.68Z,FUV,1,0
2019-11-13,56736267,2019-11-13T16:48:22.94Z,SJI_1400,1,0
2019-11-13,56736269,2019-11-13T16:48:23.01Z,FUV,1,0
2019-11-13,56736270,2019-11-13T16:48:39.66Z,SJI_1330,1,0
2019-11-13,56736272,2019-11-13T16:48:39.73Z,FUV,1,0
2019-11-13,56736273,2019-11-13T16:48:56.27Z,SJI_2796,1,0
2019-11-13,56736275,2019-11-13T16:48:56.34Z,FUV,1,0
2019-11-13,56736276,2019-11-13T16:49:12.92Z,SJI_2832,1,0
2019-11-13,56736278,2019-11-13T16:49:12.99Z,FUV,1,0
2019-11-13,56736279,2019-11-13T16:49:29.30Z,SJI_1400,1,0
2019-11-13,56736281,2019-11-13T16:49:29.37Z,FUV,1,0
2019-11-13,56736282,2019-11-13T16:49:45.95Z,SJI_1330,1,0
2019-11-13,56736284,2019-11-13T16:49:46.02Z,FUV,1,0
2019-11-13,56736285,2019-11-13T16:50:02.58Z,SJI_2796,1,0
2019-11-13,56736287,2019-11-13T16:50:02.65Z,FUV,1,0
2019-11-13,56736288,2019-11-13T16:50:19.24Z,SJI_2832,1,0
2019-11-13,56736290,2019-11-13T16:50:19.31Z,FUV,1,0
2019-11-13,56736291,2019-11-13T16:50:35.58Z,SJI_1400,1,0
2019-11-13,56736293,2019-11-13T16:50:35.65Z,FUV,1,0
2019-11-13,56736294,2019-11-13T16:50:52.30Z,SJI_1330,1,0
2019-11-13,56736296,2019-11-13T16:50:52.37Z,FUV,1,0
2019-11-13,56736297,2019-11-13T16:51:08.92Z,SJI_2796,1,0
2019-11-13,56736299,2019-11-13T16:51:08.99Z,FUV,1,0
2019-11-13,56736300,2019-11-13T16:51:25.58Z,SJI_2832,1,0
2019-11-13,56736302,2019-11-13T16:51:25.65Z,FUV,1,0
2019-11-13,56736303,2019-11-13T16:51:41.94Z,SJI_1400,1,0
2019-11-13,56736305,2019-11-13T16:51:42.01Z,FUV,1,0
2019-11-13,56736306,2019-11-13T16:51:58.62Z,SJI_1330,1,0
2019-11-13,56736308,2019-11-13T16:51:58.70Z,FUV,1,0
2019-11-13,56736309,2019-11-13T16:52:15.24Z,SJI_2796,1,0
2019-11-13,56736311,2019-11-13T16:52:15.31Z,FUV,1,0
2019-11-13,56736312,2019-11-13T16:52:31.89Z,SJI_2832,1,0
2019-11-13,56736314,2019-11-13T16:52:31.96Z,FUV,1,0
2019-11-13,56736315,2019-11-13T16:52:48.20Z,SJI_1400,1,0
2019-11-13,56736317,2019-11-13T16:52:48.27Z,FUV,1,0
2019-11-13,56736318,2019-11-13T16:53:04.92Z,SJI_1330,1,0
2019-11-13,56736320,2019-11-13T16:53:04.99Z,FUV,1,0
2019-11-13,56736321,2019-11-13T16:53:21.55Z,SJI_2796,1,0
2019-11-13,56736323,2019-11-13T16:53:21.62Z,FUV,1,0
2019-11-13,56736324,2019-11-13T16:53:38.20Z,SJI_2832,1,0
2019-11-13,56736326,2019-11-13T16:53:38.27Z,FUV,1,0
2019-11-13,56736327,2019-11-13T16:53:54.63Z,SJI_1400,1,0
2019-11-13,56736329,2019-11-13T16:53:54.70Z,FUV,1,0
2019-11-13,56736330,2019-11-13T16:54:11.36Z,SJI_1330,1,0
2019-11-13,56736332,2019-11-13T16:54:11.43Z,FUV,1,0
2019-11-13,56736333,2019-11-13T16:54:27.89Z,SJI_2796,1,0
2019-11-13,56736335,2019-11-13T16:54:27.96Z,FUV,1,0
2019-11-13,56736336,2019-11-13T16:54:44.52Z,SJI_2832,1,0
2019-11-13,56736338,2019-11-13T16:54:44.59Z,FUV,1,0
2019-11-13,56736339,2019-11-13T16:55:00.86Z,SJI_1400,1,0
2019-11-13,56736341,2019-11-13T16:55:00.93Z,FUV,1,0
2019-11-13,56736342,2019-11-13T16:55:17.58Z,SJI_1330,1,1
2019-11-13,56736344,2019-11-13T16:55:17.65Z,FUV,1,0
2019-11-13,56736345,2019-11-13T16:55:34.20Z,SJI_2796,1,0
2019-11-13,56736347,2019-11-13T16:55:34.27Z,FUV,1,0
2019-11-13,56736348,2019-11-13T16:55:50.86Z,SJI_2832,1,0
2019-11-13,56736350,2019-11-13T16:55:50.93Z,FUV,1,0
2019-11-13,56736351,2019-11-13T16:56:07.23Z,SJI_1400,1,0
2019-11-13,56736353,2019-11-13T16:56:07.30Z,FUV,1,0
2019-11-13,56736354,2019-11-13T16:56:23.91Z,SJI_1330,1,0
2019-11-13,56736356,2019-11-13T16:56:23.98Z,FUV,1,0
2019-11-13,56736357,2019-11-13T16:56:40.52Z,SJI_2796,1,0
2019-11-13,56736359,2019-11-13T16:56:40.59Z,FUV,1,0
2019-11-13,56736360,2019-11-13T16:56:57.17Z,SJI_2832,1,0
2019-11-13,56736362,2019-11-13T16:56:57.24Z,FUV,1,0
2019-11-13,56736363,2019-11-13T16:57:13.52Z,SJI_1400,1,0
2019-11-13,56736365,2019-11-13T16:57:13.59Z,FUV,1,0
2019-11-13,56736366,2019-11-13T16:57:30.21Z,SJI_1330,1,0
2019-11-13,56736368,2019-11-13T16:57:30.28Z,FUV,1,0
2019-11-13,56736369,2019-11-13T16:57:46.83Z,SJI_2796,1,0
2019-11-13,56736371,2019-11-13T16:57:46.90Z,FUV,1,0
2019-11-13,56736372,2019-11-13T16:58:03.49Z,SJI_2832,1,0
2019-11-13,56736374,2019-11-13T16:58:03.56Z,FUV,1,0
2019-11-13,56736375,2019-11-13T16:58:19.85Z,SJI_1400,1,0
2019-11-13,56736377,2019-11-13T16:58:19.92Z,FUV,1,0
2019-11-13,56736383,2019-11-13T16:58:53.24Z,FUV,0,0
2019-11-13,56736389,2019-11-13T16:59:26.20Z,FUV,0,0
2019-11-13,56736390,2019-11-13T16:59:42.86Z,SJI_1330,0,0
2019-11-13,56736393,2019-11-13T16:59:59.49Z,SJI_2796,0,0
2019-11-13,56736395,2019-11-13T16:59:59.56Z,FUV,0,0
2019-11-13,56736396,2019-11-13T17:00:16.14Z,SJI_2832,0,0
2019-11-13,56736399,2019-11-13T17:00:32.56Z,SJI_1400,0,0
2019-11-13,56736401,2019-11-13T17:00:32.63Z,FUV,0,0
2019-11-13,56736407,2019-11-13T17:01:05.87Z,FUV,0,0
2019-11-13,56736413,2019-11-13T17:01:38.87Z,FUV,0,0
2019-11-13,56736414,2019-11-13T17:01:55.58Z,SJI_1330,0,0
2019-11-13,56736417,2019-11-13T17:02:12.20Z,SJI_2796,0,0
2019-11-13,56736419,2019-11-13T17:02:12.27Z,FUV,0,0
2019-11-13,56736420,2019-11-13T17:02:28.86Z,SJI_2832,0,0
2019-11-13,56736423,2019-11-13T17:02:45.23Z,SJI_1400,0,0
2019-11-13,56736425,2019-11-13T17:02:45.30Z,FUV,0,0
2019-11-13,56736431,2019-11-13T17:03:18.59Z,FUV,0,0
2019-11-13,56736437,2019-11-13T17:03:51.61Z,FUV,0,0
2019-11-13,56736438,2019-11-13T17:04:08.25Z,SJI_1330,0,0
2019-11-13,56736441,2019-11-13T17:04:24.86Z,SJI_2796,0,0
2019-11-13,56736443,2019-11-13T17:04:24.93Z,FUV,0,0
2019-11-13,56736444,2019-11-13T17:04:41.49Z,SJI_2832,0,0
2019-11-13,56736447,2019-11-13T17:04:57.84Z,SJI_1400,0,0
2019-11-13,56736449,2019-11-13T17:04:57.91Z,FUV,0,0
2019-11-13,56736455,2019-11-13T17:05:31.24Z,FUV,0,0
2019-11-13,56736461,2019-11-13T17:06:04.31Z,FUV,0,0
2019-11-13,56736462,2019-11-13T17:06:20.92Z,SJI_1330,0,0
2019-11-13,56736465,2019-11-13T17:06:37.49Z,SJI_2796,0,0
2019-11-13,56736467,2019-11-13T17:06:37.56Z,FUV,0,0
2019-11-13,56736468,2019-11-13T17:06:54.14Z,SJI_2832,0,0
2019-11-13,56736471,2019-11-13T17:07:10.48Z,SJI_1400,0,0
2019-11-13,56736473,2019-11-13T17:07:10.55Z,FUV,0,0
2019-11-13,56736479,2019-11-13T17:07:43.87Z,FUV,0,0
2019-11-13,56736485,2019-11-13T17:08:16.89Z,FUV,0,0
2019-11-13,56736486,2019-11-13T17:08:33.50Z,SJI_1330,0,0
2019-11-13,56736489,2019-11-13T17:08:50.11Z,SJI_2796,0,0
2019-11-13,56736491,2019-11-13T17:08:50.18Z,FUV,0,0
2019-11-13,56736492,2019-11-13T17:09:06.77Z,SJI_2832,0,0
2019-11-13,56736495,2019-11-13T17:09:23.14Z,SJI_1400,0,0
2019-11-13,56736497,2019-11-13T17:09:23.21Z,FUV,0,0
2019-11-13,56736503,2019-11-13T17:09:56.52Z,FUV,0,0
2019-11-13,56736509,2019-11-13T17:10:29.56Z,FUV,0,0
2019-11-13,56736510,2019-11-13T17:10:46.15Z,SJI_1330,0,0
2019-11-13,56736513,2019-11-13T17:11:02.77Z,SJI_2796,0,0
2019-11-13,56736515,2019-11-13T17:11:02.84Z,FUV,0,0
2019-11-13,56736516,2019-11-13T17:11:19.42Z,SJI_2832,0,0
2019-11-13,56736519,2019-11-13T17:11:35.74Z,SJI_1400,0,0
2019-11-13,56736521,2019-11-13T17:11:35.81Z,FUV,0,0
2019-11-13,56736527,2019-11-13T17:12:09.15Z,FUV,0,0
2019-11-13,56736533,2019-11-13T17:12:42.19Z,FUV,0,0
2019-11-13,56736534,2019-11-13T17:12:58.82Z,SJI_1330,0,0
2019-11-13,56736537,2019-11-13T17:13:15.42Z,SJI_2796,0,0
2019-11-13,56736539,2019-11-13T17:13:15.49Z,FUV,0,0
2019-11-13,56736540,2019-11-13T17:13:32.05Z,SJI_2832,0,0
2019-11-13,56736543,2019-11-13T17:13:48.41Z,SJI_1400,0,0
2019-11-13,56736545,2019-11-13T17:13:48.48Z,FUV,0,0
2019-11-13,56736551,2019-11-13T17:14:21.81Z,FUV,0,0
2019-11-13,56736557,2019-11-13T17:14:54.81Z,FUV,0,0
2019-11-13,56736558,2019-11-13T17:15:11.42Z,SJI_1330,0,0
2019-11-13,56736561,2019-11-13T17:15:28.05Z,SJI_2796,0,0
2019-11-13,56736563,2019-11-13T17:15:28.12Z,FUV,0,0
2019-11-13,56736564,2019-11-13T17:15:44.70Z,SJI_2832,0,0
2019-11-13,56736567,2019-11-13T17:16:01.06Z,SJI_1400,0,0
2019-11-13,56736569,2019-11-13T17:16:01.13Z,FUV,0,0
2019-11-13,56736575,2019-11-13T17:16:34.43Z,FUV,0,0
2019-11-13,56736581,2019-11-13T17:17:07.48Z,FUV,0,0
2019-11-13,56736582,2019-11-13T17:17:24.11Z,SJI_1330,0,0
2019-11-13,56736585,2019-11-13T17:17:40.70Z,SJI_2796,0,0
2019-11-13,56736587,2019-11-13T17:17:40.78Z,FUV,0,0
2019-11-13,56736588,2019-11-13T17:17:57.33Z,SJI_2832,0,0
2019-11-13,56736591,2019-11-13T17:18:13.67Z,SJI_1400,0,0
2019-11-13,56736593,2019-11-13T17:18:13.74Z,FUV,0,0
2019-11-13,56736599,2019-11-13T17:18:47.09Z,FUV,0,0
2019-11-13,56736605,2019-11-13T17:19:20.08Z,FUV,0,0
2019-11-13,56736606,2019-11-13T17:19:36.80Z,SJI_1330,0,0
2019-11-13,56736609,2019-11-13T17:19:53.42Z,SJI_2796,0,0
2019-11-13,56736611,2019-11-13T17:19:53.49Z,FUV,0,0
2019-11-13,56736612,2019-11-13T17:20:10.08Z,SJI_2832,0,0
2019-11-13,56736615,2019-11-13T17:20:26.45Z,SJI_1400,0,0
2019-11-13,56736617,2019-11-13T17:20:26.52Z,FUV,0,0
2019-11-13,56736623,2019-11-13T17:20:59.81Z,FUV,0,0
2019-11-13,56736629,2019-11-13T17:21:32.80Z,FUV,0,0
2019-11-13,56736630,2019-11-13T17:21:49.44Z,SJI_1330,0,0
2019-11-13,56736633,2019-11-13T17:22:06.05Z,SJI_2796,0,0
2019-11-13,56736635,2019-11-13T17:22:06.12Z,FUV,0,0
2019-11-13,56736636,2019-11-13T17:22:22.70Z,SJI_2832,0,0
2019-11-13,56736639,2019-11-13T17:22:39.04Z,SJI_1400,0,0
2019-11-13,56736641,2019-11-13T17:22:39.11Z,FUV,0,0
2019-11-13,56736647,2019-11-13T17:23:12.46Z,FUV,0,0
2019-11-13,56736653,2019-11-13T17:23:45.46Z,FUV,0,0
2019-11-13,56736654,2019-11-13T17:24:02.08Z,SJI_1330,0,0
2019-11-13,56736657,2019-11-13T17:24:18.70Z,SJI_2796,0,0
2019-11-13,56736659,2019-11-13T17:24:18.78Z,FUV,0,0
2019-11-13,56736660,2019-11-13T17:24:35.36Z,SJI_2832,0,0
2019-11-13,56736663,2019-11-13T17:24:51.71Z,SJI_1400,0,0
2019-11-13,56736665,2019-11-13T17:24:51.78Z,FUV,0,0
2019-11-13,56736671,2019-11-13T17:25:25.09Z,FUV,0,0
2019-11-13,56736677,2019-11-13T17:25:58.12Z,FUV,0,0
2019-11-13,56736678,2019-11-13T17:26:14.74Z,SJI_1330,0,0
2019-11-13,56736681,2019-11-13T17:26:31.33Z,SJI_2796,0,0
2019-11-13,56736683,2019-11-13T17:26:31.40Z,FUV,0,0
2019-11-13,56736684,2019-11-13T17:26:47.99Z,SJI_2832,0,0
2019-11-13,56736687,2019-11-13T17:27:04.33Z,SJI_1400,0,0
2019-11-13,56736689,2019-11-13T17:27:04.40Z,FUV,0,0
2019-11-13,56736695,2019-11-13T17:27:37.74Z,FUV,0,0
2019-11-13,56736701,2019-11-13T17:28:10.72Z,FUV,0,0
2019-11-13,56736702,2019-11-13T17:28:27.36Z,SJI_1330,0,0
2019-11-13,56736705,2019-11-13T17:28:43.99Z,SJI_2796,0,0
2019-11-13,56736707,2019-11-13T17:28:44.06Z,FUV,0,0
2019-11-13,56736708,2019-11-13T17:29:00.64Z,SJI_2832,0,0
2019-11-13,56736711,2019-11-13T17:29:17.02Z,SJI_1400,0,0
2019-11-13,56736713,2019-11-13T17:29:17.09Z,FUV,0,0
2019-11-13,56736719,2019-11-13T17:29:50.37Z,FUV,0,0
2019-11-13,56736725,2019-11-13T17:30:23.41Z,FUV,0,0
2019-11-13,56736726,2019-11-13T17:30:40.02Z,SJI_1330,0,0
2019-11-13,56736729,2019-11-13T17:30:56.61Z,SJI_2796,0,0
2019-11-13,56736731,2019-11-13T17:30:56.68Z,FUV,0,0
2019-11-13,56736732,2019-11-13T17:31:13.27Z,SJI_2832,0,0
2019-11-13,56736735,2019-11-13T17:31:29.63Z,SJI_1400,0,0
2019-11-13,56736737,2019-11-13T17:31:29.70Z,FUV,0,0
2019-11-13,56736743,2019-11-13T17:32:03.02Z,FUV,0,0
2019-11-13,56736749,2019-11-13T17:32:36.05Z,FUV,0,0
2019-11-13,56736750,2019-11-13T17:32:52.66Z,SJI_1330,0,0
2019-11-13,56736753,2019-11-13T17:33:09.27Z,SJI_2796,0,0
2019-11-13,56736755,2019-11-13T17:33:09.34Z,FUV,0,0
2019-11-13,56736756,2019-11-13T17:33:25.92Z,SJI_2832,0,0
2019-11-13,56736759,2019-11-13T17:33:42.28Z,SJI_1400,0,0
2019-11-13,56736761,2019-11-13T17:33:42.35Z,FUV,0,0
2019-11-13,56736767,2019-11-13T17:34:15.65Z,FUV,0,0
2019-11-13,56736773,2019-11-13T17:34:48.71Z,FUV,0,0
2019-11-13,56736774,2019-11-13T17:35:05.36Z,SJI_1330,0,0
2019-11-13,56736777,2019-11-13T17:35:21.89Z,SJI_2796,0,0
2019-11-13,56736779,2019-11-13T17:35:21.96Z,FUV,0,0
2019-11-13,56736780,2019-11-13T17:35:38.55Z,SJI_2832,0,0
2019-11-13,56736783,2019-11-13T17:35:54.92Z,SJI_1400,0,0
2019-11-13,56736785,2019-11-13T17:35:54.99Z,FUV,0,0
2019-11-13,56736791,2019-11-13T17:36:28.31Z,FUV,0,0
2019-11-13,56736798,2019-11-13T18:21:42.36Z,SJI_1330,1,0
2019-11-13,56736800,2019-11-13T18:21:42.43Z,FUV,1,0
2019-11-13,56736801,2019-11-13T18:21:58.99Z,SJI_2796,1,0
2019-11-13,56736803,2019-11-13T18:21:59.06Z,FUV,1,0
2019-11-13,56736804,2019-11-13T18:22:15.64Z,SJI_2832,1,0
2019-11-13,56736806,2019-11-13T18:22:15.71Z,FUV,1,0
2019-11-13,56736807,2019-11-13T18:22:32.01Z,SJI_1400,1,0
2019-11-13,56736809,2019-11-13T18:22:32.08Z,FUV,1,0
2019-11-13,56736810,2019-11-13T18:22:48.73Z,SJI_1330,1,0
2019-11-13,56736812,2019-11-13T18:22:48.80Z,FUV,1,0
2019-11-13,56736813,2019-11-13T18:23:05.30Z,SJI_2796,1,0
2019-11-13,56736815,2019-11-13T18:23:05.37Z,FUV,1,0
2019-11-13,56736816,2019-11-13T18:23:21.95Z,SJI_2832,1,0
2019-11-13,56736818,2019-11-13T18:23:22.02Z,FUV,1,0
2019-11-13,56736819,2019-11-13T18:23:38.36Z,SJI_1400,1,0
2019-11-13,56736821,2019-11-13T18:23:38.43Z,FUV,1,0
2019-11-13,56736822,2019-11-13T18:23:55.05Z,SJI_1330,1,0
2019-11-13,56736824,2019-11-13T18:23:55.12Z,FUV,1,0
2019-11-13,56736825,2019-11-13T18:24:11.61Z,SJI_2796,1,0
2019-11-13,56736827,2019-11-13T18:24:11.68Z,FUV,1,0
2019-11-13,56736828,2019-11-13T18:24:28.27Z,SJI_2832,1,0
2019-11-13,56736830,2019-11-13T18:24:28.34Z,FUV,1,0
2019-11-13,56736831,2019-11-13T18:24:44.63Z,SJI_1400,1,0
2019-11-13,56736833,2019-11-13T18:24:44.70Z,FUV,1,0
2019-11-13,56736834,2019-11-13T18:25:01.36Z,SJI_1330,1,0
2019-11-13,56736836,2019-11-13T18:25:01.43Z,FUV,1,0
2019-11-13,56736837,2019-11-13T18:25:17.95Z,SJI_2796,1,0
2019-11-13,56736839,2019-11-13T18:25:18.02Z,FUV,1,0
2019-11-13,56736840,2019-11-13T18:25:34.58Z,SJI_2832,1,0
2019-11-13,56736842,2019-11-13T18:25:34.65Z,FUV,1,0
2019-11-13,56736843,2019-11-13T18:25:50.94Z,SJI_1400,1,0
2019-11-13,56736845,2019-11-13T18:25:51.01Z,FUV,1,0
2019-11-13,56736846,2019-11-13T18:26:07.64Z,SJI_1330,1,0
2019-11-13,56736848,2019-11-13T18:26:07.71Z,FUV,1,0
2019-11-13,56736849,2019-11-13T18:26:24.27Z,SJI_2796,1,0
2019-11-13,56736851,2019-11-13T18:26:24.34Z,FUV,1,0
2019-11-13,56736852,2019-11-13T18:26:40.92Z,SJI_2832,1,0
2019-11-13,56736854,2019-11-13T18:26:40.99Z,FUV,1,0
2019-11-13,56736855,2019-11-13T18:26:57.32Z,SJI_1400,1,0
2019-11-13,56736857,2019-11-13T18:26:57.39Z,FUV,1,0
2019-11-13,56736858,2019-11-13T18:27:13.99Z,SJI_1330,1,0
2019-11-13,56736860,2019-11-13T18:27:14.06Z,FUV,1,0
2019-11-13,56736861,2019-11-13T18:27:30.58Z,SJI_2796,1,0
2019-11-13,56736863,2019-11-13T18:27:30.65Z,FUV,1,0
2019-11-13,56736864,2019-11-13T18:27:47.24Z,SJI_2832,1,0
2019-11-13,56736866,2019-11-13T18:27:47.31Z,FUV,1,0
2019-11-13,56736867,2019-11-13T18:28:03.56Z,SJI_1400,1,0
2019-11-13,56736869,2019-11-13T18:28:03.63Z,FUV,1,0
2019-11-13,56736870,2019-11-13T18:28:20.28Z,SJI_1330,1,0
2019-11-13,56736872,2019-11-13T18:28:20.35Z,FUV,1,0
2019-11-13,56736873,2019-11-13T18:28:36.89Z,SJI_2796,1,0
2019-11-13,56736875,2019-11-13T18:28:36.96Z,FUV,1,0
2019-11-13,56736876,2019-11-13T18:28:53.55Z,SJI_2832,1,0
2019-11-13,56736878,2019-11-13T18:28:53.62Z,FUV,1,0
2019-11-13,56736879,2019-11-13T18:29:09.93Z,SJI_1400,1,0
2019-11-13,56736881,2019-11-13T18:29:10.00Z,FUV,1,0
2019-11-13,56736882,2019-11-13T18:29:26.62Z,SJI_1330,1,0
2019-11-13,56736884,2019-11-13T18:29:26.69Z,FUV,1,0
2019-11-13,56736885,2019-11-13T18:29:43.24Z,SJI_2796,1,0
2019-11-13,56736887,2019-11-13T18:29:43.31Z,FUV,1,0
2019-11-13,56736888,2019-11-13T18:29:59.86Z,SJI_2832,1,0
2019-11-13,56736890,2019-11-13T18:29:59.93Z,FUV,1,0
2019-11-13,56736891,2019-11-13T18:30:16.18Z,SJI_1400,1,0
2019-11-13,56736893,2019-11-13T18:30:16.25Z,FUV,1,0
2019-11-13,56736894,2019-11-13T18:30:32.92Z,SJI_1330,1,0
2019-11-13,56736896,2019-11-13T18:30:32.99Z,FUV,1,2
2019-11-13,56736897,2019-11-13T18:30:49.55Z,SJI_2796,1,0
2019-11-13,56736899,2019-11-13T18:30:49.62Z,FUV,1,0
2019-11-13,56736900,2019-11-13T18:31:06.20Z,SJI_2832,1,0
2019-11-13,56736902,2019-11-13T18:31:06.27Z,FUV,1,1
2019-11-13,56736903,2019-11-13T18:31:22.62Z,SJI_1400,1,0
2019-11-13,56736905,2019-11-13T18:31:22.69Z,FUV,1,1
2019-11-13,56736906,2019-11-13T18:31:39.28Z,SJI_1330,1,0
2019-11-13,56736908,2019-11-13T18:31:39.35Z,FUV,1,0
2019-11-13,56736909,2019-11-13T18:31:55.86Z,SJI_2796,1,0
2019-11-13,56736911,2019-11-13T18:31:55.94Z,FUV,1,0
2019-11-13,56736912,2019-11-13T18:32:12.52Z,SJI_2832,1,0
2019-11-13,56736914,2019-11-13T18:32:12.59Z,FUV,1,0
2019-11-13,56736915,2019-11-13T18:32:28.84Z,SJI_1400,1,0
2019-11-13,56736917,2019-11-13T18:32:28.91Z,FUV,1,0
2019-11-13,56736918,2019-11-13T18:32:45.55Z,SJI_1330,1,0
2019-11-13,56736920,2019-11-13T18:32:45.62Z,FUV,1,1
2019-11-13,56736921,2019-11-13T18:33:02.17Z,SJI_2796,1,0
2019-11-13,56736923,2019-11-13T18:33:02.24Z,FUV,1,0
2019-11-13,56736924,2019-11-13T18:33:18.83Z,SJI_2832,1,0
2019-11-13,56736926,2019-11-13T18:33:18.90Z,FUV,1,0
2019-11-13,56736927,2019-11-13T18:33:35.24Z,SJI_1400,1,0
2019-11-13,56736929,2019-11-13T18:33:35.31Z,FUV,1,1
2019-11-13,56736930,2019-11-13T18:33:51.91Z,SJI_1330,1,0
2019-11-13,56736932,2019-11-13T18:33:51.98Z,FUV,1,1
2019-11-13,56736933,2019-11-13T18:34:08.49Z,SJI_2796,1,0
2019-11-13,56736935,2019-11-13T18:34:08.56Z,FUV,1,0
2019-11-13,56736936,2019-11-13T18:34:25.14Z,SJI_2832,1,0
2019-11-13,56736938,2019-11-13T18:34:25.21Z,FUV,1,0
2019-11-13,56736939,2019-11-13T18:34:41.49Z,SJI_1400,1,0
2019-11-13,56736941,2019-11-13T18:34:41.56Z,FUV,1,0
2019-11-13,56736942,2019-11-13T18:34:58.20Z,SJI_1330,1,0
2019-11-13,56736944,2019-11-13T18:34:58.27Z,FUV,1,1
2019-11-13,56736945,2019-11-13T18:35:14.83Z,SJI_2796,1,0
2019-11-13,56736947,2019-11-13T18:35:14.90Z,FUV,1,0
2019-11-13,56736948,2019-11-13T18:35:31.49Z,SJI_2832,1,0
2019-11-13,56736950,2019-11-13T18:35:31.56Z,FUV,1,0
2019-11-13,56736951,2019-11-13T18:35:47.87Z,SJI_1400,1,0
2019-11-13,56736953,2019-11-13T18:35:47.95Z,FUV,1,0
2019-11-13,56736954,2019-11-13T18:36:04.54Z,SJI_1330,1,0
2019-11-13,56736956,2019-11-13T18:36:04.61Z,FUV,1,0
2019-11-13,56736957,2019-11-13T18:36:21.14Z,SJI_2796,1,0
2019-11-13,56736959,2019-11-13T18:36:21.21Z,FUV,1,0
2019-11-13,56736960,2019-11-13T18:36:37.80Z,SJI_2832,1,0
2019-11-13,56736962,2019-11-13T18:36:37.87Z,FUV,1,0
2019-11-13,56736963,2019-11-13T18:36:54.20Z,SJI_1400,1,1
2019-11-13,56736965,2019-11-13T18:36:54.27Z,FUV,1,0
2019-11-13,56736966,2019-11-13T18:37:10.91Z,SJI_1330,1,0
2019-11-13,56736968,2019-11-13T18:37:10.98Z,FUV,1,0
2019-11-13,56736969,2019-11-13T18:37:27.45Z,SJI_2796,1,0
2019-11-13,56736971,2019-11-13T18:37:27.52Z,FUV,1,0
2019-11-13,56736972,2019-11-13T18:37:44.11Z,SJI_2832,1,0
2019-11-13,56736974,2019-11-13T18:37:44.18Z,FUV,1,0
2019-11-13,56736975,2019-11-13T18:38:00.45Z,SJI_1400,1,0
2019-11-13,56736977,2019-11-13T18:38:00.53Z,FUV,1,1
2019-11-13,56736978,2019-11-13T18:38:17.15Z,SJI_1330,1,0
2019-11-13,56736980,2019-11-13T18:38:17.22Z,FUV,1,0
2019-11-13,56736986,2019-11-13T18:38:50.49Z,FUV,0,0
2019-11-13,56736990,2019-11-13T18:39:23.55Z,SJI_1330,0,0
2019-11-13,56736992,2019-11-13T18:39:23.62Z,FUV,0,0
2019-11-13,56736993,2019-11-13T18:39:40.20Z,SJI_2796,0,0
2019-11-13,56736996,2019-11-13T18:39:56.83Z,SJI_2832,0,0
2019-11-13,56736998,2019-11-13T18:39:56.90Z,FUV,0,0
2019-11-13,56736999,2019-11-13T18:40:13.20Z,SJI_1400,0,0
2019-11-13,56737004,2019-11-13T18:40:29.96Z,FUV,0,0
2019-11-13,56737010,2019-11-13T18:41:03.24Z,FUV,0,0
2019-11-13,56737014,2019-11-13T18:41:36.23Z,SJI_1330,0,0
2019-11-13,56737016,2019-11-13T18:41:36.30Z,FUV,0,0
2019-11-13,56737017,2019-11-13T18:41:52.83Z,SJI_2796,0,0
2019-11-13,56737020,2019-11-13T18:42:09.49Z,SJI_2832,0,0
2019-11-13,56737022,2019-11-13T18:42:09.56Z,FUV,0,0
2019-11-13,56737023,2019-11-13T18:42:25.86Z,SJI_1400,0,0
2019-11-13,56737028,2019-11-13T18:42:42.63Z,FUV,0,0
2019-11-13,56737034,2019-11-13T18:43:15.87Z,FUV,0,0
2019-11-13,56737038,2019-11-13T18:43:48.86Z,SJI_1330,0,0
2019-11-13,56737040,2019-11-13T18:43:48.93Z,FUV,0,0
2019-11-13,56737041,2019-11-13T18:44:05.49Z,SJI_2796,0,0
2019-11-13,56737044,2019-11-13T18:44:22.11Z,SJI_2832,0,0
2019-11-13,56737046,2019-11-13T18:44:22.18Z,FUV,0,0
2019-11-13,56737047,2019-11-13T18:44:38.49Z,SJI_1400,0,0
2019-11-13,56737052,2019-11-13T18:44:55.24Z,FUV,0,0
2019-11-13,56737058,2019-11-13T18:45:28.52Z,FUV,0,0
2019-11-13,56737062,2019-11-13T18:46:01.52Z,SJI_1330,0,0
2019-11-13,56737064,2019-11-13T18:46:01.59Z,FUV,0,0
2019-11-13,56737065,2019-11-13T18:46:18.11Z,SJI_2796,0,0
2019-11-13,56737068,2019-11-13T18:46:34.77Z,SJI_2832,0,0
2019-11-13,56737070,2019-11-13T18:46:34.84Z,FUV,0,0
2019-11-13,56737071,2019-11-13T18:46:51.13Z,SJI_1400,0,0
2019-11-13,56737076,2019-11-13T18:47:07.87Z,FUV,0,0
2019-11-13,56737082,2019-11-13T18:47:41.15Z,FUV,0,0
2019-11-13,56737086,2019-11-13T18:48:14.17Z,SJI_1330,0,0
2019-11-13,56737088,2019-11-13T18:48:14.24Z,FUV,0,0
2019-11-13,56737089,2019-11-13T18:48:30.77Z,SJI_2796,0,0
2019-11-13,56737092,2019-11-13T18:48:47.39Z,SJI_2832,0,0
2019-11-13,56737094,2019-11-13T18:48:47.46Z,FUV,0,0
2019-11-13,56737095,2019-11-13T18:49:03.75Z,SJI_1400,0,0
2019-11-13,56737100,2019-11-13T18:49:20.52Z,FUV,0,0
2019-11-13,56737106,2019-11-13T18:49:53.81Z,FUV,0,0
2019-11-13,56737110,2019-11-13T18:50:26.84Z,SJI_1330,0,0
2019-11-13,56737112,2019-11-13T18:50:26.91Z,FUV,0,0
2019-11-13,56737113,2019-11-13T18:50:43.39Z,SJI_2796,0,0
2019-11-13,56737116,2019-11-13T18:51:00.05Z,SJI_2832,0,0
2019-11-13,56737118,2019-11-13T18:51:00.12Z,FUV,0,0
2019-11-13,56737119,2019-11-13T18:51:16.41Z,SJI_1400,0,0
2019-11-13,56737124,2019-11-13T18:51:33.15Z,FUV,0,0
2019-11-13,56737130,2019-11-13T18:52:06.43Z,FUV,0,0
2019-11-13,56737134,2019-11-13T18:52:39.39Z,SJI_1330,0,0
2019-11-13,56737136,2019-11-13T18:52:39.46Z,FUV,0,0
2019-11-13,56737137,2019-11-13T18:52:56.05Z,SJI_2796,0,0
2019-11-13,56737140,2019-11-13T18:53:12.67Z,SJI_2832,0,0
2019-11-13,56737142,2019-11-13T18:53:12.74Z,FUV,0,0
2019-11-13,56737143,2019-11-13T18:53:29.07Z,SJI_1400,0,0
2019-11-13,56737148,2019-11-13T18:53:45.82Z,FUV,0,0
2019-11-13,56737154,2019-11-13T18:54:19.09Z,FUV,0,0
2019-11-13,56737158,2019-11-13T18:54:52.05Z,SJI_1330,0,0
2019-11-13,56737160,2019-11-13T18:54:52.12Z,FUV,0,0
2019-11-13,56737161,2019-11-13T18:55:08.67Z,SJI_2796,0,0
2019-11-13,56737164,2019-11-13T18:55:25.33Z,SJI_2832,0,0
2019-11-13,56737166,2019-11-13T18:55:25.40Z,FUV,0,0
2019-11-13,56737167,2019-11-13T18:55:41.68Z,SJI_1400,0,0
2019-11-13,56737172,2019-11-13T18:55:58.43Z,FUV,0,0
2019-11-13,56737178,2019-11-13T18:56:31.71Z,FUV,0,0
2019-11-13,56737182,2019-11-13T18:57:04.77Z,SJI_1330,0,0
2019-11-13,56737184,2019-11-13T18:57:04.84Z,FUV,0,0
2019-11-13,56737185,2019-11-13T18:57:21.39Z,SJI_2796,0,0
2019-11-13,56737188,2019-11-13T18:57:38.05Z,SJI_2832,0,0
2019-11-13,56737190,2019-11-13T18:57:38.12Z,FUV,0,0
2019-11-13,56737191,2019-11-13T18:57:54.42Z,SJI_1400,0,0
2019-11-13,56737196,2019-11-13T18:58:11.17Z,FUV,0,0
2019-11-13,56737202,2019-11-13T18:58:44.43Z,FUV,0,0
2019-11-13,56737206,2019-11-13T18:59:17.42Z,SJI_1330,0,0
2019-11-13,56737208,2019-11-13T18:59:17.49Z,FUV,0,0
2019-11-13,56737209,2019-11-13T18:59:34.05Z,SJI_2796,0,0
2019-11-13,56737212,2019-11-13T18:59:50.71Z,SJI_2832,0,0
2019-11-13,56737214,2019-11-13T18:59:50.78Z,FUV,0,0
2019-11-13,56737215,2019-11-13T19:00:07.07Z,SJI_1400,0,0
2019-11-13,56737220,2019-11-13T19:00:23.81Z,FUV,0,0
2019-11-13,56737226,2019-11-13T19:00:57.09Z,FUV,0,0
2019-11-13,56737230,2019-11-13T19:01:30.05Z,SJI_1330,0,0
2019-11-13,56737232,2019-11-13T19:01:30.12Z,FUV,0,0
2019-11-13,56737233,2019-11-13T19:01:46.67Z,SJI_2796,0,0
2019-11-13,56737236,2019-11-13T19:02:03.33Z,SJI_2832,0,0
2019-11-13,56737238,2019-11-13T19:02:03.40Z,FUV,0,0
2019-11-13,56737239,2019-11-13T19:02:19.75Z,SJI_1400,0,0
2019-11-13,56737244,2019-11-13T19:02:36.48Z,FUV,0,0
2019-11-13,56737250,2019-11-13T19:03:09.71Z,FUV,0,0
2019-11-13,56737254,2019-11-13T19:03:42.70Z,SJI_1330,0,0
2019-11-13,56737256,2019-11-13T19:03:42.78Z,FUV,0,0
2019-11-13,56737257,2019-11-13T19:03:59.33Z,SJI_2796,0,0
2019-11-13,56737260,2019-11-13T19:04:15.99Z,SJI_2832,0,0
2019-11-13,56737262,2019-11-13T19:04:16.06Z,FUV,0,0
2019-11-13,56737263,2019-11-13T19:04:32.38Z,SJI_1400,0,0
2019-11-13,56737268,2019-11-13T19:04:49.13Z,FUV,0,0
2019-11-13,56737274,2019-11-13T19:05:22.37Z,FUV,0,0
2019-11-13,56737278,2019-11-13T19:05:55.34Z,SJI_1330,0,0
2019-11-13,56737280,2019-11-13T19:05:55.41Z,FUV,0,0
2019-11-13,56737281,2019-11-13T19:06:11.95Z,SJI_2796,0,0
2019-11-13,56737284,2019-11-13T19:06:28.61Z,SJI_2832,0,0
2019-11-13,56737286,2019-11-13T19:06:28.68Z,FUV,0,0
2019-11-13,56737287,2019-11-13T19:06:45.04Z,SJI_1400,0,0
2019-11-13,56737292,2019-11-13T19:07:01.78Z,FUV,0,0
2019-11-13,56737298,2019-11-13T19:07:34.99Z,FUV,0,0
2019-11-13,56737302,2019-11-13T19:08:07.99Z,SJI_1330,0,0
2019-11-13,56737304,2019-11-13T19:08:08.06Z,FUV,0,0
2019-11-13,56737305,2019-11-13T19:08:24.61Z,SJI_2796,0,0
2019-11-13,56737308,2019-11-13T19:08:41.27Z,SJI_2832,0,0
2019-11-13,56737310,2019-11-13T19:08:41.34Z,FUV,0,0
2019-11-13,56737311,2019-11-13T19:08:57.60Z,SJI_1400,0,0
2019-11-13,56737316,2019-11-13T19:09:14.37Z,FUV,0,0
2019-11-13,56737322,2019-11-13T19:09:47.65Z,FUV,0,0
2019-11-13,56737326,2019-11-13T19:10:20.64Z,SJI_1330,0,0
2019-11-13,56737328,2019-11-13T19:10:20.71Z,FUV,0,0
2019-11-13,56737329,2019-11-13T19:10:37.24Z,SJI_2796,0,0
2019-11-13,56737332,2019-11-13T19:10:53.89Z,SJI_2832,0,0
2019-11-13,56737334,2019-11-13T19:10:53.96Z,FUV,0,0
2019-11-13,56737335,2019-11-13T19:11:10.26Z,SJI_1400,0,0
2019-11-13,56737340,2019-11-13T19:11:26.99Z,FUV,0,0
2019-11-13,56737346,2019-11-13T19:12:00.27Z,FUV,0,0
2019-11-13,56737350,2019-11-13T19:12:33.27Z,SJI_1330,0,0
2019-11-13,56737352,2019-11-13T19:12:33.34Z,FUV,0,0
2019-11-13,56737353,2019-11-13T19:12:49.89Z,SJI_2796,0,0
2019-11-13,56737356,2019-11-13T19:13:06.55Z,SJI_2832,0,0
2019-11-13,56737358,2019-11-13T19:13:06.62Z,FUV,0,0
2019-11-13,56737359,2019-11-13T19:13:22.91Z,SJI_1400,0,0
2019-11-13,56737364,2019-11-13T19:13:39.66Z,FUV,0,0
2019-11-13,56737370,2019-11-13T19:14:12.93Z,FUV,0,0
2019-11-13,56737374,2019-11-13T19:59:10.39Z,SJI_1330,1,0
2019-11-13,56737376,2019-11-13T19:59:10.46Z,FUV,1,0
2019-11-13,56737377,2019-11-13T19:59:27.05Z,SJI_2796,1,0
2019-11-13,56737379,2019-11-13T19:59:27.12Z,FUV,1,0
2019-11-13,56737380,2019-11-13T19:59:43.67Z,SJI_2832,1,0
2019-11-13,56737382,2019-11-13T19:59:43.74Z,FUV,1,0
2019-11-13,56737383,2019-11-13T20:00:00.04Z,SJI_1400,1,0
2019-11-13,56737385,2019-11-13T20:00:00.11Z,FUV,1,0
2019-11-13,56737386,2019-11-13T20:00:16.74Z,SJI_1330,1,0
2019-11-13,56737388,2019-11-13T20:00:16.81Z,FUV,1,0
2019-11-13,56737389,2019-11-13T20:00:33.36Z,SJI_2796,1,0
2019-11-13,56737391,2019-11-13T20:00:33.43Z,FUV,1,0
2019-11-13,56737392,2019-11-13T20:00:50.02Z,SJI_2832,1,0
2019-11-13,56737394,2019-11-13T20:00:50.09Z,FUV,1,0
2019-11-13,56737395,2019-11-13T20:01:06.35Z,SJI_1400,1,0
2019-11-13,56737397,2019-11-13T20:01:06.42Z,FUV,1,0
2019-11-13,56737398,2019-11-13T20:01:23.05Z,SJI_1330,1,0
2019-11-13,56737400,2019-11-13T20:01:23.12Z,FUV,1,0
2019-11-13,56737401,2019-11-13T20:01:39.67Z,SJI_2796,1,0
2019-11-13,56737403,2019-11-13T20:01:39.74Z,FUV,1,1
2019-11-13,56737404,2019-11-13T20:01:56.33Z,SJI_2832,1,0
2019-11-13,56737406,2019-11-13T20:01:56.40Z,FUV,1,0
2019-11-13,56737407,2019-11-13T20:02:12.69Z,SJI_1400,1,0
2019-11-13,56737409,2019-11-13T20:02:12.77Z,FUV,1,0
2019-11-13,56737410,2019-11-13T20:02:29.36Z,SJI_1330,1,0
2019-11-13,56737412,2019-11-13T20:02:29.43Z,FUV,1,0
2019-11-13,56737413,2019-11-13T20:02:45.99Z,SJI_2796,1,0
2019-11-13,56737415,2019-11-13T20:02:46.06Z,FUV,1,1
2019-11-13,56737416,2019-11-13T20:03:02.64Z,SJI_2832,1,1
2019-11-13,56737418,2019-11-13T20:03:02.71Z,FUV,1,1
2019-11-13,56737419,2019-11-13T20:03:18.95Z,SJI_1400,1,0
2019-11-13,56737421,2019-11-13T20:03:19.03Z,FUV,1,0
2019-11-13,56737422,2019-11-13T20:03:35.67Z,SJI_1330,1,0
2019-11-13,56737424,2019-11-13T20:03:35.74Z,FUV,1,4
2019-11-13,56737425,2019-11-13T20:03:52.30Z,SJI_2796,1,1
2019-11-13,56737427,2019-11-13T20:03:52.37Z,FUV,1,0
2019-11-13,56737428,2019-11-13T20:04:08.95Z,SJI_2832,1,0
2019-11-13,56737430,2019-11-13T20:04:09.02Z,FUV,1,1
2019-11-13,56737431,2019-11-13T20:04:25.34Z,SJI_1400,1,0
2019-11-13,56737433,2019-11-13T20:04:25.41Z,FUV,1,1
2019-11-13,56737434,2019-11-13T20:04:42.03Z,SJI_1330,1,0
2019-11-13,56737436,2019-11-13T20:04:42.10Z,FUV,1,0
2019-11-13,56737437,2019-11-13T20:04:58.64Z,SJI_2796,1,0
2019-11-13,56737439,2019-11-13T20:04:58.71Z,FUV,1,3
2019-11-13,56737440,2019-11-13T20:05:15.30Z,SJI_2832,1,0
2019-11-13,56737442,2019-11-13T20:05:15.37Z,FUV,1,2
2019-11-13,56737443,2019-11-13T20:05:31.62Z,SJI_1400,1,0
2019-11-13,56737445,2019-11-13T20:05:31.69Z,FUV,1,1
2019-11-13,56737446,2019-11-13T20:05:48.36Z,SJI_1330,1,0
2019-11-13,56737448,2019-11-13T20:05:48.43Z,FUV,1,4
2019-11-13,56737449,2019-11-13T20:06:04.95Z,SJI_2796,1,0
2019-11-13,56737451,2019-11-13T20:06:05.02Z,FUV,1,1
2019-11-13,56737452,2019-11-13T20:06:21.61Z,SJI_2832,1,0
2019-11-13,56737454,2019-11-13T20:06:21.68Z,FUV,1,1
2019-11-13,56737455,2019-11-13T20:06:38.02Z,SJI_1400,1,0
2019-11-13,56737457,2019-11-13T20:06:38.09Z,FUV,1,3
2019-11-13,56737458,2019-11-13T20:06:54.67Z,SJI_1330,1,0
2019-11-13,56737460,2019-11-13T20:06:54.74Z,FUV,1,2
2019-11-13,56737461,2019-11-13T20:07:11.27Z,SJI_2796,1,0
2019-11-13,56737463,2019-11-13T20:07:11.34Z,FUV,1,2
2019-11-13,56737464,2019-11-13T20:07:27.92Z,SJI_2832,1,0
2019-11-13,56737466,2019-11-13T20:07:27.99Z,FUV,1,2
2019-11-13,56737467,2019-11-13T20:07:44.24Z,SJI_1400,1,0
2019-11-13,56737469,2019-11-13T20:07:44.31Z,FUV,1,3
2019-11-13,56737470,2019-11-13T20:08:00.99Z,SJI_1330,1,0
2019-11-13,56737472,2019-11-13T20:08:01.06Z,FUV,1,0
2019-11-13,56737473,2019-11-13T20:08:17.58Z,SJI_2796,1,1
2019-11-13,56737475,2019-11-13T20:08:17.65Z,FUV,1,1
2019-11-13,56737476,2019-11-13T20:08:34.24Z,SJI_2832,1,0
2019-11-13,56737478,2019-11-13T20:08:34.31Z,FUV,1,4
2019-11-13,56737479,2019-11-13T20:08:50.68Z,SJI_1400,1,0
2019-11-13,56737481,2019-11-13T20:08:50.75Z,FUV,1,1
2019-11-13,56737482,2019-11-13T20:09:07.37Z,SJI_1330,1,0
2019-11-13,56737484,2019-11-13T20:09:07.44Z,FUV,1,0
2019-11-13,56737485,2019-11-13T20:09:23.92Z,SJI_2796,1,0
2019-11-13,56737487,2019-11-13T20:09:23.99Z,FUV,1,1
2019-11-13,56737488,2019-11-13T20:09:40.58Z,SJI_2832,1,0
2019-11-13,56737490,2019-11-13T20:09:40.65Z,FUV,1,1
2019-11-13,56737491,2019-11-13T20:09:56.90Z,SJI_1400,1,1
2019-11-13,56737493,2019-11-13T20:09:56.97Z,FUV,1,0
2019-11-13,56737494,2019-11-13T20:10:13.62Z,SJI_1330,1,0
2019-11-13,56737496,2019-11-13T20:10:13.69Z,FUV,1,0
2019-11-13,56737497,2019-11-13T20:10:30.24Z,SJI_2796,1,0
2019-11-13,56737499,2019-11-13T20:10:30.31Z,FUV,1,1
2019-11-13,56737500,2019-11-13T20:10:46.89Z,SJI_2832,1,0
2019-11-13,56737502,2019-11-13T20:10:46.96Z,FUV,1,2
2019-11-13,56737503,2019-11-13T20:11:03.29Z,SJI_1400,1,0
2019-11-13,56737505,2019-11-13T20:11:03.36Z,FUV,1,2
2019-11-13,56737506,2019-11-13T20:11:19.94Z,SJI_1330,1,0
2019-11-13,56737508,2019-11-13T20:11:20.01Z,FUV,1,3
2019-11-13,56737509,2019-11-13T20:11:36.55Z,SJI_2796,1,0
2019-11-13,56737511,2019-11-13T20:11:36.62Z,FUV,1,1
2019-11-13,56737512,2019-11-13T20:11:53.20Z,SJI_2832,1,0
2019-11-13,56737514,2019-11-13T20:11:53.27Z,FUV,1,0
2019-11-13,56737515,2019-11-13T20:12:09.52Z,SJI_1400,1,0
2019-11-13,56737517,2019-11-13T20:12:09.59Z,FUV,1,3
2019-11-13,56737518,2019-11-13T20:12:26.24Z,SJI_1330,1,0
2019-11-13,56737520,2019-11-13T20:12:26.31Z,FUV,1,0
2019-11-13,56737521,2019-11-13T20:12:42.89Z,SJI_2796,1,0
2019-11-13,56737523,2019-11-13T20:12:42.96Z,FUV,1,0
2019-11-13,56737524,2019-11-13T20:12:59.52Z,SJI_2832,1,0
2019-11-13,56737526,2019-11-13T20:12:59.59Z,FUV,1,0
2019-11-13,56737527,2019-11-13T20:13:15.89Z,SJI_1400,1,0
2019-11-13,56737529,2019-11-13T20:13:15.96Z,FUV,1,0
2019-11-13,56737530,2019-11-13T20:13:32.59Z,SJI_1330,1,0
2019-11-13,56737532,2019-11-13T20:13:32.66Z,FUV,1,0
2019-11-13,56737533,2019-11-13T20:13:49.20Z,SJI_2796,1,0
2019-11-13,56737535,2019-11-13T20:13:49.27Z,FUV,1,0
2019-11-13,56737536,2019-11-13T20:14:05.86Z,SJI_2832,1,0
2019-11-13,56737538,2019-11-13T20:14:05.94Z,FUV,1,0
2019-11-13,56737539,2019-11-13T20:14:22.23Z,SJI_1400,1,0
2019-11-13,56737541,2019-11-13T20:14:22.30Z,FUV,1,0
2019-11-13,56737542,2019-11-13T20:14:38.92Z,SJI_1330,1,0
2019-11-13,56737544,2019-11-13T20:14:38.99Z,FUV,1,0
2019-11-13,56737545,2019-11-13T20:14:55.52Z,SJI_2796,1,0
2019-11-13,56737547,2019-11-13T20:14:55.59Z,FUV,1,0
2019-11-13,56737548,2019-11-13T20:15:12.17Z,SJI_2832,0,0
2019-11-13,56737550,2019-11-13T20:15:12.24Z,FUV,0,0
2019-11-13,56737551,2019-11-13T20:15:28.55Z,SJI_1400,0,0
2019-11-13,56737556,2019-11-13T20:15:45.30Z,FUV,0,0
2019-11-13,56737562,2019-11-13T20:16:18.56Z,FUV,0,0
2019-11-13,56737566,2019-11-13T20:16:51.61Z,SJI_1330,0,0
2019-11-13,56737568,2019-11-13T20:16:51.68Z,FUV,0,0
2019-11-13,56737569,2019-11-13T20:17:08.24Z,SJI_2796,0,0
2019-11-13,56737572,2019-11-13T20:17:24.89Z,SJI_2832,0,0
2019-11-13,56737574,2019-11-13T20:17:24.96Z,FUV,0,0
2019-11-13,56737575,2019-11-13T20:17:41.21Z,SJI_1400,0,0
2019-11-13,56737580,2019-11-13T20:17:57.99Z,FUV,0,0
2019-11-13,56737586,2019-11-13T20:18:31.27Z,FUV,0,0
2019-11-13,56737590,2019-11-13T20:19:04.27Z,SJI_1330,0,0
2019-11-13,56737592,2019-11-13T20:19:04.34Z,FUV,0,0
2019-11-13,56737593,2019-11-13T20:19:20.89Z,SJI_2796,0,0
2019-11-13,56737596,2019-11-13T20:19:37.55Z,SJI_2832,0,0
2019-11-13,56737598,2019-11-13T20:19:37.62Z,FUV,0,0
2019-11-13,56737599,2019-11-13T20:19:53.94Z,SJI_1400,0,0
2019-11-13,56737604,2019-11-13T20:20:10.70Z,FUV,0,0
2019-11-13,56737610,2019-11-13T20:20:43.93Z,FUV,0,0
2019-11-13,56737614,2019-11-13T20:21:16.93Z,SJI_1330,0,0
2019-11-13,56737616,2019-11-13T20:21:17.00Z,FUV,0,0
2019-11-13,56737617,2019-11-13T20:21:33.52Z,SJI_2796,0,0
2019-11-13,56737620,2019-11-13T20:21:50.17Z,SJI_2832,0,0
2019-11-13,56737622,2019-11-13T20:21:50.24Z,FUV,0,0
2019-11-13,56737623,2019-11-13T20:22:06.56Z,SJI_1400,0,0
2019-11-13,56737628,2019-11-13T20:22:23.32Z,FUV,0,0
2019-11-13,56737634,2019-11-13T20:22:56.56Z,FUV,0,0
2019-11-13,56737638,2019-11-13T20:23:29.55Z,SJI_1330,0,0
2019-11-13,56737640,2019-11-13T20:23:29.62Z,FUV,0,0
2019-11-13,56737641,2019-11-13T20:23:46.17Z,SJI_2796,0,0
2019-11-13,56737644,2019-11-13T20:24:02.83Z,SJI_2832,0,0
2019-11-13,56737646,2019-11-13T20:24:02.90Z,FUV,0,0
2019-11-13,56737647,2019-11-13T20:24:19.22Z,SJI_1400,0,0
2019-11-13,56737652,2019-11-13T20:24:35.97Z,FUV,0,0
2019-11-13,56737658,2019-11-13T20:25:09.21Z,FUV,0,0
2019-11-13,56737662,2019-11-13T20:25:42.21Z,SJI_1330,0,0
2019-11-13,56737664,2019-11-13T20:25:42.28Z,FUV,0,0
2019-11-13,56737665,2019-11-13T20:25:58.80Z,SJI_2796,0,0
2019-11-13,56737668,2019-11-13T20:26:15.45Z,SJI_2832,0,0
2019-11-13,56737670,2019-11-13T20:26:15.52Z,FUV,0,0
2019-11-13,56737671,2019-11-13T20:26:31.83Z,SJI_1400,0,0
2019-11-13,56737676,2019-11-13T20:26:48.62Z,FUV,0,0
2019-11-13,56737682,2019-11-13T20:27:21.84Z,FUV,0,0
2019-11-13,56737686,2019-11-13T20:27:54.83Z,SJI_1330,0,0
2019-11-13,56737688,2019-11-13T20:27:54.90Z,FUV,0,0
2019-11-13,56737689,2019-11-13T20:28:11.45Z,SJI_2796,0,0
2019-11-13,56737692,2019-11-13T20:28:28.11Z,SJI_2832,0,0
2019-11-13,56737694,2019-11-13T20:28:28.18Z,FUV,0,0
2019-11-13,56737695,2019-11-13T20:28:44.49Z,SJI_1400,0,0
2019-11-13,56737700,2019-11-13T20:29:01.26Z,FUV,0,0
2019-11-13,56737706,2019-11-13T20:29:34.49Z,FUV,0,0
2019-11-13,56737710,2019-11-13T20:30:07.45Z,SJI_1330,0,0
2019-11-13,56737712,2019-11-13T20:30:07.53Z,FUV,0,0
2019-11-13,56737713,2019-11-13T20:30:24.08Z,SJI_2796,0,0
2019-11-13,56737716,2019-11-13T20:30:40.74Z,SJI_2832,0,0
2019-11-13,56737718,2019-11-13T20:30:40.81Z,FUV,0,0
2019-11-13,56737719,2019-11-13T20:30:57.10Z,SJI_1400,0,0
2019-11-13,56737724,2019-11-13T20:31:13.87Z,FUV,0,0
2019-11-13,56737730,2019-11-13T20:31:47.12Z,FUV,0,0
2019-11-13,56737734,2019-11-13T20:32:20.11Z,SJI_1330,0,0
2019-11-13,56737736,2019-11-13T20:32:20.18Z,FUV,0,0
2019-11-13,56737737,2019-11-13T20:32:36.74Z,SJI_2796,0,0
2019-11-13,56737740,2019-11-13T20:32:53.39Z,SJI_2832,0,0
2019-11-13,56737742,2019-11-13T20:32:53.46Z,FUV,0,0
2019-11-13,56737743,2019-11-13T20:33:09.77Z,SJI_1400,0,0
2019-11-13,56737748,2019-11-13T20:33:26.54Z,FUV,0,0
2019-11-13,56737754,2019-11-13T20:33:59.78Z,FUV,0,0
2019-11-13,56737758,2019-11-13T20:34:32.83Z,SJI_1330,0,0
2019-11-13,56737760,2019-11-13T20:34:32.90Z,FUV,0,0
2019-11-13,56737761,2019-11-13T20:34:49.45Z,SJI_2796,0,0
2019-11-13,56737764,2019-11-13T20:35:06.11Z,SJI_2832,0,0
2019-11-13,56737766,2019-11-13T20:35:06.18Z,FUV,0,0
2019-11-13,56737767,2019-11-13T20:35:22.44Z,SJI_1400,0,0
2019-11-13,56737772,2019-11-13T20:35:39.21Z,FUV,0,0
2019-11-13,56737778,2019-11-13T20:36:12.49Z,FUV,0,0
2019-11-13,56737782,2019-11-13T20:36:45.47Z,SJI_1330,0,0
2019-11-13,56737784,2019-11-13T20:36:45.54Z,FUV,0,0
2019-11-13,56737785,2019-11-13T20:37:02.11Z,SJI_2796,0,0
2019-11-13,56737788,2019-11-13T20:37:18.74Z,SJI_2832,0,0
2019-11-13,56737790,2019-11-13T20:37:18.81Z,FUV,0,0
2019-11-13,56737791,2019-11-13T20:37:35.12Z,SJI_1400,0,0
2019-11-13,56737796,2019-11-13T20:37:51.87Z,FUV,0,0
2019-11-13,56737802,2019-11-13T20:38:25.15Z,FUV,0,0
2019-11-13,56737806,2019-11-13T20:38:58.14Z,SJI_1330,0,0
2019-11-13,56737808,2019-11-13T20:38:58.21Z,FUV,0,0
2019-11-13,56737809,2019-11-13T20:39:14.74Z,SJI_2796,0,0
2019-11-13,56737812,2019-11-13T20:39:31.39Z,SJI_2832,0,0
2019-11-13,56737814,2019-11-13T20:39:31.46Z,FUV,0,0
2019-11-13,56737815,2019-11-13T20:39:47.75Z,SJI_1400,0,0
2019-11-13,56737820,2019-11-13T20:40:04.51Z,FUV,0,0
2019-11-13,56737826,2019-11-13T20:40:37.78Z,FUV,0,0
2019-11-13,56737830,2019-11-13T20:41:10.74Z,SJI_1330,0,0
2019-11-13,56737832,2019-11-13T20:41:10.81Z,FUV,0,0
2019-11-13,56737833,2019-11-13T20:41:27.39Z,SJI_2796,0,0
2019-11-13,56737836,2019-11-13T20:41:44.02Z,SJI_2832,0,0
2019-11-13,56737838,2019-11-13T20:41:44.09Z,FUV,0,0
2019-11-13,56737839,2019-11-13T20:42:00.40Z,SJI_1400,0,0
2019-11-13,56737844,2019-11-13T20:42:17.16Z,FUV,0,0
2019-11-13,56737850,2019-11-13T20:42:50.43Z,FUV,0,0
2019-11-13,56737854,2019-11-13T20:43:23.41Z,SJI_1330,0,0
2019-11-13,56737856,2019-11-13T20:43:23.48Z,FUV,0,0
2019-11-13,56737857,2019-11-13T20:43:40.02Z,SJI_2796,0,0
2019-11-13,56737860,2019-11-13T20:43:56.67Z,SJI_2832,0,0
2019-11-13,56737862,2019-11-13T20:43:56.74Z,FUV,0,0
2019-11-13,56737863,2019-11-13T20:44:12.99Z,SJI_1400,0,0
2019-11-13,56737868,2019-11-13T20:44:29.78Z,FUV,0,0
2019-11-13,56737874,2019-11-13T20:45:03.06Z,FUV,0,0
2019-11-13,56737878,2019-11-13T20:45:36.09Z,SJI_1330,0,0
2019-11-13,56737880,2019-11-13T20:45:36.16Z,FUV,0,0
2019-11-13,56737881,2019-11-13T20:45:52.67Z,SJI_2796,0,0
2019-11-13,56737884,2019-11-13T20:46:09.30Z,SJI_2832,0,0
2019-11-13,56737886,2019-11-13T20:46:09.37Z,FUV,0,0
2019-11-13,56737887,2019-11-13T20:46:25.62Z,SJI_1400,0,0
2019-11-13,56737892,2019-11-13T20:46:42.43Z,FUV,0,0
2019-11-13,56737898,2019-11-13T20:47:15.71Z,FUV,0,0
2019-11-13,56737902,2019-11-13T20:47:48.74Z,SJI_1330,0,0
2019-11-13,56737904,2019-11-13T20:47:48.81Z,FUV,0,0
2019-11-13,56737905,2019-11-13T20:48:05.30Z,SJI_2796,0,0
2019-11-13,56737908,2019-11-13T20:48:21.95Z,SJI_2832,0,0
2019-11-13,56737910,2019-11-13T20:48:22.02Z,FUV,0,0
2019-11-13,56737911,2019-11-13T20:48:38.28Z,SJI_1400,0,0
2019-11-13,56737916,2019-11-13T20:48:55.07Z,FUV,0,0
2019-11-13,56737922,2019-11-13T20:49:28.34Z,FUV,0,0
2019-11-13,56737926,2019-11-13T20:50:01.37Z,SJI_1330,0,0
2019-11-13,56737928,2019-11-13T20:50:01.44Z,FUV,0,0
2019-11-13,56737929,2019-11-13T20:50:17.95Z,SJI_2796,0,0
2019-11-13,56737932,2019-11-13T20:50:34.58Z,SJI_2832,0,0
2019-11-13,56737934,2019-11-13T20:50:34.65Z,FUV,0,0
2019-11-13,56737935,2019-11-13T20:50:50.93Z,SJI_1400,0,0
2019-11-13,56737940,2019-11-13T20:51:07.71Z,FUV,0,0
